phrase;count;cluster;kind
как называется свадьба;73232;info;assoc
со свадьбой;42733;rest;assoc
банкетный зал;31396;venue-type;assoc+top
банкетные залы;31396;venue-type;top
банкетные залы зал;31396;venue-type;top
букет невесты;27382;vendors;top
свадьба фото;23443;rest;assoc
гости на свадьбе;20236;info;assoc
свадьба видео;18556;rest;assoc
свадебный букет;17949;vendors;assoc
жених и невеста;17119;rest;assoc
моя свадьба;10680;rest;assoc
свадебные фото;10566;rest;assoc+top
свадебный торт;10299;vendors;top+assoc
свадьба в ресторане;8199;venue-type;assoc
дворцы бракосочетания москвы;8198;geo;assoc
стили свадеб;7443;info;top
стили свадьбы;7428;info;assoc
свадьба пела;7159;rest;assoc
27 свадеб;7150;rest;assoc
даты свадеб;7113;info;assoc+top
букет на свадьбу;7099;vendors;assoc
приглашение на свадьбу;6920;info;assoc
танцы на свадьбе;6603;rest;assoc
торт на свадьбу;6278;vendors;assoc+top
свадебные цветы;6181;rest;assoc
площадки для свадьбы;5843;core;top+assoc
сколько стоит свадьба;5683;price;top+assoc
с днем бракосочетания;5451;rest;assoc+top
цветы на свадьбу;5450;rest;assoc+top
выездная регистрация;5286;vendors;top
каравай на свадьбу;5237;rest;assoc
с дне бракосочетания;5186;rest;top
свадебная фотосессия;4832;vendors;assoc+top
цветок невеста;4788;rest;assoc
свадебные площадки;4666;core;top+assoc
рестораны для свадьбы;4628;venue-type;top
ресторан для свадьбы;4586;venue-type;assoc
банкетные залы москва;4316;venue-type;top
банкетный зал москва;4316;venue-type;top
залы банкетный зал москва;4316;venue-type;top
бумажная свадьба;4315;rest;assoc
фото со свадьбы;3794;rest;assoc
ведущий на свадьбу;3730;vendors;top
сколько дарят на свадьбу;3634;rest;assoc
свадьбы лета 2026;3608;rest;top
цвет цветов на свадьбу;3518;rest;top
с юбилеем свадьбы;3431;rest;assoc
машина на свадьбу;3315;rest;top
сценарий свадьбы;3235;info;assoc+top
свадебный фотограф;3166;vendors;top+assoc
зал для свадьбы;3163;core;assoc
свадьба недорого;3146;price;top
свадьба в подмосковье;2750;geo;top
камерная свадьба;2602;capacity;assoc
свадебный стол;2526;rest;assoc+top
свадебная музыка;2523;vendors;assoc+top
чугунная свадьба;2518;rest;assoc
свадебный каравай;2501;rest;top+assoc
свадебное видео;2477;rest;top
букет невесты купить;2456;vendors;top+assoc
свидетель на свадьбе;2455;rest;assoc
выездная регистрация брака;2388;vendors;top
свадебное агентство;2382;vendors;assoc+top
свадебные видео;2376;rest;assoc
свадебная машина;2306;rest;assoc
фотограф на свадьбу;2225;vendors;top+assoc
алкоголь на свадьбу;2224;rest;assoc
традиции на свадьбе;2206;info;assoc+top
свадьба под ключ;2183;price;assoc+top
банкетное меню;2172;venue-type;assoc+top
свадебный букет для невесты;2118;vendors;top+assoc
два года свадьбы;2066;rest;assoc
агатовая свадьба;2033;rest;assoc
банкетные залы для свадьбы;2030;venue-type;top
банкетный зал для свадьбы;2030;venue-type;top+assoc
организация свадьбы;1875;core;top
банкетные залы человек;1861;venue-type;top
банкетный зал человек;1861;venue-type;top
свадебная церемония;1851;rest;assoc+top
организация свадеб;1837;core;assoc
свадьба в августе;1830;info;top
где отметить свадьбу;1761;info;top
на свадьбу дарит цветы;1645;rest;top
рассадка гостей на свадьбе;1642;info;top+assoc
свадьба летом;1638;rest;top
букет невесты москва;1619;vendors;top
букет невесты фото;1582;vendors;top+assoc
рестораны банкетные залы;1582;venue-type;top
музыка для свадьбы;1577;vendors;assoc
день свадьбы придется уточнить;1566;rest;assoc
оформление свадьбы;1553;vendors;assoc+top
шампанское на свадьбу;1551;rest;assoc
wedding day;1531;rest;assoc+top
какие цветы на свадьбу;1518;rest;top
стоимость свадьбы;1490;price;top
стальная свадьба;1490;rest;assoc
бутылки на свадьбу;1476;rest;assoc
свадебная арка;1474;rest;assoc+top
твоя свадьба;1474;rest;assoc
свадебный декор;1439;vendors;top+assoc
свадебные фотографии;1412;vendors;assoc+top
тамада на свадьбу;1384;vendors;top+assoc
белый букет невесты;1357;vendors;top
летов свадьба;1357;rest;top
свадьба цыган;1338;rest;assoc
свадебный образ;1327;rest;assoc+top
место для свадьбы;1311;core;top
свадебные традиции;1306;info;assoc+top
свадьба мем;1301;rest;assoc
букет невесты на свадьбу;1289;vendors;top
измена на свадьбе;1260;rest;assoc
рестораны для свадьбы в москве;1246;venue-type;top
букет невесты 2026;1219;vendors;top
загородная свадьба;1193;venue-type;top
пять лет свадьбы;1193;rest;assoc
свадебный зал;1189;core;assoc+top
свадебные залы;1189;core;top
идеи для свадьбы;1157;info;assoc+top
фаянсовая свадьба;1143;rest;assoc
свадебный банкет;1132;core;assoc+top
приглашение на свадьбу онлайн;1120;info;assoc
свадебный альбом;1117;rest;assoc
букеты цвет невесты;1084;vendors;top
опаловая свадьба;1078;rest;assoc
выездная регистрация москва;1011;vendors;top
фотозона на свадьбу;1009;vendors;assoc+top
приснилась свадьба;995;rest;assoc+top
свадьба в кафе;991;venue-type;top
какие цветы дарят на свадьбу;990;rest;assoc+top
свадебные тренды 2026;990;info;assoc
свадебные приглашения;976;info;assoc+top
создать приглашение на свадьбу;951;info;assoc+top
свадьба на природе;941;venue-type;assoc+top
церемония бракосочетания;931;rest;assoc+top
с днем бракосочетания красивые;928;rest;top
в чем пойти на свадьбу;924;rest;assoc
свадебный сайт;912;rest;assoc+top
зеленая свадьба;903;geo;assoc
свадебная арк;900;rest;top
свадебный арк;897;rest;top
букет невесты купить в москве;889;vendors;top
моя свадьба лучше;875;rest;assoc
лимузин на свадьбу;874;rest;top
торт на год свадьбы;862;vendors;top
свадебный букет фото;859;vendors;top
игры на свадьбу;851;rest;assoc
свадебный кортеж;850;rest;assoc
бокалы на свадьбу;846;rest;assoc
свидетельница на свадьбе;842;rest;assoc
все для свадьбы;831;rest;assoc
свадебные бокалы;812;rest;assoc+top
свадьба в отеле;807;venue-type;top
оденься к свадьбе;805;rest;assoc
красивые даты для свадьбы;804;info;assoc+top
свадьба осенью;803;info;top
как провести свадьбу;801;info;top
выкуп на свадьбу;791;rest;assoc
свадьба бальзаминова;780;rest;assoc+top
букет невесты из роз;775;vendors;top
американский пирог свадьба;770;rest;assoc
выездная регистрация брака в москве;768;vendors;top
где провести свадьбу;755;info;top
банкетный зал для свадьбы москва;753;venue-type;top+assoc
свадебный букет москва;744;vendors;assoc
свадьба по обмену;742;rest;assoc+top
свадьба в москве недорого;741;price;top
свадьба в сентябре;740;info;top
шатер для свадьбы;739;venue-type;top
шатров для свадьбы;739;rest;top
заказать букет невесты;739;vendors;top
свадьба на 30 человек;730;capacity;top
сайт приглашение на свадьбу;723;info;assoc+top
рестораны с банкетным залом;723;venue-type;top
свадебный букет купить;720;vendors;assoc
банкетный зал махачкала;714;venue-type;top
свадебное оформление;711;vendors;assoc+top
свадьба по расчету;711;rest;assoc
калькулятор свадьбы;709;rest;assoc
свадебный каравай купить;706;rest;top
свадебная коллекция;701;rest;assoc+top
свадебный фон;698;rest;assoc+top
лавандовая свадьба;698;rest;assoc+top
свадебный фотограф москва;698;vendors;top
автомобиль на свадьбу;694;rest;top
свадебная фотосессия в москве;689;vendors;top
букет невесты из калл;678;vendors;top
букет цветов на свадьбу;673;vendors;top
дворец свадеб;671;rest;assoc
свадьба vs свадьба в стиле;650;info;top
свадьба на 50 человек;647;capacity;top
свадьба на теплоходе;639;venue-type;top
рубиновая свадьба сколько лет;634;rest;assoc
свадебная клятва;630;rest;assoc+top
аренда банкетного зала;628;venue-type;top
банкетные залы аренда;628;venue-type;top
свадебная ночь;624;rest;assoc+top
свадебные фото 2026;620;rest;top
свадебный организатор;617;vendors;assoc+top
банкетный зал холл;617;venue-type;top
фото жениха и невесты;616;rest;assoc
жених и невеста фото;616;rest;assoc
свадебные фото невесты;616;rest;top
свадьба в августе 2026;615;info;top
моя бывшая невеста;611;rest;top
свадьба под ключ москва;610;price;top
меню на свадьбу;608;rest;assoc
невеста будешь моей;605;rest;assoc+top
свадебный ведущий;605;vendors;assoc+top
жемчужная свадьба сколько лет;603;rest;assoc
президиум на свадьбу;601;rest;assoc+top
клятва жениха на свадьбе;595;rest;assoc
частушки на свадьбу;592;rest;assoc
усадьба для свадьбы;590;venue-type;top
сумерки свадьба;590;rest;assoc
певец на свадьбе;587;rest;assoc
ресторан для свадьбы человек;585;venue-type;top
свадьба в октябре;574;info;top
пригласительные на свадьбу онлайн;573;info;assoc
свадебные площадки москва;568;geo;top+assoc
свадебный торт москва;565;vendors;top
свадебные бутылки;564;rest;assoc+top
какой цвет цветов на свадьбу;562;rest;top
на новом месте приснись жених невесте;562;rest;assoc
свадьба в шатре;560;rest;top
какие букеты невесты;560;vendors;top
что пожелать молодоженам;560;info;assoc
дресс код на свадьбу;554;rest;assoc
рушник на свадьбу;553;rest;assoc
молодожены это;545;rest;assoc+top
даты для свадьбы в 2027;543;rest;top
свадебный торт на заказ;542;vendors;assoc+top
свадьба летом гости;540;info;top
площадки для свадьбы в подмосковье;538;geo;top+assoc
красивые свадебные фото;538;rest;top
свадьба зимой;536;info;top
свадебный торт фото;533;vendors;top
молодожен это;533;rest;top
свадебный вальс;530;rest;assoc+top
house for wedding;528;rest;assoc+top
сколько стоит свадьба в москве;527;price;top
свадебный фотограф екатеринбург;520;vendors;top
даты для свадьбы в 2026;518;rest;top
свадьба на 20 человек;513;capacity;top
кто поймал букет невесты;511;vendors;assoc+top
рустика стиль свадьбы;508;info;top
как организовать свадьбу;506;info;top
выездная регистрация сколько;505;vendors;top
гранатовая свадьба сколько;498;rest;assoc
сколько стоила свадьба;497;price;top
торт свадебный 2026;497;vendors;top
бюджет свадьбы;496;rest;top
свадьба сколько человек стоит;488;rest;top
ведущий на свадьбу москва;488;vendors;assoc
свадьба в стиле 90;487;info;top
свадебные обряды;487;rest;assoc+top
купить свадебный торт;484;vendors;top
свадебный фотоальбом;484;rest;assoc
стиль свадьбы рустик;481;info;assoc
торт невеста;477;vendors;assoc
площадки для свадьбы в москве;475;geo;top+assoc
свадьба в русском стиле;472;info;top
свадебный план;470;rest;assoc+top
свадебный пучок;467;rest;assoc
выездная регистрация стоя;466;vendors;top
свадебные агентства москва;465;vendors;assoc
30 банкетных залов;465;venue-type;top
одноярусный свадебный торт;464;vendors;top
оригинальная недорогая свадьба;462;price;top
свадьба ру;459;rest;assoc
свадьба в лесу;458;venue-type;top+assoc
сколько стоит выездная регистрация;457;vendors;top
кейп свадебный;456;rest;assoc+top
оригинальная свадьба недорого;454;price;top
свадебное агентство москва;449;vendors;top
4 свадьбы в стиле;448;info;top
клубничная свадьба сколько;448;rest;assoc
аренда авто на свадьбу;445;price;assoc
свадьба для двоих;444;capacity;top
4 в стиле свадьба;444;info;top
где отметить свадьбу в москве;442;geo;top
на свадьбе без тамады;442;vendors;top
маленький букет невесты;442;vendors;top
свадебный каравай рецепт;440;rest;top
гранатовая свадьба сколько лет;440;rest;assoc
план рассадки гостей на свадьбе;438;info;top+assoc
сценарий свадьбы для ведущего;428;vendors;top
сколько стоит пригласить на свадьбу;425;price;top
фотограф на свадьбу екатеринбург;421;vendors;top
ресторан для камерной свадьбы;420;venue-type;top
кафе для свадьбы;416;venue-type;assoc
живые букеты невест;415;vendors;top
свадебные площадки подмосковье;414;geo;top
свадьба в мал;413;rest;top
цветы для букета невесты;409;vendors;top
свадьба зеленоград;407;geo;top
загородный клуб для свадьбы;406;venue-type;top
бутоньерка на свадьбу;406;rest;assoc
свадьба сергиев посад;404;geo;top
свадебный торт прямоугольный;402;vendors;top
банкетный зал область;400;venue-type;top
банкетный зал цены;399;venue-type;top
свадебный торт кг;397;vendors;top
выход жениха на свадьбе;397;rest;assoc
свадьба за городом;396;rest;top
муслиновая свадьба;396;rest;assoc
аренда машины на свадьбу;392;price;top
свадебное ателье;391;rest;assoc+top
свадебные перчатки;391;rest;assoc+top
свадебное фото цена;391;rest;top
видно свадьба;391;rest;top
расчет алкоголя на свадьбу;387;rest;assoc
букет невесты с доставкой;386;vendors;top
создать приглашение на свадьбу онлайн;386;info;assoc+top
укладка на свадьбу;386;rest;assoc
что нужно для свадьбы;385;info;top
салют на свадьбу;382;vendors;top
садовод свадебный павильон;382;rest;assoc
машина на свадьбу с водителем;381;rest;top
банкетные залы фото;381;venue-type;top
банкетный зал фото;381;venue-type;top
вместо цветов на свадьбу;380;rest;top
свадебный шатер;378;venue-type;assoc
сафиса банкетный зал;377;venue-type;assoc+top
кафе банкетные залы;374;venue-type;top
кафе банкетный зал;374;venue-type;top
дарят ли цветы на свадьбу;372;rest;top
свадебная вечеринка;370;rest;assoc
фотограф на свадьбу москва;369;vendors;top
банкетные залы москва ресторан;368;venue-type;top
загородные залы для свадьбы;367;venue-type;top
загородный зал для свадьбы;367;venue-type;top
свадебные частушки;367;rest;assoc
лофт для свадьбы;366;venue-type;top
коттедж для свадьбы;366;venue-type;top
свадебный каравай москва;365;geo;top
13 свадеб этого лета;365;rest;top
свадебная фотокнига;364;rest;assoc
видеограф на свадьбу;362;vendors;top+assoc
свадьба на даче;361;rest;top
камерная свадьба в москве;359;capacity;top
плакаты на свадьбу;359;rest;assoc
площадки для проведения свадьбы;357;core;top
загородный свадьба снимать;355;venue-type;top
свадебный стилист;354;vendors;top
оргия на свадьбе;354;rest;assoc
свадебные цветы слушать;353;rest;assoc
свадебные хлопоты;352;rest;assoc
сколько стоит позвать на свадьбу;349;price;top
wedding sprunki day;348;rest;top
букет невесты из эустомы;346;vendors;top
банкетный зал на 30 человек;344;venue-type;top
солнечная свадьба;342;rest;assoc
парадайз банкетный зал;339;venue-type;top+assoc
можно букет невесты;337;vendors;top
банкетные залы в махачкале;337;venue-type;top
лучшие даты для свадьбы;337;rest;top
веранда для свадьбы;333;venue-type;top
банкетные залы усадьба;332;venue-type;top
банкетный зал усадьба;332;venue-type;top
мот свадебная;331;rest;assoc
банкетные залы 20;331;venue-type;top
банкетный зал 20;331;venue-type;top
креповая свадьба;330;rest;assoc
ведущий на свадьбу в москве;329;vendors;top
сценарий свадьбы невесты;327;info;top
артисты на свадьбу;327;vendors;assoc+top
московские банкетные залы;327;venue-type;top
красивые даты для свадьбы в 2027;327;info;top+assoc
снять дом для свадьбы;326;venue-type;assoc+top
лимузин на свадьбу в москве;324;geo;top
свадебное меню;323;rest;assoc
сделать пригласительные на свадьбу;323;info;assoc
свадьба в мае;323;rest;top
свадьба под ключ в подмосковье;320;price;top+assoc
букет невесты москва с доставкой;320;vendors;top
снять банкетный зал;320;venue-type;top
свадьбы дмитров;320;geo;top
свадьба в июле;320;info;top
бенто торт на свадьбу;314;vendors;top
места для свадебной фотосессии;311;vendors;top
букет невесты из гипсофилы;310;vendors;top
свадебная мелодия;309;rest;assoc
букет невесты недорого;309;vendors;top
зеркало на свадьбу;309;rest;assoc
образ жениха на свадьбу;309;rest;assoc
сколько стоит выездная регистрация брака;308;vendors;top
банкетный зал стой;308;venue-type;top
банкетный зал метро;307;venue-type;top
локации для свадебной фотосессии;306;vendors;top
4 свадьбы женихи;306;rest;assoc
фуршет на свадьбу;303;rest;top+assoc
сколько стоит сыграть свадьбу;302;price;top
банкетные залы улица;302;venue-type;top
год свадьбы сценарий;302;info;top
свадебная фотозона;300;vendors;assoc+top
банкетные залы для юбилея;300;venue-type;top
банкетный зал для юбилея;300;venue-type;top
банкетный зал район;300;venue-type;top
год свадьбы сценарии;299;info;top
свадебный торт двухъярусный;298;vendors;top
свадьба на теплоходе в москве;296;venue-type;top
сценарий выкупа на свадьбу;295;info;top
спецпредложение для молодоженов;295;rest;assoc
постановка свадебного танца;295;rest;top+assoc
где можно отметить свадьбу;294;info;top
букет невесты из пионов;294;vendors;top
жених на двоих;293;rest;assoc
диджей на свадьбу;292;vendors;top+assoc
свадьба в горах;289;rest;assoc
заказать свадебный торт;287;vendors;assoc+top
телефоны банкетных залов;287;venue-type;top
провести свадьбу москва;286;geo;top
банкетные залы отзывы;286;venue-type;top
букет невесты красный;283;vendors;top
свадебный план лакорн;282;info;top
электронные пригласительные на свадьбу;282;info;assoc
рассадка гостей на свадьбу онлайн;281;info;top
сколько букетов невесты;281;vendors;top
свадебные голуби;281;rest;assoc
свадьба по обмену 2011;280;rest;top
букет невесты где;278;vendors;top
где банкетный зал;278;venue-type;top
декоратор на свадьбу;277;vendors;assoc+top
букет невесты из живых цветов;276;vendors;top
музыканты на свадьбу;275;vendors;top
торт на человека свадьба;274;vendors;top
торт на свадьбу фото;272;vendors;assoc+top
wedding awards;270;rest;assoc
домашний свадебный каравай;270;rest;top
свадебный видеограф;269;vendors;assoc+top
свадьба в подмосковье москва;268;geo;top
невеста любой ценой;268;rest;assoc
свадебный каравай в домашних условиях;267;rest;top
молодожены недорогой свадьба;266;price;top
банкетные залы александров;266;venue-type;top
банкетный зал александров;266;venue-type;top
банкетные залы для свадьбы в москве;263;venue-type;top
свадьба без сценария;263;info;top
за меня невеста отрыдает честно;263;rest;assoc
александр банкетный зал;263;venue-type;top
свадебные треки;262;rest;assoc
прямоугольные торты на свадьбу;260;vendors;top
4 свадьбы треш;260;rest;assoc
снять автомобиль на свадьбу;259;price;top
свадебный центр вега;258;rest;assoc
сценарий свадьбы без;258;info;top
как рассчитать алкоголь на свадьбу;258;info;assoc
плейлист на свадьбу;257;rest;assoc
свадьба в снятом доме;256;rest;top
букет невесты кустовые;255;vendors;top
салаты на свадьбу;254;rest;assoc
места для проведения свадьбы;254;core;top
ресторан для проведения свадьбы;254;venue-type;top
букет невесты из белых роз;254;vendors;top
вечеринка в стиле свадьбы;253;info;top
свадьба в стиле 90 х;253;info;top
заказать букет невесты москва;252;vendors;top
машину на свадьбу москва;252;geo;top
заказать свадебный каравай;252;rest;top
банкетный зал 1;252;venue-type;top
каравай на свадьбу традиция;252;info;top
приглашение на свадьбу текст;252;info;assoc
текст приглашения на свадьбу;252;info;assoc
банкетные залы домодедово;251;venue-type;top
банкетный зал домодедово;251;venue-type;top
сколько стоит свадьба в 2026;250;price;top+assoc
сколько торта на свадьбу;250;vendors;top
свадебные букеты для невесты купить;248;vendors;top
wedding post;247;rest;assoc
сценарий домашней свадьбы;247;info;top
банкетные залы на 20 человек;247;venue-type;top
банкетный зал на 20 человек;247;venue-type;top
сколько гостей на свадьбе;247;info;top
с днем бракосочетания молодым;245;rest;top
банкетные залы подмосковье;244;venue-type;top
банкетный зал подмосковье;244;venue-type;top
свадебная фото москва;244;geo;top
сколько свадебный торт;243;vendors;top
банкетные залы спб;241;venue-type;top
банкетные залы спб зал;241;venue-type;top
банкетный зал спб;241;venue-type;top
изумрудная свадьба сколько лет;241;rest;assoc
сколько торта свадебного;239;vendors;top
сценарии второй свадьбы;239;info;top
букет невесты цена;239;vendors;top+assoc
гринери стиль свадьбы;238;info;top
фотосессия свадебная где;238;vendors;top
где свадебную фотосессию;237;vendors;top
второй день свадьбы сценарий;236;info;top
сценарий второго дня свадьбы;236;info;top
букет невесты 2026 тренды;236;vendors;top
адрес банкетный зал;235;venue-type;top
банкетные залы адреса;235;venue-type;top
лучшие букеты невесты;234;vendors;top
столы для банкетного зала;234;venue-type;top
свадебный каравай купить в москве;233;geo;top
банкетный зал 15;232;venue-type;top
репортаж со свадьбы;232;rest;assoc
свадебные букеты для невесты фото;231;vendors;top
выездная регистрация в подмосковье;230;vendors;top
свадебный торт на человека;230;vendors;top
кейтеринг на свадьбу;229;rest;assoc+top
дня банкетный зал;229;venue-type;top
голубой букет невесты;228;vendors;top
благоприятные даты для свадьбы;228;rest;top
сценарий свадьбы без тамады;227;vendors;top
свадьба полный сценарий;227;info;top
координатор на свадьбу;226;vendors;top
свадебная речь;225;rest;assoc
где свадебный торт;225;vendors;top
сценарий свадьбы в домашних условиях;225;info;top
сценарий полной свадьбы;225;info;top
готовый полный сценарий свадьбы;225;info;top
свадьба щелково;225;rest;top
стиль бохо свадьба;224;info;assoc
банкетный зал дербент;224;venue-type;top
свадебные даты;223;rest;assoc
сценарий выкупа невесты на свадьбу;223;info;assoc
визажист на свадьбу;222;vendors;top
свадебный декоратор;222;vendors;assoc
свадебные фото тренды;222;info;top
дивный лес площадка для свадьбы;221;core;top
свадьба в стиле рустик;221;info;assoc+top
свадьба в стиле рустика;221;info;top
организатор свадеб москва;221;vendors;top
свадьба в домодедово;221;rest;top
официальная выездная регистрация брака;219;vendors;top
красивые даты для свадьбы в 2026;219;info;top+assoc
свадебный каравай фото;217;rest;assoc+top
банкетные залы серпухов;217;venue-type;top
банкетный зал серпухов;217;venue-type;top
банкетный зал тепло;217;venue-type;top
сколько в среднем стоит свадьба;214;rest;top
букет невесты купить в москве с доставкой;214;vendors;top
банкетный зал лесной;214;venue-type;top
рассчитать дату свадьбы;214;rest;top
создать сайт приглашение на свадьбу;214;info;top+assoc
живые цветы на свадьбу;213;rest;top
букет невесты из гвоздик;212;vendors;top
букет невесты из гвоздики;212;vendors;top
торт на золотую свадьбу;211;vendors;assoc+top
бракосочетание это;210;rest;assoc
традиции невесты на свадьбе;210;info;top
свадьба дата выхода;208;rest;top
букеты невесты пионовидные;207;vendors;top
свадьба в раменском;207;rest;top
цветы на год свадьбы;206;rest;top
дом под свадьбу;206;rest;top
свадьба в саду;205;venue-type;top
свадебный разгром;205;rest;assoc
hall банкетный зал;205;venue-type;top
банкетный зал фотографии;205;vendors;top
свадебный торт цена;204;vendors;top+assoc
какие цветы дарить на свадьбу молодоженам;204;rest;top
свадебная лезгинка;204;rest;assoc
можно ли букет невесты;203;vendors;top
большие банкетные залы;203;venue-type;top
большой банкетный зал;203;venue-type;top
свадьба в одинцове;203;geo;top
свадьба в одинцово;203;geo;top
полный сценарий свадьбы для ведущего;202;vendors;top
сценарий свадьбы для ведущего готовый полный;202;vendors;top+assoc
блюда на свадьбу;202;rest;assoc
площадка для выездной регистрации;201;vendors;top
банкетные залы наполеон;201;venue-type;top
банкетный зал наполеон;201;venue-type;top
что делает свидетель на свадьбе;201;info;assoc
кусок торта на свадьбе;201;vendors;top
ресторан где свадьбу отметить;200;venue-type;top
места для свадьбы в москве;199;geo;top
сколько стоит выступление на свадьбе;199;price;top
как рассадить гостей на свадьбе;199;info;assoc
свадьба на 10 человек;198;capacity;top
сценарий золотой свадьбы;198;info;top+assoc
букет невесты из гортензии;197;vendors;top
свадебные фото тренд 2026;197;info;top
свадебные пригласительные;196;info;assoc+top
свадебная площадка долина;195;core;top
букет невесты должен;195;vendors;top
забронировать банкетный зал;195;venue-type;top
свадьба в пушкине;195;geo;top
кавер группа на свадьбу;194;vendors;top+assoc
аренда лимузина на свадьбу;194;price;assoc+top
ресторан сколько стоит свадьба;193;venue-type;top
свадебный букет для невесты москва;193;vendors;top
банкетные залы мытищи;193;venue-type;top
банкетный зал мытищи;193;venue-type;top
банкетные залы московская область;193;venue-type;top
банкетный зал московская область;193;venue-type;top
дарим букет невесте;192;vendors;top
банкетные залы барвиха;192;venue-type;top
барвиха банкетный зал;192;venue-type;top
свадьба на 30 человек москва;191;capacity;top
стиль рустик на свадьбе;191;info;assoc
торт свадебный какой;191;vendors;top
рецепт свадебного каравая в домашних;191;rest;top
банкетные залы гранд;191;venue-type;top
банкетный зал гранд;191;venue-type;top
сделать свадебное фото;191;rest;top
урановая свадьба;190;rest;assoc
свадьба летом мужчина;190;rest;top
банкетные залы гостиниц;189;venue-type;top
банкетный зал гостиница;189;venue-type;top
рецепт свадебного каравая в домашних условиях;188;rest;top
банкетные залы чебоксары;187;venue-type;top
банкетный зал чебоксары;187;venue-type;top
купить торт на свадьбу;187;vendors;top
букеты цветов невесты фото;186;vendors;top
сценарий свадьбы для тамады;185;vendors;top
свадьба своими руками на машину;185;rest;top
банкетные залы рядом;185;venue-type;top
банкетный зал рядом;185;venue-type;top
проспект банкетный зал;185;venue-type;top
название свадеб по датам;185;rest;top
аренда автомобиля на свадьбу;183;price;top
свадебно рф;182;rest;assoc
свадьба в сентябре 2026;182;info;top
благословение родителей на свадьбе молодоженам;182;rest;assoc
букет невесты фото 2026;181;vendors;top
банкетный зал на 30 человек москва;181;venue-type;top
свадьба в народном стиле;179;info;top
организация свадьбы под;179;core;top
wedding day перевод;179;rest;top
велком зона на свадьбе;179;rest;assoc
свадебная фотосессия в студии;178;vendors;assoc+top
свадьба в подмосковье где;178;geo;top
видеосъемка свадьбы;178;rest;top
свадебные шрифты;178;rest;assoc
ведущий свадебной церемонии;178;vendors;top
свадьба в мытищах;178;geo;top
свадебный плейлист;177;rest;assoc
долина площадка для свадьбы;177;core;top
организация свадьбы под ключ;176;price;top
бонбоньерки на свадьбу;176;rest;assoc
ключ организация свадьба;176;core;top
american wedding;176;rest;assoc
свадьба в химках;176;geo;top
выездная регистрация цена;175;vendors;top
декор свадебного стола;175;vendors;assoc+top
выездная регистрация брака в подмосковье;175;vendors;top+assoc
нежный букет невесты;175;vendors;top
сентябрь свадьба даты;175;info;top
банкетные залы подольск;174;venue-type;top
банкетный зал подольск;174;venue-type;top
банкетный зал триумф;173;venue-type;top
банкетные залы петербурге;173;venue-type;top
банкетный зал петербурга;173;venue-type;top
банкетные залы царицыно;173;venue-type;top
банкетный зал берег;173;venue-type;top
фото девушка свадебный;173;rest;top
стиль на свадьбу гость;172;info;top
как украсить машину на свадьбу;172;info;top
недорогие банкетные залы;172;venue-type;top
недорогой банкетный зал;172;venue-type;top
композиция на свадебный стол;172;rest;top
президиум молодоженов;171;rest;assoc
заказать торт на свадьбу;171;vendors;top
свадебная площадка ранчо;170;core;top
белый свадебный торт;170;vendors;top
банкетный зал вместе;170;venue-type;top
свадебные приглашения онлайн;170;info;top+assoc
свадебный портал;169;rest;assoc
красивые свадебные фотосессии;169;vendors;top
искусственный букет невесты;169;vendors;top
банкетные залы казань;169;venue-type;top
банкетный зал казань;169;venue-type;top
залы банкетный зал казань;169;venue-type;top
красивая свадебная фотосессия;169;vendors;top
свадьба на 50 человек москва;168;capacity;top
сценарий на день свадьбы;168;info;top
дом для свадьбы в подмосковье;168;venue-type;top
hide площадка для свадьбы;168;core;top
свадебный торт на свадьбу;168;vendors;top
поймать букет невесты на свадьбе;168;vendors;top
организация свадьбы ключ;167;core;top
сколько стоит ведущий на свадьбу;167;vendors;top
свадебный букет невесты 2026;167;vendors;top+assoc
были белее снега свадебные цветы;166;rest;assoc
бар на свадьбе;166;rest;top
надпись на торте на свадьбу;166;vendors;top
недорогие букеты невесты москва;165;vendors;top
банкетные залы санкт;165;venue-type;top
банкетный зал санкт;165;venue-type;top
банкетный зал 50;165;venue-type;top
банкетные блюда;165;venue-type;assoc
фигурки на свадебный торт;164;vendors;top
банкетные залы на 15 человек;164;venue-type;top
банкетный зал на 15 человек;164;venue-type;top
банкетные залы санкт петербурга;164;venue-type;top
банкетный зал санкт петербург;164;venue-type;top
свадебный стол невесты;164;rest;top
стили свадеб видео;164;info;top
заказать лимузин на свадьбу;163;rest;top
какие торты на свадьбу;163;vendors;top
свадьба в кредит;163;rest;top
невесте дарят цветы на свадьбу;162;rest;top
свадебные комедии;162;rest;assoc
невеста на прокат;162;rest;assoc
стоимость на человека свадьба;162;price;top
свадебный координатор;162;vendors;assoc
свадьба люберцы;162;rest;top
сколько стоит провести свадьбу;161;price;top
свадебная фотосессия усадьба;161;vendors;top
организация свадьбы в москве;160;geo;top
банкетные зал центр;160;venue-type;top
банкетные залы центр;160;venue-type;top
цветы на свадебный стол;160;rest;top
вынос торта на свадьбе;160;vendors;top
банкетный зал круглый;159;venue-type;top
круглый банкетные залы;159;venue-type;top
свадьбин начать сначала 4;159;rest;assoc
свадебные фотосессии усадьба;159;vendors;top
лучшие рестораны для свадьбы;158;venue-type;top
сценарий современной свадьбы;158;info;top
стиль видео свадьбы;158;info;top
свадебная мода 2026;158;rest;assoc
невеста бросает букет;158;vendors;top
церемония бракосочетания в загсе;158;rest;top
круглые столы для банкетного зала;157;venue-type;top
фото свадебных голубей;157;rest;top
минет на свадьбе;157;rest;assoc
стоимость свадьбы на человека;156;price;top
свадебный букет для невесты купить в москве;155;vendors;top+assoc
загс дата свадьбы;155;rest;top
свадебная газета;154;rest;assoc
фиалка букет невесты;154;vendors;top
с днем бракосочетания коротко;154;rest;top
торт на свадьбу на заказ;154;vendors;top
букет невесты самой;153;vendors;top
дата свадьбы по дате рождения;153;rest;top
свадьба в балашихе;153;rest;top
выездная регистрация в москве площадки;152;vendors;top
букет невесты бордовый;152;vendors;top
ленты на машину на свадьбу;152;rest;top
банкетный зал жемчужина;152;venue-type;top
банкетный зал видное;152;venue-type;top
фото коротких свадебных;152;rest;top
сколько торта на человека на свадьбу;152;vendors;top
свадьба в стиле лета;151;info;top
корзина цветов на свадьбу;151;rest;top
рестораны для камерной свадьбы в москве;150;venue-type;top
где можно провести свадьбу;150;info;top
свадебный фуршет;150;rest;assoc
гребнево банкетные залы;150;venue-type;top
гребнево банкетный зал;150;venue-type;top
парадайз банкетный зал москва;150;venue-type;top
свадебные цветы фото;150;rest;top
торт на свадьбу кг;150;vendors;top
свадьба в ногинске;150;rest;top
свадьба дом жениха;150;rest;top
свадьба в деревенском стиле;149;info;top
выездная церемония бракосочетания;149;rest;assoc+top
рестораны с банкетным залом в москве;149;venue-type;top
найти банкетные залы;149;venue-type;top
найти банкетный зал;149;venue-type;top
букет невесты своими руками;148;vendors;top
букет невесты из кустовых роз;148;vendors;top
какой банкетный зал;148;venue-type;top
банкетные залы воронеж;148;venue-type;top
банкетный зал воронеж;148;venue-type;top
под свадебное фото;148;rest;top
свадьба в итальянском стиле;147;info;top
свадебные рецепты фото;147;rest;top
декор свадебного торта;146;vendors;top
как собрать букет невесты;146;vendors;top
торт на 50 свадьбы;146;vendors;top
свадьба на 20 человек москва;145;capacity;top
сайт пригласительное на свадьбу;145;info;assoc
ресторан для свадьбы 20;144;venue-type;top
сколько стоит свадьба на 50;144;price;top
невеста кидает букет;144;vendors;top
свадебный каравай рецепт фото;143;rest;top
лимузин на свадьбу с водителем;143;rest;top
свадьба в красногорске;143;geo;top
проведение свадьбы в подмосковье;142;geo;top
стиль одежды на свадьбу;142;info;top
мужчина гость на свадьбе летом;142;info;top
свадебные торты 3;141;vendors;top
аренда площадки для свадьбы;141;price;top
машина на свадьбу с водителем в москве;141;geo;top
банкетные залы орехово;141;venue-type;top
банкетный зал орехово;141;venue-type;top
банкетные залы белые;141;venue-type;top
белый банкетный зал;141;venue-type;top
оформление свадебного стола;140;vendors;assoc+top
недорогой ресторан для свадьбы;140;venue-type;top
торт на свадьбу 2026;140;vendors;assoc+top
свадьба свадебное фото;140;rest;top
конструктор приглашений на свадьбу;140;info;assoc
торт на свадьбу москва;140;vendors;top
банкетный зал онегин;139;venue-type;top
в чем пойти на свадьбу 2026;139;rest;assoc
свадьба в подмосковье недорого;138;price;top
локации для свадебной фотосессии в москве;138;vendors;top
август дата свадьбы;138;info;top
май литл пони свадьба в;138;rest;top
аренда зала для свадьбы;137;price;top
wedding march;137;rest;assoc
банкетные залы аренда москва;137;venue-type;top
свадебная галерея;136;rest;assoc
свадьба лимузин недорого;136;price;top
идеи на свадьбу для гостей;136;info;top
музыка для свадебного видео;136;vendors;assoc+top
купить цветы на свадьбу;136;rest;top
банкетные залы консул;136;venue-type;top
банкетный зал консул;136;venue-type;top
банкетные залы меню;136;venue-type;top
меню банкетных залов;136;venue-type;top
свадебные фото без;136;rest;top
чья свадьба была в кафе;136;venue-type;top
оформление свадьбы цветами;135;vendors;top
грин хаус площадка для свадьбы;135;core;top
стили свадеб сценарии;135;info;top
royal wedding;135;rest;assoc
аренда машины с водителем на свадьбу;135;price;top
банкетный зал на улице;135;venue-type;top
банкетный зал места;135;venue-type;top
с днем года бракосочетания;135;rest;top
свадьба в стиле бохо;134;info;top
цветы на свадьбу фото;134;rest;top
недорогой лимузин на свадьбу;134;price;top
фото свадебных колец;134;rest;top
свадьба на 100 человек;133;capacity;top
фотограф на свадьбу цена;133;vendors;top+assoc
оформление зала на свадьбу;133;vendors;top+assoc
свадьба в сентябре даты;133;info;top
где отметить свадьбу недорого;133;price;top
свадебный альбом на заказ;133;rest;assoc
аля бридж 4 свадьбы;133;rest;assoc
образ на свадьбу летом;133;rest;top
банкетный зал сайта;132;venue-type;top
сайты банкетные залы;132;venue-type;top
банкетные залы коломенское;131;venue-type;top
банкетный зал коломенское;131;venue-type;top
красивые слова с днем бракосочетания;131;rest;top
свадебный стол гостей;131;info;top
мемы про свадьбу;131;rest;assoc
двухъярусный торт на свадьбу;131;vendors;top
человек проводящий свадьбу;130;rest;top
цвет свадебного торта;130;vendors;top
какие цветы на свадьбу невесте;130;rest;top
лимузин на свадьбу с водителем москва;130;geo;top
музыка для свадебного танца;130;vendors;top
свадьба в июне;130;info;top
свадебные площадки в москве и подмосковье;129;geo;top+assoc
банкетный зал для рождения;129;venue-type;top
банкетные залы карта;129;venue-type;top
банкетный зал карта;129;venue-type;top
фото свадебных столов;129;rest;top
средняя стоимость свадьбы;128;price;top
выездная регистрация брака цена;128;vendors;top
тамада на свадьбу сценарий;128;vendors;top
места для свадебной фотосессии в москве;128;vendors;top
засветы на свадьбе;128;rest;assoc
банкетные залы ногинск;128;venue-type;top
банкетный зал ногинск;128;venue-type;top
банкетные залы для дня рождения;128;venue-type;top
банкетный зал для дня рождения;128;venue-type;top
банкетные залы клин;128;venue-type;top
банкетный зал клин;128;venue-type;top
свадебный план озвучка;128;info;top
в чем пойти на свадьбу летом;128;rest;top
сколько стоит свадьба на 50 человек;127;capacity;top
ведущий на свадьбу цена;127;vendors;top
свадебные торты 2026 тренды;127;vendors;top
фотосессия свадебная москва где;127;vendors;top
где купить букет невесты;127;vendors;top
команда на свадьбу;127;rest;top
банкетный зал пантеон;127;venue-type;top
свадебная ночь 1980;127;rest;top
неверный свадьба моего мужа;127;rest;assoc
где провести свадьбу в москве;126;geo;top
загородный дом для свадьбы;126;venue-type;top
свадебный торт с доставкой;126;vendors;top
свадьба ню;126;rest;assoc
банкетные залы балашиха;126;venue-type;top
банкетный зал балашиха;126;venue-type;top
банкетный зал гости;126;venue-type;top
банкетный зал вилла;126;venue-type;top
банкетные залы красногорска;126;venue-type;top
банкетный зал красногорск;126;venue-type;top
благословение родителей на свадьбе молодоженам с иконой;126;rest;assoc
гости на свадьбе осень;126;info;top
место для свадьбы в подмосковье;125;geo;top
сколько стоит свадьба галич;125;price;top
итальянский свадебный торт;125;vendors;top
длинный свадебный торт;125;vendors;top+assoc
свадебный торт вафельная;125;vendors;top
как сделать букет невесты;125;vendors;top
цветы на стол на свадьбу;125;rest;top
маленькие банкетные залы;125;venue-type;top
маленький банкетный зал;125;venue-type;top
роналду свадьба дата;125;rest;top
свадьба в сумерках;125;rest;assoc
4 свадьбы бумажная свадьба;125;rest;assoc
змеиная свадьба;125;rest;assoc
the sun площадка для свадьбы;124;core;top
лофт для свадьбы в москве;124;venue-type;top
лимузин на свадьбу в москве недорого;124;price;top
слова ведущего на свадьбе;124;vendors;top
свадебный букет из калл для невесты;124;vendors;top
муза банкетный зал;124;venue-type;top
какие проводят свадьбы;123;rest;top
свадебная площадка светлица;123;core;top
синий букет невесты;123;vendors;top
что делать с букетом невесты;123;vendors;top
свадебный стол жениха;123;rest;top
свадебные залы москва;123;geo;top
свадебный зал москва;123;geo;top
автомобиль с водителем на свадьбу;123;rest;top
красивые места для свадьбы;122;rest;top
таросики на свадьбу что это;122;info;assoc
свадебные образы 2026;122;rest;assoc+top
букеты невесты купить недорого;122;vendors;top
лучшие цветы на свадьбу;122;rest;top
букет невесты онлайн;121;vendors;top
банкетный зал одинцово;121;venue-type;top
свадебные бутылки шампанского;121;rest;top
май литл пони свадьба в кантерлоте;121;rest;top
свадьба в кантерлоте май;121;rest;top
свадьба в кантерлоте май литл;121;rest;top
искусственные цветы на свадьбу;120;rest;top
банкетный зал плаза;120;venue-type;top
свадьбы на доме 2;120;rest;top
что желают молодоженам;119;info;assoc
стоимость свадьбы в москве;119;price;top
свадебный образ жениха;119;rest;assoc+top
свадьба на крыше;118;venue-type;top
свадьба в стиле гринери vs безалкогольная;118;info;top
маленькие свадебные букеты для невесты;118;vendors;top
свадебный каравай пошаговое;118;rest;top
барвиха 135 банкетный зал;118;venue-type;top
zeitun wedding day;118;rest;top
свадьба осень 2026;118;info;top
зал ресторана для свадьбы;117;venue-type;top
свадьба под ключ цена;117;price;top
свадьба в стиле гринери безалкогольная вечеринка;117;info;top
загс выездная регистрация брака;117;vendors;top
сколько стоит букет невесты;117;vendors;top
ресторан зал для свадьбы;117;venue-type;top
торт на 1 свадьбы;117;vendors;top
дни свадьбы в августе;117;info;top
свадьба дочери дома;117;rest;top
красивая свадьба недорого;116;price;top
свадебный торт рецепт;116;vendors;top
классический стиль свадьбы;116;info;top
духи букет невесты;116;vendors;top
цветы для невесты на свадьбу;116;rest;top
пошаговый рецепт свадебного каравая;116;rest;top
свадебный каравай своими руками;116;rest;top
банкетные залы орел;116;venue-type;top
банкетный зал орел;116;venue-type;top
свадьба бальзаминова где;116;rest;top
свадьба стиль сказочная;116;info;top
русские традиции на свадьбе;116;info;top
сколько стоит свадьба иды галич;115;price;top
суть выездной регистрации;115;vendors;top
wed wed свадебный сервис;115;rest;assoc
кто покупает букет невесты;115;vendors;top
букет невесты после;115;vendors;top
букет невесты из пионовидных роз;115;vendors;top
заказать букеты невесты с доставкой;115;vendors;top
где провести свадебную фотосессию;115;vendors;top
банкетный зал под;115;venue-type;top
свадебные бокалы купить;115;rest;top
выездная регистрация стоимость;114;vendors;top
где отметить свадьбу вдвоем;114;capacity;top
рестораны в москве для проведения свадьбы;114;venue-type;top
банкетные залы коломна;114;venue-type;top
банкетный зал коломна;114;venue-type;top
банкетный зал золотое;114;venue-type;top
банкетные залы омск;114;venue-type;top
банкетный зал омск;114;venue-type;top
бесплатные свадебные фото;114;rest;top
свадебный стол жениха и невесты;114;rest;top
свадьба в солнечногорске;114;geo;top
загородные площадки для свадьбы;113;venue-type;top
сколько стоит свадьба клавы коки;113;price;top
заказать машину на свадьбу;113;rest;top
свадьба в октябре 2026;113;info;top
свадьба человек где отметить;112;info;top
аренда свадебного декора;112;vendors;assoc+top
сколько стоит свадьба на 30;112;price;top
букет невесты фото из живых;112;vendors;top
букет невесты доставка недорого;112;vendors;top
свадебный ведущий москва;112;vendors;top
снять коттедж для свадьбы;111;venue-type;top
кто поймает букет невесты онлайн;111;vendors;top
букет невесты зеленоград;111;vendors;top
кто поймал букет невесты 2020;111;vendors;top
торт на день свадьбы;111;vendors;top
что кидает жених на свадьбе;111;info;assoc
свадьба в июле 2026;111;info;top
свадьба в парк отеле;111;venue-type;top
свадьба в отеле москва;111;venue-type;top
оформление свадебного зала;110;vendors;assoc+top
как провести свадьбу без свадьбы;110;info;top
заказать свадьбу недорого;110;price;top
букет невесты фото из живых цветов;110;vendors;top
сколько стоит свадебный букет;110;vendors;assoc
банкетное меню москва;110;venue-type;top
даты свадеб по годам и их названия;110;info;top
свадебная церемония 4;110;rest;top
свадебный план русской озвучкой;110;info;top
свадебный план озвучкой лакорн;110;info;top
длинный торт на свадьбу;110;vendors;top+assoc
песочная церемония на свадьбе;110;rest;assoc
свадьба в пушкино;110;geo;top
остров любви площадка для свадьбы;109;core;top
свадьба в сказочном стиле;109;info;top
стиль рустик на свадьбе что это;109;info;top
площадки для выездной регистрации брака;109;vendors;top
свадебный фотограф цена;109;vendors;top
дом с банкетным залом;109;venue-type;top
банкетные залы на 50 человек;109;venue-type;top
банкетный зал на 50 человек;109;venue-type;top
банкетные залы астрахань;109;venue-type;top
банкетный зал астрахань;109;venue-type;top
сценарии второго дня на свадьбе;109;info;top
сценарий на второй день свадьбы;109;info;top
свадьба в стиле гринери vs безалкогольная вечеринка;108;info;top
свадебный торт на сколько человек;108;vendors;top
букет невесты москва с доставкой недорого;108;vendors;top
букет 2020 невеста;108;vendors;top
банкетные залы пушкин;108;venue-type;top
банкетный зал пушкин;108;venue-type;top
банкетный зал посад;108;venue-type;top
свадебные фото женихов;108;rest;top
смешной сценарий свадьбы;107;info;top
свадьба в новом стиле;107;info;top
букет невесты из лилий;107;vendors;top
букет невесты и бутоньерка;107;vendors;top
нова банкетный зал;107;venue-type;top
банкетный зал на 20 человек москва;107;venue-type;top
банкетные залы виктория;107;venue-type;top
банкетный зал виктория;107;venue-type;top
лучшие банкетные залы;107;venue-type;top
лучший банкетный зал;107;venue-type;top
проводят ли свадьбы;106;rest;top
кусково свадебная фотосессия;106;vendors;top
свадебные традиции в россии;106;info;assoc+top
сколько стоит банкетный зал;106;venue-type;top
банкетные залы раменского;106;venue-type;top
банкетные залы раменское;106;venue-type;top
банкетный зал раменское;106;venue-type;top
раменский банкетный зал;106;venue-type;top
банкетные залы новые;106;venue-type;top
новый банкетный зал;106;venue-type;top
красивые банкетные залы;106;venue-type;top
красивый банкетный зал;106;venue-type;top
свадебная обработка фото;106;rest;top
с днем бракосочетания родителей;106;rest;top
бенто торт на год свадьбы;106;vendors;top
усадьба для свадьбы в подмосковье;105;venue-type;top
свадебный торт москва с доставкой;105;vendors;top
сколько стоит выездная регистрация в москве;105;vendors;top
свадьба сказочная камерная;105;capacity;top
банкетные залы орехово зуево;105;venue-type;top
банкетный зал орехово зуево;105;venue-type;top
банкетные залы тверь;105;venue-type;top
банкетный зал тверь;105;venue-type;top
кухня банкетный зал;105;venue-type;top
одноярусный торт на свадьбу;105;vendors;top
стриптиз на свадьбе;104;rest;assoc
какие машины на свадьбу;104;rest;top
свадебное фото пошаговое фото;104;rest;top
как выбрать дату свадьбы;104;info;top
летам я предпочитаю свадьбу;104;rest;top
летом я предпочитаю свадьбу;104;rest;top
сколько стоит свадебный торт;103;vendors;assoc+top
особняк для свадьбы;103;venue-type;top
марсель свадебная;103;rest;assoc
каравай свадебный рецепт пошаговый с фото;103;rest;assoc+top
свадебный каравай пошаговое фото;103;rest;top
банкетные залы рязань;103;venue-type;top
банкетный зал рязань;103;venue-type;top
с днем бракосочетания дочери;103;rest;top
создание пригласительных на свадьбу;103;info;assoc
свадебные залы оформление;103;vendors;top
свадьба в оранжерее;102;venue-type;top
ресторан свадьба на 50 человек;102;venue-type;top
сколько стоила свадьба галич;102;price;top
площадка для свадьбы на природе;102;venue-type;top
цветок на свадьбу жениху;102;rest;top
свадебный генерал что означает;102;info;assoc
идеальные банкетные залы;102;venue-type;top
ии свадебные фото;102;rest;top
свадебные фото москва цены;102;geo;top
свадебный бокал невеста;102;rest;top
сайт приглашение на свадьбу онлайн;102;info;top
мужской стиль на свадьбу;101;info;top
банкетные залы тула;101;venue-type;top
банкетный зал тула;101;venue-type;top
банкетный зал холл москва;101;venue-type;top
банкетный зал охота;101;venue-type;top
свадьба в церкви как называется;101;info;assoc
свадебные церемонии москва;101;geo;top
wedding day на русском;101;rest;top
свадебные сайты москва;101;geo;top
лавандовая свадьба сколько;101;rest;top+assoc
чья свадьба была в ресторане 1 августа;101;venue-type;top
площадки для свадеб московская;100;geo;top
сколько стоила свадьба иды;100;price;top
сценарий проведения свадьбы;100;info;top
дни свадеб в сентябре;100;info;top
банкетный зал для свадьбы подмосковье;100;venue-type;top
банкетный зал у озера;100;venue-type;top
свадебные бокалы жених;100;rest;top
свадебная клятва невесты;100;rest;top+assoc
свадебный торт заказ доставкой;99;vendors;top
свадебный торт купить москва;99;vendors;top
сколько стоит свадьба на 30 человек;99;capacity;top
тамада на свадьбу москва;99;vendors;top
тамада на свадьбу цены;99;vendors;top
маленький букет невесты фото;99;vendors;top
фотобудка на свадьбу;99;rest;top
банкет банкетный зал;99;venue-type;top
где купить алкоголь оптом на свадьбу;99;info;assoc
свадьба на природе в подмосковье;98;venue-type;top
сценарий на свадьбу для ведущего;98;vendors;top
оформление стола на свадьбу;98;vendors;top
свадебный организатор москва;98;vendors;top+assoc
готовый сценарий на свадьбу;98;info;top
сценарий свадьбы дома;98;info;top
банкетный зал официальный сайт;98;venue-type;top
счастья вашему дому свадьба;98;rest;top
площадки для свадьбы московская область;97;geo;top
шаман свадебные цветы;97;rest;assoc
банкетный зал валенсия;97;venue-type;top
банкетный зал на 25;97;venue-type;top
свадьба свадьба в малом;97;rest;top
база отдыха для свадьбы;97;venue-type;assoc
аренда дома для свадьбы;97;venue-type;top
аренда шатра для свадьбы;96;price;top
аренда шатров для свадьбы;96;price;top
аренда шатров шатры для свадьбы;96;price;top
свадебные агентства отзывы;96;vendors;top
свадебный торт с цветами;96;vendors;top
спец предложение для молодоженов;96;rest;assoc
свадьба в стиле 90х;96;info;top
эустома букет невесты белый;96;vendors;top
букет невесты из ромашек;96;vendors;top
букет невесты купить в москве недорого;96;vendors;top
свадебные торты на заказ с доставкой;96;vendors;top
раиса львовна приехала в банкетный зал;96;venue-type;top
торт на свадьбу родителям;96;vendors;top
проводим ресторан свадьба;95;venue-type;top
шатров для свадьбы подмосковье;95;geo;top
букет на свадьбу маленький;95;vendors;top
стили свадьбы москва;95;geo;top
отметить свадьбу в подмосковье;95;geo;top
букет невесты рижская;95;vendors;top
какие цветы лучше на свадьбу;95;rest;top
живая музыка на свадьбу;95;vendors;top
заказать лимузин на свадьбу в москве;95;geo;top
свадебная музыка без слов;95;vendors;assoc+top
банкетный зал кристалл;95;venue-type;top
ресторан проводим свадьбы;95;venue-type;top
где свадебная фото;95;info;top
рестораны проводящие свадьбы;94;venue-type;top
камерный формат свадьбы;94;capacity;top
каравай на свадьбу недорого;94;price;top
выездная регистрация 2026;94;vendors;top
стили свадеб 2026;94;info;top
сколько стоит выездная регистрация брака в москве;94;vendors;top
второй день свадьбы в стиле;94;info;top
свадебные бокалы для жениха и невесты;94;rest;assoc+top
букет невесты стили;94;vendors;top
банкетные залы зеленоград;94;venue-type;top
банкетный зал зеленоград;94;venue-type;top
банкетный зал двина;94;venue-type;top
мало свадебных фото;94;rest;top
свадебный план лакорн с русской;94;info;top
свадебный план лакорн с русской озвучкой;94;info;top
лесной свадебная площадка;94;core;top
сколько стоит фотограф на свадьбу;93;vendors;top+assoc
сколько стоила свадьба иды галич;93;price;top
арка для выездной регистрации;93;vendors;top
свадьба в сказочном стиле камерная свадьба;93;capacity;top
свадебная музыка в загсе;93;vendors;assoc+top
свадебная арка купить;93;rest;top
букет подружки невесты;93;vendors;top
букет невесты из хризантем;93;vendors;top
администратор банкетного зала;93;venue-type;top
банкетные залы нижний;93;venue-type;top
банкетный зал нижний;93;venue-type;top
скатерть банкетный зал;93;venue-type;top
домашние свадебные фото;93;rest;top
свадебное видео видео свадьба;93;rest;top
цвета оформления свадьбы;92;vendors;top
торт свадебный на заказ москва с доставкой;92;vendors;top
свадебный торт 2;92;vendors;top
выездная регистрация московская область;92;vendors;top
аренда ресторана для свадьбы;92;venue-type;top
свадьба в русском народном стиле;92;info;top
свадебная фотосессия дворцы;92;vendors;top
банкетные залы щелково;92;venue-type;top
банкетный зал щелково;92;venue-type;top
банкетные залы жуковском;92;venue-type;top
банкетный зал жуковский;92;venue-type;top
банкетные залы небольшие;92;venue-type;top
небольшой банкетный зал;92;venue-type;top
цены на свадьбу на теплоходе;92;venue-type;top
фото маленьких свадебных;92;capacity;top
фиалка свадебный фото;92;rest;top
спецпредложение для молодоженов читать;92;rest;assoc
где купить свадебный торт;91;vendors;top
ресторан для свадьбы на 30;91;venue-type;top
прокат машин на свадьбу;91;rest;top
банкетный зал квартира;91;venue-type;top
банкетные залы прованс;91;venue-type;top
банкетный зал прованс;91;venue-type;top
вход в банкетный зал;91;venue-type;top
пышные свадебные фото;91;rest;top
скатерть на свадебный стол;91;venue-type;top
свадебная церемония рю;91;rest;top
свадьба по обмену онлайн;91;rest;top
невеста будешь моей читать;91;rest;top
свадебные приглашения на свадьбу;91;info;top
свадебный торт на заказ москва с доставкой;91;vendors;top
недорогой каравай на свадьбу;91;price;top
образ гостя на свадьбу летом;91;info;top
свадьбу сыграть в кафе;91;venue-type;top
свадьба в отеле подмосковье;90;venue-type;top
локации для свадьбы в подмосковье;90;geo;top
свадьба зал недорого;90;price;top
усадьба для проведения свадьбы;90;venue-type;top
фотозона на свадьбу своими руками;90;vendors;top
свадебный алтарь;90;rest;assoc
банкетные залы стоимость;90;venue-type;top
стоимость банкетного зала;90;venue-type;top
усадьба гребнево банкетные залы;90;venue-type;top
усадьба гребнево банкетный зал;90;venue-type;top
дорогой банкетный зал;90;venue-type;top
банкетные залы истра;90;venue-type;top
банкетный зал истра;90;venue-type;top
недорогой банкетный зал москва;90;venue-type;top
банкетные залы солнечногорск;90;venue-type;top
банкетный зал солнечногорск;90;venue-type;top
фото со свадебными;90;rest;top
лучшие даты для свадьбы в 2026;90;rest;top
wedding day перевод на русский;90;rest;top
свадьба весной;90;info;top
автомобили на свадьбу москва;90;geo;top
лесные свадебные площадки;89;core;top
ресторан для свадьбы на 20 человек;89;venue-type;top
свадебный торт самому;89;vendors;top
свадебный торт с ягодами;89;vendors;top
свадебный торт ярусный;89;vendors;top
бутоньерка на свадьбу для жениха;89;rest;assoc
свадебная фотосессия в парке;89;vendors;top
банкетные залы краснодар;89;venue-type;top
банкетный зал краснодар;89;venue-type;top
банкетные залы империя;89;venue-type;top
империя банкетный зал;89;venue-type;top
свадьба в отелях подмосковья;89;venue-type;top
модные свадебные фото;89;rest;top
фото онлайн свадебные;89;rest;top
как подписать свадебное фото;89;info;top
традиции молодоженов на свадьбу;89;info;top
создать свадебное приглашение;89;info;top
выездная регистрация москва официально;89;vendors;top
лучшие площадки для свадьбы;88;core;top
шатры для свадьбы в подмосковье;88;geo;top
коттеджи для свадьбы в подмосковье;88;venue-type;top
свадьба на теплоходе цены;88;venue-type;top
официальная выездная регистрация москва;88;vendors;top
современный стиль свадьбы;88;info;top
красивые рестораны для свадьбы;88;venue-type;top
ресторан для свадьбы на 30 человек;88;venue-type;top
свадьба на теплоходе в москве цена;88;venue-type;top
свадебные торты на заказ в москве;88;vendors;top
вместо букета невесты;88;vendors;top
букет невесты бело голубой;88;vendors;top
свадебный вальс мендельсона;88;rest;assoc+top
соколиная охота банкетный зал;88;venue-type;top
раиса львовна приехала в банкетный зал раньше;88;venue-type;top
благоприятные даты для свадьбы в 2026;88;rest;top
с днем бракосочетания сына;88;rest;top
торт на серебряную свадьбу;88;vendors;top
аренда автомобиля с водителем на свадьбу;88;price;top
сколько сейчас стоит свадьба;87;rest;top
свадебный банкет в москве;87;geo;top
площадки для проведения свадьбы в москве;87;geo;top
что значит букет невесты;87;vendors;top
свадебная церемония ученого рю;87;rest;assoc+top
свадебный букет из альстромерии;87;vendors;assoc
банкетные залы свадьбы цена;87;venue-type;top
свадьба банкетные зал цены;87;venue-type;top
банкетный зал государь;87;venue-type;top
банкетный зал со своим;87;venue-type;top
банкетные залы вднх;87;venue-type;top
банкетный зал вднх;87;venue-type;top
кривое зеркало свадьба женитьба;87;rest;assoc
лавандовая свадьба сколько лет;87;rest;top
сделать свадебное приглашение;87;info;top
свадебные банкеты на человек;86;core;top
банкетный зал сергиев;86;venue-type;top
банкетный зал палас;86;venue-type;top
лучшие даты для свадьбы в 2027;86;rest;top
свадебная церемония ученого;86;rest;top
свадебная клятва жениха;86;rest;top
торт на свадьбу сколько кг;86;vendors;top
фотограф на свадьбу на осень екатеринбург;85;vendors;top
свадебные площадки на природе;85;venue-type;top
свадебная фотосессия в отеле;85;vendors;top
аренда свадебной арки;85;price;top
банкетные залы калужская;85;venue-type;top
банкетный зал калужская;85;venue-type;top
банкетные залы для корпоратива;85;venue-type;top
банкетный зал для корпоратива;85;venue-type;top
загородные банкетные залы;85;venue-type;top
загородный банкетный зал;85;venue-type;top
свадебные букеты 2026 фото;85;vendors;top
армянские традиции на свадьбе;85;info;top
русские свадебные традиции;85;info;top+assoc
стили свадебных тортов;84;vendors;top
свадьба в стиле гэтсби;84;info;top
свадебные площадки московская область;84;geo;top
сколько стоит сыграть свадьбу в 2026;84;price;top+assoc
площадка для свадьбы у воды;84;venue-type;top
зеленый букет невесты;84;vendors;top
свадебный каравай фото домашний;84;rest;top
фото свадебного каравая в домашних условиях;84;rest;top
банкетные залы люблино;84;venue-type;top
банкетный зал люблино;84;venue-type;top
банкетный зал лапина;84;venue-type;top
свадебная церемония в загсе;84;rest;top
приснилась свадьба чужая;84;rest;top
сделать сайт приглашение на свадьбу;84;info;top
свадебные банкеты на человека;84;core;top
сколько стоит снять свадьбу;83;price;top
самые свадебные торты;83;vendors;top
официальная выездная регистрация брака в москве;83;vendors;top
сделать свадебную фотосессию;83;vendors;top
невеста без букета;83;vendors;top
белые цветы на свадьбу;83;rest;top
банкетные залы сергиев посад;83;venue-type;top
банкетный зал сергиев посад;83;venue-type;top
банкетный зал живая музыка;83;vendors;top
невеста поет жениху на свадьбе;83;rest;assoc
свадьбы звенигорода;83;geo;top
что надеть на свадьбу летом;83;info;top
дом для проведения свадьбы;83;core;top
свадьба без банкета;82;core;top
провести свадьбу в подмосковье;82;geo;top
свадьба нудистов;82;rest;assoc
букет невесты заказать в москве с доставкой;82;vendors;top
алегрова свадебные цветы;82;rest;assoc
банкетные залы веранда;82;venue-type;top
банкетный зал веранда;82;venue-type;top
банкетные залы пенза;82;venue-type;top
банкетный зал пенза;82;venue-type;top
банкетный зал русский;82;venue-type;top
свадебные фото рук;82;rest;top
самые красивые свадебные фото;82;rest;top
фото свадебных волос;82;rest;top
традиции жениха на свадьбе;82;info;top
ресторан для празднования свадьбы;81;venue-type;top
где взять свадебный торт;81;vendors;top
свадьба в сказочном стиле vs камерная;81;capacity;top
букет невесты под;81;vendors;top
букет невесты 2026 тренды фото;81;vendors;top
что делать с пойманным букетом невесты;81;vendors;top
букет невесты дублер;81;vendors;top
аренда машин на свадьбу москва с водителем;81;price;top
банкетные залы тамбов;81;venue-type;top
банкетный зал тамбов;81;venue-type;top
свадебные банкетные залы;81;venue-type;top
свадебный банкетный зал;81;venue-type;top
банкетный зал главный;81;venue-type;top
банкетные залы в дербенте;81;venue-type;top
торт на 10 свадьбы;81;vendors;top
сколько торта нужно на свадьбу;81;vendors;top
даты свадьбы в августе;81;info;top
свадебная арка своими руками;80;rest;top+assoc
букет для невесты от родителей;80;vendors;top
букет невесты сиреневый;80;vendors;top
какого цвета букет невесты;80;vendors;top
как рассчитать торт на свадьбу;80;vendors;assoc+top
банкетный зал империал;80;venue-type;top
банкетные залы чехов;80;venue-type;top
банкетный зал чехов;80;venue-type;top
барвиха вилла банкетный зал;80;venue-type;top
аренда банкетного зала в москве;80;venue-type;top
значение даты свадьбы;80;info;top
дата свадьбы клавы коки;80;rest;top
где снимали свадьбу бальзаминова;80;info;top
можно ли проводить свадьбу;79;rest;top
усадьба выездная регистрация;79;vendors;top
сценарий серебряной свадьбы;79;info;top
кафе ресторан для свадьбы;79;venue-type;top
организация свадеб москва под ключ;79;price;top
организация свадьбы ключ москва;79;geo;top
свадебная фотосессия фото;79;vendors;top
необычный букет невесты;79;vendors;top
букет невесты традиции;79;vendors;top
протея букет невесты;79;vendors;top
букет невесты из фрезии;79;vendors;top
заказ машины на свадьбу;79;rest;top
клуб банкетный зал;79;venue-type;top
банкетный зал лапино;79;venue-type;top
банкетные залы 100;79;venue-type;top
банкетный зал 100;79;venue-type;top
удачные даты для свадьбы;79;rest;top
кружевные перчатки свадебные;79;rest;top
свадебная музыка слушать;79;vendors;top
как провести день свадьбы;78;info;top
свадьба в яхт клубе;78;venue-type;top
american wedding frank ocean;78;rest;assoc
свадьба под ключ на 30 человек;78;capacity;top
что значит камерная свадьба;78;capacity;top
оформление свадебного торта;78;vendors;top
свадебный торт сколько кг;78;vendors;top
благоприятные для свадьбы в сентябре;78;info;top
свадебная площадка лесной берег;78;core;top
букет невесты из калл купить;78;vendors;top
белый букет невесты фото;78;vendors;top
банкетный зал 7;78;venue-type;top
банкетный зал на 40;78;venue-type;top
какое свадебное фото;78;rest;top
сайт приглашение на свадьбу создать онлайн;78;info;top
кафе для свадеб в москве;78;venue-type;top
дом у озера свадьба;78;rest;top
свадьба на 30 человек в подмосковье;77;capacity;top
снять фотографа на свадьбу;77;vendors;top
оформление свадьбы фото;77;vendors;top
свадьба в истре;77;geo;top
свадебный каравай своими руками в домашних условиях;77;rest;assoc+top
рижский рынок букет невесты;77;vendors;top
букет невесты из орхидей;77;vendors;top
сестры роуз свадебные цветы;77;rest;assoc
дарят ли невесте цветы на свадьбу;77;rest;top
свадебный каравай своими руками в домашних;77;rest;top
банкетные залы киров;77;venue-type;top
банкетный зал киров;77;venue-type;top
банкетный зал сказка;77;venue-type;top
банкетные залы новгорода;77;venue-type;top
банкетный зал новгород;77;venue-type;top
банкетное меню с доставкой;77;venue-type;top
банкетное меню на свадьбу;77;venue-type;top+assoc
свадебное видео невесты;77;rest;top
свадебный брачной ночи;77;rest;top
фото свадеб летом;77;rest;top
образ на свадьбу осенью;77;info;top
купить каравай на свадьбу в москве недорого;76;price;top
выездная регистрация брака стоимость;76;vendors;top
аренда декора на свадьбу;76;vendors;assoc
свадебный каравай заказать в москве;76;geo;top
банкетные залы химки;76;venue-type;top
банкетный зал химки;76;venue-type;top
банкетные залы волгоград;76;venue-type;top
банкетный зал волгоград;76;venue-type;top
банкетный зал европейский;76;venue-type;top
свадебные фото гостей;76;info;top
календарь даты свадьбы;76;info;top
первая свадебная ночь;76;rest;top
создать электронное приглашение на свадьбу;76;info;top
сделать свадьбу дома;76;rest;top
свадебные торт домашние;75;vendors;top
свадебный торт со;75;vendors;top
свадьба в славянском стиле;75;info;top
сколько стоит сделать свадьбу;75;price;top
букет невесты самим;75;vendors;top
банкетные залы митино;75;venue-type;top
банкетный зал митино;75;venue-type;top
дорогие банкетные залы;75;venue-type;top
свадебные столы своими руками;75;rest;top
церемония бракосочетания прошла;75;rest;top
армянская свадебная музыка;75;vendors;top
vesna wedding;75;rest;assoc
рестораны где можно отметить свадьбу;74;venue-type;top
рестораны москвы где отметить свадьбу;74;venue-type;top
рестораны москвы для свадьбы на 20;74;venue-type;top
рестораны москвы для свадьбы на 20 человек;74;venue-type;top
собачья свадьба что это;74;info;assoc
видео сценариев свадеб;74;info;top
караоке банкетные залы;74;venue-type;top
банкетный зал 200;74;venue-type;top
банкетный зал роза;74;venue-type;top
свет в банкетном зале;74;venue-type;top
банкетный зал анна;74;venue-type;top
ресторан где отметить свадьбу москва;74;venue-type;top
дату свадьбы придется;74;rest;top
house for wedding площадки;74;core;top
свадебные перчатки купить;74;rest;top
выездная регистрация цена москва;74;vendors;top
свадьба дома стол;74;rest;top
свадебный центр вега москва;74;geo;assoc
выкуп сценарий на свадьбу современные;73;info;top
стиль невесты на свадьбу;73;info;top
свадебная площадка озеро;73;core;top
сколько стоила свадьба коки;73;price;top
букет невесты из георгин;73;vendors;top
стабилизированный букет невесты;73;vendors;top
букеты невесты почему;73;vendors;top
букет невесты подольск;73;vendors;top
банкетные залы небеса;73;venue-type;top
банкетный зал небеса;73;venue-type;top
банкетные залы пушкино;73;venue-type;top
банкетный зал пушкино;73;venue-type;top
банкетный зал дворцы;73;venue-type;top
фото свадебная купить;73;rest;top
46 лавандовая свадьба;73;rest;top
торт на юбилей свадьбы;73;vendors;top
торт на 30 свадьбы;73;vendors;top
свадьбы лета 2018;73;rest;top
провести свадьбу ведущим;72;vendors;top
усадьбы для свадьбы в москве;72;venue-type;top
свадьба на 50 человек под ключ;72;capacity;top
свадебный торт своими руками;72;vendors;top
места для выездной регистрации;72;vendors;top
букет цветов невесте на свадьбу;72;vendors;top
нужны ли цветы на свадьбу;72;rest;top
какие цветы дарят на свадьбу невесте;72;rest;top
дневной салют на свадьбу;72;vendors;top
аварская свадьба;72;rest;assoc
банкетные залы северодвинск;72;venue-type;top
банкетный зал северодвинск;72;venue-type;top
банкетный зал королев;72;venue-type;top
банкетный зал королева;72;venue-type;top
королев банкетные залы;72;venue-type;top
банкетный зал время;72;venue-type;top
банкетный зал 12;72;venue-type;top
вилла барвиха 135 банкетный зал;72;venue-type;top
фото свадебный напрокат;72;rest;top
дата свадьбы число;72;rest;top
торжественная церемония бракосочетания;72;rest;top
свадебное ателье москва;72;geo;top
красивые свадебные фотографии;72;vendors;top
семейный дом свадьба;72;rest;top
пиротехника на свадьбу;72;rest;top
площадка для камерной свадьбы;71;capacity;top
были белее снега свадебные цветы слушать;71;rest;assoc
свадьба на природе москва;71;venue-type;top
заказать недорогой лимузин на свадьбу;71;price;top
свадебное агентство воздух;71;vendors;top
кавер группа на свадьбу москва;71;vendors;top
выездная регистрация цены москва;71;vendors;top
сколько стоила свадьба клавы коки;71;price;top
сколько свадебный фотограф;71;vendors;top
букет невесты с жемчугом;71;vendors;top
мини бар на свадьбе;71;rest;top
аренда лимузина на свадьбу в москве;71;price;top
банкетный зал white;71;venue-type;top
банкетный зал стиль;71;venue-type;top
лесная роса банкетный зал;71;venue-type;top
банкетные залы люберцы;71;venue-type;top
банкетный зал люберцы;71;venue-type;top
банкетные залы в центре москвы;71;venue-type;top
банкетный зал в центре москвы;71;venue-type;top
отель с банкетным залом;71;venue-type;top
ресторан свадьба стоимость;71;venue-type;top
фото маленьких свадебных букетов;71;vendors;top
свадебные фото полные;71;rest;top
локации для свадебных фото;71;rest;top
свадебный переполох видео;71;rest;top
торты на 25 свадьбы;71;vendors;top
фотографии сделать свадебную;71;vendors;top
шервуд площадка для свадьбы;70;core;top
полицейский с рублевки свадьба;70;geo;top
недорогая свадьба цена;70;price;top
стоимость ресторана свадьба;70;venue-type;top
свадебный торт в домашних условиях;70;vendors;top
свадебный торт невеста;70;vendors;top
вес свадебного торта;70;vendors;top
свадьба какой бюджет;70;rest;top
свадебный календарь;70;rest;assoc
ресторан для свадьбы москва на 30;70;venue-type;top
смешной тамада на свадьбу;70;vendors;top
букет невесты из ранункулюсов;70;vendors;top
банкетные залы на 40 человек;70;venue-type;top
банкетный зал на 40 человек;70;venue-type;top
банкетный зал хасавюрт;70;venue-type;top
армянские банкетные залы;70;venue-type;top
армянский банкетный зал;70;venue-type;top
малые банкетные залы;70;venue-type;top
малый банкетный зал;70;venue-type;top
лапина холл банкетный зал;70;venue-type;top
банкетный зал жужа 37;70;venue-type;top
свадебный фото с мужем;70;rest;top
дату свадьбы придется уточнить;70;rest;top
свадебная церемония какая;70;rest;top
церемония бракосочетания в москве;70;geo;top
традиция очаг на свадьбе;70;info;top
заказать лимузин на свадьбу недорого;70;price;top
как одеться на свадьбу летом;70;info;top
что надеть на свадьбу осенью;70;info;top
свадебный каравай пошагово;70;rest;top
озеро площадка для свадьбы;69;core;top
ресторан для свадьбы топ;69;venue-type;top
загородный отель для свадьбы;69;venue-type;top
сколько примерно стоит свадьба;69;rest;top
свадебный декор цвета;69;vendors;top
свадебный торт пирог;69;vendors;top
сценарий свадьбы 2;69;info;top
даты для свадьбы в сентябре 2026;69;info;top
4 свадьбы свадьба в стиле гринери;69;info;top+assoc
недорогие площадки для свадьбы;69;price;top
букет невесты пинтерест;69;vendors;top
букет невесты с гипсофилой;69;vendors;top
на свадьбу дарят цветы гости;69;info;top
караваи свадебные пошагово;69;rest;top
банкетные залы нижний новгород;69;venue-type;top
банкетный зал нижний новгород;69;venue-type;top
банкетные залы дагестан;69;venue-type;top
свет в банкетном зале был выставлен;69;venue-type;top
ресторан для свадьбы москва на 20;69;venue-type;top
рамка для свадебного фото;69;rest;top
торт на 5 свадьбы;69;vendors;top
слова мамы невесты на свадьбе молодоженам;69;rest;assoc
залы на свадьбу на 30 человек;68;capacity;top
свадьба на 30 человек зал;68;capacity;top
недорогое вино на свадьбу;68;price;top
сколько стоит иванушки на свадьбу;68;price;top
ezwed свадебное агентство;68;vendors;top
как украсить свадебный торт;68;vendors;top
выездная регистрация брака в москве площадки 2026;68;vendors;top
выездная регистрация в москве площадки 2026;68;vendors;top
свадьба в морском стиле;68;info;top
ресторан для свадьбы цены;68;venue-type;top
свадебные торты видео;68;vendors;top
где отметить свадьбу вдвоем москва;68;capacity;top
снять дом для свадьбы в подмосковье;68;venue-type;top
оригинальный букет невесты;68;vendors;top
красный банкетный зал;68;venue-type;top
банкетный зал бульвар;68;venue-type;top
банкетный зал панорама;68;venue-type;top
банкетные залы ярославль;68;venue-type;top
банкетный зал ярославль;68;venue-type;top
банкетный зал хрустальный;68;venue-type;top
банкетный зал white hall;68;venue-type;top
марриотт банкетные залы;68;venue-type;top
марриотт банкетный зал;68;venue-type;top
банкетный зал 300;68;venue-type;top
сидеть за свадебным столом;68;rest;top
house for wedding свадебная;68;rest;top
house for wedding отзывы;68;rest;top
свадьба летом жених;68;rest;top
дом у леса свадебная площадка;67;core;top
торт свадебный трехъярусный;67;vendors;top
большой свадебный торт;67;vendors;top
выездная регистрация где;67;vendors;top
рестораны москвы для свадьбы на 30 человек;67;venue-type;top
свадебная фотосессия зимой;67;vendors;top
букет невесты на свадьбу фото;67;vendors;top
кто покупает букет невесты на свадьбу;67;vendors;top
букет невесты из белой гвоздики;67;vendors;top
букет невесты из белых гвоздик;67;vendors;top
машина невесты на свадьбе;67;rest;top
машина жениха на свадьбе;67;rest;top
банкетный зал двина северодвинске;67;venue-type;top
мероприятие банкетный зал;67;venue-type;top
свет в банкетном зале был выставлен идеально;67;venue-type;top
банкетный зал парк отель;67;venue-type;top
банкетные залы 25 человек;67;venue-type;top
банкетный зал лапино холл;67;venue-type;top
26 дата свадьбы;67;rest;top
с днем бракосочетания детей;67;rest;top
сколько длится церемония бракосочетания;67;rest;top
свадьба по обмену качество;67;rest;top
свадьба по обмену хорошего качества;67;rest;top
свадебные наклейки на бутылки;67;rest;top
торты на свадьбу простые;67;vendors;top
заказать лимузин на свадьбу в москве недорого;66;price;top
отпраздновать свадьбу недорого;66;price;top
стоимость свадьбы в 2026;66;price;top
фотограф и видеограф на свадьбу;66;vendors;top
свадебные агентства wedding;66;vendors;top
красивый свадебный торт;66;vendors;top
печать рассадки гостей на свадьбу;66;info;top
тамада на свадьбу стоит;66;vendors;top
позы для свадебных фотосессий;66;vendors;top
коалы букет невесты;66;vendors;top
букет цветов для невесты свадебные;66;vendors;top
букет лета букет невесты;66;vendors;top
красивые цветы на свадьбу;66;rest;top
банкетный зал галерея;66;venue-type;top
галерея банкетные залы;66;venue-type;top
банкетные залы ленинский;66;venue-type;top
ленинское банкетный зал;66;venue-type;top
банкетный зал остров;66;venue-type;top
банкетные залы подмосковье москва;66;venue-type;top
банкетный зал москва подмосковье;66;venue-type;top
банкетный зал версаль;66;venue-type;top
версаль банкетные залы;66;venue-type;top
банкетный зал на 10;66;venue-type;top
банкетный зал долина;66;venue-type;top
топ ресторанов для свадеб;66;venue-type;top
свадебное фото жениха и невесты;66;rest;top
свадебные фото медведевой;66;rest;top
свадебные бутылки своими руками;66;rest;top
свадьба в недорогом кафе;66;venue-type;top
свадьбу в ресторане кафе;66;venue-type;top
свадебная площадка house for wedding;65;core;top
ресторан для свадьбы спб;65;venue-type;top
как провести свадьбу вдвоем;65;capacity;top
оформление президиума на свадьбу;65;vendors;assoc+top
дарси свадебное агентство;65;vendors;top
суть свадебного торта;65;vendors;top
выездная регистрация брака официально цена;65;vendors;top
сценарий на юбилей свадьбы;65;info;top
выездная регистрация брака в москве цена;65;vendors;top
снять ресторан для свадьбы;65;venue-type;top
голливудский стиль свадьбы;65;info;top
цветы на свадьбу от гостей;65;info;top
букет цветов на свадьбу фото;65;vendors;top
банкетные залы в парке;65;venue-type;top
банкетный зал в парке;65;venue-type;top
банкетные залы екатеринбурга;65;venue-type;top
банкетный зал екатеринбург;65;venue-type;top
грин банкетный зал;65;venue-type;top
банкетные залы лофт;65;venue-type;top
банкетный зал лофт;65;venue-type;top
отдых банкетный зал;65;venue-type;top
банкетный зал эльсинор;65;venue-type;top
два банкетных зала;65;venue-type;top
свадебные двухъярусные фото;65;rest;top
смешные свадебные фото;65;rest;top
домашний свадебный стол;65;rest;top
свадебный стол в домашних условиях;65;rest;top
традиции на день свадьбы;65;info;top
отели москвы свадебная фотосессия;65;vendors;top
музыка под свадебный;65;vendors;top
wedding house свадебная площадка;65;core;top
свадьбы лета 2012;65;rest;top
автомобиль на свадьбу с водителем москва;65;geo;top
свадьба на природе где;64;venue-type;top
маленькие гости на свадьбе;64;capacity;top
купить для свадьбы недорого;64;price;top
кравец свадебное агентство;64;vendors;top
wed wed свадебное агентство;64;vendors;top
литовский свадебный торт;64;vendors;top
свадебный торт жених невеста;64;vendors;top
свадебные выездные регистрации;64;vendors;top
сценарий выкупа невесты на свадьбу современный;64;info;top
фото свадебного торта двухъярусного;64;vendors;top
аренда машины на свадьбу в москве;64;price;top
белые розы банкетный зал;64;venue-type;top
банкетный зал свадьба 30 человек;64;venue-type;top
банкетные залы рамина;64;venue-type;top
банкетный зал рамина;64;venue-type;top
рамин банкетный зал;64;venue-type;top
номер банкетного зала;64;venue-type;top
банкетные залы щербинка;64;venue-type;top
hall банкетный зал москва;64;venue-type;top
банкетный зал отмечаем;64;venue-type;top
банкетные залы свой алкоголь;64;venue-type;top
банкетный зал свой алкоголь;64;venue-type;top
банкетные залы оформление;64;vendors;top
оформление банкетного зала;64;vendors;top
свадебные фото марии;64;rest;top
промт свадебное фото;64;rest;top
свадебные розы фото;64;rest;top
сделать свадебное видео;64;rest;top
торт на год свадьбы фото;64;vendors;top
торты на 15 свадьбы;64;vendors;top
многия лета на свадьбе;64;rest;top
свадьбы лета 2013;64;rest;top
свадьбы в августе 27;64;info;top
сколько стоит тамада на свадьбу;63;vendors;top
фотограф на свадьбу на час;63;vendors;top
фотограф на часы на свадьбу;63;vendors;top
лучший месяц для свадьбы;63;info;top
конструктор рассадки гостей на свадьбу;63;info;top
свадьба на рублевке;63;geo;top
площадки для свадьбы в москве и подмосковье;63;geo;top
стиль на свадьбу для мужчин;63;info;top
букет невесты и бутоньерка жениха;63;vendors;top
букет невесты из искусственных цветов;63;vendors;top
девушка поймала букет невесты;63;vendors;top
цветы в горшке на свадьбу;63;rest;top
банкетные залы ближайшие;63;venue-type;top
ближайший банкетный зал;63;venue-type;top
онлайн даты свадьбы;63;info;top
с днем бракосочетания в прозе;63;rest;top
белый свадебный стол;63;rest;top
свадебное видео 2026;63;rest;top
дворец церемония бракосочетания;63;rest;top
друг на свадьбе торт;63;vendors;top
свадьба в загородном отеле;63;venue-type;top
свадьба дома с родителями;63;rest;top
где отметить лет свадьбы;62;info;top
дизайн свадебного торта;62;vendors;top
сценарий свадьбы в узком;62;info;top
сценарий свадьбы в узком кругу;62;info;top
свадьба в семье сценарий;62;info;top
сценарий свадьбы 2026;62;info;top
свадебные даты по годам;62;rest;assoc
где провести свадьбу в подмосковье;62;geo;top
свадебный торт 2026 фото;62;vendors;top
декор свадьбы москва;62;vendors;top
свадебная арка фото;62;rest;top
простой букет невесты;62;vendors;top
где заказать букет невесты;62;vendors;top
букет невесты от жениха;62;vendors;top
букет невесты маленький нежный;62;vendors;top
осенний букет невесты;62;vendors;top
кейтеринг на свадьбу москва;62;geo;top
банкетные залы измайлово;62;venue-type;top
банкетные залы на природе;62;venue-type;top
банкетный зал на природе;62;venue-type;top
банкетный зал рязанский проспект;62;venue-type;top
банкетные залы в москве на 30;62;venue-type;top
банкетные залы в москве на 30 человек;62;venue-type;top
заказать банкетное меню;62;venue-type;top
идеи свадебных фото;62;info;top
свадебный стиль фото;62;info;top
забронировать дату свадьбы;62;rest;top
невеста будешь моей кац;62;rest;top
стили оформления свадеб;62;vendors;top
электронные свадебные приглашения;62;info;top
сколько торта нужно на человека свадьба;62;vendors;top
красивая свадебная фотосессия в москве;62;vendors;top
взрыв в кафе чья свадьба;62;venue-type;top
свадебные площадки усадьба;61;venue-type;top
wedding awards russia;61;rest;assoc
сколько стоит киркоров на свадьбу;61;price;top
видеограф на свадьбу в москве;61;vendors;top
свадебный декор садовод;61;vendors;top
камеди свадебное агентство;61;vendors;top
сценарий золотой свадьбы домашних сценарий;61;info;top
лучше свадьбу в сентябре;61;info;top
сайт для рассадки гостей на свадьбе;61;info;top
фото свадебных тортов одноярусные;61;vendors;top
букет невесты из кал;61;vendors;top
свадебный букет для невесты недорого;61;vendors;top
букет невесты самостоятельно;61;vendors;top
отдали букет невесты;61;vendors;top
доставка цветов на свадьбу;61;rest;top
ресторан свадьба банкетный зал;61;venue-type;top
свадьба по обмену онлайн качество;61;rest;top
невеста будешь моей читать полностью;61;rest;top
залы для свадьбы в подмосковье;60;geo;top
стили свадьба оформление;60;vendors;top
вынос свадебного торта;60;vendors;top
площадка любовь свадебная;60;core;top
банкетный зал для свадьбы 30;60;venue-type;top
где отметить свадьбу в подмосковье;60;geo;top
фотограф свадебной фотосессии;60;vendors;top
свадебный букет для невесты из гипсофилы;60;vendors;top
сайт свадебных фотографов;60;vendors;top
банкетные залы ульяновск;60;venue-type;top
банкетный зал ульяновск;60;venue-type;top
банкетный зал на московской;60;venue-type;top
банкетные банкетные залы и цены;60;venue-type;top
банкетный зал фамилия;60;venue-type;top
банкетный зал на 25 человек;60;venue-type;top
банкетные залы со своим алкоголем;60;venue-type;top
банкетный зал со своим алкоголем;60;venue-type;top
план банкетного зала;60;venue-type;top
фото банкетного меню;60;venue-type;top
27 дата свадьбы;60;rest;top
мужской свадебный образ;60;rest;top
свадебный вальс слушать;60;rest;top
торт на 20 свадьбы;60;vendors;top
свадебные площадки усадьбы;60;venue-type;top
день свадьбы в октябре;60;info;top
хайд площадка для свадеб;59;core;top
свадебный декор москва;59;vendors;top
свадебный декор купить;59;vendors;top
сценарии свадьбы в кругу семьи;59;info;top
свадебная площадка ботаника;59;core;top
банкетные залы для свадьбы в подмосковье;59;venue-type;top
красивые свадебные фотосессии в москве;59;vendors;top
где провести свадебную фотосессию в москве;59;vendors;top
какой букет невесты лучше;59;vendors;top
букет невесты из белых калл;59;vendors;top
родители дарят цветы на свадьбу;59;rest;top
как украсить машину на свадьбу своими руками;59;info;top
банкетные залы на 10 человек;59;venue-type;top
банкетный зал на 10 человек;59;venue-type;top
банкетный зал ива;59;venue-type;top
банкетный зал орион;59;venue-type;top
банкетные залы москвы фото;59;venue-type;top
банкетный зал звенигород;59;venue-type;top
дата свадьбы 4;59;rest;top
ведущий свадебной церемонии зарплата;59;vendors;top
свадебная коллекция бренда;59;rest;top
торт невесты на свадьбу;59;vendors;top
образ жениха на свадьбу 2026;59;rest;assoc
ресторан ногинск свадьбы;59;venue-type;top
свадьба дом квартира;59;rest;top
площадка для свадьбы в лесу;58;venue-type;top
свадьба на 10 человек москва;58;capacity;top
свадьба маленькой компанией;58;capacity;top
недорогая свадьба идеи;58;price;top
услуги фотографа на свадьбу;58;vendors;top
выбрать свадебный торт;58;vendors;top
размер свадебного торта;58;vendors;top
начинки для свадебного торта;58;vendors;top+assoc
выход на выездной регистрации;58;vendors;top
карточки для рассадки гостей на свадьбе;58;info;top
рассадка гостей на свадьбе онлайн конструктор;58;info;top
схема рассадки гостей на свадьбе;58;info;top
онегин свадебная площадка;58;core;top
ресторан для свадьбы в москве недорого;58;venue-type;top
свадебная фотосессия саду;58;vendors;top
нежные букеты невесты фото;58;vendors;top
букет невесты спб;58;vendors;top
цветы на свадьбу от родителей;58;rest;top
цветы на руках на свадьбу;58;rest;top
постановка свадебного танца в москве;58;geo;top
гранат банкетные залы;58;venue-type;top
гранат банкетный зал;58;venue-type;top
снять банкетный зал человек;58;venue-type;top
банкетный зал ул жужа 37;58;venue-type;top
найти свадебные фото;58;rest;top
счастливая дата для свадьбы;58;rest;top
рассчитать дату свадьбы по дате рождения;58;rest;top
дата свадьбы 3;58;rest;top
лариса аркадьевна подняла над свадебным столом;58;rest;top
свадьба в домашнем кругу сценарий;58;info;top
торт на свадьбе клавы коки;58;vendors;top
топ площадок для свадьбы;57;rest;top
лучшие места для свадьбы;57;rest;top
рестораны для свадьбы в подмосковье;57;venue-type;top
банкетный зал в подмосковье свадьба;57;venue-type;top
недорогие залы для свадьбы;57;price;top
свадебное агентство свадьба;57;vendors;top
сценарий свадьбы 90;57;info;top
сценарий свадьбы в домашнем кругу;57;info;top
сценарии свадьбы 50;57;info;top
букет невесты купить недорого с доставкой;57;vendors;top
букет невесты из сухоцветов;57;vendors;top
арка из цветов на свадьбу;57;rest;top
букет цветов молодоженам на свадьбу;57;vendors;top
можно ли дарить цветы на свадьбу;57;rest;top
аренда лимузин с водителем на свадьбу;57;price;top
hide банкетный зал;57;venue-type;top
банкетный зал сафиса москва;57;venue-type;top
банкетный зал колизей;57;venue-type;top
банкетные залы праздник;57;venue-type;top
банкетный зал праздник;57;venue-type;top
банкетные залы облака;57;venue-type;top
банкетный зал облака;57;venue-type;top
свадебное описание фото;57;rest;top
создать свадебное фото;57;rest;top
захарова свадебные фото;57;rest;top
бесплатные свадебные видео;57;rest;top
повторная церемония бракосочетания;57;rest;top
свадебная первая брачная ночь;57;rest;top
невеста будешь моей читать онлайн;57;rest;top
чужая невеста будет моя;57;rest;top
семейные традиции на свадьбу;57;info;top
зал для свадьбы недорого;57;price;top
играть свадьбу в мае;57;rest;top
тамада свадьба дома;57;vendors;top
отметить свадьбу дома;57;core;top
свадьбы дом видео;57;rest;top
аренда лимузинов с водителем на свадьбу;57;price;top
давыдково свадебная площадка;56;core;top
московские рестораны для свадьбы;56;venue-type;top
сколько стоит свадьба димы масленникова;56;price;top
самый самый сценарий свадьбы;56;info;top
стили свадеб какие бывают;56;info;top
свадьба в стиле рустик vs;56;info;top
свадьба под ключ москва и подмосковье;56;price;top
мой маленький пони свадьба;56;capacity;top
лучшая свадебная фотосессия;56;vendors;top
нужен ли невесте букет;56;vendors;top
букет невесты как разыграть;56;vendors;top
букет невесты красно белый;56;vendors;top
букет невесты из маленьких роз;56;vendors;top
букеты цветов невесты своими руками;56;vendors;top
букет на свадьбу какие цветы;56;vendors;top
банкетный зал долгопрудный;56;venue-type;top
банкетные залы 300 человек;56;venue-type;top
банкетные залы дизайн;56;venue-type;top
дизайн банкетного зала;56;venue-type;top
банкетные залы восточные;56;venue-type;top
восточный банкетный зал;56;venue-type;top
банкетные залы саратов;56;venue-type;top
банкетный зал саратов;56;venue-type;top
бесплатные свадебные сайты;56;rest;top
обычаи традиции на свадьбу;56;info;top
в чем пойти на свадьбу летом женщине;56;rest;top
forest dew свадебная площадка;55;core;top
аренда свадебной площадки;55;price;top
где можно отметить свадьбу в москве;55;geo;top
свадебные загадки;55;rest;assoc
банкетный зал на свадьбу 30 человек;55;venue-type;top
камерная свадьба под ключ;55;capacity;top
маленькая невеста свадьба;55;capacity;top
снять недорого свадьбу;55;price;top
фотограф на свадьбу недорого;55;vendors;top
ведущие на свадьбу область;55;vendors;top
ведущий на свадьбу молодоженам;55;vendors;top
оформление свадьбы шарами;55;vendors;top
свадебный торт заказать москва;55;vendors;top
сценарий золотой свадьбы в домашних условиях;55;info;top
благоприятные дни для свадьбы в сентябре;55;info;top
банкетные залы для свадьбы 30 человек;55;venue-type;top
банкетный зал для свадьбы 30 человек;55;venue-type;top
свадьба в стиле мафии;55;info;top
идеи для свадебной фотосессии;55;vendors;assoc+top
свадебные букеты для невесты фото маленькие;55;vendors;top
каллы цветы букет невесты;55;vendors;top
дешевый букет невесты;55;vendors;top
букет невесты 2026 купить;55;vendors;top
букет невесты из диантусов;55;vendors;top
дарят ли цветы на свадьбу молодоженам;55;rest;top
банкетные залы европы;55;venue-type;top
банкетный зал европа;55;venue-type;top
банкетные залы оренбург;55;venue-type;top
банкетный зал оренбург;55;venue-type;top
банкетный зал светлица;55;venue-type;top
банкетные залы курск;55;venue-type;top
банкетный зал курск;55;venue-type;top
банкетные залы челябинск;55;venue-type;top
банкетный зал челябинск;55;venue-type;top
зал челябинск банкетный залы;55;venue-type;top
банкетный зал с караоке;55;venue-type;top
банкетный зал сад;55;venue-type;top
банкетный зал день рождения москва;55;venue-type;top
банкетный зал конюшни;55;venue-type;top
банкетные залы семей;55;venue-type;top
банкетный зал семей;55;venue-type;top
свадебные фото клавы коки;55;rest;top
июль даты свадьбы;55;info;top
какие хорошие даты свадьбы;55;info;top
молодоженов с днем бракосочетания;55;rest;top
свадебное видео онлайн;55;rest;top
свадебная церемония дорама;55;rest;top
как проходит церемония бракосочетания;55;info;top
как люди проводят свадьбу;55;info;top
торт на свадьбу своими руками;55;vendors;top
торт на свадьбе масленникова;55;vendors;top
лучшие свадебные фотосессии;55;vendors;top
видная усадьба свадьба;55;venue-type;top
свадьба лета 2016;55;rest;top
что одеть на свадьбу летом;55;info;top
в чем пойти на свадьбу осенью;55;info;top
снять дом под свадьбу;55;price;top
аренда дома под свадьбу;55;price;top
стеклянная площадка для свадьбы;54;core;top
ведущий на свадьбу москва цены;54;vendors;top
вопросы ведущему на свадьбу;54;vendors;top
готовые свадебные торты;54;vendors;top
свадебный стилист москва;54;vendors;top
20 свадьба сценарий;54;info;top
сделать рассадку гостей на свадьбу;54;info;top
лента на букет невесты;54;vendors;top
букет невесты из красных роз;54;vendors;top
букет невесты из альстромерии;54;vendors;top
живые букеты цветов на свадьбу;54;vendors;top
какие цветы лучше дарить на свадьбу;54;rest;top
проектор на свадьбе;54;rest;top
ольга нашла план рассадки в банкетный зал;54;venue-type;top
банкетные залы липецк;54;venue-type;top
банкетный зал липецк;54;venue-type;top
банкетный зал плакучая ива;54;venue-type;top
банкетные залы барнаул;54;venue-type;top
банкетный зал барнаул;54;venue-type;top
банкетный зал аль;54;venue-type;top
банкетный зал солнечный;54;venue-type;top
камерные банкетные залы;54;venue-type;top
камерный банкетный зал;54;venue-type;top
банкетный зал наполеон в москве;54;venue-type;top
фото свадебных фото захаровой;54;rest;top
фото свадебных альбомов;54;rest;top
свадебные видео красивые видео;54;rest;top
wedding s day;54;rest;top
свадебные бокалы своими руками;54;rest;top
свадебные традиции и обычаи;54;info;top
фон для приглашения на свадьбу;54;info;assoc
сделать торт на свадьбу;54;vendors;top
надпись на торте на год свадьбы;54;vendors;top
свадебное оформление цветами;54;vendors;top
свадебные площадки у воды;53;venue-type;top
меню на свадьбу на 30 человек;53;capacity;top
кафе для свадьбы недорого;53;venue-type;top
сколько в среднем стоит свадьба в москве;53;geo;top
сколько стоит салют на свадьбу;53;vendors;top
нужен ведущий на свадьбу;53;vendors;top
ведущий и диджей на свадьбу;53;vendors;top
нужен свадебный торт;53;vendors;top
вкусы свадебных тортов;53;vendors;top
выездная регистрация в парке;53;vendors;top
свадьба в стиле минимализм;53;info;top
свадьба в черном стиле;53;info;top
онегин площадка для свадьбы;53;core;top
сценарий на свадьбу без тамады;53;vendors;top
красивые места для свадебной фотосессии;53;vendors;top
что значит поймать букет невесты;53;vendors;top
букет невесты из брокколи;53;vendors;top
заказать машину с водителем на свадьбу;53;rest;top
авито машина на свадьбу;53;rest;top
банкетные залы в одинцово;53;venue-type;top
банкетные залы ступино;53;venue-type;top
банкетный зал ступино;53;venue-type;top
арендовать банкетный зал;53;venue-type;top
банкетные залы мира;53;venue-type;top
банкетный зал мир;53;venue-type;top
банкетные залы воскресенск;53;venue-type;top
воскресенск банкетный зал;53;venue-type;top
нежные свадебные фото;53;rest;top
свадебный стол купить;53;rest;top
где свадебные видео;53;info;top
дорама свадебная церемония рю;53;rest;top
дорама свадебная церемония ученого;53;rest;top
свадебная церемония ученого рю дорама;53;rest;top
свадебная церемония на мальдивах;53;rest;top
традиции дарить на свадьбу;53;info;top
как украсить торт на свадьбу;53;vendors;top
день свадеб осенью;53;info;top
свадьба дома без тамады;53;vendors;top
рецепт свадебного каравая пошагово;53;rest;top
ресторан для свадебного банкета;52;venue-type;top
аренда теплохода на свадьбу;52;venue-type;top
отметить свадьбу в москве недорого;52;price;top
видео ведущих на свадьбах;52;vendors;top
оформление свадеб москва;52;vendors;top
свадебный торт два;52;vendors;top
свадебный торт мастика;52;vendors;top
свадьба игры сценарии;52;info;top
сценарий свадьбы для близких;52;info;top
выездная регистрация брака в московской области;52;vendors;top
свадебный фотограф фото;52;vendors;top
аренда фотозоны на свадьбу;52;vendors;top
букет невесты фиолетовый;52;vendors;top
букеты невесты белые купить;52;vendors;top
свадебный букет для невесты нежный;52;vendors;top
стойкий букет невесты;52;vendors;top
купить букет цветов невесты;52;vendors;top
букет невесты из гладиолусов;52;vendors;top
цветы на золотую свадьбу;52;rest;top
свадебный каравай рецепт пошагово;52;rest;top
банкетный зал на 50 человек москва;52;venue-type;top
банкетный зал орджоникидзе;52;venue-type;top
банкетный зал серго;52;venue-type;top
банкетные залы 200 человек;52;venue-type;top
банкетные залы калужская область;52;venue-type;top
банкетный зал калужская область;52;venue-type;top
гора банкетный зал;52;venue-type;top
первый банкетный зал;52;venue-type;top
заказать банкетные залы;52;venue-type;top
заказать банкетный зал;52;venue-type;top
банкетный зал площадь;52;venue-type;top
база банкетных залов;52;venue-type;top
банкетный зал в царицыно;52;venue-type;top
банкетное фуршетное меню;52;venue-type;top
свадьба коки и масленникова дата;52;rest;top
свадебный стол молодоженов;52;rest;top
невеста будешь моей мэри кац;52;rest;top
каравай на свадьбе традиции слова;52;info;top
дизайн торта на свадьбу;52;vendors;top
деньги на свадьбу в кредит;52;rest;top
ранчо давыдково свадебная площадка;51;core;top
рестораны для свадьбы московская область;51;venue-type;top
где провести свадьбу недорого;51;price;top
маленькая свадьба москва;51;capacity;top
загородные в подмосковье для свадьбы;51;venue-type;top
сколько стоит свадьба в середниково;51;price;top
как сделать свадебный торт;51;vendors;top
свадебный флорист;51;vendors;top
готовый свадьба сценарий тамада;51;vendors;top
идеи для девичника перед свадьбой;51;info;top
свадьба в стиле рок;51;info;top
сценарий тамады второго дня свадьбы;51;vendors;top
маленькие дети на свадьбе;51;capacity;top
свадебный фотограф стоит;51;vendors;top
где свадебные арки;51;info;top
букет на свадьбу от родителей невесты;51;vendors;top
букет невесты фиалка фото;51;vendors;top
букет невесты из белых пионов;51;vendors;top
букет невесты из роз и гипсофилы;51;vendors;top
когда дарят цветы на свадьбе;51;info;top
ваза для цветов на свадьбу;51;rest;top
нужно дарить цветы на свадьбу;51;rest;top
какие цветы можно на свадьбу;51;rest;top
недорогие банкетные залы в москве;51;venue-type;top
набат банкетный зал;51;venue-type;top
банкетный зал шатер;51;venue-type;top
банкетные залы новосибирск;51;venue-type;top
банкетный зал новосибирск;51;venue-type;top
банкетные залы йошкар ола;51;venue-type;top
банкетный зал йошкар;51;venue-type;top
банкетный зал йошкар ола;51;venue-type;top
банкетный зал счастье;51;venue-type;top
ресторан для свадьбы 15 человек;51;venue-type;top
банкетное меню королев;51;venue-type;top
банкетное меню рецепты;51;venue-type;top
свадебная пара фото;51;rest;top
фото свадебных пар;51;rest;top
свадебные женские фото;51;rest;top
как украсить свадебный стол;51;info;top
свадебный букет видео;51;vendors;top
сколько стоит свадебная церемония;51;price;top
традиция семейный очаг на свадьбе;51;info;top
кто поймал букет невесты 2021;51;vendors;top
свадьба в августе благоприятные;51;info;top
миллион на свадьбу дом;51;rest;top
аренда автомобиля на свадьбу с водителем москва;51;price;top
недорогие банкетные залы для свадьбы;50;venue-type;top
недорогой банкетный зал для свадьбы;50;venue-type;top
рестораны для свадьбы 15 человек;50;venue-type;top
свадьба на 10 человек ресторан;50;venue-type;top
красивая свадьба в подмосковье;50;geo;top
банкетные для свадеб недорого;50;venue-type;top
свадьба под ключ 20 человек;50;price;top
ведущий человек на свадьбу;50;vendors;top
речь ведущего на свадьбе;50;vendors;top
свадебный торт 6;50;vendors;top
свадебный торт лучшее;50;vendors;top
как проходит выездная регистрация;50;vendors;top
выход невесты на выездной регистрации;50;vendors;top
где можно отметить свадьбу недорого;50;price;top
green house свадебная площадка;50;core;top
свадьба в греческом стиле;50;info;top
сколько стоит сыграть свадьбу в москве;50;price;top
свадебная фотосессия в царицыно;50;vendors;top
пионовидные розы белые букет невесты;50;vendors;top
zone букет невесты;50;vendors;top
букет невесты с эвкалиптом;50;vendors;top
розыгрыш букета невесты;50;vendors;top
букет невесты рязань;50;vendors;top
тесто на каравай свадебный;50;rest;top
заказать артиста на свадьбу;50;vendors;top
купить салют на свадьбу;50;vendors;top
заказ лимузина на свадьбу;50;rest;top
банкетные залы самара;50;venue-type;top
банкетный зал самара;50;venue-type;top
банкетный зал еда;50;venue-type;top
банкетный зал на 60;50;venue-type;top
свадебные фото магомаева и синявской;50;rest;top
даты для свадьбы в октябре;50;info;top
видео свадебны машины;50;rest;top
свадебный сайт свадьба;50;rest;top
как провести год свадьбы;50;info;top
красивая свадебная музыка;50;vendors;top
загсы москвы выездная регистрация;50;vendors;top
как одеться на свадьбу летом мужчине;50;info;top
свадьбы летом какие;50;rest;top
где отметить день свадьбы;49;info;top
алкоголь на 50 человек на свадьбу;49;capacity;top
свадьба на 100 человек москва;49;capacity;top
wedding nasheed;49;rest;assoc
оформление бутылок на свадьбу;49;vendors;top
оформление свадьбы своими руками;49;vendors;top
надпись на свадебный торт;49;vendors;top
загс москва выездная регистрация;49;vendors;top
день свадьба сценарий тамада;49;vendors;top
свадьба в белом стиле;49;info;top
официальная выездная регистрация брака в подмосковье;49;vendors;top
где сделать свадебную фотосессию;49;vendors;top
как называется букет невесты;49;vendors;top
букет невесты отзыв;49;vendors;top
букет невесты каллы в москве;49;vendors;top
букет невесты обязательно;49;vendors;top
белые гипсофилы букет невесты;49;vendors;top
цветы каллы на свадьбу;49;rest;top
композиции из цветов на свадьбу;49;rest;top
цветы на машину на свадьбу;49;rest;top
лимузин на свадьбу цена;49;rest;top
что дарят на фаянсовую свадьбу;49;info;assoc
бармен на свадьбу;49;rest;top
банкетный зал выставка;49;venue-type;top
банкетный зал на час;49;venue-type;top
банкетный зал ул жужа 37 москва;49;venue-type;top
банкетный зал милана;49;venue-type;top
милан банкетные залы;49;venue-type;top
рестораны московской области для свадьбы;49;venue-type;top
свадебное фото черно;49;rest;top
свадебные фото черных;49;rest;top
свадебная регистрация фото;49;vendors;top
фото свадебных фотографий;49;vendors;top
благоприятные даты для свадьбы в 2027;49;rest;top
happy wedding day;49;rest;top
сколько длится церемония бракосочетания в загсе;49;rest;top
русский свадебный обряд;49;rest;top
свадебные перчатки длинные;49;rest;top
традиция свидетелей на свадьбе;49;info;top
приглашение на свадьбу 2026;49;info;assoc
сколько кг торта нужно на свадьбу;49;vendors;top
первый кусок торта на свадьбе кому;49;vendors;top
3 торта на свадьбу;49;vendors;top
свадебный альбом для фотографий;49;vendors;top
дом бракосочетания нижний новгород;49;rest;assoc
где отметить свадьбу в москве недорого;48;price;top
как проводят год свадьбы;48;info;top
свадьба под ключ на 20 человек;48;capacity;top
свадьба в подмосковье цена;48;geo;top
загородная свадьба москва;48;venue-type;top
сколько стоит группа на свадьбу;48;price;top
стилист визажист на свадьбу;48;vendors;top
сценарий свадьбы тамады в домашнем условии;48;vendors;top
план рассадки гостей на свадьбе онлайн;48;info;top
зал для камерной свадьбы;48;capacity;top
залы для камерной свадьбы;48;capacity;top
букет цветов невесты москва;48;vendors;top
empire zone букет невесты;48;vendors;top
что делать с букетом невесты после;48;vendors;top
букет невесты из каких цветов;48;vendors;top
букет невесты королев;48;vendors;top
свадебный букет невесты заказать;48;vendors;top
букет невесты калуга;48;vendors;top
бутылки на свадьбу цветами;48;rest;top
какие цветы дарят на свадьбу родители;48;rest;top
горохов музыкант на свадьбу;48;vendors;top
салют на свадьбу цена;48;vendors;top
цветной салют на свадьбу;48;vendors;top
банкетный зал светлана;48;venue-type;top
банкетный зал на 300 человек;48;venue-type;top
банкетный зал ювао;48;venue-type;top
банкетный залы ювао;48;venue-type;top
банкетный зал ленинградская;48;venue-type;top
банкетные залы ростов;48;venue-type;top
банкетный зал ростов;48;venue-type;top
набат палас банкетный зал;48;venue-type;top
банкетные залы москва цены;48;venue-type;top
москва банкетный зал цена;48;venue-type;top
свадебные мужские фото;48;rest;top
мария захарова свадебные фото;48;rest;top
свадебные фото марии захаровой;48;rest;top
юбилейные даты свадеб;48;info;top
ноябрь даты свадьбы;48;info;top
как называется дата свадьбы;48;info;top
с днем бракосочетания коллеге;48;rest;top
weddingpost ru;48;rest;assoc
сколько по времени длится церемония бракосочетания;48;rest;top
как проводить свадьбу ведущей;48;vendors;top
свадьба в подмосковье цены;48;geo;top
свадьба в августе 2027;48;info;top
свадьбу дом на лучших;48;rest;top
ресторан для свадьбы 10 человек;47;venue-type;top
место где провести свадьбу;47;info;top
маленькая свадьба ресторан;47;venue-type;top
кусок свадебного торта;47;vendors;top
сценарий свадьбы без тамады для самых;47;vendors;top
сценарий свадьбы для самых близких;47;info;top
свадьба в стиле барокко;47;info;top
молодежный стиль свадьбы;47;info;top
свадьба в вампирском стиле;47;info;top
свадьба в тюремном стиле;47;info;top
букет для мамы невесты;47;vendors;top
букет невесты большой;47;vendors;top
заказать букет невесты недорого с доставкой;47;vendors;top
цветы на день свадьбы;47;rest;top
банкетный зал центральный;47;venue-type;top
банкетные залы калуга;47;venue-type;top
банкетный зал калуга;47;venue-type;top
банкетные залы уфа;47;venue-type;top
банкетный зал уфа;47;venue-type;top
банкетный зал старый;47;venue-type;top
банкетные залы махачкала цены;47;venue-type;top
банкетные залы рядом с метро;47;venue-type;top
банкетный зал рядом с метро;47;venue-type;top
шервуд банкетный зал;47;venue-type;top
ведущий свадебной церемонии в загс;47;vendors;top
купить свадебный кейп;47;rest;top
свидетель на свадьбе мем;47;rest;assoc
как провести свадьбу в москве;47;geo;top
декор торта на свадьбу;47;vendors;top
кто озвучивает 4 свадьбы на пятнице;47;rest;assoc
свадьба раменский район;47;rest;top
что надеть на свадьбу летом 2026;47;info;top
дом два свадьбы;47;rest;top
ресторан на природе для свадьбы;46;venue-type;top
ресторан для свадеб небольшой;46;venue-type;top
банкетный ресторан для свадьбы;46;venue-type;top
организация свадьбы для двоих;46;capacity;top
свадебный торт 2 яруса;46;vendors;top
сценарий домашней свадьбы без тамады;46;vendors;top
сценарий свадьбы без тамады в домашних условиях;46;vendors;top
свадьба сценарии 25;46;info;top
макет рассадки гостей на свадьбе;46;info;top
создать рассадку гостей на свадьбу;46;info;top
свадебная площадка солнечногорск;46;geo;top
сколько стоит свадьба на 20 человек;46;capacity;top
личи свадебная коллекция;46;rest;assoc+top
тамада на свадьбу москва цена;46;vendors;top
свадебная фотосессия в подмосковье;46;vendors;top
полевые букеты невесты;46;vendors;top
круглый букет невесты;46;vendors;top
какой должен быть букет невесты;46;vendors;top
букет невесты сумочка;46;vendors;top
украсить цветами на свадьбу;46;rest;top
нужно ли дарить цветы на свадьбу;46;rest;top
цветы молодым на свадьбу;46;rest;top
букеты вместо цветов на свадьбу;46;vendors;top
цена машины на свадьбу;46;rest;top
конструктор свадебных приглашений;46;info;assoc+top
банкетный зал сити;46;venue-type;top
банкетный зал репаблик;46;venue-type;top
банкетный зал двор;46;venue-type;top
банкетные залы под свадьбу;46;venue-type;top
банкетный зал под свадьбу;46;venue-type;top
банкетный зал альфирай;46;venue-type;top
аренда банкетного зала цена;46;venue-type;top
залы банкетные аренда цена;46;venue-type;top
кафе банкетный зал на 15;46;venue-type;top
банкетное меню на дом;46;venue-type;top
нейросеть свадебные фото;46;rest;top
букет на свадебный стол;46;vendors;top
свечи на свадебный стол;46;rest;top
wedding post пригласительные на свадьбу;46;info;assoc
площадки для свадьбы красногорск;46;geo;top
выездные площадки для свадьбы;46;core;top
площадка для свадьбы красногорск;45;geo;top
свадьба в подмосковье у воды;45;venue-type;top
сколько стоит баста на свадьбу;45;price;top
сценарии свадьбы для родных;45;info;top
сценарии свадьбы без тамады для близких;45;vendors;top
сценарий свадьбы без тамады для самых близких;45;vendors;top
сценарий свадьбы тамады для самых близких;45;vendors;top
сколько стоила свадьба масленникова;45;price;top
ида галич свадьба в стиле;45;info;top
lichi свадебная коллекция;45;rest;assoc+top
игры на свадьбу тамада;45;vendors;top
ии фотосессия свадебная;45;vendors;top
зачем невесте букет;45;vendors;top
виды букетов невесты;45;vendors;top
бросание букета невесты;45;vendors;top
кому дарить букет невесты;45;vendors;top
кто дарит букет невесты;45;vendors;top
букеты невесты 2021;45;vendors;top
кто поймает букет невесты 2021;45;vendors;top
букет цветов для невесты свадебные живые;45;vendors;top
букет невесты пеларгония;45;vendors;top
декор президиума на свадьбу;45;vendors;top
музыкант на свадьбе 7;45;vendors;top
турандот свадебная фотосессия;45;vendors;top
банкетный зал история;45;venue-type;top
снять банкетный зал москва;45;venue-type;top
ресторан банкетный зал 20;45;venue-type;top
банкетные залы набережной;45;venue-type;top
банкетные залы откроют;45;venue-type;top
банкетные залы открыты;45;venue-type;top
открытый банкетный зал;45;venue-type;top
банкетные залы с коттеджами;45;venue-type;top
коттедж с банкетным залом;45;venue-type;top
рестораны для небольших свадеб;45;venue-type;top
банкетное меню лесная поляна;45;venue-type;top
примеры свадебных фото;45;rest;top
свадебные залы фото;45;core;top
свадебный зал фото;45;core;top
полные девушки свадебные фото;45;rest;top
белые свадебные букеты фото;45;vendors;top
8 дата свадьбы;45;rest;top
с днем бракосочетания внука;45;rest;top
салаты на свадебный стол;45;rest;top
благоприятный день для свадьбы дорама;45;rest;assoc
музыка для свадебной церемонии;45;vendors;top
традиция снятия фаты на свадьбе;45;info;top
создать свадебное приглашение онлайн;45;info;top
свадебная музыка регистрация;45;vendors;top
образ на свадьбу мужчине летом;45;rest;top
большой дом для свадьбы;45;venue-type;top
как организовать свадьбу самостоятельно;45;info;top
что нужно для свадьбы список;45;info;top
шатер в аренду для свадьбы;44;venue-type;top
свадьба маленькой девочки;44;capacity;top
сколько стоит свадьба в подмосковье;44;price;top
сколько стоит свадьба под ключ;44;price;top
сколько стоит арендовать свадьбу;44;price;top
сколько стоит мот на свадьбу;44;price;top
сколько стоит свадьба в коломенском;44;price;top
сколько стоит организовать свадьбу;44;price;top
московский ведущий на свадьбу;44;vendors;top
торт итальянский пирог свадебный;44;vendors;top
торт свадебный круглый;44;vendors;top
сценарий корпоратива дня рождения свадьбы;44;info;top
рассадка гостей на свадьбе столы;44;info;top
hide площадка свадебная;44;core;top
свадебный торт на 40 человек;44;vendors;top
свадебные площадки в лесу;44;venue-type;top
свадебная фотосессия на природе;44;vendors;top
отель для свадебной фотосессии в москве;44;vendors;top
букет невесты пионы купить;44;vendors;top
какой букет дарят невесте;44;vendors;top
свадебный букет для невесты нежный маленький;44;vendors;top
купить букет для невесты доставка;44;vendors;top
свадебный букет из гортензии для невесты;44;vendors;top
скромный букет невесты;44;vendors;top
букет невесты из белых кустовых роз;44;vendors;top
оформление цветов на свадьбу;44;vendors;top
свадебный каравай где купить;44;info;top
саксофонист на свадьбу;44;rest;top
название команды на свадьбе;44;rest;top
свадебный каравай испечь в домашних;44;rest;top
как украсить свадебную машину;44;info;assoc
кафе с банкетным залом на 15 человек;44;venue-type;top
банкетные залы каширская;44;venue-type;top
банкетный зал каширская;44;venue-type;top
банкетные залы москва для дня рождения;44;venue-type;top
банкетные залы у метро;44;venue-type;top
этажи банкетный зал;44;venue-type;top
банкетные залы варшавское шоссе;44;venue-type;top
банкетный зал варшавское шоссе;44;venue-type;top
банкетный зал граф;44;venue-type;top
банкетный зал избербаш;44;venue-type;top
пример банкетного меню;44;venue-type;top
фото свадебный недорого;44;price;top
свадебная машина фото;44;rest;top
клава кока и масленников дата свадьбы;44;rest;top
wedwed пригласительные на свадьбу;44;info;assoc
торт мужу на свадьбу;44;vendors;top
идеи торта на свадьбу;44;vendors;top
что бросает жених на свадьбе;44;info;assoc
что надеть на свадьбу гостье летом;44;info;top
свадьбы лета 2015;44;rest;top
чья свадьба была в кафе на кудринской;44;venue-type;top
дом жениха перед свадьбой;44;rest;top
свадьба гостевой дом;44;info;top
аренда автомобиля на свадьбу в москве;44;price;top
ресторан для свадьбы центр;43;venue-type;top
ресторан для свадьбы на 50;43;venue-type;top
аренда зала для свадьбы в москве;43;price;top
свадебный стол банкет;43;core;top
провести вторую свадьбу;43;core;top
как провести свадьбу без ведущего;43;vendors;top
свадьба в лесу подмосковье;43;venue-type;top
загородное проведение свадьбы;43;venue-type;top
сколько стоит кафе на свадьбу;43;venue-type;top
современная ведущая на свадьбу;43;vendors;top
ведущая тамада на свадьбу;43;vendors;top
ведущий на свадьбу московская область;43;vendors;top
свадебный торт пинтерест;43;vendors;top
первый свадебный торт;43;vendors;top
сценарий семейной свадьбы;43;info;top
сценарий свадьбы для родных и близких;43;info;top
сценарий свадьбы для самых близких и родных;43;info;top
стиль свадьбы цвета;43;info;top
весело провести свадьбу;43;core;top
свадебный торт 6 кг;43;vendors;top
стиль свадьбы в ресторане;43;venue-type;top
свадьба в стиле ретро;43;info;top
sky river площадка для свадьбы;43;core;top
сколько стоит свадебный фотограф;43;vendors;top
свадебный фотограф екатеринбург цена;43;vendors;top
сколько стоит свадебная фотосессия;43;vendors;top
что означает букет невесты;43;vendors;top
букет невесты мытищи;43;vendors;top
заказать букет невесты в москве недорого;43;vendors;top
мини букет невесты;43;vendors;top
заказать цветы на свадьбу;43;rest;top
цветы на свадьбу дочери;43;rest;top
музыкант на свадьбу уральские;43;vendors;top
машина гостей на свадьбу;43;info;top
банкетные залы авроры;43;venue-type;top
банкетный зал аврора;43;venue-type;top
банкетные залы отрадное;43;venue-type;top
отрадное банкетный зал;43;venue-type;top
кафе рестораны банкетными залами;43;venue-type;top
ресторан кафе банкетные залы;43;venue-type;top
банкетный зал венеция;43;venue-type;top
банкетные залы домодедовская;43;venue-type;top
банкетный зал домодедовская;43;venue-type;top
снять дом с банкетным залом;43;venue-type;top
банкетные залы на 60 человек;43;venue-type;top
банкетный зал на 60 человек;43;venue-type;top
банкетные залы на 100 человек;43;venue-type;top
банкетный зал на 100 человек;43;venue-type;top
репаблик холл банкетный зал;43;venue-type;top
петербург рестораны для свадьбы;43;venue-type;top
банкетное меню рецепты с фото банкетных;43;venue-type;top
фото свадебных мест;43;rest;top
свадебные фото инстаграм;43;rest;top
лунный календарь даты свадьбы;43;info;top
идеальная дата свадьбы;43;rest;top
приснилась собственная свадьба;43;rest;top
свадебный сайт приглашение на свадьбу;43;info;top
сколько стоит церемония бракосочетания;43;price;top
свадебные фоны прозрачные;43;rest;top
как весело провести свадьбу;43;info;top
торт на свадьбу сколько грамм;43;vendors;top
торт на свадьбу грамм на человека;43;vendors;top
торт на золотую свадьбу 50;43;vendors;top
свадьба видное ресторан;43;venue-type;top
свадьба зимой в москве;43;geo;top
что надеть на свадьбу гостье летом 2026;43;info;top
свадебная площадка ранчо д давыдково;42;core;top
бюджетные площадки для свадьбы;42;price;top
ресторан для свадьбы 100 человек;42;venue-type;top
шатер у воды для свадьбы;42;venue-type;top
алкоголь на 30 человек свадьба;42;capacity;top
ведущий на камерную свадьбу;42;vendors;top
стоимость зала свадьбы;42;price;top
сколько стоит лимузин на свадьбу;42;price;top
свадебные фигурки на торт жених и невеста;42;vendors;top
свадебный торт недорого;42;vendors;top
площадки официальной выездной регистрации;42;vendors;top
4 свадьбы бюджет;42;rest;top
какие есть стили свадьбы;42;info;top
игры на свадьбе без тамады;42;vendors;top
студии для свадебной фотосессии в москве;42;vendors;top
свадебная арка из цветов;42;rest;top
бело зеленый букет невесты;42;vendors;top
букет невесты в загсе;42;vendors;top
как собрать букет невесты самостоятельно;42;vendors;top
букет невесты магазин;42;vendors;top
букет невесты из роз фото;42;vendors;top
красивый букет цветов на свадьбу;42;vendors;top
на свадьбу принято дарить цветы;42;rest;top
свадебная фотосессия цена;42;vendors;top
банкетные залы новокосино;42;venue-type;top
новокосино банкетный зал;42;venue-type;top
банкетные залы железнодорожный;42;venue-type;top
банкетный зал железнодорожный;42;venue-type;top
отдельные банкетные залы;42;venue-type;top
отдельный банкетный зал;42;venue-type;top
берендей банкетный зал;42;venue-type;top
банкетные залы нахабино;42;venue-type;top
банкетные залы паруса;42;venue-type;top
банкетный зал парус;42;venue-type;top
банкетные залы отеля москва;42;venue-type;top
отель банкетный зал москва;42;venue-type;top
банкетные залы егорьевск;42;venue-type;top
банкетный зал егорьевск;42;venue-type;top
свадебная юбка фото;42;rest;top
даты со свадьбы;42;rest;top
свадьба роналду и джорджины дата;42;rest;top
дата свадьбы 08.08;42;rest;top
даты свадьбы лето;42;info;top
круглый свадебный стол;42;rest;top
свадебные цветы видео;42;rest;top
on your wedding day;42;rest;top
красивый свадебный фон;42;rest;top
цвета стилей свадьбы;42;info;top
свадебные традиции на свадьбе;42;info;top
молдавская свадебная музыка;42;vendors;top
свадебная музыка невеста;42;vendors;top
декоратор на свадьбу москва;42;vendors;top
что надеть на свадьбу гостье осенью;42;info;top
сколько стоит свадьба в кафе;42;venue-type;top
первая свадьба на доме;42;rest;top
дом 2 свадьба на миллион;42;rest;top
второй день свадьбы дома;42;rest;top
где провести день свадьбы;41;info;top
где проводят 4 свадьбы;41;info;top
зал маленькой свадьбы;41;capacity;top
маленькие залы свадьбы;41;capacity;top
хорошее недорогое вино на свадьбу;41;price;top
диджей на свадьбу москва;41;vendors;top
торт свадебный с бумагой;41;vendors;top
свечи на свадебный торт;41;vendors;top
свадебный торт 5 кг;41;vendors;top
сценарий свадьбы родителям;41;info;top
сценарий свадьбы жениха;41;info;top
сценарий свадьбы смешной современный;41;info;top
свадебный гимн;41;rest;assoc
свадебный букет для невесты фото маленький нежный;41;vendors;top
фото букет невесты свадебный нежный;41;vendors;top
букет невесты роза и эустома;41;vendors;top
модные букеты невесты 2026;41;vendors;top
обязательно ли букет невесты;41;vendors;top
букет невесты на свадьбу из роз;41;vendors;top
надо дарить цветы на свадьбе;41;rest;top
музыкант на свадьбе 7 букв;41;vendors;top
свадебная фотосессия летом;41;vendors;top
банкетные залы кизляр;41;venue-type;top
банкетный зал кизляр;41;venue-type;top
гранат холл банкетный зал;41;venue-type;top
метрополь банкетные залы;41;venue-type;top
метрополь банкетный зал;41;venue-type;top
банкетные залы свао;41;venue-type;top
банкетный зал гранд люблино;41;venue-type;top
банкетный зал пахру;41;venue-type;top
вега банкетный зал;41;venue-type;top
солнечный берег банкетный зал;41;venue-type;top
банкетные залы с музыкой;41;vendors;top
банкетный зал с музыкой;41;vendors;top
нежные фото свадебных букетов;41;vendors;top
свадебный букет для невесты нежный фото;41;vendors;top
свадебные фото евгении;41;rest;top
назначь дату свадьбы;41;rest;top
свадебные композиции из цветов на стол;41;rest;top
бывшая невеста босса ты будешь моей;41;rest;top
чужая невеста босса ты будешь моей;41;rest;top
ателье свадебное подшив;41;rest;top
речь в загсе при бракосочетании текст;41;rest;assoc
торт на свадьбу рецепт;41;vendors;top
сколько грамм торта на человека на свадьбу;41;vendors;top
веселая свадебная музыка;41;vendors;top
аренда свадебного зала;41;price;top
свадебные залы аренда;41;price;top
красивая свадьба летом;41;rest;top
чья свадьба была 1 августа в москве;41;geo;top
взрыв в кафе на свадьбе;41;venue-type;top
свадьбин начать сначала 1;41;rest;assoc
место для свадьбы на природе;40;venue-type;top
где отмечала свадьбу клава кока;40;info;top
ресторан для свадьбы 50 человек;40;venue-type;top
лофт для проведения свадьбы;40;venue-type;top
аренда лофта для свадьбы;40;venue-type;top
сколько стоит банкет на свадьбу;40;price;top
сколько стоит торт на свадьбу;40;vendors;top
сколько стоит организатор свадьбы;40;vendors;top
лучший ведущий на свадьбу;40;vendors;top
свадебный стилист визажист;40;vendors;top
в чем пойти на свадьбу в сентябре;40;info;top
благоприятные дни в сентябре 2026 для свадьбы;40;info;top
европейский стиль свадьбы;40;info;top
свадьба в готическом стиле;40;info;top
свадьба в зеленом стиле;40;geo;top
свадьба в пляжном стиле;40;info;top
стиль жениха на свадьбу;40;info;top
плакат на свадьбу в стиле 90;40;info;top
видео тамады на свадьбе;40;vendors;top
свадебная фотосессия жениха;40;vendors;top
сорт букет невесты;40;vendors;top
букет невесты своими руками из живых;40;vendors;top
букет невесты своими руками из живых цветов;40;vendors;top
свадебный букет для невесты цена;40;vendors;top
свадебный букет для невесты москва недорого;40;vendors;top
букет невесты электросталь;40;vendors;top
букет невесты стоимость;40;vendors;top
на свадьбе жениху дарят цветы;40;rest;top
оригинальные цветы на свадьбу;40;rest;top
свадебная фотосессия осенью;40;vendors;top
банкетные залы москвы на 15 человек;40;venue-type;top
банкетный зал на 15 человек москва;40;venue-type;top
конюшня кудиново банкетный зал;40;venue-type;top
банкетный зал александр грин;40;venue-type;top
бисерово банкетный зал;40;venue-type;top
украшенные банкетные залы;40;venue-type;top
банкетный зал имена;40;venue-type;top
банкетные залы для мероприятий;40;venue-type;top
банкетный зал берендей красная пахра;40;venue-type;top
банкетный зал аист;40;venue-type;top
банкетный зал пушкин гребнево;40;venue-type;top
банкетные залы наро фоминска;40;venue-type;top
банкетный зал наро фоминск;40;venue-type;top
банкетный зал быково;40;venue-type;top
банкетный залы бутово;40;venue-type;top
слобода банкетный зал;40;venue-type;top
с днем бракосочетания внучки;40;rest;top
с днем бракосочетания подруге;40;rest;top
сервировка свадебного стола;40;rest;top
проведения свадебной церемонии;40;core;top
играть свадьбу в августе;40;info;top
лучшие рестораны для свадьбы в москве;39;venue-type;top
ресторан петербурга для свадьбы;39;venue-type;top
усадьба середниково для свадьбы;39;venue-type;top
аренда коттеджа для свадьбы;39;venue-type;top
камерная свадьба на 10 человек;39;capacity;top
свадьба в парках подмосковья;39;geo;top
свадьба под ключ недорого;39;price;top
сценарий на свадьбу для ведущего современный;39;vendors;top
оформление свадьбы золотом;39;vendors;top
виды свадебных тортов;39;vendors;top
свадебный торт прямоугольный одноярусный;39;vendors;top
свадебный торт с инициалами;39;vendors;top
как происходит выездная регистрация;39;vendors;top
выездная регистрация фото;39;vendors;top
идеи на свадьбу для молодоженов;39;info;top
свадьба в японском стиле;39;info;top
грин хаус свадебная площадка;39;core;top
аренда ресторана для свадьбы в москве;39;venue-type;top
сколько стоила свадьба димы масленникова;39;price;top
свадебный торт на 30 человек;39;vendors;top
второй день свадьбы в стиле 90;39;info;top
свадьба под ключ в москве цена;39;price;top
лучший свадебный фотограф;39;vendors;top
свадебный букет невесты доставка;39;vendors;top
букет невесты из бисера;39;vendors;top
каскадный букет невесты;39;vendors;top
букет невесты люберцы;39;vendors;top
на свадьбу покупают цветы;39;rest;top
цветы на серебряную свадьбу;39;rest;top
какие цветы дарят на свадьбу гости;39;info;top
президиум на свадьбу своими руками;39;rest;top
рецепт свадебного каравая своими руками;39;rest;top
заказать машину на свадьбу в москве;39;geo;top
аренда фотобудки на свадьбу;39;price;top
белая свадебная арка;39;rest;top
стили свадебных фотосессий;39;vendors;top
банкетный зал видео;39;venue-type;top
видео банкетные залы;39;venue-type;top
регистрация банкетного зала;39;vendors;top
банкетные залы на карте москвы;39;venue-type;top
банкетный зал москва на карте;39;venue-type;top
комо банкетный зал;39;venue-type;top
банкетные залы кашира;39;venue-type;top
банкетный зал кашира;39;venue-type;top
ирина банкетный зал;39;venue-type;top
банкетные залы на берегу;39;venue-type;top
лучшие банкетные залы москвы;39;venue-type;top
лучший банкетный зал москвы;39;venue-type;top
банкетный зал завидное;39;venue-type;top
банкетное меню на юбилей;39;venue-type;top
какие красивые даты для свадьбы;39;info;top
даты совместной свадьбы;39;rest;top
рассчитать дату свадьбы онлайн;39;rest;top
с днем бракосочетания очень красивые;39;rest;top
цена церемонии бракосочетания;39;rest;top
свадебные коллекции российских брендов;39;rest;top
любовь это молодожены;39;rest;top
традиции на год свадьбы;39;info;top
какие традиции есть на свадьбе;39;info;top
evite приглашения на свадьбу;39;info;assoc
спец предложение для молодоженов читать;39;rest;assoc
свадьбы в парках подмосковья;39;geo;top
новогодняя свадьба;39;rest;top
площадки для проведения свадьбы в подмосковье;38;geo;top
площадки для свадьбы шатер;38;venue-type;top
площадки для свадьбы солнечногорск;38;geo;top
отрадное площадка для свадьбы;38;core;top
места для проведения свадьбы в подмосковье;38;geo;top
загородный ресторан для свадьбы;38;venue-type;top
свадебный банкет недорого;38;price;top
коттедж для проведения свадьбы;38;venue-type;top
свадьба за городом москва;38;geo;top
свадьба в царицыно стоимость;38;price;top
сколько стоит отметить свадьбу;38;price;top
сколько стоит свадьба на 40 человек;38;capacity;top
сколько стоит свадьба в усадьбе середниково;38;venue-type;top
текст ведущего на свадьбу;38;vendors;top
свадебный торт должен быть;38;vendors;top
стоимость свадебного торта;38;vendors;top
маленький свадебный торт;38;vendors;top
отель выездная регистрация;38;vendors;top
ресторан с выездной регистрацией;38;vendors;top
свадьба в стиле прованс;38;info;top
4 свадьбы свадьба в стиле вечеринки;38;info;top
стиль на свадьбу для женщины;38;info;top
свадьба в кукольном вампирском стиле;38;info;top
свадебный фотограф на осень екатеринбурге;38;vendors;top
два букета невесты;38;vendors;top
букет невесты из стабилизированных цветов;38;vendors;top
букет невесты из гипсофилы фото;38;vendors;top
цветы на свадьбу москва;38;geo;top
родители дарят цветы на свадьбу молодоженам;38;rest;top
красные цветы на свадьбу;38;rest;top
музыкант на свадьбу уральские пельмени;38;vendors;top
рецепт свадебного каравая в домашних условиях пошагово;38;rest;top
ресторан с банкетным залом на 30;38;venue-type;top
ресторан с банкетным залом на 30 человек;38;venue-type;top
бор банкетный зал;38;venue-type;top
банкетный зал ясенево;38;venue-type;top
hide мытищи банкетный зал;38;venue-type;top
банкетный зал 1 воронеж;38;venue-type;top
банкетный зал колизей холл;38;venue-type;top
банкетный зал на рязанском;38;venue-type;top
банкетные залы в лесу;38;venue-type;top
банкетный зал в лесу;38;venue-type;top
банкетный зал городская;38;venue-type;top
банкетный зал валерия;38;venue-type;top
банкетный зал махачкале адрес;38;venue-type;top
светлые банкетные залы;38;venue-type;top
светлый банкетный зал;38;venue-type;top
свадебные фото мужчин;38;rest;top
фото свадебных оформлений;38;vendors;top
свадебные фото молодоженов;38;rest;top
фото свадебные молодожен;38;rest;top
даты для свадьбы в октябре 2026;38;info;top
что означает дата свадьбы;38;info;top
дата свадьбы димы масленникова;38;rest;top
свадьба клавы и димы дата;38;rest;top
свадьба клавы коки и димы дата;38;rest;top
как сделать свадебный стол;38;info;top
свадебные столы на свадьбу;38;rest;top
свадебное ателье пошив;38;rest;top
фоновая свадебная музыка;38;vendors;top
солнечногорск площадка для свадьбы;38;geo;top
украсить свадебный зал;38;core;top
украшаем свадебные залы;38;core;top
маленький зал свадьба;38;capacity;top
одежда свадьба летом;38;rest;top
мужской образ на свадьбу летом;38;rest;top
что одеть на свадьбу осенью;38;info;top
снять банкетный зал для свадьбы;37;venue-type;top
банкетный зал ресторан для свадьбы;37;venue-type;top
рестораны банкетные залы для свадьбы;37;venue-type;top
шатер для свадьбы в москве;37;venue-type;top
веранда для свадьбы в москве;37;venue-type;top
сколько стоит свадьба на теплоходе;37;venue-type;top
зал на свадьбу 50 человек;37;core;top
выездные свадьбы в подмосковье;37;geo;top
недорогое шампанское на свадьбу;37;price;top
программа ведущего на свадьбу;37;vendors;top
оформление свадьбы цена;37;vendors;top
простой свадебный торт;37;vendors;top
топпер на свадебный торт;37;vendors;top
делаем свадебный торт;37;vendors;top
свадьба в стиле сумерки;37;info;top
свадьба в казахском стиле;37;info;top
рассадка гостей на свадьбе как правильно;37;info;top
банкетные площадки для свадьбы;37;venue-type;top
бюджетный ресторан для свадьбы;37;venue-type;top
модные стили свадеб;37;info;top
фото свадебных тортов на свадьбу;37;vendors;top
площадки для свадьбы мо;37;core;top
площадки рестораны для свадьбы;37;venue-type;top
свисающий букет невесты;37;vendors;top
букет невесты на свадьбу белый;37;vendors;top
про букет невесты;37;vendors;top
букет невесты небольшой;37;vendors;top
букет невесты голубой цвет;37;vendors;top
букет невесты из калл фото;37;vendors;top
где цветы на свадьбу;37;info;top
готовые президиумы на свадьбу;37;rest;top
снять машину на свадьбу;37;price;top
свадебный фотограф москва цены;37;vendors;top
рецепт свадебного каравая с узорами;37;rest;top
элем банкетный зал;37;venue-type;top
эль граф банкетный зал;37;venue-type;top
терраса банкетные залы;37;venue-type;top
банкетные залы без аренды;37;venue-type;top
банкетный зал без аренды;37;venue-type;top
бюджетные банкетные залы;37;venue-type;top
бюджетный банкетный зал;37;venue-type;top
банкетный зал принц;37;venue-type;top
банкетные залы поминки;37;venue-type;top
поминки банкетный зал;37;venue-type;top
фуршетное меню рецепты с фото банкетных;37;venue-type;top
букеты свадебных цветов фото;37;vendors;top
даты свадьбы какая название;37;info;top
27.07 2027 дата свадьбы;37;rest;top
даты для свадьбы в августе 2026;37;info;top
дата вашей свадьбы;37;rest;top
дата свадьбы 9;37;rest;top
свадебный стол с едой;37;rest;top
sprunk wedding day s;37;rest;top
приснилась свадьба невеста;37;rest;top
белый свадебный фон;37;rest;top
примеры свадебных клятв;37;rest;top
бывшая невеста моего мужа;37;rest;top
вес торта на свадьбу;37;vendors;top
2 торта на свадьбу;37;vendors;top
самая дорогая свадьба в 4 свадьбы;37;rest;assoc
king town grand hotel wedding center;37;rest;assoc
свадьбы лета 2017;37;rest;top
отметьте свадьбу в отеле;37;venue-type;top
свадьба погода доме;37;rest;top
сыграть свадьбу дома;37;rest;top
свадебная площадка ранчо 4а д давыдково;36;core;top
красивые площадки для свадьбы;36;core;top
площадки для свадьбы санкт петербург;36;core;top
место для проведения свадьбы в москве;36;geo;top
топ мест для свадеб;36;rest;top
аренда банкетного зала для свадьбы;36;venue-type;top
ресторан в домодедово для свадьбы;36;venue-type;top
стоимость свадебных банкетов;36;price;top
аренда усадьбы для свадьбы;36;venue-type;top
свадебные юбилеи по годам названия;36;rest;assoc
агентства свадеб под ключ;36;vendors;top
сколько стоит агутин на свадьбу;36;price;top
жених ведущий на свадьбе;36;vendors;top
ведущий свадьба вслепую на пятнице;36;vendors;top
красны свадебный торт;36;vendors;top
идеи для видео свадьбы;36;info;top
стиль девушки на свадьбу;36;info;top
свадьба в казачьем стиле;36;info;top
свадьба в стиле аниме;36;info;top
шервуд свадебная площадка;36;core;top
суханово площадка для свадьбы;36;core;top
сколько стоила свадьба димы и клавы;36;price;top
выездная регистрация стоимость москва;36;vendors;top
приглашения свадьбу стиле;36;info;top
как называется стиль свадьбы;36;info;top
слова тамады на свадьбе;36;vendors;top
договор свадебного фотографа;36;vendors;top
услуги свадебного фотографа;36;vendors;top
букет невесты из белых кустов роз;36;vendors;top
букет невесты купить зеленоград;36;vendors;top
букет невесты с розовыми;36;vendors;top
букет невесты варианты;36;vendors;top
описание букета невесты;36;vendors;top
букет невесты с протеей;36;vendors;top
букет невесты кто должен покупать;36;vendors;top
цена свадебного каравая;36;rest;top
банты на машину на свадьбу;36;rest;top
банкетные залы 120 человек;36;venue-type;top
сафиса банкетный зал цены;36;venue-type;top
банкетный зал около;36;venue-type;top
банкетные залы энгельс;36;venue-type;top
банкетный зал энгельс;36;venue-type;top
банкетный зал 11;36;venue-type;top
банкетные залы марьино;36;venue-type;top
банкетный зал марьино;36;venue-type;top
банкетный зал марракеш;36;venue-type;top
банкетные залы инстаграм;36;venue-type;top
инстаграм банкетного зала;36;venue-type;top
банкетное меню и цены;36;venue-type;top
банкетное меню на заказ;36;venue-type;top
свадебный букет фиалка фото;36;vendors;top
свадебные цветы фиалка фото;36;rest;top
дата свадьбы димы масленникова и клавы;36;rest;top
дата свадьбы димы масленникова и клавы коки;36;rest;top
сейф дата свадьбы;36;rest;top
дата свадьбы родителей;36;rest;top
друга с днем бракосочетания;36;rest;top
что приготовить на свадебный стол;36;info;top
первое свадебное видео;36;rest;top
свадебная церемония в отеле;36;venue-type;top
где купить свадебные бокалы;36;info;top
мой маленький пони свадьба в;36;capacity;top
подвязка на свадьбе традиция;36;info;top
каравай на свадьбе традиции слова родителей;36;info;top
сайт для создания приглашения на свадьбу;36;info;top
количество торта на свадьбу;36;vendors;top
подпись к свадебной фотографии;36;vendors;top
свадебная книга фотографий;36;vendors;top
свадьба в раменском районе;36;rest;top
как одеваются гости на свадьбу летом;36;info;top
как одеться на свадьбу мужчине гостю летом;36;info;top
свадьбы лета 2019;36;rest;top
свадьба в июне 2026;36;info;top
фото свадебных площадок;35;rest;top
ресторан для свадьбы на 40;35;venue-type;top
ресторан для свадьбы на 40 человек;35;venue-type;top
снять лофт для свадьбы;35;venue-type;top
веранда отрадное для свадьбы;35;venue-type;top
свадьба в оранжерее москва;35;venue-type;top
4 свадьбы камерная свадьба;35;capacity;top
свадьба маленького человека;35;capacity;top
декор свадебного зала;35;vendors;top
свадебный декор своими руками;35;vendors;top
оформление торта на свадьбу;35;vendors;top
свадебный торт со свечами;35;vendors;top
свадебный торт минимализм;35;vendors;top
свадебный торт купить готовый;35;vendors;top
мос ру выездная регистрация;35;vendors;top
сценарий свадьбы слова;35;info;top
идеи для дня свадьбы;35;info;top
свадьба в стиле кибер;35;info;top
свадьба в стиле кибер барокко;35;info;top
создать рассадку гостей на свадьбу онлайн;35;info;top
рябина хаус свадебная площадка;35;core;top
свадьба на 50 человек стоимость;35;capacity;top
дом у озера свадебная площадка;35;core;top
где отпраздновать свадьбу недорого;35;price;top
снять шатер для свадьбы;35;venue-type;top
снять шатров для свадьбы;35;price;top
свадьба на 30 человек стоимость;35;capacity;top
свадебный торт на 50 человек;35;vendors;top
свадьба тамада на второй день;35;vendors;top
свадебный фотограф стоимость;35;vendors;top
стоимость свадебной фотосессии;35;vendors;top
фотозона на свадьбу купить;35;vendors;top
букет невесты название;35;vendors;top
букет невесты москва белый;35;vendors;top
чем заменить букет невесты;35;vendors;top
2 букета невесты;35;vendors;top
букет невесты калининград;35;vendors;top
стойкие цветы для букета невесты;35;vendors;top
какие цветы дарят на свадьбу молодоженам родители;35;rest;top
рецепт теста на каравай свадебный;35;rest;top
банкетные залы у воды;35;venue-type;top
банкетный зал у воды;35;venue-type;top
банкетный зал пандора;35;venue-type;top
банкетный зал мечта;35;venue-type;top
банкетный залы мечты;35;venue-type;top
банкетные залы в видном;35;venue-type;top
банкетный зал приглашает;35;venue-type;top
банкетные залы мичуринск;35;venue-type;top
банкетный зал мичуринск;35;venue-type;top
соколиная охота банкетный зал москва;35;venue-type;top
лучшие свадебные фото;35;rest;top
подпись под свадебным фото;35;rest;top
свадьба день рождения дата;35;rest;top
ли перенести дату свадьбы;35;rest;top
15 дата свадьбы;35;rest;top
свадебная церемония русская;35;rest;top
создать свадебный сайт;35;rest;top
свадебный сайт сделать;35;rest;top
свадебные бокалы со;35;rest;top
свадьба бальзаминова в хорошем качестве;35;rest;top
свадьба бальзаминова в каком городе;35;rest;top
будь моей невестой будь моей женой;35;rest;top
невеста брата будешь моей;35;rest;top
кейп свадебный кружевной;35;rest;top
маленькая свадьба в москве;35;capacity;top
каравай для молодоженов традиция на свадьбу;35;info;top
торт на 35 свадьбы;35;vendors;top
торт на золотую свадьбу родителям;35;vendors;top
смешной торт на свадьбу;35;vendors;top
торт на свадьбу с ягодами;35;vendors;top
промт для свадебной фотографии;35;vendors;top
свадебные торты 1 кг;35;vendors;top
горячие блюда на свадьбу;35;rest;assoc
новая площадка для свадьбы;35;core;top
фото гостей на свадьбе летом;35;info;top
место для фотосессии на свадьбу;34;vendors;top
рестораны москвы где можно отметить свадьбу;34;venue-type;top
рестораны в центре москвы для свадьбы;34;venue-type;top
шатер для проведения свадьбы;34;venue-type;top
свадьба на теплоходе под ключ;34;venue-type;top
свадьба на теплоходе рэдиссон;34;venue-type;top
камерная свадьба без ведущего;34;vendors;top
сценарий для маленькой свадьбы;34;capacity;top
свадьба в ближайшем подмосковье;34;geo;top
фото свадеб недорого;34;price;top
сколько стоит проведение свадьбы;34;price;top
сколько стоит певец на свадьбу;34;price;top
сколько стоит свадьба в россии;34;price;top
сколько стоит свадьба на человека ресторан;34;venue-type;top
авито ведущий на свадьбу;34;vendors;top
свадебный торт с фальш ярусом;34;vendors;top
шоколадный свадебный торт;34;vendors;top
проведение выездная регистрация;34;vendors;top
подробный сценарий свадьбы;34;info;top
полный готовый подробный сценарий свадьбы;34;info;top
площадки для свадьбы спб;34;core;top
организация свадьбы цена;34;core;top
мой маленький пони свадьба в кантерлоте;34;capacity;top
фотограф на свадьбу в москве недорого;34;vendors;top
сколько стоила свадьба масленникова и клавы;34;price;top
стоимость выездной регистрации брака в москве;34;vendors;top
свадьба на теплоходе под ключ цены;34;venue-type;top
букет невесты на роспись;34;vendors;top
скраб букет невесты;34;vendors;top
дофаминовый букет невесты;34;vendors;top
букет для невесты на свадьбу 2026;34;vendors;top
свадебные букеты для невесты фото 2026;34;vendors;top
букет невесты щелково;34;vendors;top
букет невесты значение;34;vendors;top
обязательно ли цветы на свадьбу;34;rest;top
цветы на свадьбу цена;34;rest;top
свадебный каравай традиции;34;info;top
пригласить артиста на свадьбу;34;vendors;top
машина времени на свадьбе;34;rest;top
банкетные залы кутузовская;34;venue-type;top
банкетный зал кутузовский;34;venue-type;top
остоженка банкетный зал;34;venue-type;top
банкетные залы со своим алкоголем москва;34;venue-type;top
банкетный зал свой алкоголь москва;34;venue-type;top
банкетный зал со своим алкоголем москва;34;venue-type;top
банкетный зал шар шара;34;venue-type;top
банкетные залы в москве на 20 человек;34;venue-type;top
банкетные залы юао;34;venue-type;top
банкетный зал юао;34;venue-type;top
банкетные залы в москве на 50 человек;34;venue-type;top
ведущие банкетные залы;34;vendors;top
эвент банкетный зал;34;venue-type;top
виды банкетных залов;34;venue-type;top
банкетный зал чайка;34;venue-type;top
чайка банкетные залы;34;venue-type;top
гарден банкетный зал;34;venue-type;top
банкетный зал новоглаголево;34;venue-type;top
банкетный зал огни;34;venue-type;top
банкетный зал дворик;34;venue-type;top
рестораны в домодедово для свадьбы;34;venue-type;top
свадебный букет из роз фото;34;vendors;top
50 свадебных фото;34;rest;top
свадебные фото фотошоп;34;rest;top
какую выбрать дату свадьбы;34;rest;top
список дат свадеб;34;info;top
видео с днем бракосочетания;34;rest;top
простой свадебный стол;34;rest;top
цветочная композиция на свадебный стол;34;rest;top
русское свадебное видео;34;rest;top
свадебные ночь видео;34;rest;top
видео про свадебные;34;rest;top
свадебные видео невесты жениху;34;rest;top
свадебные ролики видео;34;rest;top
сайт для создания пригласительных на свадьбу;34;info;assoc
торт на коралловую свадьбу;34;vendors;top
торты на свадьбу жениха;34;vendors;top
заказать свадебный альбом с фотографиями;34;vendors;top
теплица свадьба одинцово;34;geo;top
рестораны химки свадьба;34;venue-type;top
4 свадьбы свадьба дома;34;rest;top
дом свадьба праздник;34;rest;top
свадебная площадка москва и область;33;geo;top
снять площадку для свадьбы;33;price;top
площадки для выездных свадеб;33;core;top
самые красивые места для свадьбы;33;rest;top
рестораны для свадьбы adria mare;33;venue-type;top
ресторан для свадьбы рядом;33;venue-type;top
ресторан для свадьбы митино;33;venue-type;top
свадьба для двоих ресторан;33;venue-type;top
красивые рестораны для свадьбы в москве;33;venue-type;top
свадебный декор 2026;33;vendors;assoc+top
шатер для свадьбы купить;33;venue-type;top
шатер в коломенском свадьба;33;venue-type;top
камерная свадьба подмосковье;33;capacity;top
самая маленькая свадьба;33;capacity;top
сколько стоит ведущий на свадьбу в москве;33;vendors;top
сколько стоит крид на свадьбу;33;price;top
сколько стоит декор на свадьбу;33;vendors;top
ведущие фото на свадьбы;33;vendors;top
ведущие на свадьбе галич;33;vendors;top
свадебные торты без;33;vendors;top
свадебный торт 1 кг;33;vendors;top
торт свадебный 3 ярусный;33;vendors;top
свадебный торт от палыча;33;vendors;top
стол для свадебного торта;33;vendors;top
выездная регистрация в царицыно;33;vendors;top
тайминг свадебного дня;33;info;top+assoc
русская свадьба сценарий;33;info;top
у иринки свадьба в сентябре;33;info;top
идеи для фото на свадьбу;33;info;top
4 свадьбы в стиле рустик;33;info;top
декор свадьбы стили;33;vendors;top
панорама свадебная площадка;33;core;top
сколько стоила свадьба клавы коки и димы;33;price;top
сколько стоила свадьба клавы коки и масленникова;33;price;top
как проходит выездная регистрация брака;33;vendors;top
как происходит выездная регистрация брака;33;vendors;top
свадьба на теплоходе под ключ москва;33;venue-type;top
тамада на свадьбу дома;33;vendors;top
свадебное видео видеографа;33;vendors;top
цветочный букет невесты;33;vendors;top
свадебный букет для невесты белый;33;vendors;top
букет невесты из эустомы фото;33;vendors;top
какой букет невесты выбрать;33;vendors;top
купить букет цветов на свадьбу;33;vendors;top
обязательно дарить цветы на свадьбу;33;rest;top
приглашение на свадьбу цветы;33;info;top
где устроить свадебную фотосессию;33;vendors;top
свадебная фотосессия в архангельском;33;vendors;top
шторы банкетного зала;33;venue-type;top
империал плаза банкетный зал;33;venue-type;top
банкетные залы в холл;33;venue-type;top
банкетный зал олимпийский;33;venue-type;top
банкетный зал роял;33;venue-type;top
банкетный зал софия;33;venue-type;top
лесная сказка банкетный зал;33;venue-type;top
банкетный зал архитектор;33;venue-type;top
банкетный зал родина;33;venue-type;top
банкетные залы гостиниц москвы;33;venue-type;top
гостиница москва банкетный зал;33;venue-type;top
банкетный зал шах;33;venue-type;top
банкетные залы владикавказа;33;venue-type;top
банкетный зал владикавказ;33;venue-type;top
банкетный зал река;33;venue-type;top
банкетный зал ла делиция;33;venue-type;top
банкетные залы до 30 человек;33;venue-type;top
турбазы банкетные залы;33;venue-type;top
рестораны для свадьбы рядом;33;venue-type;top
меню банкетных блюд;33;venue-type;top
банкетное меню ресторана на юбилей;33;venue-type;top
свадебные фото в студии;33;rest;top
свадебные образы фото;33;rest;top
свадебное фото видео;33;rest;top
как снимать свадебная фото советы;33;info;top
код даты свадьбы;33;info;top
отметьте дату свадьбы;33;rest;top
дату свадьбы можно перенести;33;rest;top
можно ли перенести дату свадьбы;33;rest;top
красивый свадебный стол;33;rest;top
сколько свадебных столов;33;rest;top
мастер класс свадебное видео;33;rest;top
реальные свадебные видео из загса;33;rest;top
свадебные образы жениха и невесты;33;rest;top
приснилась подготовка к свадьбе;33;info;top
приснилась свадьба подруги;33;rest;top
свадебная коллекция 2026;33;rest;top
свадебные традиции народов;33;info;top
почему на свадьбе торт;33;vendors;top
стол для торта на свадьбу;33;vendors;top
выездная свадьба в подмосковье;33;geo;top
свадьба зимой где;33;info;top
мама жениха на свадьбе летом;33;rest;top
отметить свадьбу в кафе;33;venue-type;top
визажист дом свадьбу;33;vendors;top
как организовать свадьбу самой;33;info;top
как самим организовать свадьбу;33;info;top
свадьба своими силами;33;rest;top
wood house свадебная площадка;32;core;top
новые площадки для свадеб;32;core;top
открытые площадки для свадьбы;32;core;top
места для свадьбы в москве и подмосковье;32;geo;top
сколько стоит свадебный банкет;32;price;top
тамада провести свадьбу;32;vendors;top
невеста проводит свадьбу;32;rest;top
отметить свадьбу на природе;32;venue-type;top
выездная свадьба на природе;32;venue-type;top
камерная свадьба на природе;32;venue-type;top
недорогая свадьба на природе;32;venue-type;top
свадьба для двоих идеи;32;capacity;top
стоимость ведущего на свадьбу;32;vendors;top
что делает ведущий на свадьбе;32;vendors;top
ведущий на час на свадьбу;32;vendors;top
пригласите на свадьбу ведущая;32;vendors;top
красивое оформление свадьбы;32;vendors;top
квадратный свадебный торт;32;vendors;top
размеры свадебного прямоугольного торта;32;vendors;top
свадебный торт с вафельной бумагой;32;vendors;top
необычные свадебные торты;32;vendors;top
идеи свадебного торта;32;vendors;top
музыка для свадебного торта;32;vendors;top
свадебный торт 3 яруса;32;vendors;top
свадебный бенто торт;32;vendors;top
визажист на свадьбу на дом;32;vendors;top
сценарий выкупа на свадьбу смешные;32;info;top
сценарий на юбилей свадьбы лет;32;info;top
букет невесты из эустомы и эвкалипта;32;vendors;top
нежно розовый букет невесты;32;vendors;top
букет невесты розовые розы;32;vendors;top
букет невесты минимализм;32;vendors;top
букет невесты цена москва;32;vendors;top
букет невесты с антуриумом;32;vendors;top
поймала букет невесты на свадьбе что значит;32;vendors;top
выкинуть букет невесты;32;vendors;top
букет невесты красногорск;32;vendors;top
какие цветы дарят на свадьбу молодоженам гости;32;info;top
встреча свадебным караваем;32;rest;top
свадебный каравай пошагово с фото;32;rest;top
свадебный каравай купить в москве от палыча;32;geo;top
горохов музыкант на свадьбу уральские;32;vendors;top
как называются машины на свадьбе;32;info;top
свадебная фотосессия на море;32;vendors;top
банкетный зал с цветами;32;venue-type;top
детские банкетные залы;32;venue-type;top
детский банкетный зал;32;venue-type;top
банкетные залы 150 человек;32;venue-type;top
банкетный зал на 150;32;venue-type;top
банкетные залы саранск;32;venue-type;top
банкетный зал саранск;32;venue-type;top
банкетном зале дизайн холла;32;venue-type;top
пандора холл банкетный зал;32;venue-type;top
банкетные залы для корпоратива москва;32;venue-type;top
банкетный зал для корпоратива москва;32;venue-type;top
банкетные залы парк культуры;32;venue-type;top
банкетный зал парк культуры;32;venue-type;top
адреса банкетных залов москва москва;32;venue-type;top
банкетный зал на 200 человек;32;venue-type;top
банкетный зал ленинград;32;venue-type;top
банкетные залы октябрьская;32;venue-type;top
банкетный зал октябрьский;32;venue-type;top
банкетный зал алые;32;venue-type;top
свадебные фото евгении медведевой;32;rest;top
свадебный каравай фото пошагово;32;rest;top
сделать онлайн свадебные фото;32;rest;top
июнь даты свадеб;32;info;top
посчитай дату свадьбы;32;rest;top
дата свадьбы 20;32;rest;top
даты свадеб совместной жизни;32;info;top
юбка на свадебный стол;32;rest;top
снять свадебное видео;32;price;top
wedding day 1;32;rest;top
свадьба бальзаминова онлайн;32;rest;top
моя бывшая будущая невеста;32;rest;top
стили декора свадеб;32;vendors;top
традиции на второй день свадьбы;32;info;top
музыка для свадебного ролика;32;vendors;top
свадебная музыка 2026;32;vendors;top
свадебная музыка жениха и невесты;32;vendors;top
свадебные фотографии невест;32;vendors;top
ресторан свадьба подольск;32;venue-type;top
свадьба дом отдыха;32;rest;top
свадебные площадки спб;31;core;top
площадки для свадьбы зимой;31;info;top
ресторан для свадьбы калуга;31;venue-type;top
ресторан с верандой для свадьбы;31;venue-type;top
большие рестораны для свадьбы;31;venue-type;top
как провести свадьбу без тамады;31;vendors;top
особняки для свадьбы в москве;31;venue-type;top
камерная свадьба на 20 человек;31;capacity;top
сколько стоит свадьба в метро;31;price;top
нужен ли ведущий на свадьбу;31;vendors;top
цена свадебного торта за кг;31;vendors;top
кондитерская свадебные торты;31;vendors;top
свадебный торт 2026 одноярусный;31;vendors;top
свадебный торт своими руками в домашних;31;vendors;top
свадебный торт своими руками в домашних условиях;31;vendors;top
ведущая выездной регистрации;31;vendors;top
выездная регистрация от загса;31;vendors;top
выездная регистрация документов;31;vendors;top
бюджет свадьбы 2026;31;rest;top
свадьба очаг сценарий;31;info;top
свадьба для друзей идеи;31;info;top
красивый стили свадеб;31;info;top
свадьба в стиле цветов;31;info;top
свадьба в рыцарском стиле;31;info;top
ранчо площадка для свадьбы;31;core;top
свадьба иды галич в стиле 90;31;info;top
свадебный торт двухъярусный на свадьбу;31;vendors;top
сценарий свадьбы в стиле 90 х;31;info;top
площадка для свадьбы в подмосковье у воды;31;venue-type;top
петербург свадебная фотосессия;31;vendors;top
круглая свадебная арка;31;rest;top
букет невесты лобня;31;vendors;top
букет невесты одинцово;31;vendors;top
бросок букета невесты;31;vendors;top
кинуть букет невесты;31;vendors;top
букет невесты петербург;31;vendors;top
букет невесты санкт петербург;31;vendors;top
цветы для невесты на свадьбу от гостей;31;info;top
комнатный цветок на свадьбу;31;rest;top
обязательно ли дарить цветы на свадьбу;31;rest;top
какого цвета цветы дарят на свадьбу;31;rest;top
свадебные караваи рецепты с фото пошагово;31;rest;top
взять машину на свадьбу;31;rest;top
фото машин на свадьбу;31;rest;top
свадебный видеограф москва;31;vendors;top
как испечь свадебный каравай;31;info;top
сафиса банкетный зал цены на свадьбу;31;venue-type;top
банкетный зал ул жужа 37 фото;31;venue-type;top
артем банкетные залы;31;venue-type;top
банкетный зал артем;31;venue-type;top
богородский банкетный зал;31;venue-type;top
ривьера банкетные залы;31;venue-type;top
ривьера банкетный зал;31;venue-type;top
банкетные залы список;31;venue-type;top
банкетный зал список;31;venue-type;top
банкетный зал цена на человека;31;venue-type;top
банкетный зал валенсия щербинка;31;venue-type;top
дагестанские банкетные залы;31;venue-type;top
дагестанские банкетный зал;31;venue-type;top
рэдиссон банкетные залы;31;venue-type;top
рэдиссон банкетный зал;31;venue-type;top
банкетный зал 400;31;venue-type;top
парк коломенское банкетные залы;31;venue-type;top
космос банкетные залы;31;venue-type;top
космос банкетный зал;31;venue-type;top
банкетные залы грозный;31;venue-type;top
банкетный зал грозный;31;venue-type;top
банкетный зал восток;31;venue-type;top
видная усадьба банкетный зал;31;venue-type;top
банкетные залы халяль;31;venue-type;top
банкетный зал халяль;31;venue-type;top
банкетные залы москвы и области;31;venue-type;top
банкетные залы в йошкар оле;31;venue-type;top
банкетный зал в йошкар оле;31;venue-type;top
банкетные залы москва 40 человек;31;venue-type;top
банкетный зал на 40 человек москва;31;venue-type;top
необычные свадебные фото;31;rest;top
красивые свадебные фото невесты;31;rest;top
с очередной датой свадьбы;31;rest;top
значимые даты свадьбы;31;info;top
свадьба дата время;31;rest;top
монтаж свадебного видео;31;rest;top
свадебной церемонией 2010;31;rest;top
выездная церемония бракосочетания москве;31;geo;top
выездная церемония бракосочетания цена;31;rest;top
свадебный план 1;31;info;top
свадебные перчатки для невесты;31;rest;top
красивый стиль свадьбы;31;info;top
свадьба тамада как провести;31;vendors;top
как рассчитать количество торта на свадьбу;31;vendors;top
как подписать свадебную фотографию;31;vendors;top
свадебные фотографии онлайн;31;vendors;top
сделать свадебный альбом из фотографий;31;vendors;top
свадьба праздники организации;31;core;top
организация свадеб под ключ в москве;31;price;top
полицейский с рублевки на свадьбе;31;geo;top
где камерно отметить свадьбу;31;capacity;top
свадьба зеленоград ресторан;31;venue-type;top
свадебная площадка химки;30;geo;top
площадки для свадьбы краснодар;30;core;top
на свадебном банкете моей золовки;30;core;top
где провести свадьбу ресторан;30;venue-type;top
свадебный генерал это;30;rest;assoc
стеклянная веранда для свадьбы;30;venue-type;top
свадьба маленького сына;30;capacity;top
ведущий на свадьбу недорого;30;vendors;top
сколько стоит место на свадьбе;30;price;top
ведущий на семейную свадьбу;30;vendors;top
ведущий на свадьбе танцы;30;vendors;top
ведущий на свадьбу илья;30;vendors;top
заказать ведущего на свадьбу;30;vendors;top
ведущий на свадьбу сергей;30;vendors;top
магазин свадебного декора;30;vendors;top
оформление декор свадеб;30;vendors;top
свадебное агентство москва боня;30;vendors;top
свадебный торт 2 кг;30;vendors;top
свадебный торт 10 кг;30;vendors;top
свадебный торт нижний;30;vendors;top
визажист на свадьбу москва;30;vendors;top
выездная регистрация в подмосковье цены;30;vendors;top
план подготовки к свадьбе;30;info;top
сценарий свадьбы встреча;30;info;top
выкуп свадьба сценарий смешной современный;30;info;top
тамада на свадьбу второй день сценарий;30;vendors;top
морская свадьба vs свадьба в стиле;30;info;top
сколько стоила свадьба димы масленникова и клавы;30;price;top
сколько нужно свадебного торта;30;vendors;top
сколько стоит провести свадьбу в москве;30;price;top
про организацию свадьбы;30;core;top
отзыв свадебному фотографу;30;vendors;top
букет невесты из гвоздик фото;30;vendors;top
обычный букет невесты;30;vendors;top
букет невесты в голубых тонах;30;vendors;top
букет невесты длинный;30;vendors;top
духи empire zone букет невесты;30;vendors;top
духи zone букет невесты;30;vendors;top
букет для невесты от гостей;30;vendors;top
букет невесты из лотосов;30;vendors;top
свадебное нижнее белье для невесты;30;rest;assoc
заказать фуршет на свадьбу;30;rest;top
первый машина на свадьбу;30;rest;top
алые паруса банкетные залы;30;venue-type;top
банкетный зал алые паруса;30;venue-type;top
банкетные залы москвы отзывы;30;venue-type;top
банкетный зал москва отзывы;30;venue-type;top
банкетный зал пролетарский;30;venue-type;top
банкетный зал схема зала;30;venue-type;top
банкетный зал эдем;30;venue-type;top
немчиновка банкетный зал;30;venue-type;top
банкетные залы за городом;30;venue-type;top
банкетный зал за городом;30;venue-type;top
банкетный зал симфония;30;venue-type;top
банкетный зал жемчужина рязанский проспект;30;venue-type;top
банкетный зал серебро;30;venue-type;top
банкетный зал дагестанские огни;30;venue-type;top
стулья для банкетного зала;30;venue-type;top
банкетные залы moscow;30;venue-type;top
банкетный зал пальмира;30;venue-type;top
банкетный зал высота;30;venue-type;top
высота банкетные залы;30;venue-type;top
хайд банкетный зал;30;venue-type;top
банкетный зал 500;30;venue-type;top
эллеон банкетный зал;30;venue-type;top
банкетный зал император;30;venue-type;top
император банкетные залы;30;venue-type;top
банкетный зал земфира;30;venue-type;top
большой ресторан для свадьбы;30;venue-type;top
рестораны где проводить свадьбу;30;venue-type;top
современное свадебное фото;30;rest;top
свадебное фото москва недорого;30;price;top
свадебные фото в мире;30;rest;top
расчет даты свадьбы;30;info;top
что значат даты свадьбы;30;info;top
что значит дата свадьбы;30;info;top
1 дата свадьбы;30;rest;top
фото с днем бракосочетания;30;rest;top
живые цветы на свадебных столах;30;rest;top
свадебное оформление стола жениха;30;vendors;top
свадебное видео москва;30;geo;top
как закончить свадебную церемонию;30;info;top
после свадебной церемонии;30;rest;top
стили свадебных образов;30;info;top
лавандовая свадьба сколько лет совместной;30;rest;top
свадебные клятвы жениха и невесты;30;rest;top
кружевные перчатки свадебные купить;30;rest;top
второй день свадьбы сценарий дома;30;info;top
сценарий второго дня свадьбы дома;30;info;top
длинный прямоугольный торт на свадьбу;30;vendors;top
размер торта на свадьбу;30;vendors;top
прямоугольный торт на свадьбу одноярусный;30;vendors;top
свадебные фотосессии в питере;30;vendors;top
бесплатные свадебные фотографии;30;vendors;top
сделать свадебный альбом из фотографий на заказ;30;vendors;top
свадебный сценарий для ведущего;30;vendors;top
букет из денег на свадьбу;30;vendors;assoc
свадьбу играли в конце мая;30;rest;top
свадьба в пост в августе;30;info;top
празднование свадьбы дома;30;rest;top
как благословить дочь перед свадьбой иконой дома;30;info;top
фото свадеб дома;30;rest;top
площадка для свадьбы ботаника;29;core;top
лесные площадки для свадьбы;29;core;top
лучшие площадки для свадьбы москва;29;geo;top
planning wedding сайт;29;rest;assoc
маленькие ресторан для свадьбы;29;venue-type;top
рестораны москвы для свадьбы топ;29;venue-type;top
почему проводят свадьбы;29;info;top
организация свадьбы начала;29;core;top
снять коттедж для свадьбы в подмосковье;29;venue-type;top
аренда теплохода на свадьбу в москве;29;venue-type;top
свадьба на теплоходе в москве цена недорого;29;venue-type;top
маленькие свадьбы видео;29;capacity;top
сыграть свадьбу в подмосковье;29;geo;top
кафе для свадьбы в москве недорого;29;venue-type;top
необычные свадьбы недорого;29;price;top
свадьба в кусково стоимость;29;price;top
проведение свадьбы стоимость;29;price;top
стоимость фотографа на свадьбу;29;vendors;top
сколько стоят артисты на свадьбу;29;vendors;top
сколько стоит дым на свадьбу;29;price;top
сколько стоит нагиев на свадьбу;29;price;top
свадебное агентство под;29;vendors;top
свадебные агентства под ключ;29;vendors;top
свадебные торты петербург;29;vendors;top
диаметр свадебного торта;29;vendors;top
свадебный торт 1 ярус;29;vendors;top
формы свадебных тортов;29;vendors;top
мастер классы свадебный торт;29;vendors;top
парк отель выездная регистрация;29;vendors;top
выездная регистрация брака в москве цена официально;29;vendors;top
выездная регистрация в москве официально цена;29;vendors;top
выездная регистрация брака в подмосковье официально цена;29;vendors;top
выездная регистрация брака в подмосковье цена;29;vendors;top
рубиновая свадьба сценарий;29;info;top
сценарий свадьбы в частном доме;29;info;top
идеи для свадьбы родителям;29;info;top
стили свадеб молодых;29;info;top
свадебные даты по годам названия;29;rest;assoc
средняя стоимость свадьбы на человека;29;price;top
свадьба в русском стиле сценарий;29;info;top
свадьба в старорусском стиле;29;info;top
средняя стоимость свадьбы в москве;29;price;top
площадки для свадьбы с выездной регистрацией;29;vendors;top
букет невесты сколько должно быть;29;vendors;top
букет невесты из бусин;29;vendors;top
букет невесты железнодорожный;29;vendors;top
свадебные букеты для невесты маленькие из живых;29;vendors;top
современные букеты невесты;29;vendors;top
букет невесты в белых тонах;29;vendors;top
как сделать цветы на свадьбу;29;info;top
как называются цветы на свадьбу;29;info;top
надо ли дарить цветы на свадьбу;29;rest;top
торт на свадьбу цена;29;vendors;top
прокат лимузина на свадьбу;29;rest;top
банкетный зал safisa;29;venue-type;top
банкетный зал октябрь;29;venue-type;top
банкетные залы пятигорск;29;venue-type;top
банкетный зал пятигорск;29;venue-type;top
султан банкетный зал;29;venue-type;top
банкетные залы брянск;29;venue-type;top
банкетный зал брянск;29;venue-type;top
банкетные залы реутов;29;venue-type;top
банкетный зал реутов;29;venue-type;top
банкетные залы смоленск;29;venue-type;top
банкетный зал смоленск;29;venue-type;top
банкетные залы зао;29;venue-type;top
банкетный зал зао;29;venue-type;top
банкетный зал white hall москва;29;venue-type;top
альфирай банкетный зал махачкала;29;venue-type;top
банкетный зал внуково;29;venue-type;top
банкетные залы поляны;29;venue-type;top
банкетный зал поляна;29;venue-type;top
банкетные залы мо;29;venue-type;top
банкетный зал спарк;29;venue-type;top
банкетные залы измайловская;29;venue-type;top
банкетный зал измайловская;29;venue-type;top
банкетный зал ул жужа 37 москва фото;29;venue-type;top
банкетный зал муза москва;29;venue-type;top
банкетный зал бар;29;venue-type;top
банкетные залы сокольники;29;venue-type;top
банкетный зал сокольники;29;venue-type;top
банкетный зал коммунальная слобода;29;venue-type;top
комната банкетный зал;29;venue-type;top
там там банкетный зал;29;venue-type;top
банкетный зал московский москва;29;venue-type;top
банкетный зал рояль;29;venue-type;top
банкетный зал жулебино;29;venue-type;top
банкетные залы баку;29;venue-type;top
банкетный зал баку;29;venue-type;top
банкетное меню для ресторана;29;venue-type;top
пресеты для свадебных фото;29;rest;top
свадебная хризантема фото;29;rest;top
сделать свадебное фото нейросеть;29;rest;top
размер свадебного фото;29;rest;top
свадебные фото в парке;29;rest;top
08.08 2026 дата для свадьбы;29;rest;top
счастливые даты для свадьбы в 2026;29;rest;top
с днем вашего бракосочетания;29;rest;top
президиум свадебного стола;29;rest;top
свадебный вальс видео;29;rest;top
как проходит церемония бракосочетания в загсе;29;info;top
торжественная церемония бракосочетания в загсе;29;rest;top
свадебный фон для фотошопа;29;rest;top
свадебный план 2;29;info;top
традиции на свадьбе в россии;29;info;top
свидетельница на свадьбе традиции;29;info;top
создать приглашение на свадьбу в электронном виде;29;info;top
современный выкуп на свадьбе сценарий смешной;29;info;top
торт на свадьбу родителям фото;29;vendors;top
торт на свадьбу со свечами;29;vendors;top
денежный торт на свадьбу;29;vendors;top
торт с малиной на свадьбу;29;vendors;top
хороший торт на свадьбу;29;vendors;top
торт на рубиновую свадьбу;29;vendors;top
торжественная свадебная музыка;29;vendors;top
свадебное оформление своими руками;29;vendors;top
площадки для лесной свадьбы;29;core;top
обязанности свидетеля на свадьбе;29;rest;assoc
свадебный калькулятор;29;rest;assoc
маленькая свадьба видео;29;capacity;top
теплица парк одинцово свадьба;29;geo;top
мужской образ на свадьбу гость летом;29;info;top
сапфировая свадьба сколько лет совместной жизни;29;rest;assoc
свадьба дома своими руками;29;rest;top
свадьба дома как организовать;29;info;top
свадебные площадки в области;28;core;top
свадебные площадки мытищи;28;geo;top
due to love свадебная площадка;28;core;top
свадебные площадки мо;28;core;top
площадка для свадьбы юг москвы;28;geo;top
дом у озера площадка для свадьбы;28;core;top
где отмечают камерные свадьбы;28;capacity;top
свадьба провести красиво;28;core;top
организация свадьбы в подмосковье;28;geo;top
снять усадьбу для свадьбы;28;venue-type;top
ресторан на свадьбу на 100 человек;28;venue-type;top
букет невесты на свадьбу маленький;28;vendors;top
как называется маленькая свадьба;28;capacity;top
сколько стоит егор крид на свадьбу;28;price;top
сколько стоит ваня дмитриенко на свадьбу;28;price;top
банкетные залы свадьбы оформление;28;vendors;top
фон для свадебного приглашения;28;info;assoc+top
свадебный торт раменское;28;vendors;top
свадебный торт с живыми;28;vendors;top
свадебный торт с живыми цветами;28;vendors;top
свадебный торт на 4;28;vendors;top
выездная регистрация на природе;28;vendors;top
выездная регистрация оформление;28;vendors;top
чек лист подготовки к свадьбе;28;info;top
бюджет свадьбы на 30;28;rest;top
сценарий свадьбы 90 х;28;info;top
свадьба второй день сценарий дома;28;info;top
сценарии второго дня свадьбы дома;28;info;top
подробный сценарий свадьбы для ведущего;28;vendors;top
сценарий свадьбы для ведущего готовый полный подробный;28;vendors;top
сценарий свадьбы без ведущего;28;vendors;top
сценарий свадьбы идеи;28;info;top
хорошие даты для свадьбы в сентябре;28;info;top
свадьба в советском стиле;28;info;top
приложение для рассадки гостей на свадьбе;28;info;top
примеры рассадки гостей на свадьбе;28;info;top
оформление свадебного стола жениха и невесты;28;vendors;assoc+top
сценарий второго дня свадьбы без тамады;28;vendors;top
проводим свадьбу дома;28;rest;top
камерная свадьба под ключ москва;28;capacity;top
снять ресторан для свадьбы в москве;28;venue-type;top
свадебный образ жениха 2026;28;rest;assoc+top
свадебный фотограф видео;28;vendors;top
примеры свадебных фотосессий;28;vendors;top
свадебный видеограф alexfilms воронеж и россия;28;vendors;top
свадебный видеограф воронеж;28;vendors;top
трендовые букеты невесты;28;vendors;top
букет невесты из белой гортензии;28;vendors;top
букет невесты из полевых цветов;28;vendors;top
букет невесты бежевый;28;vendors;top
видео с букетом невесты;28;vendors;top
букет невесты дорогой;28;vendors;top
свадебные цветы на свадьбу;28;rest;top
сколько машин на свадьбу;28;rest;top
свадебная фотосессия в загсе;28;vendors;top
банкетные залы конференц залы;28;venue-type;top
конференц зал банкетный зал;28;venue-type;top
банкетные залы юзао;28;venue-type;top
банкетный зал юзао;28;venue-type;top
банкетный зал новопеределкино;28;venue-type;top
банкетные залы южная;28;venue-type;top
банкетный зал южный;28;venue-type;top
банкетный зал аист орехово зуево;28;venue-type;top
банкетные залы еревана;28;venue-type;top
банкетные залы свадьбы 50 человек;28;venue-type;top
банкетный зал свадьбу 50 человек;28;venue-type;top
банкетные залы лермонтов;28;venue-type;top
банкетный зал лермонтов;28;venue-type;top
банкетный зал дмитровская;28;venue-type;top
где находится банкетный зал;28;venue-type;top
банкетные залы оазис;28;venue-type;top
банкетный зал оазис;28;venue-type;top
банкетный зал на 300 человек москва;28;venue-type;top
колонны в банкетном зале;28;venue-type;top
банкетный зал прованс варшавское;28;venue-type;top
топ рестораны для свадьбы москва;28;venue-type;top
банкетное меню отеля;28;venue-type;top
свадебное фото беременной;28;rest;top
свадебные фото кейт;28;rest;top
свадебные фото вк;28;rest;top
свадебный букет из хризантем фото;28;vendors;top
живые свадебные фото;28;rest;top
дата свадьбы криштиану;28;rest;top
реальные свадебные видео из кутузовского загса;28;rest;top
свадебная церемония зал;28;core;top
украшенная свадебная арка;28;rest;top
свадебный образ москва;28;geo;top
сайт для свадебных приглашений;28;info;top
делаем свадебные бокалы;28;rest;top
где снималась свадьба бальзаминова;28;info;top
ии создать приглашение на свадьбу;28;info;top
зачем на свадьбе торты;28;vendors;top
торт на свадьбу двухъярусный фото;28;vendors;top
торт на свадьбу доставка;28;vendors;top
торт на жемчужную свадьбу;28;vendors;top
классическая свадебная музыка;28;vendors;top
wedding witch;28;rest;assoc
благоприятные дни для свадьбы в августе;28;info;top
свадьба в номере отеля;28;venue-type;top
площадка для свадьбы оранжерея;27;venue-type;top
площадки для свадьбы 50 человек;27;core;top
красивые места для свадеб москва;27;geo;top
места где отметить свадьбу;27;info;top
банкетный зал для свадьбы в звенигороде;27;venue-type;top
рестораны на вднх для свадьбы;27;venue-type;top
время свадебного банкета;27;core;top
свадьба организация праздника;27;core;top
сценарий для камерной свадьбы;27;capacity;top
4 свадьбы сказочная камерная;27;capacity;top
свадьба за городом в подмосковье;27;geo;top
проведение свадьбы в москве и подмосковье;27;geo;top
проведение свадьбы недорого;27;price;top
свадьба под ключ московская область;27;price;top
сколько стоит акмаль на свадьбу;27;price;top
сколько стоит фотограф на свадьбу в москве;27;vendors;top
сколько в среднем стоит сыграть свадьбу;27;rest;top
сатир ведущий на свадьбу;27;vendors;top
ведущий 4 свадьбы на пятнице;27;vendors;top
в свадебном агентстве кравец моргунова;27;vendors;top
моргунова в свадебном агентстве;27;vendors;top
марина кравец свадебное агентство;27;vendors;top
варианты свадебных тортов;27;vendors;top
собрать свадебный торт;27;vendors;top
свадебный торт голубой;27;vendors;top
дегустация свадебных тортов;27;vendors;top
выездная регистрации красиво;27;vendors;top
сценарий выездной регистрации;27;vendors;top
выездная регистрация сочи;27;vendors;top
выездная регистрация в коломенском;27;vendors;top
второй день свадьбы ряженые сценарий;27;info;top
сценарий выкупа на свадьбу дома;27;info;top
идеи для свадьбы недорого;27;price;top
стиль свадьбы шик;27;info;top
свадьба в стиле кэжуал;27;info;top
свадьба в стиле 19 века;27;info;top
рассадка гостей на свадьбе заказать;27;info;top
распечатать рассадку гостей на свадьбу;27;info;top
сценарий на 2 день свадьбы;27;info;top
теплица площадка для свадьбы;27;core;top
свадьба в стиле барби;27;info;top
закуски на свадебный стол;27;rest;assoc+top
где сделать свадебную фотосессию в москве;27;vendors;top
красивые локации для свадебной фотосессии;27;vendors;top
свадебная фотосессия в питере;27;vendors;top
букет для невесты на свадьбу от жениха;27;vendors;top
кто должен покупать букет невесты на свадьбу;27;vendors;top
сборка букета невесты;27;vendors;top
пеларгония букет невесты фото;27;vendors;top
русский букет букет невесты;27;vendors;top
букет невесты каллы с жемчугом;27;vendors;top
букет для невесты маленький из живых цветов;27;vendors;top
маленький букет цветов для невесты;27;vendors;top
коричневый букет невесты;27;vendors;top
букет невесты с голубыми цветами;27;vendors;top
как сохранить букет невесты;27;vendors;top
букет невесты каллы и эустома;27;vendors;top
на свадьбу без цветов;27;rest;top
принято ли дарить цветы на свадьбу;27;rest;top
свадебный каравай на свадьбу;27;rest;top
горохов музыкант на свадьбу пельмени;27;vendors;top
уральские пельмени горохов музыкант на свадьбу;27;vendors;top
арендовать машину на свадьбу;27;price;top
украшать ли машину на свадьбу;27;rest;top
армянские банкетные залы москвы;27;venue-type;top
банкетный зал 250;27;venue-type;top
банкетный зал дон;27;venue-type;top
банкетный зал орхидея;27;venue-type;top
банкетный зал украина;27;venue-type;top
банкетный зал барский;27;venue-type;top
банкетный зал волга волга;27;venue-type;top
банкетные залы официанты;27;venue-type;top
банкетный зал покровское стрешнево;27;venue-type;top
камерный банкетный зал москва;27;venue-type;top
красивый банкетный зал москва;27;venue-type;top
банкетные залы кавказа;27;venue-type;top
банкетный зал кавказ;27;venue-type;top
банкетный зал август;27;venue-type;top
лучше банкетный зал ресторан;27;venue-type;top
комментарии к свадебным фото;27;rest;top
каталоги свадебных фото;27;rest;top
код от сейфа дата свадьбы;27;rest;top
загс перенести дату свадьбы;27;rest;top
удачные даты для свадьбы в 2026;27;rest;top
поменять дату свадьбы;27;rest;top
фрукты на свадебный стол;27;rest;top
как завершить свадебную церемонию;27;info;top
приснилась свадьба сестры;27;rest;top
хрустальный свадебный бокал;27;rest;top
где снимали свадьба бальзаминова в каком;27;info;top
с днем лавандовой свадьбы;27;rest;top
текст свадебной клятвы;27;rest;top
свадебные бутылки шампанского своими руками;27;rest;top
свадебный вальс музыка;27;vendors;top
свадебный план 3;27;info;top
дорама свадебный план;27;rest;top
старые традиции на свадьбе;27;info;top
топперы на торт на свадьбу;27;vendors;top
музыка для торта на свадьбе;27;vendors;top
лучшие свадебные площадки;27;core;top
выход жениха на свадьбе под музыку;27;vendors;assoc
что надеть на свадьбу гостье осенью 2026;27;info;top
свадьба осенью фото;27;info;top
май литл пони свадьба в кантерлоте 2;27;rest;top
свадьба в июле 2027;27;info;top
благоприятный день для свадьбы в октябре;27;info;top
бумажный дом свадьба;27;rest;top
прокат автомобиля на свадьбу;27;rest;top
с чего начать подготовку к свадьбе;27;info;top
лучшая свадебная площадка;26;core;top
аренда площадки для свадьбы москва;26;price;top
где отметить юбилей свадьбы;26;info;top
банкетные залы для свадьбы 50 человек;26;venue-type;top
банкетный зал для свадьбы 50 человек;26;venue-type;top
рестораны раменского для свадьбы;26;venue-type;top
рестораны раменское для свадьбы;26;venue-type;top
ресторан для свадьбы москва 40 человек;26;venue-type;top
киркоров провел свадьбу;26;rest;top
камерная свадьба спб;26;capacity;top
свадьба для маленькой компании сценарий;26;capacity;top
сколько стоит 1 свадьба;26;price;top
сколько стоит хорошая свадьба;26;price;top
свадебное агентство marry;26;vendors;top
кондитер свадебного торта;26;vendors;top
свадебный торт с лебедями;26;vendors;top
текст для выездной регистрации;26;vendors;top
сценарий сказки на свадьбу;26;info;top
сценарий семейного очага на свадьбе;26;info;top
стиль на свадьбу для мужчин гость;26;info;top
свадьба в стиле 2000;26;info;top
свадьба в стиле алиса;26;info;top
создать план рассадки гостей на свадьбе;26;info;top
отметить свадьбу в подмосковье недорого;26;price;top
аренда дома для свадьбы в подмосковье;26;venue-type;top
сколько свадебного торта нужно на человека;26;vendors;top
свадьба в стиле патриотизм;26;info;top
свадебный торт 2026 тренды фото;26;vendors;top
площадки для свадьбы раменское;26;core;top
банкетные залы для камерной свадьбы;26;venue-type;top
банкетный зал для камерной свадьбы;26;venue-type;top
как можно провести свадьбу;26;info;top
свадебная площадка оранжерея;26;venue-type;top
организация камерной свадьбы;26;capacity;top
свадебный фотограф евгений;26;vendors;top
свадебный фотограф евгения;26;vendors;top
свадебный фотограф недорого;26;vendors;top
свадебная фотосессия на улице;26;vendors;top
свадебная фотосессия екатеринбург;26;vendors;top
оформление свадебной арки;26;vendors;top
украсить свадебную арку;26;rest;top
черный букет невесты;26;vendors;top
свадебный букет для невесты из роз;26;vendors;top
букет невесты из роз и эвкалипта;26;vendors;top
букет невесты синего цвета;26;vendors;top
как сделать букет невесты своими руками;26;vendors;top
артисты на свадьбу цена;26;vendors;top
что делает координатор на свадьбе;26;vendors;top
кортеж машин на свадьбу;26;rest;top
шары на машине свадьба;26;rest;top
машина на свадьбу на час;26;rest;top
машину на часы на свадьбу;26;rest;top
усадьбы москвы для свадебной фотосессии;26;vendors;top
свадебная арка для регистрации;26;vendors;top
свадебные арки для выездной;26;rest;top
где заказать свадебный каравай;26;info;top
свадебная арка макраме;26;rest;top
кто поймал букет невесты куликова;26;vendors;top
банкетный зал махачкала аль;26;venue-type;top
банкетные залы тюмень;26;venue-type;top
банкетный зал тюмень;26;venue-type;top
банкетные залы каспий;26;venue-type;top
банкетный зал каспий;26;venue-type;top
кавказские банкетные залы;26;venue-type;top
кавказский банкетный зал;26;venue-type;top
банкетный зал заря;26;venue-type;top
банкетный зал 16;26;venue-type;top
банкетный зал зеркало;26;venue-type;top
банкетный зал триумф на кутузовском;26;venue-type;top
банкетный зал лотос;26;venue-type;top
банкетный зал свадьбы городом;26;venue-type;top
банкетные залы 500 человек;26;venue-type;top
банкетный зал дивный;26;venue-type;top
банкетный зал орбита;26;venue-type;top
банкетный зал колизей москва;26;venue-type;top
банкетные залы моменты;26;venue-type;top
банкетный зал моменты;26;venue-type;top
ресторан с банкетным залом на 20 человек;26;venue-type;top
банкетные залы вологда;26;venue-type;top
банкетный зал вологда;26;venue-type;top
государь банкетный зал на лобненской;26;venue-type;top
банкетные залы столовой;26;venue-type;top
столовая банкетный зал;26;venue-type;top
купить банкетный зал;26;venue-type;top
крокус банкетный зал;26;venue-type;top
большие банкетные залы москва;26;venue-type;top
большой банкетный зал москва;26;venue-type;top
принц плаза банкетный зал;26;venue-type;top
банкетное меню закуски;26;venue-type;top
банкетное меню на день рождения;26;venue-type;top
фото свадебной композиции;26;rest;top
пинтерест свадебные фото;26;rest;top
свадебные фото в загсе;26;rest;top
кейт миддлтон свадебные фото;26;rest;top
белые розы свадебные фото;26;rest;top
локации для свадебных фото в москве;26;geo;top
дата свадьбы дорама;26;rest;top
как узнать дату свадьбы;26;info;top
даты со дня свадьбы;26;rest;top
wedding day porn;26;rest;top
2 wedding day;26;rest;top
приснилась свадьба дочери;26;rest;top
в каком городе снимали свадьбу бальзаминова;26;rest;top
отель свадебная ночь;26;venue-type;top
свадебные обряды на руси;26;rest;top
молдавские традиции на свадьбе;26;info;top
традиции свадьбы на руси;26;info;top
торт на 40 свадьбы;26;vendors;top
свадебная книга фотографий заказать;26;vendors;top
первая свадебная фотография;26;vendors;top
создать свадебную фотографию;26;vendors;top
сценарий свадьбы для маленькой компании;26;capacity;top
летом я предпочитаю свадьбу 2009;26;rest;top
лук на свадьбу летом;26;rest;top
луки летом на свадьбу;26;rest;top
площадка для свадьбы стоимость;25;price;top
веранда площадка для свадьбы;25;venue-type;top
банкетный зал для свадьбы балашиха;25;venue-type;top
рестораны мытищи для свадьбы;25;venue-type;top
ресторан для свадьбы нижний;25;venue-type;top
рестораны москвы для свадьбы на 40;25;venue-type;top
план организации свадьбы;25;info;top
веранда для свадьбы в подмосковье;25;venue-type;top
свадьба в лесу в подмосковье площадки;25;venue-type;top
меню на свадьбу на 20 человек;25;capacity;top
торт на свадьбу на 30 человек;25;vendors;top
сколько алкоголя на свадьбу 50 человек;25;rest;top
камерная свадьба санкт петербург;25;capacity;top
парк отель для свадьбы в подмосковье;25;venue-type;top
где купить алкоголь на свадьбу недорого;25;price;top
недорогой алкоголь на свадьбу;25;price;top
недорого украсить свадьбу;25;price;top
купить недорогое шампанское на свадьбу;25;price;top
шампанское на свадьбу какое купить недорогое;25;price;top
рестораны свадьба под ключ;25;venue-type;top
сколько стоит выступление иванушек на свадьбе;25;price;top
цена фотографа на свадьбу за час;25;vendors;top
свадебный декор на машину;25;vendors;top
германия свадебные агентства;25;vendors;top
свадебные торты зеленые;25;vendors;top
нож для свадебного торта;25;vendors;top
торт свадебный клавы коки;25;vendors;top
свадебный торт два яруса;25;vendors;top
как рассчитать свадебный торт;25;vendors;top
выездная регистрация отзывы;25;vendors;top
сценарии 30 свадьбы;25;info;top
сценарий свадеб в ресторане;25;venue-type;top
веселый сценарий на свадьбу;25;info;top
идеи на велком для свадьбы;25;info;top
4 свадьбы в стиле гэтсби;25;info;top
свадьба в стиле 80;25;info;top
площадка дивный лес свадебная;25;core;top
площадки для камерной свадьбы в москве;25;capacity;top
о любви площадка для свадьбы;25;core;top
свадьба в стиле нулевых;25;info;top
стиль друга на свадьбу;25;info;top
ресторан отель для свадьбы;25;venue-type;top
где лучше провести свадьбу;25;info;top
свадьба в осеннем стиле;25;info;top
день свадебного фотографа;25;vendors;top
ли свадебный фотограф;25;vendors;top
свадебный фотограф даниил букреев;25;vendors;top
найти свадебного фотографа;25;vendors;top
усадьба кусково свадебная фотосессия;25;vendors;top
свадебная фотосессия на вднх;25;vendors;top
свадебная фотосессия спб;25;vendors;top
референсы для свадебной фотосессии;25;vendors;top
свадебные фотосессии дома;25;vendors;top
фотозона из шаров на свадьбу;25;vendors;top
цветы заказать букет невесты;25;vendors;top
букет невесты розочки;25;vendors;top
букет невесты как правильно;25;vendors;top
букет невесты бело бордовый;25;vendors;top
букет невесты из калл купить в москве;25;vendors;top
живой букет невесты на свадьбу;25;vendors;top
красивые букеты для невесты;25;vendors;top
букет невесты эустома и гвоздика;25;vendors;top
букет невесты из эустомы и гипсофилы;25;vendors;top
кремовый букет невесты;25;vendors;top
как разыграть букет невесты на свадьбе;25;vendors;top
букет невесты нижний;25;vendors;top
букет невесты нижний новгород;25;vendors;top+assoc
купить букет невесты розы;25;vendors;top
букет невесты в отрадном;25;vendors;top
как завязать букет невесты;25;vendors;top
букет невесты мастер;25;vendors;top
букет невесты розового цвета;25;vendors;top
последний букет невесты;25;vendors;top
шикарный букет цветов на свадьбу;25;vendors;top
какие цветы купить на свадьбу;25;rest;top
цветы для декора на свадьбу;25;vendors;top
красивые машины на свадьбу;25;rest;top
дым машина на свадьбу;25;rest;top
банкетные залы ренессанс;25;venue-type;top
ренессанс банкетный зал;25;venue-type;top
банкетный зал сцена;25;venue-type;top
престиж банкетный зал;25;venue-type;top
банкетные залы иваново;25;venue-type;top
банкетный зал иваново;25;venue-type;top
банкетный зал с ведущим;25;vendors;top
самые дорогие банкетные залы;25;venue-type;top
самый дорогой банкетный зал;25;venue-type;top
банкетный зал проведение свадьбы;25;venue-type;top
проведение свадеб банкетные залы;25;venue-type;top
банкетный зал в бутово;25;venue-type;top
банкетный зал тучково;25;venue-type;top
эльсинор банкетный зал в махачкале;25;venue-type;top
банкетный зал коммунальная слобода чебоксары;25;venue-type;top
банкетный зал гостиничный;25;venue-type;top
банкетный зал колизей холл москва;25;venue-type;top
марриотт империал плаза банкетный зал;25;venue-type;top
банкетный зал орбита орел;25;venue-type;top
банкетный зал дешево;25;venue-type;top
дешевые банкетные залы;25;venue-type;top
банкетный зал лед;25;venue-type;top
банкетный зал площадка;25;venue-type;top
банкетный зал п;25;venue-type;top
банкетные залы в королеве;25;venue-type;top
банкетный зал триумф холл;25;venue-type;top
банкетный зал loft;25;venue-type;top
айвенго банкетный зал;25;venue-type;top
ресторан в йошкар оле банкетный зал;25;venue-type;top
банкетные залы ессентуки;25;venue-type;top
банкетный зал ессентуки;25;venue-type;top
дом у озера банкетный зал;25;venue-type;top
маленький ресторан для свадьбы;25;venue-type;top
рестораны для свадьбы нижний;25;venue-type;top
пресеты lightroom для свадебная фото;25;rest;top
заказать свадебное фото;25;rest;top
свадебное фото молодых;25;rest;top
прямые свадебные фото;25;rest;top
подписи для свадебных фото;25;rest;top
фото свадебные на средние;25;rest;top
дата свадьбы по астрологии;25;rest;top
композиция из живых цветов на свадебный стол;25;rest;top
свадебные стол дома;25;rest;top
смешное свадебное видео;25;rest;top
индийская свадебная церемония;25;rest;top
стильные свадебные образы;25;info;top
как украсить свадебные бокалы;25;info;top
где снимали свадьбу бальзаминова город;25;info;top
свадьба бальзаминова где снимали в каком городе;25;info;top
lime свадебная коллекция;25;rest;top
лавандовая свадьба сколько лет совместной жизни;25;rest;top
чехлы на свадебные бутылки;25;rest;top
свадебный вальс мендельсона слушать;25;rest;top
свадьба в маленькой компании;25;capacity;top
создание свадебных приглашений;25;info;top
торты на заказ в москве на свадьбу;25;vendors;top
большой торт на свадьбу;25;vendors;top
итальянский торт на свадьбу;25;vendors;top
организация юбилея свадьбы;25;core;top
организация мероприятий свадеб;25;core;top
цвет свадьбы для лета;25;rest;top
свадьба летом что одеть гостям;25;info;top
благословение перед свадьбой слова матери дома;25;rest;top
ретро автомобиль на свадьбу;25;rest;top
что нужно для свадьбы полный;25;info;top
что нужно для свадьбы полный список;25;info;top
свадебная площадка усадьба подгорье;24;venue-type;top
свадебная площадка ранчо д давыдково 4а фото;24;core;top
хайд площадка свадебная;24;core;top
свадебные площадки с проживанием;24;core;top
площадка для свадьбы в коломенском;24;core;top
дивный лес площадка для свадьбы красногорск;24;geo;top
где отметить свадьбу adria mare;24;info;top
где бюджетно отметить свадьбу;24;price;top
сколько стоит ресторан для свадьбы;24;venue-type;top
ресторан видное для свадьбы;24;venue-type;top
рестораны москвы для свадьбы на 50 человек;24;venue-type;top
рестораны москвы для празднования свадьбы;24;venue-type;top
свадебный банкет 2025;24;core;top
где провести свадьбу вдвоем;24;capacity;top
камерная свадьба где провести;24;capacity;top
провести свадьбу природа;24;core;top
агентства по организации свадеб;24;vendors;top
организация свадеб юбилеев;24;core;top
с чего начать организацию свадьбы;24;core;top
аренда веранды для свадьбы;24;venue-type;top
провести свадьбу на природе;24;venue-type;top
тамада на свадьбу 20 человек;24;vendors;top
стоимость свадьбы на 50 человек в москве;24;capacity;top
зал для свадьбы на 100 человек;24;capacity;top
как отметить свадьбу недорого;24;price;top
стоимость свадьбы в москве на 50;24;price;top
рассчитать стоимость свадьбы;24;price;top
сколько стоит сосо павлиашвили на свадьбу;24;price;top
сколько стоит думикян на свадьбу;24;price;top
сколько стоят голуби на свадьбу;24;rest;top
сколько стоит дорогая свадьба;24;price;top
какие вопросы задать ведущему на свадьбу;24;vendors;top
ведущий на свадьбу коломна;24;vendors;top
нужен фотограф на свадьбу;24;vendors;top
свадебный декор фото;24;vendors;top
аренда свадебного декора москва;24;vendors;top
рассадка свадьбе оформление;24;vendors;top
в свадебном агентстве кравец моргунова шальнов;24;vendors;top
лопатки для свадебного торта;24;vendors;top
свадебный торт медовик;24;vendors;top
свадебные торты какие начинки;24;vendors;top
официальна ли выездная регистрация;24;vendors;top
условия выездной регистрации;24;vendors;top
выездная регистрация петербург;24;vendors;top
сценарий свадьбы со словами;24;info;top
сценарий свадьбы без тамады узком;24;vendors;top
сценарий свадьбы в узком кругу без;24;info;top
сценарий свадьбы узким кругом без тамады;24;vendors;top
полный сценарий свадьбы для тамады;24;vendors;top
благоприятные даты для свадьбы в сентябре;24;info;top
свадьба в стиле зеленый минимализм;24;geo;top
4 свадьбы в сказочном стиле;24;info;top
сценарий золотой свадьбы 50;24;info;top
свадьба в пляжном стиле vs классическая свадьба;24;info;top
свадебная площадка клин;24;core;top
рестораны в одинцово для свадьбы;24;venue-type;top
свадебные фанфары;24;rest;assoc
декор свадебных бутылок;24;vendors;top
места выездная регистрация брака;24;vendors;top
услуги тамады на свадьбу;24;vendors;top
готовый сценарий тамады на свадьбу;24;vendors;top
свадебный фотограф авито;24;vendors;top
свадебная фотосессия невесты;24;vendors;top
букет невесты розы с гипсофилой;24;vendors;top
купить букет невесты из эустомы;24;vendors;top
букет невесты воронеж;24;vendors;top
букет невесты карты;24;vendors;top
букет невесты с кружевом;24;vendors;top
как выглядит букет невесты;24;vendors;top
букет невесты на свадьбу живые цветы;24;vendors;top
букет невесты сумка;24;vendors;top
букет невесты слова;24;vendors;top
купить искусственный букет невесты;24;vendors;top
фото невест цветов на свадьбу;24;rest;top
сколько цветов дарят на свадьбу;24;rest;top
альтернатива цветам на свадьбу;24;rest;top
какие цветы дарят жениху на свадьбе;24;rest;top
президиум для молодоженов на свадьбу;24;rest;top+assoc
текстиль на свадьбе;24;info;top
как украсить свадебный каравай;24;info;top
музыканты на свадьбу москва;24;vendors;top
свадебные быки;24;rest;assoc
машина на свадьбу с водителем цены;24;rest;top
атласная лента на машину на свадьбу;24;rest;top
белые машины на свадьбу;24;rest;top
свадебная фотосессия в городе;24;vendors;top
свадебная фотосессия в октябре;24;vendors;top
свадебная фотосессия в дождь;24;vendors;top
банкетный зал оранжерея;24;venue-type;top
банкетный зал мираж;24;venue-type;top
банкетный зал союзный;24;venue-type;top
звездопад банкетный зал;24;venue-type;top
банкетные залы с едой;24;venue-type;top
банкетный зал алиса;24;venue-type;top
хаят банкетный зал;24;venue-type;top
турбаза с банкетным залом;24;venue-type;top
банкетный зал националь;24;venue-type;top
националь банкетные залы;24;venue-type;top
банкетный зал геленджик;24;venue-type;top
банкетный зал тульская;24;venue-type;top
ресторан банкетным залом центре;24;venue-type;top
банкетный зал екатерининский;24;venue-type;top
банкетные залы москва 100 человек;24;venue-type;top
банкетные залы дмитров;24;venue-type;top
банкетный зал дмитров;24;venue-type;top
рамина банкетный зал в махачкале;24;venue-type;top
банкетный зал галерея истра;24;venue-type;top
ресторан банкетный зал санкт петербург;24;venue-type;top
рестораны банкетные залы санкт петербурга;24;venue-type;top
банкетные залы в каспийске;24;venue-type;top
банкетный зал в каспийске;24;venue-type;top
банкетный зал консул на остоженке;24;venue-type;top
банкетные залы джами;24;venue-type;top
банкетный зал джами;24;venue-type;top
банкетный зал афалина;24;venue-type;top
гостиница украина банкетный зал;24;venue-type;top
банкетный зал армения;24;venue-type;top
онегин банкетный зал пушкино;24;venue-type;top
банкетный зал капитан;24;venue-type;top
дивный лес банкетный зал;24;venue-type;top
банкетный зал grand;24;venue-type;top
банкетный зал про;24;venue-type;top
банкетный зал красногорск свадьба;24;venue-type;top
банкетный зал на тишинке;24;venue-type;top
рестораны для свадьбы видное;24;venue-type;top
свадебные фото 90;24;rest;top
свадебные букеты 2026 тренды фото;24;vendors;top
свадебные корсеты фото;24;rest;top
свадебное фото принцессы;24;rest;top
сделать дату свадьбы;24;rest;top
регистрация свадьба даты;24;vendors;top
подходящая дата для свадьбы;24;rest;top
дата свадьбы принца;24;rest;top
дата свадьбы криштиану роналду;24;rest;top
с днем бракосочетания бабушкой;24;rest;top
приготовить свадебный стол в домашних условиях;24;rest;top
уроки видео свадебные;24;rest;top
видео девушки в свадебных;24;rest;top
свадебные церемонии в россии;24;rest;top
будьте моей невестой аудиокнига;24;rest;top
свадебный план лакорн 2;24;info;top
перчатки белые свадебные;24;rest;top
свадьба в стиле алисы;24;info;top
идеи стилей свадьбы;24;info;top
татарские традиции на свадьбе;24;info;top
сделать свадебное приглашение онлайн;24;info;top
сценарий свадьбы без тамады в узком;24;vendors;top
красивый торт на свадьбу;24;vendors;top
торт на серебряную свадьбу 25;24;vendors;top
сколько торта надо на свадьбу;24;vendors;top
модный торт на свадьбу;24;vendors;top
заказать торт на свадьбу в москве;24;vendors;top
торт сердце на свадьбу;24;vendors;top
подача торта на свадьбе;24;vendors;top
красивые отели для свадебной фотосессии;24;vendors;top
свадебные цветы музыка;24;vendors;top
музыка для свадебных слов;24;vendors;top
рамка для свадебных фотографий;24;vendors;top
примеры свадебных оформлений;24;vendors;top
сватовство сценарий со стороны жениха;24;info;assoc
артиленд балашиха свадьба;24;rest;top
яхонты ногинск свадьба;24;rest;top
самая дорогая свадьба лета;24;rest;top
в октябре свадьбы играют;24;info;top
свадьба в отеле отзывы;24;venue-type;top
свадьба на даче своими руками;24;rest;top
дома для свадьбы в московской области;24;venue-type;top
дом жениха в день свадьбы;24;rest;top
свадьба в доме гесперид;24;rest;top
как испечь в домашних условиях свадебный каравай;24;info;top
как организовать день свадьбы;24;info;top
для чего нужны свидетели на свадьбе;24;rest;top
сколько дарят гости на свадьбу;24;info;top
свадебные площадки за городом;23;core;top
площадки для свадьбы зеленоград;23;geo;top
площадки для зимней свадьбы;23;info;top
сенешаль площадка для свадьбы;23;core;top
площадка для свадьбы балашиха;23;core;top
площадки для свадьбы отели;23;venue-type;top
красивые места для свадьбы в подмосковье;23;geo;top
где отметить свадьбу на природе;23;venue-type;top
свадьба в коломне где отметить;23;info;top
банкетные залы казань для свадьбы;23;venue-type;top
банкетный зал для свадьбы казань;23;venue-type;top
меню на свадебный стол;23;rest;assoc+top
рестораны москвы для свадьбы на 15 человек;23;venue-type;top
ресторан для свадьбы 25 человек;23;venue-type;top
свадебный банкет в москве недорого;23;price;top
свадебные банкеты цена;23;core;top
организация дня свадьбы;23;core;top
стоимость организации свадьбы;23;price;top
аренда лофтов для свадьбы москва;23;venue-type;top
стеклянный шатер для свадьбы;23;venue-type;top
домик в саду вднх свадьба;23;venue-type;top
кафе на свадьбу на 30 человек;23;venue-type;top
банкетные залы на свадьбу 50 человек;23;venue-type;top
банкетный зал на свадьбу 50 человек;23;venue-type;top
сколько стоит свадьба на 100 человек;23;capacity;top
свадеб отдых в подмосковье;23;geo;top
усадьба середниково в подмосковье свадьба;23;venue-type;top
свадьба под ключ на 40 человек;23;capacity;top
сколько сейчас стоит сыграть свадьбу;23;rest;top
сколько стоит эльбрус джанмирзоев на свадьбу;23;price;top
ведущие на свадьбу александров;23;vendors;top
ведущий на свадьбу александр;23;vendors;top
ведущий на корпоратив свадьбы;23;vendors;top
свадебный декор екатеринбург;23;vendors;top
оформление банкетного зала на свадьбу;23;vendors;top
оформление свадьбы 2026;23;vendors;top
оформление фотозоны на свадьбу;23;vendors;top
свадебный торт с трайфлами;23;vendors;top
где можно купить свадебный торт;23;vendors;top
архангельское выездная регистрация;23;vendors;top
нужна ли выездная регистрация;23;vendors;top
выездная регистрация цветами;23;vendors;top
музыкальный сценарий свадьбы;23;vendors;top
сценарий свадьбы молодым;23;info;top
готовый сценарий золотой свадьбы;23;info;top
сценарий свадьбы для тамады готовый полный;23;vendors;top
свадьба в царском стиле;23;info;top
идеи стиля свадьбы;23;info;top
стили проведения свадеб;23;info;top
свадьба в стиле олд мани;23;info;top
свадебный декор арки;23;vendors;top
свадебная арка для выездной регистрации;23;vendors;top
свадьба в стиле комиксов;23;info;top
банкетные залы для проведения свадеб;23;venue-type;top
банкетный зал для проведения свадьбы;23;venue-type;top
день свадьбы в стиле 90 х;23;info;top
красивый отель для свадебной фотосессии;23;vendors;top
банкетные залы на свадьбу оформление;23;vendors;top
арка для фотозоны на свадьбу;23;vendors;top
букет невесты екатеринбург;23;vendors;top
сколько цветов в букете невесты;23;vendors;top
букет невесты раменское;23;vendors;top
гортензия сорт букет невесты;23;vendors;top
букет невесты искусственный или живой;23;vendors;top
букет невесты из белых хризантем;23;vendors;top
куда девать букет невесты;23;vendors;top
букет невесты из лизиантуса;23;vendors;top
букет невесты тиффани;23;vendors;top
букет невесты шатура;23;vendors;top
каллы букет невесты заказать;23;vendors;top
букет невесты видное;23;vendors;top
букет невесты яркий;23;vendors;top
свадебный букет из калл для невесты фото;23;vendors;top
букет невесты с амарантом;23;vendors;top
букет невесты домодедово;23;vendors;top
кидать ли букет невесты;23;vendors;top
значение цветов на свадьбу;23;rest;top
аренда цветов на свадьбу;23;price;top
президиум на свадьбу купить;23;rest;top
президиум на свадьбу фото;23;rest;top
рушник для каравая свадебного;23;rest;top
постановка свадебного танца видео;23;rest;top
стойте машины на свадьбу;23;rest;top
лента на машину на свадьбу своими руками;23;rest;top
заказать кейтеринг на свадьбу;23;rest;top
император холл банкетный зал;23;venue-type;top
банкетный зал созвездие;23;venue-type;top
аренда банкетного зала на свадьбу;23;venue-type;top
банкетный зал надежда;23;venue-type;top
банкетные залы россия;23;venue-type;top
банкетный зал россия;23;venue-type;top
банкетный зал царский;23;venue-type;top
банкетный зал виктория на рязанском;23;venue-type;top
банкетный зал волоколамск;23;venue-type;top
банкетные залы новый год;23;venue-type;top
выбрать банкетный зал;23;venue-type;top
банкетные залы ленинский проспект;23;venue-type;top
банкетные залы сфера;23;venue-type;top
банкетный зал сфера;23;venue-type;top
банкетный зал в дагестане;23;venue-type;top
банкетный зал на 150 человек;23;venue-type;top
банкетный зал золото;23;venue-type;top
банкетные залы вместимость;23;venue-type;top
вместимость банкетного зала;23;venue-type;top
банкетный зал автозаводская;23;venue-type;top
банкетный зал с бассейном;23;venue-type;top
грузинские банкетные залы;23;venue-type;top
грузинский банкетный зал;23;venue-type;top
банкетный зал буйнакск;23;venue-type;top
банкетный зал на 100 человек москва;23;venue-type;top
банкетный зал замок;23;venue-type;top
банкетные залы крыма;23;venue-type;top
банкетный зал крым;23;venue-type;top
river банкетный зал;23;venue-type;top
банкетный зал в коломенском парке;23;venue-type;top
банкетные залы в хасавюрте;23;venue-type;top
банкетный зал ул коммунальная слобода 25в;23;venue-type;top
банкетный зал ул коммунальная слобода 25в чебоксары;23;venue-type;top
банкетные залы для юбилея в москве;23;venue-type;top
банкетный зал для юбилея в москве;23;venue-type;top
банкетный зал кремля;23;venue-type;top
банкетные залы пушкинская;23;venue-type;top
банкетный зал пушкинская;23;venue-type;top
банкетные залы питера;23;venue-type;top
банкетный зал питер;23;venue-type;top
банкетный зал барзу;23;venue-type;top
банкетное меню бар;23;venue-type;top
фото свадебный дорого;23;rest;top
свадебные надписи фото;23;rest;top
свадебные съемки фото;23;rest;top
букет из калл свадебный для невесты фото;23;vendors;top
свадебные фото людей;23;rest;top
свадебные фото роналду;23;rest;top
цифра даты свадьбы;23;info;top
дата свадьбы 22;23;rest;top
свадьба даты и имена;23;rest;top
дата свадьбы по дате рождения невесты;23;rest;top
праздничный свадебный стол;23;rest;top
выездная свадебная церемония;23;rest;top
где провести свадебную церемонию;23;info;top
свадьба бальзаминова фото;23;rest;top
свадебная клятва мужа;23;rest;top
президиум на свадьбе купить;23;rest;top
книга будь моей невестой бывшая;23;rest;top
книга невеста будешь моей;23;rest;top
невеста будешь моей мэри кац читать;23;rest;top
купить свадебную бутылку;23;rest;top
свадебный план 3 серии;23;info;top
кейп белый свадебный;23;rest;top
стили проведения свадьбы;23;info;top
свадебные традиции на руси;23;info;top
торты на свадьбу 5 кг;23;vendors;top
свадебная музыка русская;23;vendors;top
музыка свадебная для жениха;23;vendors;top
музыка для свадебного рилса;23;vendors;top
свадебная фотография москва;23;vendors;top
свадебные фотографии женихов;23;vendors;top
торжественная музыка на свадьбу;23;vendors;assoc
организация свадьбы стоимость;23;price;top
большие свадебные залы;23;core;top
свадебный зал большой;23;core;top
ведущий на свадьбу химки;23;vendors;top
лето в москве свадьба;23;geo;top
летам предпочитаю свадьбу онлайн;23;rest;top
летом я предпочитаю свадьбу онлайн;23;rest;top
свадьба в августе числа;23;info;top
проведение свадьбы в отеле;23;venue-type;top
свадьба в кафе без тамады;23;vendors;top
свадебная площадка отрадное;22;core;top
свадебные площадки тверь;22;core;top
площадки для свадьбы в подмосковье недорого;22;price;top
банкетные залы для свадьбы красногорск;22;venue-type;top
рестораны для свадьбы нижний новгород;22;venue-type;top
рестораны для свадьбы сергиев посад;22;venue-type;top
грузинские рестораны для свадьбы;22;venue-type;top
банкет свадебный зал;22;core;top
свадебный банкет отель;22;venue-type;top
провести вечер свадьбы;22;core;top
места где можно провести свадьбу;22;info;top
коттедж для свадьбы москва;22;venue-type;top
снять теплоход на свадьбу;22;venue-type;top
свадьба в лесу москва;22;venue-type;top
свадьба на 20 человек без тамады;22;vendors;top
камерная свадьба на 15 человек;22;capacity;top
красивые маленькие свадьбы;22;capacity;top
свадьба в петербурге для двоих;22;capacity;top
свадьба для двоих в санкт петербурге;22;capacity;top
4 свадьбы женихи 2;22;rest;assoc
завидное загородный клуб свадьба;22;venue-type;top
недорогой букет на свадьбу;22;vendors;top
снять кафе на свадьбу недорого;22;venue-type;top
стоимость выступления на свадьбе;22;price;top
аренда зала свадьбы стоимость;22;price;top
стоимость свадьбы коки;22;price;top
сколько стоит отпраздновать свадьбу;22;price;top
сколько стоит свадьба роналду;22;price;top
сколько стоит аркадий думикян на свадьбу;22;price;top
найти фотографа на свадьбу;22;vendors;top
фотограф на свадьбу на день;22;vendors;top
видеограф на свадьбу цена;22;vendors;top
свадьба оформление комнаты;22;vendors;top
курсы свадебного организатора;22;vendors;top
apriori married свадебное агентство;22;vendors;top
камеди клаб в свадебном агентстве;22;vendors;top
приготовление свадебного торта;22;vendors;top
свадебные торты недорого москва;22;vendors;top
какой должен быть свадебный торт;22;vendors;top
сборка свадебного торта;22;vendors;top
многоярусный свадебный торт;22;vendors;top
свадебный торт на 20 человек;22;vendors;top
где заказать свадебный торт;22;vendors;top
выездная регистрация банкет;22;vendors;top
готовый сценарий второго дня свадьбы;22;info;top
проведение свадьбы без тамады сценарий;22;vendors;top
сценарий деревенской свадьбы;22;info;top
юмор сценарий свадьбы;22;info;top
сценарий свадьбы 1;22;info;top
свадьба в конце сентября;22;info;top
идеи для фотосессии на свадьбу;22;vendors;top
свадьба в стиле вегас;22;info;top
свадьба в таджикском стиле;22;info;top
свадьба в стиле киносъемки;22;info;top
стиль на свадьбу женский;22;info;top
стиль стола на свадьбу;22;info;top
свадьба в спортивном стиле;22;info;top
свадьба в стиле игр;22;info;top
свадьба в секретном стиле;22;info;top
свадьба в сиреневом стиле;22;info;top
где можно провести свадьбу в москве;22;geo;top
свадьба в стиле 90 гости;22;info;top
ресторан для свадьбы в санкт петербурге;22;venue-type;top
свадьба в стиле дошик;22;info;top
второй день свадьбы в стиле 90 х;22;info;top
свадебная площадка лед;22;core;top
сколько длится свадебная фотосессия;22;vendors;top
букет невесты сколько серий;22;vendors;top
нежный букет цветов невесте;22;vendors;top
букет невесты должен ли;22;vendors;top
букет невесты тверь;22;vendors;top
красивый букет невесты фото;22;vendors;top
какой букет дарить на свадьбу невесте;22;vendors;top
букет невесты flowwow;22;vendors;top
букет невесты мастер класс;22;vendors;top
минималистичный букет невесты;22;vendors;top
отдают ли букет невесты;22;vendors;top
фиалка букет невесты фото и описание;22;vendors;top
фиалки описание букет невесты;22;vendors;top
купить букет для невесты в калуге;22;vendors;top
большие цветы на свадьбе;22;rest;top
цветы на подставке на свадьбу;22;rest;top
закуски на фуршет на свадьбу;22;rest;top
как испечь свадебный каравай в домашних условиях;22;info;top
тесто на каравай свадебный рецепт с фото;22;rest;top
свадебный каравай как встречать;22;info;top
ленточки на машины на свадьбу;22;rest;top
свадебная фотосессия в музее;22;vendors;top
мария куликова кто поймал букет невесты;22;vendors;top
аренда для свадебной фотосессии;22;vendors;top
кто поймал букет невесты все серии;22;vendors;top
банкетные залы ростов на дону;22;venue-type;top
банкетный зал ростов на дону;22;venue-type;top
декор банкетный зал;22;vendors;top
мой год банкетный зал;22;venue-type;top
самые большие банкетные залы;22;venue-type;top
самый большой банкетный зал;22;venue-type;top
банкетные залы тольятти;22;venue-type;top
банкетный зал тольятти;22;venue-type;top
золотой сазан банкетный зал;22;venue-type;top
банкетный зал петровский;22;venue-type;top
банкетные залы рестораны аренда;22;venue-type;top
банкетный зал с караоке москва;22;venue-type;top
котельники банкетный зал;22;venue-type;top
времена года банкетный зал;22;venue-type;top
банкетный зал прованс варшавское шоссе;22;venue-type;top
консул банкетный зал парк культуры;22;venue-type;top
маленькие банкетные залы москва;22;venue-type;top
маленький банкетный зал москва;22;venue-type;top
банкетный зал теплица;22;venue-type;top
банкетные залы волжский;22;venue-type;top
банкетный зал волжский;22;venue-type;top
банкетные залы зал ру;22;venue-type;top
банкетные залы ру;22;venue-type;top
бонимария банкетный зал;22;venue-type;top
банкетные залы строгино;22;venue-type;top
банкетный зал строгино;22;venue-type;top
банкетные залы мск;22;venue-type;top
банкетный зал мск;22;venue-type;top
затишье банкетный зал;22;venue-type;top
выездной банкетный зал;22;venue-type;top
банкетный зал москва сити;22;venue-type;top
стеклянные банкетные залы;22;venue-type;top
стеклянный банкетный зал;22;venue-type;top
компании банкетный зал;22;venue-type;top
ареал банкетный зал;22;venue-type;top
банкетные залы свадьбы 20 человек;22;venue-type;top
банкетный зал свадьбу 20 человека;22;venue-type;top
банкетный зал 350 человек;22;venue-type;top
сколько стоит аренда банкетного зала;22;venue-type;top
снять банкетный зал недорого;22;venue-type;top
банкетный зал кристал;22;venue-type;top
банкетные залы магнитогорск;22;venue-type;top
банкетный зал магнитогорск;22;venue-type;top
банкетный зал звезда;22;venue-type;top
банкетный зал усадьба москва;22;venue-type;top
банкетные залы сочи;22;venue-type;top
банкетный зал сочи;22;venue-type;top
аренда банкетного зала спб;22;venue-type;top
банкетные залы спб аренда;22;venue-type;top
банкетные залы альметьевск;22;venue-type;top
банкетный зал альметьевск;22;venue-type;top
банкетное меню на сколько человек;22;venue-type;top
русские банкетное меню;22;venue-type;top
расчет банкетного меню;22;venue-type;top
где сделать свадебные фото;22;info;top
фото свадебных причесок на средние волосы;22;rest;top
как подписать свадебное фото в инстаграм;22;info;top
свадебные фото отзывы;22;rest;top
свадебные фото в цвета;22;rest;top
фото свадебных фото с рукавом;22;rest;top
реальные свадебные фото;22;rest;top
сумма даты свадьбы;22;info;top
28 дата свадьбы;22;rest;top
маме с днем бракосочетания сына;22;rest;top
свадебный стол в ресторане;22;venue-type;top
заставка для свадебного видео;22;rest;top
новые свадебные видео;22;rest;top
свадебные клятвы купить;22;rest;top
этикетка на свадебную бутылку;22;rest;top
свадьба в стиле игры;22;info;top
татарские свадебные традиции;22;info;top
современные свадебные традиции;22;info;top
создать приглашение на свадьбу с помощью ии;22;info;top
торт на золотую свадьбу фото;22;vendors;top
фигурка на торт свадьба;22;vendors;top
музыка для выноса торта на свадьбу;22;vendors;top
торт на свадьбу красный;22;vendors;top
трехъярусный торт на свадьбу;22;vendors;top
продажа торта на свадьбе;22;vendors;top
прямоугольный торт на свадьбу размеры;22;vendors;top
свадебная фотосессия дома;22;vendors;top
музыка мендельсона свадебный;22;vendors;top
я сменила жениха прямо на свадьбе;22;rest;assoc
покажи свадебные фотографии;22;vendors;top
недорогие свадебные торты москва;22;vendors;top
я изменила мужу в свадебном зале;22;core;top
свадебный зал дербент;22;core;top
каравай на свадьбу зеленоград;22;geo;top
видное площадки свадьбы;22;core;top
свадьба зимой невеста;22;info;top
самые красивые свадьбы лета;22;rest;top
свадьба в кафе пушкин;22;venue-type;top
дом 2 день свадьбы;22;rest;top
дом дракона свадьба;22;rest;top
выкуп на свадьбу невесты из дома;22;rest;top
свадьба в чужом доме;22;rest;top
что нужно для невесты на свадьбу;22;info;top
что нужно купить для свадьбы;22;info;top
площадки для свадеб сочи;21;core;top
площадки для свадьбы тверь;21;core;top
места для фото свадьбы;21;rest;top
места для свадьбы рестораны;21;venue-type;top
аренда банкетного зала для свадьбы в москве;21;venue-type;top
лучшие рестораны для камерной свадьбы;21;venue-type;top
рестораны для армянской свадьбы;21;venue-type;top
организация свадьбы ресторане;21;venue-type;top
организацией свадеб занимаюсь;21;core;top
свадьба на теплоходе отзывы;21;venue-type;top
свадьбы в детском саду;21;rest;top
свадьба второй день на природе;21;venue-type;top
отметить свадьбу на 10 человек;21;capacity;top
алкоголь на свадьбу на 20 человек;21;capacity;top
зал на свадьбу 20 человек;21;core;top
сколько алкоголя на свадьбу 30 человек;21;rest;top
банкетные залы москва свадьба недорого;21;venue-type;top
машины свадьбу недорого;21;price;top
организовать недорогую свадьбу;21;price;top
стоимость свадьбы под ключ;21;price;top
стоимость человека ресторане свадьбу;21;venue-type;top
артиленд свадьба стоимость;21;price;top
загс свадьба сколько стоит;21;price;top
свадьба в метро маяковская сколько стоит;21;price;top
сколько стоит фотосессия свадьбы;21;vendors;top
сколько стояла свадьба иды галич;21;rest;top
ведущий на свадьбу роман;21;vendors;top
ведущий на свадьбу рязань;21;vendors;top
авито свадебный декор;21;vendors;top
рассадка гостей на свадьбе оформление;21;vendors;top
отзыв свадебному организатору;21;vendors;top
камеди кравец свадебное агентство;21;vendors;top
свадебное агентство спб;21;vendors;top
comedy club в свадебном агентстве;21;vendors;top
comedy свадебное агентство;21;vendors;top
самые красивые свадебные торты;21;vendors;top
коробка для свадебного торта;21;vendors;top
шоколадные фигурки на торт свадебный;21;vendors;top
свадебный торт сердце;21;vendors;top
овальный свадебный торт;21;vendors;top
свадебный торт тирамису;21;vendors;top
свадебный торт спб;21;vendors;top
курсы свадебного стилиста;21;vendors;top
выездная регистрация санкт петербург;21;vendors;top
выездная регистрация тула;21;vendors;top
выездная регистрация бракосочетания;21;vendors;top
услуги выездной регистрации;21;vendors;top
есть ли выездная регистрация брака;21;vendors;top
турандот выездная регистрация;21;vendors;top
бюджет свадьбы москва;21;geo;top
свадьба средний бюджет;21;rest;top
свадьба 40 сценарий;21;info;top
сценарий свадьбы в народном стиле;21;info;top
начало свадьбы сценарий;21;info;top
начинаем свадьбу сценарий;21;info;top
сценарий праздника на свадьбу;21;info;top
лучший день для свадьбы в сентябре;21;info;top
свадьба в стиле вечеринки vs зеленый минимализм;21;geo;top
свадьба в стиле кантри;21;info;top
название стилей свадьбы;21;info;top
фон для рассадки гостей на свадьбе;21;info;top
как сделать план рассадки гостей на свадьбе;21;info;top
фотосессия в стиле свадьбы;21;vendors;top
банкетные залы для свадьбы 20 человек;21;venue-type;top
банкетный зал для свадьбы 20 человек;21;venue-type;top
в каком стиле сделать свадьбу;21;info;top
площадки для празднования свадеб;21;core;top
выездная регистрация брака усадьба;21;vendors;top
сценарий на 2 день свадьбы смешной;21;info;top
где фотографы свадебные;21;vendors;top
свадебная фотосессия в особняке;21;vendors;top
где можно сделать свадебную фотосессию;21;vendors;top
места для свадебной фотосессии в подмосковье;21;vendors;top
фотосессия свадебная в студии с арендой;21;vendors;top
видеосъемка свадеб москве;21;geo;top
авито свадебная арка;21;rest;top
фотозона на свадьбу 2026;21;vendors;top+assoc
буквы на свадьбу на фотозону;21;vendors;top
букет невесты красные белые розы;21;vendors;top
кто поймал букет невесты сколько серий;21;vendors;top
свадебный букет невесты пинтерест;21;vendors;top
букет невесты нежные цвета;21;vendors;top
букет невесты аудиокнига;21;vendors;top
сколько букетов нужно невесте;21;vendors;top
что означает поймать букет невесты;21;vendors;top
где можно заказать букет невесты;21;vendors;top
букет невесты фрезия и эустома;21;vendors;top
букет невесты купить мытищи;21;vendors;top
букет невесты из лилий фото;21;vendors;top
букет для невесты от родителей жениха;21;vendors;top
желтый букет невесты;21;vendors;top
букет невесты из пионов и роз;21;vendors;top
букет невесты пушкино;21;vendors;top
мария куликова букет невесты;21;vendors;top
зачем нужен букет невесты;21;vendors;top
букет невесты в эпоксидной смоле;21;vendors;top
букет невесты с бордовыми цветами;21;vendors;top
покупают ли цветы на свадьбу;21;rest;top
президиум на свадьбу 2026;21;rest;top+assoc
как украсить свадебный каравай в домашних условиях;21;info;top
музыкант на свадьбе 7 букв сканворд;21;vendors;top
зачем машины на свадьбу;21;info;top
цвет машины на свадьбу;21;rest;top
машину на свадьбу недорого;21;price;top
бантики на машину на свадьбу;21;rest;top
свадебная фотосессия в ботаническом саду;21;vendors;top
банкетные залы на 400 человек;21;venue-type;top
банкетный зал на 400 человек;21;venue-type;top
банкетный зал 14;21;venue-type;top
банкетный зал в махачкале цены;21;venue-type;top
банкетный зал сокольника;21;venue-type;top
банкетные залы нальчик;21;venue-type;top
банкетный зал нальчик;21;venue-type;top
банкетный зал на 500 человек;21;venue-type;top
банкетный зал особняк;21;venue-type;top
банкетное залы вао;21;venue-type;top
банкетный зал вао;21;venue-type;top
банкетный зал на 120 человек;21;venue-type;top
банкетный зал парадайс;21;venue-type;top
красивые банкетные залы в москве;21;venue-type;top
банкетные залы белгород;21;venue-type;top
банкетный зал белгород;21;venue-type;top
эвент холл банкетный зал;21;venue-type;top
банкетные залы с живой музыкой;21;vendors;top
стены банкетного зала;21;venue-type;top
банкетный зал арт;21;venue-type;top
банкетный зал гранд москва;21;venue-type;top
банкетный зал можайск;21;venue-type;top
рестораны для свадьбы рейтинг;21;venue-type;top
место для свадьбы ресторан;21;venue-type;top
банкетное меню ресторана с ценами;21;venue-type;top
золотая вобла банкетное меню;21;venue-type;top
свадебные лилии фото;21;rest;top
старые свадебные фото;21;rest;top
свадебные пионы фото;21;rest;top
фон для свадебного фото;21;rest;top
свадебные фото криштиану;21;rest;top
как украсить свадебное фото;21;info;top
4 свадьбы дата выхода;21;rest;top
можно ли поменять дату свадьбы;21;rest;top
дата свадьбы роналдо;21;rest;top
свадебные искусственные на стол;21;rest;top
места свадебной церемонии;21;rest;top
свадебные образы брюки;21;rest;top
выездная церемония бракосочетания цена в москве;21;geo;top
как называется церемония бракосочетания;21;info;top
бокалы для шампанского свадебные;21;rest;top
свадебная ночь дорама;21;rest;top
свадебная ночь отзывы;21;rest;top
свадебные обряды славян;21;rest;top
маленькие свадьбы в ресторане;21;venue-type;top
свадьба в малом театре;21;rest;top
свадебные пригласительные онлайн;21;info;top
торт на 60 свадьбы;21;vendors;top
торты на свадьбу видео;21;vendors;top
свадебная фотография уроки для начинающих;21;vendors;top
свадебные баннеры для фотозоны;21;vendors;top
свадьба москва бюджет;21;geo;top
зал для свадьбы мытищи;21;geo;top
залы для свадьбы мытищи;21;geo;top
ресторан пушкино свадьба;21;venue-type;top
свадьба в раменском где;21;rest;top
свадьба зимой фото;21;info;top
свадьба в конце августа;21;info;top
благоприятные дни для свадьбы в октябре 2026;21;info;top
свадьба в ледяном доме;21;rest;top
как сэкономить на свадьбе;21;info;top
свадебные площадки ярославль;20;core;top
свадебная площадка на карте;20;core;top
площадка для свадьбы на природе в москве;20;venue-type;top
площадки для свадьбы серпухов;20;core;top
места для празднования свадьбы;20;rest;top
аренда места для свадьбы;20;price;top
необычная свадьба где отметить;20;info;top
банкетный зал подольск для свадьбы;20;venue-type;top
банкетный зал для свадьбы москва недорого;20;venue-type;top
недорогие банкетные залы москвы для свадьбы;20;venue-type;top
ресторан для камерной свадьбы 20 человек;20;venue-type;top
ресторан для свадьбы рейтинг;20;venue-type;top
свадебный банкет еда;20;core;top
свадебный банкет где;20;core;top
организация мероприятий свадьбы;20;core;top
снять теплоход на свадьбу в москве;20;venue-type;top
организовать свадьбу на природе;20;venue-type;top
локации свадьбы на природе;20;venue-type;top
свадьба на 30 человек бюджет;20;capacity;top
проведение камерной свадьбы;20;capacity;top
отметить свадьбу за городом;20;core;top
локации для свадьбы в москве и подмосковье;20;geo;top
где отпраздновать свадьбу в москве недорого;20;price;top
залы для свадьбы москва недорого;20;price;top
свадебное агентство свадьба под ключ;20;vendors;top
сколько стоит диджей на свадьбу;20;vendors;top
сколько стоит самая дорогая свадьба;20;price;top
ведущие на свадьбе иды галич;20;vendors;top
татарские ведущие на свадьбу;20;vendors;top
ведущий на свадьбу дмитрий;20;vendors;top
ведущий на свадьбу дмитрий дмитриев;20;vendors;top
услуги ведущего на свадьбу;20;vendors;top
декор свадебного торта из вафельной бумаги;20;vendors;top
свадебный декор из вафельной бумаги;20;vendors;top
свадебный декор искусственными цветами;20;vendors;top
оформление на год свадьбы;20;vendors;top
камеди клаб кравец свадебное агентство;20;vendors;top
лучшие свадебные агентства;20;vendors;top
безе свадебное агентство;20;vendors;top
торт в итальянском стиле свадебный;20;vendors;top
свадебные торты 2026 прямоугольные;20;vendors;top
свадебные торты мини;20;vendors;top
готовит свадебный торт;20;vendors;top
вкусные свадебные торты;20;vendors;top
набор свадебных тортов;20;vendors;top
прямоугольный длинный свадебный торт;20;vendors;top
свадебный торт с малиной;20;vendors;top
современные свадебные торты;20;vendors;top
свадебный торт с капкейками;20;vendors;top
свадебные недорогие торты с доставкой;20;vendors;top
выездная регистрация спб;20;vendors;top
локации для выездной регистрации;20;vendors;top
сценарий летия свадьбы;20;info;top
сценарии 45 свадьбе;20;info;top
свадьба 2026 выкуп сценарий;20;info;top
как одеться на свадьбу в сентябре;20;info;top
свадьба в стиле сказки;20;info;top
свадьба в китайском стиле;20;info;top
стиль одежды на свадьбу для мужчин;20;info;top
свадьба в стиле стимпанк;20;info;top
светлица площадка для свадьбы;20;core;top
4 свадьбы свадьба в камерном стиле;20;capacity;top
свадебный торт фото трехъярусный;20;vendors;top
свадебный торт на 50 человек сколько;20;vendors;top
свадебный торт фото двухъярусный на свадьбу;20;vendors;top
места для выездной регистрации в москве;20;vendors;top
свадебные площадки шатры;20;core;top
организация свадеб отзывы;20;core;top
мой маленький пони свадьба каденса;20;capacity;top
бывший свадебный фотограф;20;vendors;top
область свадебный фотограф;20;vendors;top
свадебный фотограф дмитрий;20;vendors;top
свадебная фотосессия в центре москвы;20;vendors;top
свадебная фотосессия 2026;20;vendors;top
фотозона на свадьбу москва;20;vendors;top
баннер для фотозоны на свадьбу;20;vendors;top
букет невесты из белых цветов;20;vendors;top
букет невесты смешной;20;vendors;top
темный букет невесты;20;vendors;top
букет невесты оранжевый;20;vendors;top
дарят ли букеты на свадьбу невесте;20;vendors;top
букет невесты слушать;20;vendors;top
искусственный букет невесты можно;20;vendors;top
можно ли искусственный букет невесты;20;vendors;top
букет невесты собрать самому;20;vendors;top
букет невесты из живых цветов купить;20;vendors;top
авито букет невесты;20;vendors;top
свадебный букет невесте на свадьбу;20;vendors;top
букет невесты с лавандой;20;vendors;top
букет невесты дома;20;vendors;top
букет невесты в августе;20;vendors;top
бутоньерка на свадьбу из живых цветов;20;rest;top
стол президиум на свадьбу;20;rest;top
свадебные караваи на заказ;20;rest;top
постановка свадебного танца цена;20;rest;top
фон для пригласительных на свадьбу;20;info;assoc
свадьба на машинах видео;20;rest;top
прокат лимузинов в москве на свадьбу;20;geo;top
аренда лимузина на свадьбу цены;20;price;top
красивые места для свадебной фотосессии в москве;20;vendors;top
свадебная фотосессия в эрмитаже;20;vendors;top
свадебная фотосессия нужна;20;vendors;top
усадьба гребнево банкетный зал пушкин;20;venue-type;top
небольшие банкетные залы москва;20;venue-type;top
небольшой банкетный зал москва;20;venue-type;top
банкетные залы псков;20;venue-type;top
банкетный зал псков;20;venue-type;top
банкетный зал воронеж краснознаменная;20;venue-type;top
банкетный зал краснознаменная;20;venue-type;top
банкетный зал горная долина;20;venue-type;top
банкетный зал горный;20;venue-type;top
банкетный зал моряна;20;venue-type;top
банкетный зал ул коммунальная слобода 25в фото;20;venue-type;top
банкетные залы симферополь;20;venue-type;top
банкетный зал симферополь;20;venue-type;top
банкетные залы запад;20;venue-type;top
банкетный зал запад;20;venue-type;top
банкетный зал панорамный;20;venue-type;top
панорамные банкетные залы;20;venue-type;top
жара банкетный зал;20;venue-type;top
снять банкетный зал на 30 человек;20;venue-type;top
банкетный зал горка;20;venue-type;top
банкетный зал велики;20;venue-type;top
банкетный зал в свао;20;venue-type;top
банкетный зал хаять;20;venue-type;top
хаял банкетный зал;20;venue-type;top
фабрика банкетный зал;20;venue-type;top
государь банкетный зал москва;20;venue-type;top
традиции банкетный зал;20;venue-type;top
дюшес банкетный зал;20;venue-type;top
банкетный зал потолок;20;venue-type;top
банкетные залы на 10 человек москва;20;venue-type;top
банкетный зал европейский в москве;20;venue-type;top
шале банкетный зал;20;venue-type;top
шали банкетный зал;20;venue-type;top
банкетные залы земфира махачкала;20;venue-type;top
земфира банкетный зал махачкала;20;venue-type;top
банкетные залы проспект мира;20;venue-type;top
проспект мира банкетный зал;20;venue-type;top
банкетные залы дербента триумф;20;venue-type;top
азимут банкетный зал;20;venue-type;top
банкетные залы азимут;20;venue-type;top
банкетные залы московский район;20;venue-type;top
банкетный зал московский район;20;venue-type;top
баня с банкетным залом;20;venue-type;top
банкетный зал легенда;20;venue-type;top
авито банкетные залы;20;venue-type;top
авито банкетный зал;20;venue-type;top
банкетный зал махачкала дворец;20;venue-type;top
банкетные залы павловская;20;venue-type;top
павловский банкетный зал;20;venue-type;top
цмт банкетные залы;20;venue-type;top
цмт банкетный зал;20;venue-type;top
банкетный зал европа махачкала;20;venue-type;top
ярославский банкетный зал;20;venue-type;top
банкетный зал меридиан;20;venue-type;top
альметьевск банкетный зал кафе;20;venue-type;top
рестораны камерные для свадьбы 20 человек;20;venue-type;top
банкетное меню в ресторанах москвы;20;venue-type;top
банкетное меню цены москва;20;venue-type;top
музыка для свадебного танца жениха и невесты;20;vendors;assoc+top
свадьба в загородном отеле подмосковья;20;venue-type;top
площадки для свадьбы в москве на природе;20;venue-type;top
свадебные фото осенью;20;info;top
свадебные фото дома;20;rest;top
свадебное фото натальи;20;rest;top
свадебные фото меган;20;rest;top
создать свадебное фото онлайн;20;rest;top
свадебные фото показать;20;rest;top
свадебный переполох фото;20;rest;top
свадебные фото иды галич;20;rest;top
фото свадебные парней;20;rest;top
точная дата свадьбы;20;rest;top
свадьба по дате рождения жениха;20;rest;top
самая красивая дата свадьбы;20;rest;top
как рассчитать идеальную дату свадьбы;20;info;top
свадьба вслепую дата выхода;20;rest;top
с днем бракосочетания дочери родителям;20;rest;top
ваза на стол свадебная;20;rest;top
искусственные цветы на свадебном столе;20;rest;top
видео жесткая свадебная оргия;20;rest;top
свадебное видео короткое;20;rest;top
свадебные церемонии отзывы;20;rest;top
церемония свадебная стоимость;20;price;top
крем wedding day;20;rest;top
свадебный образ с юбкой;20;rest;top
приснилась свадьба с человеком;20;rest;top
свадебный центр вега москва официальный сайт;20;geo;top
свадьба бальзаминова автор;20;rest;top
свадьба по обмену отзывы;20;rest;top
свадебная клятва в горе и радости;20;rest;top
свадебная клятва и в горе;20;rest;top
нежный свадебный вальс;20;rest;top
свадебные обряды и традиции;20;info;top
свадебный план лакорн 3;20;info;top
традиция свечи на свадьбе;20;info;top
новые традиции на свадьбе;20;info;top
свадебные традиции мира;20;info;top
как рассчитать вес торта на свадьбу;20;vendors;top
торт на свадьбу домашний;20;vendors;top
торт на свадьбу обычный;20;vendors;top
сколько кг торта надо на свадьбу;20;vendors;top
надпись на бенто торт на свадьбу;20;vendors;top
расчет торта на свадьбу;20;vendors;top
где заказать торт на свадьбу;20;vendors;top
вкусный торт на свадьбу;20;vendors;top
круглый торт на свадьбу;20;vendors;top
свадебная музыка для танца жениха;20;vendors;top
современная свадебная музыка;20;vendors;top
яндекс музыка свадебная;20;vendors;top
старые свадебные фотографии;20;vendors;top
свадебные идеи оформления;20;vendors;top
музыка для первого танца молодых на свадьбе;20;vendors;assoc
свадебная фотозона своими руками;20;vendors;top
аренда свадебной фотозоны;20;vendors;top
декоратор на свадьбу цена;20;vendors;top
площадки для свадьбы сочи;20;core;top
раменское сыграть свадьбу;20;rest;top
день свадьбы в июле;20;info;top
даты свадьбы в июле;20;info;top
выкуп свадьба частный дом;20;rest;top
свадьба дом нижний новгород;20;rest;top
свадьба дома декор;20;vendors;top
дом 2 свадьба гобозовых;20;rest;top
свадебные площадки в подмосковье на природе;19;venue-type;top
свадебные зимние площадки;19;info;top
led свадебная площадка;19;core;top
новая свадебная площадка;19;core;top
площадки для свадьбы в подольске;19;core;top
где красиво отметить свадьбу;19;info;top
где можно отметить свадьбу недорого 19 человек;19;price;top
рестораны для свадьбы волгоград;19;venue-type;top
таджикские рестораны для свадьбы;19;venue-type;top
меню свадебного банкета;19;core;top
где недорого провести свадьбу в москве;19;price;top
кафе провести свадьбу;19;venue-type;top
сколько стоит организация свадьбы;19;price;top
усадьбы для проведения свадеб в подмосковье;19;venue-type;top
свадьба на крыше в москве;19;venue-type;top
проведение свадьбы на природе;19;venue-type;top
свадьба на природе в подмосковье недорого;19;venue-type;top
регистрация свадьбы на природе;19;vendors;top
залы для свадьбы на 20 человек;19;capacity;top
свадьба на 20 человек как организовать;19;capacity;top
свадьба на 20 человек цена;19;capacity;top
рассчитать свадьбу на 30 человек;19;capacity;top
идеи для камерной свадьбы;19;capacity;top
сценарий маленькой домашней свадьбы;19;capacity;top
маленькие женщины свадьба;19;capacity;top
свадеб стало меньше;19;rest;top
камерная свадьба в подмосковье;19;capacity;top
свадьба под ключ бюджетно;19;price;top
сколько стоит сатир на свадьбу;19;price;top
сколько стоит устроить свадьбу;19;price;top
ведущий музыкой на свадьбу;19;vendors;top
ведущий на юбилей свадьбы;19;vendors;top
фотограф и видеограф на свадьбу москва;19;vendors;top
фотограф на свадьбу в москве цена;19;vendors;top
свадебный декор екатеринбург арина;19;vendors;top
крем для свадебного торта;19;vendors;top
свадебный торт подольск;19;vendors;top
небольшой свадебный торт;19;vendors;top
нож и лопатка для свадебного торта;19;vendors;top
огромный свадебный торт;19;vendors;top
сколько стоит кг свадебного торта;19;vendors;top
красивые свадебные торты фото;19;vendors;top
азбука вкуса свадебный торт;19;vendors;top
свадебный торт низкий;19;vendors;top
три свадебных торта;19;vendors;top
выездная регистрация шатер;19;vendors;top
выездная регистрация на море;19;vendors;top
сколько стоит официальная выездная регистрация;19;vendors;top
церемония выездной регистрации;19;vendors;top
подготовка к свадьбе пошагово план;19;info;top
сценарий свадьбы слова тамады;19;vendors;top
сценарий свадьбы молодоженов;19;info;top
юбилей 50 свадьба сценарий;19;info;top
свадьба в сентябре 2027;19;info;top
идеи для девичника перед свадьбой от подруг;19;info;top
свадьба в русском стиле фото;19;info;top
свадьба в черно белом стиле;19;info;top
свадьба в культурно эстетическом стиле;19;info;top
стиль свадьбы музыка;19;vendors;top
свадьба в стиле китч;19;info;top
создать план рассадки гостей на свадьбе онлайн;19;info;top
банкетный зал для свадьбы московский;19;venue-type;top
клятва в загсе при бракосочетании текст;19;rest;assoc
сценарий свадьба жених и невеста;19;info;top
свадьба в стиле деревни;19;info;top
банкетные залы для свадьбы цена;19;venue-type;top
банкетный зал для свадьбы цены;19;venue-type;top
белый одноярусный свадебный торт;19;vendors;top
бюджетный свадебный фотограф екатеринбург;19;vendors;top
свадебный фотограф и видеограф;19;vendors;top
услуги свадебного фотографа екатеринбург;19;vendors;top
фотосессия балашиха свадебная;19;vendors;top
савой свадебная фотосессия;19;vendors;top
купить свадебную арку с цветами;19;rest;top
букет невесты бохо;19;vendors;top
букет из гипсофилы на свадьбу для невесты;19;vendors;top
букет невесты химки;19;vendors;top
букет невесты купить в спб;19;vendors;top
букет невесты тула;19;vendors;top
дешевые букеты невесты тула;19;vendors;top
см букет невесты;19;vendors;top
органик освежающий скраб для лица букет невесты;19;vendors;top
букет невесты флаувау;19;vendors;top
букет невесты из кустовых роз и гипсофилы;19;vendors;top
букет невесты из мелких;19;vendors;top
букет невесты гладиолусы купить;19;vendors;top
букет невесты цвета должен быть;19;vendors;top
как подписать букет невесты;19;vendors;top
букет невесты откуда;19;vendors;top
как засушить букет невесты;19;vendors;top
букет невесты эустома белые розы;19;vendors;top
букет невесты из синих роз;19;vendors;top
букет невесты митино;19;vendors;top
букет невесты волгоград;19;vendors;top
кто ловит букет невесты;19;vendors;top
букет невесты из 9 калл;19;vendors;top
цветочный магазин букет невесты;19;vendors;top
как украсить президиум на свадьбу;19;info;top
свадебный каравай видео;19;rest;top
свадьба на красной машине;19;rest;top
ретро машина на свадьбу;19;rest;top
длинная машина на свадьбу;19;rest;top
машина напрокат на свадьбу;19;rest;top
машины на свадьбу прокат с водителем;19;rest;top
гребнево банкетный зал лесной;19;venue-type;top
банкетный зал 1 воронеж краснознаменная;19;venue-type;top
банкетный зал 1 краснознаменная;19;venue-type;top
банкетный зал пантеон в царицыно;19;venue-type;top
golden банкетный зал;19;venue-type;top
персона банкетный зал;19;venue-type;top
банкетный зал кегельбан;19;venue-type;top
рестораны с небольшими банкетными залами;19;venue-type;top
банкетный зал тамара;19;venue-type;top
банкетный зал ул жужа 37 отзывы;19;venue-type;top
банкетный зал теплый стан;19;venue-type;top
стан банкетный зал;19;venue-type;top
триумф эвент холл банкетный зал;19;venue-type;top
republic банкетный зал;19;venue-type;top
банкетные залы элиста;19;venue-type;top
банкетный зал элиста;19;venue-type;top
банкетные залы улан;19;venue-type;top
турандот банкетный зал;19;venue-type;top
современные банкетные залы;19;venue-type;top
современный банкетный зал;19;venue-type;top
левобережная банкетные залы;19;venue-type;top
левобережный банкетный зал;19;venue-type;top
банкетные залы в армении;19;venue-type;top
банкетный зал русская история;19;venue-type;top
фьюжн банкетный зал;19;venue-type;top
александр грин банкетный зал домодедово;19;venue-type;top
банкетный зал бокал;19;venue-type;top
банкетные залы павловский посад;19;venue-type;top
банкетный зал павловский посад;19;venue-type;top
банкетный зал жемчужина махачкала;19;venue-type;top
рестораны армянские для свадьбы;19;venue-type;top
заказать банкетное меню с доставкой;19;venue-type;top
название свадебных фото;19;rest;top
свадебный букет из эустомы фото;19;vendors;top
красивые локации для свадебных фото;19;rest;top
свадебный фиалка фото и описание;19;rest;top
свадебные фото силуэты;19;rest;top
бородина свадебные фото;19;rest;top
прилучный дата свадьбы;19;rest;top
свадьба прилучного дата;19;rest;top
звездная карта на дату свадьбы;19;rest;top
даты для свадьбы в ноябре 2026;19;info;top
благополучные даты для свадьбы;19;rest;top
как забронировать дату свадьбы в загсе;19;info;top
благоприятная дата свадьбы календарь;19;rest;top
можно ли перенести дату свадьбы в загсе;19;rest;top
можно перенести дату свадьбы в загсе;19;rest;top
2 в дате свадьбы;19;rest;top
благоприятные даты для свадьбы в августе;19;info;top
какие красивые даты для свадьбы в 2027;19;info;top
31 дата свадьбы;19;rest;top
оформление свадебного стола цветами;19;vendors;top
футаж для свадебного видео;19;rest;top
ведущий свадебной церемонии в загс зарплата;19;vendors;top
свадебный образ с пиджаком;19;rest;top
приснилась свадьба с бывшим;19;rest;top
свадьба бальзаминова театр;19;rest;top
свадебная коллекция белья;19;rest;top
моя невеста мы будем вместе;19;rest;top
house for wedding подрядчики;19;rest;top
какой свадебный обряд;19;rest;top
свадебные славянские обряды;19;rest;top
свадьба в маленькой компании сценарий;19;capacity;top
кружевные свадебные перчатки митенки;19;rest;top
перчатки митенки свадебные;19;rest;top
свадьба стиль классика;19;info;top
плакаты на свадьбу в стиле 90 х;19;info;top
свадебные традиции стран;19;info;top
тильда свадебные приглашения;19;info;top
как хорошо провести свадьбу;19;info;top
что говорят в загсе при бракосочетании текст;19;info;assoc
торт на свадьбу жених и невеста;19;vendors;top
торт на 45 свадьбы;19;vendors;top
как выбрать торт на свадьбу;19;vendors;top
торт на свадьбу пинтерест;19;vendors;top
начинки для торта на свадьбу;19;vendors;top
свадебная танцевальная музыка;19;vendors;top
варианты свадебных оформлений;19;vendors;top
красивые свадебные залы;19;core;top
красивый свадебный зал;19;core;top
свадебный зал своими руками;19;core;top
king town grand hotel wedding center 4;19;rest;assoc
рианна на свадьбе в мытищах;19;geo;top
свадьба зима лето;19;info;top
свадьба в ресторане отель;19;venue-type;top
свадьба в кафе отзывы;19;venue-type;top
свадьба во дворе дома;19;rest;top
устроить свадьбу дома;19;rest;top
аренда лимузина на свадьбу цена;19;price;top
бронирование свадебных площадок;18;rest;top
недорогие свадебные площадки;18;price;top
площадки для свадьбы одинцово;18;geo;top
площадки для свадьбы с проживанием;18;core;top
площадка для свадьбы без аренды;18;price;top
топ площадок для свадьбы в москве;18;geo;top
где отметить золотую свадьбу;18;info;top
свадьба 15 человек где отметить;18;info;top
где отметить свадьбу клин;18;info;top
банкетный зал для свадьбы 60 человек;18;venue-type;top
рестораны москвы для свадьбы на 10 человек;18;venue-type;top
свадебный банкет на свадьбу;18;core;top
свадебный банкет дома;18;core;top
в какие дни проводят свадьбы;18;rest;top
что нужно для организации свадьбы;18;info;top
фемилинк организация свадьбы;18;core;top
организация свадьбы недорого;18;price;top
аренда коттеджа в подмосковье для свадьбы;18;venue-type;top
летние веранды для свадьбы;18;venue-type;top
свадьба на природе фото;18;venue-type;top
камерная свадьба на 30 человек;18;capacity;top
цена свадьбы на 50 человек;18;capacity;top
камерная свадьба нижний;18;capacity;top
свадьба для двоих в москве;18;capacity;top
свадьба для двоих без гостей;18;capacity;top
отпраздновать свадьбу в подмосковье;18;geo;top
идеи недорогой свадьбы для не молодой пары;18;price;top
как сыграть свадьбу недорого;18;price;top
организовать свадьбу под ключ;18;price;top
стоимость свадьбы клавы коки;18;price;top
сколько стоит лазарев на свадьбу;18;price;top
сколько стоит мияги на свадьбу;18;price;top
сколько стоит дарить на свадьбу;18;price;top
сколько стоят приглашения свадьбу;18;info;top
сколько стоит обычная свадьба;18;price;top
ведущий на свадьбу в москве с диджеем;18;vendors;top
ведущий на свадьбе медведевой;18;vendors;top
известные ведущие на свадьбу;18;vendors;top
фотограф на свадьбу фотосессия;18;vendors;top
фотограф на свадьбу екатеринбург цена;18;vendors;top
видео фотограф на свадьбу;18;vendors;top
стоимость свадебного декора;18;vendors;top
тренды свадебного декора;18;vendors;top
оформление арки на свадьбу;18;vendors;top
световое оформление свадьбы;18;vendors;top
свадебное агентство москва свадьба;18;vendors;top
comedy club в свадебном агентстве кравец;18;vendors;top
диджей на свадьбу цена;18;vendors;top
как называется свадебный торт;18;vendors;top
свадебный торт порционный;18;vendors;top
буквы на свадебный торт;18;vendors;top
свадебный торт дмитров;18;vendors;top
изготовление свадебных тортов;18;vendors;top
выездная регистрация орел;18;vendors;top
сценарий русской народной свадьбы;18;info;top
сценарий свадьбы в кафе;18;venue-type;top
сценарий золотой свадьбы для тамады;18;vendors;top
сценарий свадьбы для тамады узкий круг;18;vendors;top
лучшие даты для свадьбы в сентябре 2026;18;info;top
благоприятные даты для свадьбы в сентябре 2026;18;info;top
свадьба в стиле ссср;18;info;top
стиль свадьбы классика;18;info;top
свадьба в стиле панк;18;info;top
плакаты в стиле 90 х на свадьбу;18;info;top
стиль летней свадьбы;18;info;top
свадьба в стиле гарри;18;info;top
свадьба в стиле гарри поттера;18;info;top
схема рассадки гостей на свадьбе онлайн;18;info;top
список рассадки гостей на свадьбе;18;info;top
заказать свадебный торт с доставкой;18;vendors;top
свадьба в восточном стиле;18;info;top
свадьба в тропическом стиле;18;info;top
свадьба в стиле 30;18;info;top
свадьба в стиле дошик бридж;18;info;top
свадебные площадки зеленоград;18;geo;top
свадьба на природе ногинск;18;venue-type;top
стили пригласительных на свадьбу;18;info;top
свадьба в красном стиле;18;info;top
свадьба в стиле 90 х одежда;18;info;top
бывшая тамада на свадьбе;18;vendors;top
свадебный фотограф на час;18;vendors;top
свадебный фотограф москва недорого;18;vendors;top
фотограф свадебная фотография;18;vendors;top
сколько длится свадебная фотосессия зимой;18;vendors;top
свадебная фотосессия в библиотеке;18;vendors;top
локации в москве для свадебной фотосессии летом;18;vendors;top
свадебная фотосессия ресторан;18;vendors;top
фотозона на свадьбу фото;18;vendors;top
свадебный букет невесты розовый;18;vendors;top
когда дарить букет невесте на свадьбе;18;vendors;top
маленький белый букет невесты;18;vendors;top
букет невесты дмитров;18;vendors;top
купит букет невесты бутоньерка;18;vendors;top
доставка цветов букет невесты;18;vendors;top
букет невесты из атласных;18;vendors;top
букет от мамы для невесты на свадьбу;18;vendors;top
идеи для букета невесты;18;vendors;top
букет невесты из чайных роз;18;vendors;top
букет невесты питер;18;vendors;top
букет невесты с цветом тиффани;18;vendors;top
букет невесты с гладиолусами;18;vendors;top
букет невесты каллы розы;18;vendors;top
букет невесты вертикальный;18;vendors;top
стильный букет невесты;18;vendors;top
букет невесты примеры;18;vendors;top
собрать букет невесты своими руками;18;vendors;top
букет невесты волгоград купить;18;vendors;top
чем заменить цветы на свадьбе;18;rest;top
букет цветов на свадьбу от родителей;18;vendors;top
вино вместо цветов на свадьбу;18;rest;top
заказ цветов на свадьбу;18;rest;top
венок из цветов на свадьбу;18;rest;top
искусственные цветы на свадьбе можно ли;18;rest;top
цветы на юбилей свадьбы;18;rest;top
кэнди бар на свадьбу;18;rest;top
свадебный каравай своими руками фото;18;rest;top
где можно купить свадебный каравай;18;info;top
свадебный каравай купить в люберцах;18;rest;top
выступление артиста на свадьбе;18;vendors;top
свадебные фотографии жениха и невесты;18;vendors;assoc+top
можно ли украшать машину на свадьбу;18;rest;top
банкетные залы электросталь;18;venue-type;top
электросталь банкетный зал;18;venue-type;top
банкетный зал лобня;18;venue-type;top
лобня банкетные залы;18;venue-type;top
банкетные залы нижнекамск;18;venue-type;top
банкетный зал нижнекамск;18;venue-type;top
банкетные залы тагила;18;venue-type;top
банкетный зал тагил;18;venue-type;top
банкетный зал верба;18;venue-type;top
банкетные залы в махачкале адреса;18;venue-type;top
банкетный зал елизавета;18;venue-type;top
банкетный зал без аренды москва;18;venue-type;top
банкетный зал villa;18;venue-type;top
банкетный зал весна;18;venue-type;top
ресторан с банкетным залом на 10 человек;18;venue-type;top
банкетные залы арбат;18;venue-type;top
банкетный зал арбат;18;venue-type;top
моряна дербент банкетный зал;18;venue-type;top
лев банкетный зал;18;venue-type;top
банкетный зал кружева;18;venue-type;top
кружево банкетный зал;18;venue-type;top
банкетный зал мелодия;18;venue-type;top
вилла барвиха 135 банкетный зал стоимость;18;venue-type;top
банкетный зал валенсия серпухов;18;venue-type;top
усадьба царицыно банкетный зал;18;venue-type;top
банкетный зал динамо;18;venue-type;top
ключи банкетный зал;18;venue-type;top
банкетные залы в долгопрудный;18;venue-type;top
банкетный зал в измайлово;18;venue-type;top
банкетные залы улан удэ;18;venue-type;top
банкетный зал улан удэ;18;venue-type;top
банкетный зал фламинго;18;venue-type;top
загородный клуб банкетный зал;18;venue-type;top
марракеш махачкала банкетный зал;18;venue-type;top
republic hall банкетный зал;18;venue-type;top
банкетное меню на 30 человек;18;venue-type;top
свадебные двух фото;18;rest;top
5 свадебных фото;18;rest;top
сгенерировать свадебное фото;18;rest;top
свадебные фото дианы;18;rest;top
магомаев и синявская фото в молодости свадебные;18;rest;top
свадебный фото где можно;18;info;top
русские свадебные фото;18;rest;top
вера вонг свадебные фото;18;rest;top
фотошоп свадебные фото онлайн;18;rest;top
свадебные фото стоя;18;rest;top
красивые даты для свадьбы летом;18;info;top
даты свадьбы 23;18;info;top
16 дата свадьбы;18;rest;top
дата свадьбы 17.07 2027;18;rest;top
дата свадьбы 6;18;rest;top
дата свадьбы 29;18;rest;top
дата свадьбы медведевой;18;rest;top
даты свадеб фото;18;info;top
дата свадьбы важна;18;rest;top
калькулятор даты свадьбы;18;info;top
красивые даты для свадьбы в 2028;18;info;top
дата свадьбы 25;18;rest;top
популярные даты для свадьбы;18;rest;top
гифки с днем бракосочетания;18;rest;top
под свадебным столом;18;rest;top
идеи свадебного стола;18;info;top
игры за свадебным столом;18;rest;top
фон для свадебного видео;18;rest;top
современное свадебное видео;18;rest;top
создание свадебных сайтов;18;rest;top
семья молодоженов это;18;rest;top
свадебные обряды книга;18;rest;top
свидетель и свидетельница на свадьбе традиции;18;info;top
традиции свадебного дня;18;info;top
трендовый торт на свадьбу;18;vendors;top
торт на изумрудную свадьбу;18;vendors;top
торт на золотую свадьбу родителям фото;18;vendors;top
ярусные торты на свадьбу;18;vendors;top
отзыв на торт на свадьбу;18;vendors;top
торт для молодоженов на свадьбу;18;vendors;top
торт на хрустальную свадьбу;18;vendors;top
белый торт на свадьбу;18;vendors;top
популярные торты на свадьбу;18;vendors;top
торт на лет дня свадьбы;18;vendors;top
сколько килограмм торта на свадьбу;18;vendors;top
свадебный фотограф фотографии;18;vendors;top
стили свадебного оформления;18;vendors;top
площадка для свадьбы с проживанием;18;core;top
видное площадка для свадьбы;18;core;top
новые свадебные площадки;18;core;top
свадебный зал белый;18;core;top
the wedding mix up дорама;18;rest;assoc
мой маленький пони свадьба принцессы каденс;18;capacity;top
цветы для свадьбы раменское;18;rest;top
авто на свадьбу щелково;18;rest;top
свадьба зимой плюсы;18;info;top
что одеть на свадьбу летом женщине;18;info;top
сценарии свадьбы в кафе;18;venue-type;top
авито дом для свадьбы;18;venue-type;top
свадьба в детском доме;18;rest;top
снять дом на сутки на свадьбу;18;price;top
свадьба дом очаг;18;rest;top
бант на свадьбу на ручку двери автомобиля;18;rest;top
банты на ручки автомобиля свадьба;18;rest;top
заказать автомобиль на свадьбу;18;rest;top
свадебная площадка в коломенском;17;core;top
свадебные площадки подольск;17;core;top
свадебные площадки домодедово;17;core;top
свадебная площадка долгопрудный;17;core;top
пирогово свадебная площадка;17;core;top
мытищи площадка для свадьбы;17;geo;top
сколько стоит площадка для свадьбы;17;price;top
площадки для свадьбы нижний;17;core;top
площадки для организации свадьбы;17;core;top
площадки для свадьбы видное;17;core;top
места для камерной свадьбы;17;capacity;top
банкетные залы для свадьбы на природе;17;venue-type;top
банкетный зал на природе для свадьбы;17;venue-type;top
банкетный зал мытищи для свадьбы;17;venue-type;top
банкетные залы воронеж для свадеб;17;venue-type;top
банкетный зал для свадьбы воронеж;17;venue-type;top
ресторан для свадьбы с видом;17;venue-type;top
ресторан для камерной свадьбы спб;17;venue-type;top
рестораны балашихи для свадьбы;17;venue-type;top
меню ресторан для свадьбы;17;venue-type;top
проведем русскую свадьбу;17;rest;top
провести свадьбу на 20 человек;17;capacity;top
кто проводил свадьбу на кудринской площади;17;rest;top
организация свадьбы под ключ московская область;17;price;top
организация банкета свадьба;17;core;top
свадьба организация где;17;core;top
камеди клаб свадебное агентство марина кравец;17;vendors;assoc+top
зал для свадьбы на природе;17;venue-type;top
свадьба на 20 человек недорого;17;capacity;top
банкетный зал на свадьбу 20 человек;17;venue-type;top
торт на свадьбу на 50 человек;17;vendors;top
зал для камерной свадьбы москва;17;capacity;top
фото свадьбы меньше;17;rest;top
маленькая свадьба дома;17;capacity;top
свадьба любовь маленьких;17;capacity;top
свадьба за городом банкетный;17;venue-type;top
загородный дом для свадьбы московская область;17;venue-type;top
свадьба примерная стоимость;17;price;top
свадьба в царицыно стоимость аренды;17;price;top
сколько сейчас стоит свадьба в среднем;17;rest;top
сколько стоила свадьба гурама;17;price;top
сколько стоит свадьба гурама;17;price;top
сколько стоит машина на свадьбу;17;price;top
сколько стоят the hatters на свадьбу;17;rest;top
свадьба воронеж сколько стоит;17;price;top
сколько стоит видео свадьбы;17;price;top
сколько стоит свадьба в дагестане;17;price;top
ведущая на свадьбу ростов;17;vendors;top
заказать фотографа на свадьбу;17;vendors;top
авито фотограф на свадьбу;17;vendors;top
свадебный декор на свадьбу;17;vendors;top
сделать свадебный декор;17;vendors;top
свадебный декор президиум;17;vendors;top
белый свадебный декор;17;vendors;top
свадебное агентство попаданки;17;vendors;top
марина кравец камеди свадебное агентство;17;vendors;top
свадебные торты замок;17;vendors;top
смешной свадебный торт;17;vendors;top
подача свадебного торта;17;vendors;top
свадебные торты санкт петербург;17;vendors;top
торт свадебный прямоугольный фото;17;vendors;top
свадебные торты бархат;17;vendors;top
свадебный торт красный бархат;17;vendors;top
свадебный торт молочная девочка;17;vendors;top
трендовый свадебный торт;17;vendors;top
торт свадебный 2 ярусный;17;vendors;top
расчет свадебного торта;17;vendors;top
свадебный торт какой лучше;17;vendors;top
визажист на свадьбу москва на дом;17;vendors;top
выездная регистрация рязань;17;vendors;top
зона выездной регистрации;17;vendors;top
выездная регистрация воронеж;17;vendors;top
выездная регистрация свадьбы москва;17;vendors;top
сценарий жемчужной свадьбы;17;info;top
свадьба дома сценарий без тамады;17;vendors;top
свадьба тамада сценарий дома;17;vendors;top
сценарий свадьбы в русском народном стиле;17;info;top
55 свадьбы сценарий;17;info;top
сценарий второго для свадьбы;17;info;top
сценарий свадьбы на даче;17;info;top
самый лучший месяц для свадьбы;17;info;top
идеи для мальчишника перед свадьбой;17;info;top+assoc
необычные идеи для свадьбы;17;info;top
свадьба в американском стиле;17;info;top
рук стиль на свадьбу;17;info;top
свадьба в стиле 20;17;info;top
4 свадьбы стиль 90;17;info;top
стиль лас вегас свадьба;17;info;top
печать плана рассадки гостей на свадьбе;17;info;top
рестораны в красногорске для свадьбы;17;venue-type;top
организация свадьбы камеди;17;core;top
домашняя свадьба сценарий с тамадой;17;vendors;top
свадьба в голливудском стиле vs свадьба;17;info;top
площадка для свадьбы в подмосковье на природе;17;venue-type;top
свадьба в стиле вампиров;17;info;top
свадебный торт на свадьбу одноярусный;17;vendors;top
свадебный тамады на свадьбу;17;vendors;top
бахти свадебный фотограф;17;vendors;top
свадебный фотограф из москвы даниил букреев;17;vendors;top
лучшие локации для свадебной фотосессии;17;vendors;top
фотозона на свадьбу в ресторане;17;vendors;top
фотозона на свадьбу аренда москва;17;vendors;top
букет для невесты на свадьбу каллы;17;vendors;top
букет невесты в бордовом цвете;17;vendors;top
букет невесты сирень;17;vendors;top
свадебный букет для невесты из пионов;17;vendors;top
букет невесты из французских роз;17;vendors;top
букет невесты с синими цветами;17;vendors;top
как сделать букет невесты из живых;17;vendors;top
букет невесты купить красногорск;17;vendors;top
самые стойкие цветы для букета невесты;17;vendors;top
цветы для букета невесты названия;17;vendors;top
букет невесты с красными цветами;17;vendors;top
букет невесты в домашних условиях;17;vendors;top
как самому сделать букет невесты;17;vendors;top
как сделать букет невесты самой;17;vendors;top
букет для невесты на свадьбу купить;17;vendors;top
свадебный букет из калл для невесты значение;17;vendors;top
букет невесты с бутоньеркой в комплекте;17;vendors;top
юзис букет невесты;17;vendors;top
аромат букет невесты;17;vendors;top
букет невесты гвоздики и гипсофилы;17;vendors;top
букет невесты гипсофила и гвоздика;17;vendors;top
букет невесты фото из живых цветов маленький;17;vendors;top
маленький букет невесты фото живые;17;vendors;top
букет невесты из полимерной глины;17;vendors;top
букет невесты оставить себе;17;vendors;top
букет невесты белый с эвкалиптом;17;vendors;top
подписка на цветы на свадьбу;17;rest;top
живые цветы на свадьбу на стол;17;rest;top
вазы для цветов на свадьбу на стол;17;rest;top
палитра цветов на свадьбу;17;rest;top
цвета на свадьбу палитра цветов;17;rest;top
в каких цветах идти на свадьбу;17;rest;top
сделать цветы на свадьбу своими руками;17;rest;top
свадебный каравай воронеж;17;rest;top
каравай свадебный своими руками рецепт с фото;17;rest;top
салют фонтан на свадьбу;17;vendors;top
машина для молодоженов на свадьбу;17;rest;top
архангельская банкетный зал;17;venue-type;top
банкетные залы сао;17;venue-type;top
банкетный зал сао;17;venue-type;top
банкетный зал атмосфера;17;venue-type;top
банкетный зал гарибальди;17;venue-type;top
банкетный зал в щербинке;17;venue-type;top
летние банкетные залы;17;venue-type;top
летний банкетный зал;17;venue-type;top
банкетные залы клинцы;17;venue-type;top
банкетный зал клинцы;17;venue-type;top
банкетные залы мамедкала;17;venue-type;top
отель милан банкетные залы;17;venue-type;top
отель милан банкетный зал;17;venue-type;top
банкетные залы рыбинск;17;venue-type;top
банкетный зал рыбинск;17;venue-type;top
банкетные залы торжеств;17;venue-type;top
банкетный зал торжеств;17;venue-type;top
зал торжеств банкетные залы;17;venue-type;top
банкетный зал кв м;17;venue-type;top
банкетный зал тверская;17;venue-type;top
банкетный зал королевский;17;venue-type;top
банкетные залы ленинский район;17;venue-type;top
банкетные залы архангельск;17;venue-type;top
банкетный зал архангельск;17;venue-type;top
банкетные залы со сценой;17;venue-type;top
банкетный зал со сценой;17;venue-type;top
банкетный зал елена;17;venue-type;top
банкетный зал встреча;17;venue-type;top
банкетные залы юго запад;17;venue-type;top
банкетный зал юго запад;17;venue-type;top
банкетный зал в нахабино;17;venue-type;top
асти банкетный зал;17;venue-type;top
высокий банкетный зал;17;venue-type;top
банкетные залы юго западная;17;venue-type;top
банкетный зал юго западная;17;venue-type;top
банкетные залы суворовская;17;venue-type;top
банкетный зал кристина;17;venue-type;top
армянский банкетный зал в москве;17;venue-type;top
банкетный зал вайт холл;17;venue-type;top
голицыно банкетный зал;17;venue-type;top
банкетные залы сокол;17;venue-type;top
банкетный зал сокол;17;venue-type;top
банкетный зал юг;17;venue-type;top
банкетный зал ворота;17;venue-type;top
банкетный зал ассамблея;17;venue-type;top
paradise банкетный зал;17;venue-type;top
банкетные залы на 60 человек москва;17;venue-type;top
банкетный зал на 60 человек москва;17;venue-type;top
банкетные залы премиум;17;venue-type;top
банкетный зал премиум;17;venue-type;top
банкетный зал на набережной;17;venue-type;top
банкетные залы донской;17;venue-type;top
банкетный зал донской;17;venue-type;top
ресторан для свадьбы балашиха;17;venue-type;top
недорогое банкетное меню;17;venue-type;top
банкетное меню ресторана с ценами москва;17;venue-type;top
гости банкетное меню;17;venue-type;top
свадебные фото 90 х;17;rest;top
свадебные фото в царицыно;17;rest;top
фото свадебное спиной;17;rest;top
свадебное фото бородиной;17;rest;top
свадебные рамки для фото онлайн;17;rest;top
черно белое свадебное фото;17;rest;top
свадебные ногти фото;17;rest;top
свадебный магазин фото;17;rest;top
свадебные фото на природе;17;venue-type;top
свадебное фото на улице;17;rest;top
26.09 2026 дата для свадьбы;17;rest;top
год свадьбы по дате рождения;17;rest;top
самые лучшие даты для свадьбы;17;rest;top
благоприятные даты для свадьбы в октябре;17;info;top
даты свадьба по годам совместной;17;info;top
жизнь по дате свадьбы;17;rest;top
удачные даты для свадьбы в 2027;17;rest;top
26.08 2026 дата для свадьбы;17;rest;top
с датой свадьбы мужу;17;rest;top
первая дата свадьбы;17;rest;top
с днем бракосочетания невесту;17;rest;top
как украсить свадебный стол своими руками;17;info;top
блюда на свадебный стол;17;rest;top
делаем свадебное видео;17;rest;top
свадебные слова видео;17;rest;top
свадебная церемония индия;17;rest;top
красивая свадебная церемония;17;rest;top
свадебные образы жениха и невесты 2026;17;rest;top
свадебный образ на роспись;17;rest;top
приснился день свадьбы;17;rest;top
приснилась свадебное свадьба;17;rest;top
приснилась свадьба с девушкой;17;rest;top
приснилось гулять на свадьбе;17;rest;top
сделать свадебное приглашение сайт;17;info;top
свадебный сайт анны;17;rest;top
церемония бракосочетания видео;17;rest;top
как проходит торжественная церемония бракосочетания;17;info;top
свадебные бокалы и бутылки;17;rest;top
рамки свадебные фоны;17;rest;top
декупаж свадебной бутылки;17;rest;top
басков свадебный вальс;17;rest;top
свадебный план русская озвучка 2;17;info;top
4 свадьбы стиле 90;17;info;top
хлеб на свадьбе традиция;17;info;top
каравай и икона на свадьбе традиции;17;info;top
примеры свадебных приглашений;17;info;top
разрезание торта на свадьбе;17;vendors;top
торт на свадьбу тренд;17;vendors;top
торт на сапфировую свадьбу;17;vendors;top
торт на свадьбу виды;17;vendors;top
торт на свадьбе медведевой;17;vendors;top
смешные надписи на торт свадьба;17;vendors;top
торт на бумажную свадьбу;17;vendors;top
торт на свадьбу сестре;17;vendors;top
где купить торт на свадьбу;17;vendors;top
свадебная фотосессия ресторана;17;vendors;top
свадебные плейлист музыки;17;vendors;top
стили свадебной фотографии;17;vendors;top
фотоальбом для свадебных фотографий;17;vendors;top
места для свадебных фотографий;17;vendors;top
оформление свадебного альбома;17;vendors;top
отзыв свадебной ведущей;17;vendors;top
свадебная площадка подольск;17;core;top
организация банкетов свадьба;17;core;top
организация недорогих свадеб;17;price;top
барвиха свадебный зал;17;core;top
все для свадьбы подольск;17;rest;top
свадьба в кафе цена;17;venue-type;top
оперный дом свадьба;17;rest;top
дом 2 город любви свадьба гобозовых;17;rest;top
свадьбы рестораны дом ресторан;17;venue-type;top
свадьба дома отзывы;17;rest;top
дом 2 свадьба года;17;rest;top
меню на свадьбу дома;17;rest;top
как украсить дом на свадьбу;17;info;top
свадьба как организовать недорогую;17;price;top
сколько в среднем гостей на свадьбе;17;info;top
свадебная площадка пушкин;16;geo;top
площадка для свадьбы ногинск;16;core;top
лучшие места для свадьбы в москве;16;geo;top
где отметить второй день свадьбы;16;info;top
загородные банкетные залы для свадьбы;16;venue-type;top
загородный банкетный зал для свадьбы;16;venue-type;top
волгоград недорогой ресторан для свадьбы;16;venue-type;top
армянские рестораны в москве для свадьбы;16;venue-type;top
ресторан в питере для свадьбы;16;venue-type;top
рестораны для отмечания свадьбы;16;venue-type;top
как провести роспись без свадьбы;16;info;top
проведу вашу свадьбу;16;rest;top
где провести второй день свадьбы;16;info;top
где провести свадьбу в подмосковье недорого;16;price;top
человек который проводит свадьбу;16;rest;top
как провести первую свадьбу;16;info;top
провести необычную свадьбу;16;core;top
организация свадеб москва и московская область;16;geo;top
организация свадьбы самой;16;core;top
организация свадьбы самому;16;core;top
аренда шатра для свадьбы в подмосковье;16;price;top
веранда оранжерея для свадьбы;16;venue-type;top
открытые веранды для свадьбы;16;venue-type;top
дом в лесу свадьба;16;venue-type;top
свадьба в ботаническом саду;16;rest;top
свадьба на природе нижний;16;venue-type;top
свадьба на природе нижний новгород;16;venue-type;top
свадьба дома на 20 человек;16;capacity;top
сколько алкоголя на свадьбу 20 человек;16;rest;top
свадьба камерная видео;16;capacity;top
очень маленькие свадьбы;16;capacity;top
маленький торт на свадьбу;16;vendors;top
маленькая свадьба тамада;16;vendors;top
маленькие свадьбы без тамады;16;vendors;top
где отпраздновать свадьбу в подмосковье;16;geo;top
свадьба в усадьбе москва и подмосковье;16;venue-type;top
истра каравай на свадьбу;16;geo;top
недорогая свадьба форум;16;price;top
заказать каравай на свадьбу недорого;16;price;top
украсить свадьбу своими руками недорого;16;price;top
банкеты свадьбы недорого;16;price;top
кафе на свадьбу недорого цены;16;venue-type;top
где сыграть недорогую свадьбу;16;price;top
свадьба под ключ омск;16;price;top
свадьба под ключ самара;16;price;top
свадьба под ключ оренбург;16;price;top
стоимость свадьбы отзывы;16;price;top
сколько стоит выездная свадьба;16;price;top
сколько стоит фото свадьбы;16;price;top
сколько стоит лепс на свадьбу;16;price;top
сколько стоят цветы на свадьбу;16;rest;top
роль ведущего на свадьбе;16;vendors;top
рейтинг ведущих на свадьбу;16;vendors;top
услуги фотографа на свадьбу екатеринбург;16;vendors;top
фотограф на свадьбу ростов;16;vendors;top
видеограф воронеж на свадьбу;16;vendors;top
декор свадебной свечи;16;vendors;top
свадьба оформление тканью;16;vendors;top
оформление свадьбы зона;16;vendors;top
модный свадебный торт;16;vendors;top
свадебный торт 30 кг;16;vendors;top
церемония свадебного торта;16;vendors;top
шакотис свадебный торт;16;vendors;top
торт свадебный одноярусный с ягодами;16;vendors;top
оформление торта свадебные фото;16;vendors;top
свадебный торт прямоугольный с цветами;16;vendors;top
свадебный торт молодоженам;16;vendors;top
торт фисташка малина свадебный;16;vendors;top
как украсить домашний свадебный торт;16;vendors;top
как украсить свадебный торт в домашних условиях;16;vendors;top
свадебный торт на заказ цена;16;vendors;top
свадебный торт калининград;16;vendors;top
прямоугольный свадебный торт 3 кг;16;vendors;top
свадебный торт с розами;16;vendors;top
подложка для свадебного торта;16;vendors;top
подставка для свадебного торта;16;vendors;top
свадебный торт без мастики;16;vendors;top
выездная регистрация декор;16;vendors;top
выездная регистрация коломна;16;vendors;top
лучшая выездная регистрация;16;vendors;top
интересный сценарий на свадьбу;16;info;top
сценарий 10 свадьбы;16;info;top
полный сценарий золотой свадьбы для тамады;16;vendors;top
сценарий золотой свадьбы для тамады готовый;16;vendors;top
сценарий золотой свадьбы для тамады готовый полный;16;vendors;top
готовый сценарий на второй день свадьбы;16;info;top
смешные идеи для свадьбы;16;info;top
стиль свадьбы пинтерест;16;info;top
свадьба в стиле царская охота;16;info;top
стиль свадьбы дрейн;16;info;top
свадьба в розовом стиле;16;info;top
свадьба в стиле рустик провинциальная свадьба;16;info;top
свадьба в индийском стиле;16;info;top
свадьба в стиле девяностых;16;info;top
свадьба в стиле дошик 4 свадьбы;16;info;top
карточки рассадки гостей на свадьбе печать;16;info;top
свадебные площадки на природе москва;16;venue-type;top
загородные площадки для свадьбы москва;16;venue-type;top
банкетный зал для свадьбы московская область;16;venue-type;top
как провести серебряную свадьбу;16;info;top
свадьба под ключ москва недорого;16;price;top
второй день свадьбы в стиле 90х;16;info;top
свадьба в стиле модного показа;16;info;top
организация камерной свадьбы в москве;16;capacity;top
свадебный торт на 4 кг;16;vendors;top
трезвый на свадьбе это он или тамада;16;vendors;top
свадебный фотограф серпухов;16;vendors;top
свадебный фотограф анна;16;vendors;top
красивые локации для свадебной фотосессии в москве;16;vendors;top
свадебная фотосессия на пляже;16;vendors;top
необычные свадебные фотосессии;16;vendors;top
эустома букет невесты розовые;16;vendors;top
где купить букет невесты москва;16;vendors;top
букет живой каллы невесты с жемчугом;16;vendors;top
букет невесты каллы живые;16;vendors;top
алиса букет невесты;16;vendors;top
свеча букет невесты;16;vendors;top
тата букет невесты;16;vendors;top
букет невесты серпухов;16;vendors;top
букет невесты из атласных лент;16;vendors;top
сколько цветов должно быть в букете невесты;16;vendors;top
букет невесты дорама;16;vendors;top
лучшие цветы для букета невесты;16;vendors;top
мелодрама кто поймал букет невесты;16;vendors;top
какой букет для невесты на свадьбу;16;vendors;top
свадебный букет невесты сделать;16;vendors;top
букет невесты висячие;16;vendors;top
букет невесты на свадьбу цена;16;vendors;top
букет невесты из белых роз и гипсофилы;16;vendors;top
букет невесты книга;16;vendors;top
трендовый букет невесты 2026;16;vendors;top
классические букеты невесты;16;vendors;top
букет невесты на венчание;16;vendors;top
букет невесты на похоронах;16;vendors;top
разноцветный букет невесты;16;vendors;top
букет невесты ростов;16;vendors;top
букет невесты предложение;16;vendors;top
приснилось букет невесты;16;vendors;top
желтые цветы на свадьбу;16;rest;top
цветы букеты на свадьбу цена;16;vendors;top
виды цветов на свадьбу;16;rest;top
название цветов на свадьбу;16;rest;top
арка из живых цветов на свадьбу;16;rest;top
обязательно ли дарить цветы на свадьбу молодоженам;16;rest;top
композиция из цветов на стол на свадьбу;16;rest;top
какие цветы можно дарить на свадьбу;16;rest;top
выездной бар на свадьбу;16;rest;top
свадебный хлеб каравай;16;rest;top
банки на машину свадьба;16;rest;top
красный сердце светлый для машины на свадьбу;16;rest;top
заказ машины на свадьбу в москве;16;geo;top
заеахать лимузин на свадьбу в подольске;16;rest;top
лимузин на свадьбу москва цены;16;geo;top
заказ лимузина в москве на свадьбу;16;geo;top
зимняя свадебная фотосессия;16;vendors;top
свадебная фотосессия в пушкине;16;vendors;top
банкетный зал душа;16;venue-type;top
банкетный зал люстра;16;venue-type;top
кафе банкетные залы казань;16;venue-type;top
кафе банкетный зал казань;16;venue-type;top
кафе банкетный зал на кул гали казань;16;venue-type;top
банкетный зал эрмитаж;16;venue-type;top
банкетный зал республика;16;venue-type;top
банкетный зал пальмира в махачкале;16;venue-type;top
банкетный зал ул жужа 37 москва отзывы;16;venue-type;top
банкетные залы для свадьбы московская область;16;venue-type;top
банкетный зал берег москва;16;venue-type;top
авиньон банкетный зал;16;venue-type;top
банкетный зал крыша;16;venue-type;top
артиленд банкетный зал;16;venue-type;top
банкетные залы 12 человек;16;venue-type;top
банкетный зал на 12 человек;16;venue-type;top
банкетный зал выставка на вднх;16;venue-type;top
банкетный зал свадьба фото;16;venue-type;top
свадьба банкетные залы фото;16;venue-type;top
банкетный зал 70;16;venue-type;top
банкетные залы на 250 человек;16;venue-type;top
банкетный зал на 250 человек;16;venue-type;top
банкетные залы обнинск;16;venue-type;top
банкетный зал обнинск;16;venue-type;top
банкетные залы калининград;16;venue-type;top
банкетный зал калининград;16;venue-type;top
симфония холл банкетный зал;16;venue-type;top
банкетный зал маракеш;16;venue-type;top
рестораны петербурга с банкетными залами;16;venue-type;top
банкетные залы фрязино;16;venue-type;top
банкетный зал фрязино;16;venue-type;top
базы отдыха с банкетным залом;16;venue-type;top
банкетный зал текстильщики;16;venue-type;top
банкетный зал меню и цены;16;venue-type;top
кристина банкетный зал серпухов;16;venue-type;top
банкетный зал виктория избербаш;16;venue-type;top
сиреневый банкетный зал;16;venue-type;top
орион банкетный зал жуковский;16;venue-type;top
банкетный зал forest;16;venue-type;top
усадьба братцево банкетный зал;16;venue-type;top
банкетный зал палаццо;16;venue-type;top
банкетные залы москвы 200 человек;16;venue-type;top
банкетный зал аль фирай;16;venue-type;top
банкетный зал аренда махачкала;16;venue-type;top
банкетные залы анапа;16;venue-type;top
банкетный зал анапа;16;venue-type;top
сезоны банкетный зал;16;venue-type;top
рестораны пушкино для свадьбы;16;venue-type;top
ресторан для свадьбы оренбург;16;venue-type;top
восточный ресторан в москве для свадьбы;16;venue-type;top
банкетное меню на 20;16;venue-type;top
банкетное меню ресторана фото;16;venue-type;top
свадебный букет с каллами фото;16;vendors;top
свадебная фоторамка фото;16;rest;top
свадебный букет из гипсофилы фото;16;vendors;top
свадебные семейные фото;16;rest;top
оформления свадебный торт фото;16;vendors;top
свадебные фото на вднх;16;rest;top
фото женщин в свадебном;16;rest;top
свадебный букет из белых роз фото;16;vendors;top
свадебные фото прокат;16;rest;top
свадебные фото меган маркл;16;rest;top
подобрать дату свадьбы;16;rest;top
круглые даты свадеб;16;info;top
значение числа даты свадьбы;16;info;top
церковные даты свадеб;16;info;top
какие даты свадьбы отмечают;16;info;top
свадьба без даты;16;rest;top
благоприятные даты для свадьбы в октябре 2026;16;info;top
таблица даты свадьбы;16;info;top
даты свадеб обозначение;16;info;top
с днем бракосочетания племянника;16;rest;top
свадебный стол на природе;16;venue-type;top
лучший свадебный стол;16;rest;top
карточки на свадебный стол;16;rest;top
свадебный стол молодых;16;rest;top
бюджетный свадебный стол;16;price;top
красный свадебный стол;16;rest;top
веселое свадебное видео;16;rest;top
свадебные видео своими руками;16;rest;top
свадебное видео самому;16;rest;top
как подписать свадебное видео;16;info;top
свадебная церемония ученого рю дорама русская;16;rest;top
свадебная церемония в китае;16;rest;top
традиционная свадебная церемония;16;info;top
бесплатные свадебные церемонии;16;rest;top
современный свадебный образ;16;rest;top
приснилась свадьба родственников;16;rest;top
свадебные бокалы жених невеста своими руками;16;rest;top
купить свадебные бокалы для жениха и невесты;16;rest;top
кто написал свадьба бальзаминова;16;rest;top
женитьба бальзаминова свадьба;16;rest;top
свадьба по обмену роли;16;rest;top
свадебный фон для презентации;16;rest;top
свадебная бутылка жених;16;rest;top
оформление свадебных бутылок;16;vendors;top
план свадебного дня;16;info;top
свадьба в стиле царской охоты;16;info;top
традиции на 2 день свадьбы;16;info;top
на второй день свадьбы обычаи и традиции;16;info;top
свадебные традиции для невесты;16;info;top
какие есть свадебные традиции;16;info;top
свадебные традиции разных;16;info;top
свадебные приглашения купить;16;info;top
шрифт для свадебных приглашений;16;info;top
сайт приглашение на свадьбу пример;16;info;top
торт на свадьбу домашних условиях;16;vendors;top
два торта на свадьбу;16;vendors;top
торт на серебряную свадьбу фото;16;vendors;top
вместо торта на свадьбу;16;vendors;top
торт на свадьбе димы и клавы;16;vendors;top
торт красный бархат на свадьбу;16;vendors;top
какой торт сделать на свадьбу;16;vendors;top
торт на коралловую свадьбу 35;16;vendors;top
слушать молдавскую музыку свадебную;16;vendors;top
свадебная народная музыка;16;vendors;top
музыка для свадебного шоу;16;vendors;top
нежная свадебная музыка;16;vendors;top
обработка свадебных фотографий;16;vendors;top
свадебное оформление шампанского;16;vendors;top
мытищи площадки для свадьбы;16;geo;top
площадка для свадьбы нижний;16;core;top
площадки для свадьбы ногинск;16;core;top
свадебные залы в махачкале;16;core;top
свадебный зал в махачкале;16;core;top
свадьба мытищи площадки;16;geo;top
ведущий свадьбы зеленоград;16;vendors;top
гуси лебеди ногинск свадьба;16;rest;top
в чем пойти на свадьбу летом мужчине;16;rest;top
одежда на свадьбу для мужчин летом;16;rest;top
свадьба в мае 2027;16;rest;top
играют ли свадьбы в августе;16;info;top
взрыв на свадьбе в москве 1 августа;16;geo;top
чья свадьба была в кафе в москве;16;venue-type;top
фуршетный стол на свадьбу дома;16;rest;top
дом на сутки для свадьбы;16;rest;top
снять дом для проведения свадьбы;16;price;top
свадьба на участке дома;16;rest;top
эфир дома 2 свадьба;16;rest;top
как организовать свадьбу самостоятельно поэтапно;16;info;top
свадьба как организовать поэтапно;16;info;top
сколько нужно гостей на свадьбу;16;info;top
площадка для фотосессии свадебная;15;vendors;top
площадки для свадьбы клин;15;core;top
площадки для свадьбы екатеринбург;15;venue-type;top
загородные площадки для свадьбы в подмосковье;15;venue-type;top
скай ривер площадка для свадьбы;15;core;top
лучшие площадки для свадьбы в подмосковье;15;geo;top
панорама площадка для свадьбы;15;core;top
площадки для проведения свадьбы в ближайшем подмосковье;15;geo;top
топ мест для свадьбы в москве;15;geo;top
красивые места для фотосессии свадьбы;15;vendors;top
места для фотосессий в москве на свадьбу;15;vendors;top
банкетный зал в одинцово для свадьбы;15;venue-type;top
видное банкетный зал для свадьбы;15;venue-type;top
казань мусульманский банкетный зал для свадьбы;15;venue-type;top
банкетные залы для свадеб московская область;15;venue-type;top
банкетные залы для свадьбы в домодедово;15;venue-type;top
банкетный зал в домодедово для свадьбы;15;venue-type;top
банкетный зал для свадьбы спб;15;venue-type;top
банкетные залы для маленькой свадьбы;15;venue-type;top
банкетный зал для маленькой свадьбы;15;venue-type;top
шатер ресторан для свадьбы;15;venue-type;top
ресторан в царицыно для свадьбы;15;venue-type;top
ресторан для свадьбы пушкино;15;venue-type;top
рестораны для свадьбы оренбург;15;venue-type;top
как проводить церемонию свадьбы;15;info;top
как провести второй день свадьбы;15;info;top
сколько стоит провести свадьбу в коломенском;15;price;top
проводим свадьбу сами;15;rest;top
организация свадьбы поэтапно;15;info;top
купить шатер для свадьбы в дмитрове;15;venue-type;top
яхт клуб адмирал свадьба;15;venue-type;top
яхт клуб свадьба москва;15;venue-type;top
где организовать свадьбу на природе;15;venue-type;top
что надеть на свадьбу на природе;15;venue-type;top
сколько алкоголя нужно на свадьбу 20 человек;15;rest;top
сценарий свадьбы на 20 человек;15;capacity;top
камерная свадьба дома;15;capacity;top
свадьба для двоих идеи без гостей;15;capacity;top
свадьба за городом банкетный зал;15;venue-type;top
загородная усадьба свадьба;15;venue-type;top
снять загородный дом для свадьбы;15;venue-type;top
сыграть свадьбу в раменском недорого;15;price;top
самая недорогая свадьба;15;price;top
недорогие варианты свадьбы;15;price;top
свадьба недорого 30 человека;15;price;top
украсить зал на свадьбу недорого;15;price;top
свадьба под ключ казань;15;price;top
стоимость выездной свадьбы;15;price;top
стоимость свадьбы в россии;15;price;top
сколько стоит гуф на свадьбу;15;price;top
сколько стоит позвать киркорова на свадьбу;15;price;top
сколько денег стоит свадьба;15;rest;top
сколько стоила самая дорогая свадьба;15;price;top
сколько стоит позвать басту на свадьбу;15;price;top
сколько стоит видеограф на свадьбу;15;vendors;top
ведущие на свадьбу любовь;15;vendors;top
ведущий на свадьбу чебоксары;15;vendors;top
речь на свадьбу в загсе ведущая;15;vendors;top
кто был ведущим на свадьбе клавы коки;15;vendors;top
ведущий на свадьбу тула;15;vendors;top
средняя цена ведущего на свадьбу;15;vendors;top
топ ведущих на свадьбу;15;vendors;top
армянский ведущий на свадьбу;15;vendors;top
ведущий на свадьбу ростов на дону;15;vendors;top
фотограф на свадьбу видное;15;vendors;top
фотограф на свадьбу лучшие;15;vendors;top
оформление пригласительных на свадьбу;15;vendors;top
оформление свадеб тона;15;vendors;top
свадебный организатор обучение;15;vendors;top
свадебные ивент агентства;15;vendors;top
свадебные агентства event;15;vendors;top
свадебный торт с рюшами;15;vendors;top
свадебный торт одноярусный длинный;15;vendors;top
свадебные торты пирожные;15;vendors;top
современные свадебные торты фото;15;vendors;top
литовский свадебный торт шакотис;15;vendors;top
подставка под свадебный торт;15;vendors;top
свадебный торт сникерс;15;vendors;top
свадебный торт ламбет;15;vendors;top
заказать недорогой свадебный торт;15;vendors;top
как приготовить свадебный торт;15;vendors;top
свадебный стилист с выездом москва;15;vendors;top
выездная регистрация архангельск;15;vendors;top
выездная регистрация в кусково;15;vendors;top
сколько стоит официальная выездная регистрация брака;15;vendors;top
выездная регистрация калининград;15;vendors;top
музыка для выездной регистрации;15;vendors;top
выездная регистрация мфц;15;vendors;top
сценарий свадьбы для ведущего в узком кругу;15;vendors;top
сценарии свадьбы готовые для ведущего современные;15;vendors;top
свадьба вести сценарий;15;info;top
сценарий вечера свадьбы;15;info;top
сценарий золотой свадьбы для родителей;15;info;top
готовый сценарий свадьбы без тамады;15;vendors;top
сценарии праздника юбилеи свадьбы;15;info;top
готовый сценарий на современную свадьбу;15;info;top
красивая дата для свадьбы в сентябре;15;info;top
что одеть на свадьбу в сентябре;15;info;top
в сентябре играли свадьбы;15;info;top
идеи для свадьбы без гостей;15;capacity;top
идеи для празднования свадьбы;15;info;top
идеи для свадьбы 2026;15;info;top
4 свадьбы в новом стиле;15;info;top
эко стиль свадьба;15;info;top
еврейская свадьба vs свадьба в стиле стимпанк;15;info;top
еврейская свадьба свадьба в стиле стимпанк;15;info;top
свадьба в еврейском стиле;15;info;top
свадьба в стиле рэп;15;info;top
свадьба в стиле алиса в стране;15;info;top
свадьба в стиле стране чудес;15;info;top
стиль свадьбы алиса в стране чудес;15;info;top
свадьба в стиле бохо фото;15;info;top
свадьба в старославянском стиле;15;info;top
свадьба в русском стиле 2026;15;info;top
распечатать план рассадки гостей на свадьбу;15;info;top
лесной берег свадебная площадка планерная;15;core;top
банкетные залы краснодара для свадьбы;15;venue-type;top
банкетный зал для свадьбы краснодар;15;venue-type;top
ресторан для свадьбы подольск;15;venue-type;top
банкетное меню для кафе;15;venue-type;assoc+top
сафиса банкетный зал цены на свадьбу москва;15;venue-type;top
юбилей золотой свадьбы сценарий;15;info;top
свадьба в тюремном стиле vs свадьба;15;info;top
открытый ресторан для свадьбы;15;venue-type;top
рестораны для свадьбы химки;15;venue-type;top
свадьба в стиле лофт;15;venue-type;top
свадебный фотограф екатеринбурге евгений;15;vendors;top
свадебный фотограф свердловская область;15;vendors;top
свадебный фотограф мытищи;15;vendors;top
свадебный фотограф екатерина;15;vendors;top
особняк спиридонова свадебная фотосессия;15;vendors;top
свадебная фотосессия казань;15;vendors;top
юсуповский дворец свадебная фотосессия;15;vendors;top
где взять свадебную арку;15;info;top
металлическая свадебная арка;15;rest;top
фотозона на свадьбу дома;15;vendors;top
как сделать фотозону на свадьбу;15;vendors;top
букет невесты купить люберцы;15;vendors;top
empire zone букет невесты отзывы;15;vendors;top
связать букет невесты;15;vendors;top
букет невесты орехово зуево купить;15;vendors;top
букет невесты бело сиреневый;15;vendors;top
зачем невесте букет на свадьбу;15;vendors;top
форма букета невесты;15;vendors;top
букет невесты купить электросталь;15;vendors;top
букет невесты мк;15;vendors;top
букет невесты легкий;15;vendors;top
букет невесты без цветов;15;vendors;top
букет невесты москва из живых цветов;15;vendors;top
букет невесты из кустовой гвоздики;15;vendors;top
букет невесты из кустовых гвоздик;15;vendors;top
букет невесты покупает жених;15;vendors;top
букет невесты из белых фрезий;15;vendors;top
белые гладиолусы букет невесты;15;vendors;top
букет невесты розовые пионы;15;vendors;top
дарят ли цветы на свадьбу гости;15;info;top
на свадьбу с цветами приходят;15;rest;top
белый президиум на свадьбу;15;rest;top
фуршет на свадьбу своими руками;15;rest;top
полотенце для свадебного каравая;15;rest;top
позвать артиста на свадьбу;15;vendors;top
дневной салют на свадьбу купить;15;vendors;top
заказать салют на свадьбу;15;vendors;top
машина на свадьбу для невесты и жениха;15;rest;assoc+top
я уже пообещала машину сына на свадьбу;15;rest;top
машина на свадьбу бмв;15;rest;top
наклейки на машину свадьба;15;rest;top
найти машину на свадьбу;15;rest;top
свадебные машины на свадьбу;15;rest;top
аренда лимузина москва на свадьбу цены;15;price;top
лимузин на свадьбу цена за час;15;rest;top
снять лимузин на свадьбу;15;price;top
усадьба архангельское свадебная фотосессия;15;vendors;top
приготовление свадебного каравая;15;rest;top
кейтеринг банкет на свадьбу;15;core;top
застава банкетный зал;15;venue-type;top
показать банкетный зал;15;venue-type;top
банкетный зал консул на остоженке официальный;15;venue-type;top
кристалл банкетный зал москва;15;venue-type;top
банкетный зал консул в москве;15;venue-type;top
ресторан с банкетным залом на 15 человек;15;venue-type;top
хвоя банкетный зал;15;venue-type;top
банкетный зал с террасой;15;venue-type;top
банкетный зал сабур;15;venue-type;top
сабуров банкетный зал;15;venue-type;top
банкетный зал наволоки;15;venue-type;top
банкетные залы на озере;15;venue-type;top
банкетные залы тульская область;15;venue-type;top
банкетный зал тульская область;15;venue-type;top
краснознаменная 61 воронеж банкетный зал;15;venue-type;top
краснознаменное 61 банкетный зал;15;venue-type;top
банкетный зал ухтомская усадьба;15;venue-type;top
банкетные залы во владимире;15;venue-type;top
банкетный зал во владимире;15;venue-type;top
банкетный зал мечта пенза;15;venue-type;top
банкетный зал русь;15;venue-type;top
банкетный зал роща;15;venue-type;top
банкетный зал royal;15;venue-type;top
банкетный зал аризона;15;venue-type;top
банкетный зал виноградово;15;venue-type;top
звездный зал банкетный;15;venue-type;top
посейдон банкетный зал;15;venue-type;top
банкетный зал парадиз;15;venue-type;top
банкетный зал крылатское;15;venue-type;top
банкетный зал территория;15;venue-type;top
банкетный зал элита;15;venue-type;top
банкетные залы под ключ;15;venue-type;top
банкетный зал под ключ;15;venue-type;top
президент банкетный зал;15;venue-type;top
банкетный зал la;15;venue-type;top
прайм холл москва банкетный зал;15;venue-type;top
банкетные залы проекты;15;venue-type;top
проект банкетного зала;15;venue-type;top
амбар банкетный зал;15;venue-type;top
банкетный зал онегин москва;15;venue-type;top
банкетный зал барзу каспийск;15;venue-type;top
менеджер банкетного зала;15;venue-type;top
банкетные залы каширское шоссе;15;venue-type;top
банкетный зал каширское шоссе;15;venue-type;top
услуги банкетных залов;15;venue-type;top
банкетные залы минск;15;venue-type;top
банкетный зал минск;15;venue-type;top
банкетный зал свадьбы 40 человек;15;venue-type;top
поиск банкетного зала;15;venue-type;top
император холл банкетный зал москва;15;venue-type;top
банкетный зал свобода;15;venue-type;top
банкетный зал ивантеевка;15;venue-type;top
банкетные залы нижний тагил;15;venue-type;top
банкетный зал нижний тагил;15;venue-type;top
снять коттедж с банкетным залом;15;venue-type;top
директор банкетного зала;15;venue-type;top
как открыть свой банкетный зал;15;venue-type;top
вешки банкетный зал;15;venue-type;top
ханой банкетный зал;15;venue-type;top
банкетный зал своими руками;15;venue-type;top
красноармейская банкетный зал;15;venue-type;top
роял дербент банкетный зал;15;venue-type;top
банкетном зале гостиная;15;venue-type;top
черный банкетный зал;15;venue-type;top
банкетный зал гранд холл;15;venue-type;top
отражение банкетный зал;15;venue-type;top
завидово банкетный зал;15;venue-type;top
банкетный зал асти калуга;15;venue-type;top
банкетный зал кубинка;15;venue-type;top
банкетные залы москвы 25 человек;15;venue-type;top
банкетный зал на 25 человек москва;15;venue-type;top
меню банкетного зала rizzw в балашихе;15;venue-type;top
меню ресторана для свадьбы;15;venue-type;top
банкетный меню на 20 человек;15;venue-type;top
банкетное меню на человека пример;15;venue-type;top
загородные отели для проведения свадьбы;15;venue-type;top
олеся иванченко свадебные фото;15;rest;top
свадебные фото ретро;15;rest;top
свадебные фото позы;15;rest;top
свадебные фото в отелях;15;venue-type;top
свадебное фото сзади;15;rest;top
сделать свадебное фото в фотошопе онлайн;15;rest;top
фотошоп сделать свадебное фото;15;rest;top
свадебные ленты фото;15;rest;top
красивая дата для свадьбы октябрь;15;info;top
какие даты для свадьбы в 2026;15;rest;top
самая популярная дата свадьбы;15;rest;top
дата свадьбы после подачи заявления;15;rest;top
счастливые даты для свадьбы в 2027;15;rest;top
свадьба по дате рождения онлайн;15;rest;top
расчет свадьбы по датам рождения;15;rest;top
дата изменения фамилии это дата свадьбы;15;rest;top
с днем бракосочетания в прозе красивые;15;rest;top
с днем браком бракосочетания;15;rest;top
свадебная фотография видео;15;vendors;top
аллегрова свадебные цветы видео;15;rest;top
создать свадебное видео;15;rest;top
свадебная церемония цена;15;rest;top
свадебные церемонии традиции;15;info;top
дорама свадебная церемония ученого рю озвучка;15;rest;top
свадебная церемония дорама русская озвучка;15;rest;top
свадебная церемония ученого рю дорама русская озвучка;15;rest;top
свадебная церемония ученого рю русская озвучка;15;rest;top
свадебная церемония во вьетнаме;15;rest;top
свадебная церемония в тайланде;15;rest;top
sprunki wedding day youtube;15;rest;top
wedding day ru;15;rest;top
zeitun wedding day отзывы;15;rest;top
on your wedding day дорама;15;rest;top
365 days to the wedding;15;rest;top
необычные свадебные образы;15;rest;top
свадебные образы женские;15;rest;top
свадебные образы для мужчин;15;rest;top
свадебный образ 50;15;rest;top
осенний свадебный образ;15;info;top
как сделать свадебный сайт приглашение на свадьбу;15;info;top
свадебный сайт онлайн;15;rest;top
свадебные бокалы в стиле бохо;15;info;top
эта пара молодоженов;15;rest;top
красивый свадебный вальс;15;rest;top
свадебный план 7;15;info;top
свадебный план лакорн 1;15;info;top
свадебный план 4;15;info;top
свадьба кречинского в малом;15;rest;top
стили свадеб пинтерест;15;info;top
традиция на свадьбе с платком;15;info;top
традиция с фатой на свадьбе;15;info;top
интересные свадебные традиции;15;info;top
свадебные приглашения на свадьбу создать;15;info;top
как проводить свадьбу дома;15;info;top
как провести свадьбу на 20 человек;15;capacity;top
как провести красивую свадьбу;15;info;top
сценарии современной свадьбы готовые для ведущего;15;vendors;top
как украсить торт на золотую свадьбу;15;vendors;top
фонтаны на торт на свадьбу;15;vendors;top
торт на кожаную свадьбу;15;vendors;top
модные торты на свадьбу 2026;15;vendors;top
лучшие свадебная музыка;15;vendors;top
музыка для свадебного слайд шоу;15;vendors;top
купить свадебные фотографии;15;vendors;top
купить свадебный альбом для фотографий;15;vendors;top
свадебное оформление москва;15;vendors;top
свадебное оформление шарами;15;vendors;top
свадебный сценарий для ведущего готовый;15;vendors;top
торт свадебный 8 кг;15;vendors;top
поэтапная организация свадьбы;15;info;top
свадебные залы цены;15;core;top
свадебный зал цены;15;core;top
сергиев посад аренда для свадьбы;15;price;top
дом у озера зеленоград свадьба;15;geo;top
минусы свадьбы зимой;15;info;top
свадьба зимой плюсы и минусы;15;info;top
в чем идти на свадьбу летом;15;rest;top
мужской лук на свадьбу летом;15;rest;top
в чем пойти на свадьбу осенью женщине;15;info;top
благоприятные дни для свадьбы в августе 2026;15;info;top
красивые даты для свадьбы в октябре;15;info;top
свадьба в небольшом кафе;15;venue-type;top
дома у друзей свадьба;15;rest;top
дом ученых свадьбы;15;rest;top
благословение сына перед свадьбой дома иконой;15;rest;top
благословение сына перед свадьбой дома слова;15;rest;top
благословение сына перед свадьбой слова матери дома;15;rest;top
благословения сына дома перед свадьбой;15;rest;top
дом свадеб волгоград;15;rest;top
свадьба участников дома;15;rest;top
участники дом 2 свадьбы;15;rest;top
погода в доме переделка на свадьбу;15;rest;top
свадьба в кредит огурцов;15;rest;top
свадебные площадки москва и московская область;14;geo;top
свадебные площадки сочи;14;core;top
отражение свадебная площадка;14;core;top
лермонтов свадебная площадка;14;core;top
площадки для свадьбы в питере;14;core;top
площадки для свадьбы дмитров;14;geo;top
где отметить свадьбу 10 человек;14;info;top
где дешево отметить свадьбу;14;price;top
где отметить серебряную свадьбу;14;info;top
банкетный зал для свадьбы коломна;14;venue-type;top
банкетные залы для свадьбы махачкала;14;venue-type;top
банкетный зал для свадьбы махачкала;14;venue-type;top
рестораны для маленькой свадьбы москва;14;venue-type;top
ресторан для мини свадьбы;14;venue-type;top
ресторан в армении для свадьбы;14;venue-type;top
ресторан с террасой для свадьбы;14;venue-type;top
свадебный банкет стоимость человека;14;price;top
заказать свадебный банкет;14;core;top
провести свадебный банкет;14;core;top
ресторан свадебный банкет москва;14;venue-type;top
как проводить каравай на свадьбе;14;info;top
свадебная организация свадьбы;14;core;top
усадьба валуево свадьба в шатре;14;venue-type;top
загородный клуб для проведения свадьбы;14;venue-type;top
веранды для проведения свадьбы;14;venue-type;top
свадьба на природе оренбург;14;venue-type;top
свадьба на природе в рязани;14;venue-type;top
рассчитать свадьбу на 50 человек;14;capacity;top
камерная свадьба в нижнем новгороде;14;capacity;top
маленькая свадьба в москве ресторан;14;venue-type;top
хочу маленькую свадьбу;14;capacity;top
от маленькой сестры на свадьбу;14;capacity;top
выездная свадьба в подмосковье цены;14;geo;top
бюджетная свадьба в подмосковье;14;price;top
купить фату на свадьбу недорого;14;price;top
как отпраздновать свадьбу недорого и красиво;14;price;top
кафе свадьба недорого ресторан;14;venue-type;top
свадьба недорого отзывы;14;price;top
свадебное агентство москва свадьба под ключ;14;vendors;top
торт на свадьбу стоимость;14;vendors;top
свадьба в царицыно стоимость аренды зала;14;price;top
свадьба стоимость банкета;14;price;top
сколько стоят свадьбы звезд;14;rest;top
сколько стоит на свадьбу заказ;14;price;top
сколько стоит свадьба отзывы;14;price;top
оформление свадеб сколько стоит;14;vendors;top
сколько стоит свадьба в московской области;14;price;top
сколько стоит пригласить мота на свадьбу;14;price;top
сколько стоит каравай на свадьбу;14;price;top
сколько стоит тамада на свадьбу в москве;14;vendors;top
сколько стоит свадьба в церкви;14;price;top
как выбрать ведущего на свадьбу;14;vendors;top
молодые ведущие на свадьбу;14;vendors;top
пара ведущих на свадьбу;14;vendors;top
ведущий на свадьбу дмитров;14;vendors;top
кормят ли ведущих на свадьбе;14;vendors;top
начинающий ведущий на свадьбу;14;vendors;top
ведущий на свадьбу спб;14;vendors;top
лучшие ведущие на свадьбу москва;14;vendors;top
2 ведущих на свадьбу;14;vendors;top
семейный очаг на свадьбе слова ведущего;14;vendors;top
фото фотографа на свадьбе;14;vendors;top
фотограф на свадьбу ростов на дону;14;vendors;top
свадебный декор 2026 тренды;14;vendors;top
оформление зала на свадьбу своими руками;14;vendors;top
оформление документов для свадьбы;14;vendors;top
оформление свадеб примеры;14;vendors;top
оформление юбилея свадьбы;14;vendors;top
свадебное агентство организатор;14;vendors;top
свадебное агентство ксении;14;vendors;top
свадебное агентство москва под ключ;14;vendors;top
кавер группа на свадьбу цена;14;vendors;top
тренды в свадебных тортах;14;vendors;top
свадебные торты популярные;14;vendors;top
торт свадебный двухъярусный 2026;14;vendors;top
агзамов свадебные торты;14;vendors;top
свадебный торт агзамова;14;vendors;top
выносят свадебный торт;14;vendors;top
свадебный торт 90х;14;vendors;top
свадебный торт фото одноярусный современный;14;vendors;top
современный свадебный торт одноярусный;14;vendors;top
свадебный торт с жемчугом;14;vendors;top
свадебные торты золотой;14;vendors;top
свадебные торты фото самые;14;vendors;top
свадебный торт авито;14;vendors;top
свадебный торт с бусинами;14;vendors;top
свадебный торт какой выбрать;14;vendors;top
торт свадебный добрынинский;14;vendors;top
осенний свадебный торт;14;vendors;top
свадебный стилист одинцово;14;vendors;top
выездная регистрация орехово зуево;14;vendors;top
выездная регистрация регистратор;14;vendors;top
выездная регистрация нижний новгород;14;vendors;top
сколько стоит выездная регистрация цена;14;vendors;top
сценарий выездной регистрации брака;14;vendors;top
сценарии 45 юбилеем свадьбы;14;info;top
домашний сценарий серебряной свадьбы;14;info;top
сценарий серебряной свадьбы в домашних условиях;14;info;top
форум сценарии свадеб;14;info;top
сценарии празднования свадьбы;14;info;top
сценарий на свадьбу в стиле 90;14;info;top
идеи для велком зоны на свадьбе;14;info;top
интересные идеи для свадьбы;14;info;top
свадьба в стиле дошик 4 свадьбы бридж;14;info;top
стили свадеб с фото;14;info;top
свадьба в стиле кино;14;info;top
свадьба в жемчужном стиле;14;info;top
стиль одежды на свадьбу для гостей;14;info;top
морская свадьба vs свадьба в стиле вечеринки;14;info;top
морская свадьба свадьба в стиле вечеринки;14;info;top
свадьба в викторианском стиле;14;info;top
свадьба в стиле диско;14;info;top
свадьба стиле love;14;info;top
дрейн свадьба vs свадьба в классическом стиле;14;info;top
свадьба в королевском стиле;14;info;top
правила рассадки гостей на свадьбе;14;info;top
ранчо свадебная площадка солнечногорск;14;geo;top
ресторан для свадьбы воронеж;14;venue-type;top
где сыграть свадьбу в подмосковье;14;geo;top
свадьба в стиле патриотизма vs;14;info;top
свадьба в стиле патриотизма vs молодежная свадьба;14;info;top
ранчо клин свадебная площадка;14;core;top
ресторан для свадьбы на юге москвы;14;venue-type;top
сколько стоит декоратор на свадьбу;14;vendors;top
стиль одежды мужской на свадьбу;14;info;top
выездная регистрация брака в архангельском;14;vendors;top
веселый тамада на свадьбу;14;vendors;top
свадебный фотограф спб;14;vendors;top
свадебный фотограф текст;14;vendors;top
свадебный фотограф раменское;14;vendors;top
фотограф свадебная съемка;14;vendors;top
свадебный фотограф работы;14;vendors;top
сколько стоит свадебный фотограф в москве;14;vendors;top
где устроить свадебную фотосессию в москве;14;vendors;top
свадебная фотосессия клавы коки;14;vendors;top
усадьба гребнево свадебная фотосессия отчет;14;vendors;top
свадебная фотосессия в санкт петербурге;14;vendors;top
свадебная фотосессия с лошадьми;14;vendors;top
видеосъемка на свадьбу цена;14;rest;top
фото и видеосъемка на свадьбу;14;rest;top
свадебная арка из живых цветов;14;rest;top
красивая фотозона на свадьбу;14;vendors;top
букет невесты откуда традиция;14;vendors;top
букет невесты выбросить;14;vendors;top
букет невесты из гипсофилы цена;14;vendors;top
букет невесты клин;14;vendors;top
букет невесты высота;14;vendors;top
букет невесты 2026 заказать;14;vendors;top
нужен ли в загс букет невесты;14;vendors;top
духи empire zone букет невесты отзывы;14;vendors;top
букет невесты пермь;14;vendors;top
нужен ли букет невесты на роспись;14;vendors;top
как завязать ленту на букете невесты;14;vendors;top
поймала букет невесты отзывы;14;vendors;top
что означает букет невесты на свадьбе;14;vendors;top
букет невесты в рязани образцы;14;vendors;top
образцы букетов невесты;14;vendors;top
где в подольске купить букет невесты;14;vendors;top
бюджетный букет невесты;14;vendors;top
для чего нужен букет невесты;14;vendors;top
какой букет лучше на свадьбу для невесты;14;vendors;top
букет невесты маки;14;vendors;top
букет невесты из брокколи плохо или хорошо;14;vendors;top
какой букет кидает невеста;14;vendors;top
цветы на фарфоровую свадьбу;14;rest;top
цветы на голову на свадьбу;14;rest;top
букет цветов на золотую свадьбу;14;vendors;top
что попросить на свадьбу вместо цветов;14;info;top
живые цветы букеты на свадьбу фото;14;vendors;top
полевые цветы на свадьбу;14;rest;top
цветы на свадьбу подруге;14;rest;top
выездной кейтеринг на свадьбу;14;rest;top
свадебный каравай с лебедями;14;rest;top
артисты на свадьбу москва;14;vendors;top
шоу программа на свадьбу;14;vendors;top
свадебный распорядитель;14;rest;top
шарики на машину на свадьбу;14;rest;top
заказ машины с водителем на свадьбу;14;rest;top
как украсить машину на свадьбу гостям;14;info;top
фатин на машине свадьба;14;rest;top
г электросталь прокат машин на свадьбу;14;rest;top
подрядчики на свадьбе это;14;rest;top
как испечь свадебный каравай пошаговое;14;info;top
сдобный свадебный каравай;14;rest;top
сенешаль банкетный зал;14;venue-type;top
банкетные залы золотая империя;14;venue-type;top
банкетный зал золотая империя;14;venue-type;top
банкетный зал виктория на рязанском проспекте;14;venue-type;top
прованс банкетный зал москва;14;venue-type;top
банкетный зал шишкин;14;venue-type;top
банкетные залы у моря;14;venue-type;top
банкетный зал у моря;14;venue-type;top
краснознаменная 61 банкетный зал 1;14;venue-type;top
краснознаменная 61 воронеж банкетный зал 1;14;venue-type;top
банкетный зал кисловодск;14;venue-type;top
кисловодск банкетные залы;14;venue-type;top
банкетный зал гранд лесной;14;venue-type;top
банкетный зал москва меню;14;venue-type;top
банкетный зал нижегородская;14;venue-type;top
банкетный зал волоколамское шоссе;14;venue-type;top
банкетные залы на 50 чел;14;venue-type;top
банкетный зал на 50 чел;14;venue-type;top
банкетный зал измайловский кремль;14;venue-type;top
измайловский кремль банкетные залы;14;venue-type;top
банкетный зал воздух;14;venue-type;top
банкетный зал москва с кухней;14;venue-type;top
банкетный зал азербайджанский;14;venue-type;top
зеленый банкетный зал;14;venue-type;top
как украсить банкетный зал;14;venue-type;top
банкетный зал москва и московская область;14;venue-type;top
банкетные залы в махачкале кегельбан;14;venue-type;top
кегельбан банкетный зал в махачкале;14;venue-type;top
банкетные залы дзержинск;14;venue-type;top
банкетный зал дзержинск;14;venue-type;top
победа банкетный зал;14;venue-type;top
заказ банкетного зала;14;venue-type;top
банкетный зал серебро казань;14;venue-type;top
банкетные залы комсомольская;14;venue-type;top
банкетный зал комсомольский;14;venue-type;top
банкетный зал москва бюджетный;14;venue-type;top
банкетный зал родина мытищи;14;venue-type;top
банкетный зал 2 этаж;14;venue-type;top
банкетные залы сургут;14;venue-type;top
банкетный зал сургут;14;venue-type;top
банкетный зал северный;14;venue-type;top
банкетные залы кузьминки;14;venue-type;top
зимний банкетный зал;14;venue-type;top
банкетный зал для юбилея на 20;14;venue-type;top
банкетный зал для юбилея на 20 человек;14;venue-type;top
романово банкетный зал;14;venue-type;top
барская усадьба банкетный зал;14;venue-type;top
банкетные залы интерьеры;14;venue-type;top
банкетный зал интерьер;14;venue-type;top
размеры банкетного зала;14;venue-type;top
халиф банкетный зал;14;venue-type;top
банкетный зал березка;14;venue-type;top
березка банкетные залы;14;venue-type;top
тоскана банкетный зал;14;venue-type;top
банкетный зал лефорт;14;venue-type;top
hilton банкетный зал;14;venue-type;top
банкетный зал воробьевы горы;14;venue-type;top
банкетный зал киевская;14;venue-type;top
банкетный зал марфино;14;venue-type;top
хилтон банкетные залы;14;venue-type;top
хилтон банкетный зал;14;venue-type;top
банкетный зал берег левобережный;14;venue-type;top
банкетный зал в белом цвете;14;venue-type;top
отзыв о банкетном зале;14;venue-type;top
банкетный зал ru;14;venue-type;top
банкетные залы на крыше;14;venue-type;top
банкетные залы на 15 20 человек;14;venue-type;top
банкетный зал 15 20 человек;14;venue-type;top
ротонда банкетный зал;14;venue-type;top
частный банкетный зал;14;venue-type;top
банкетный зал ника;14;venue-type;top
банкетный зал вятка;14;venue-type;top
банкетный зал мария;14;venue-type;top
парадайз банкетный зал москва на каширском;14;venue-type;top
банкетный зал вальс;14;venue-type;top
банкетный зал москва на суздальской;14;venue-type;top
банкетный зал индира;14;venue-type;top
королевский дворец банкетный зал;14;venue-type;top
банкетный зал событие;14;venue-type;top
банкетный зал орловский;14;venue-type;top
рестораны в армении для свадьбы;14;venue-type;top
рестораны для свадьбы с террасой;14;venue-type;top
банкетное меню на 10 человек;14;venue-type;top
заказ банкетного меню на дом;14;venue-type;top
банкетное меню на человека цена;14;venue-type;top
усадьба банкетное меню;14;venue-type;top
салат банкетное меню;14;venue-type;top
банкетное меню на 1 человека;14;venue-type;top
свадебные фото виктории;14;rest;top
свадебные пучки фото;14;rest;top
фото открыть свадебное;14;rest;top
свадебный букет из пионов фото;14;vendors;top
фото свадебной церемонии;14;rest;top
свадебные фото королев;14;rest;top
свадебное фото воронеж;14;rest;top
фото свадебной одежды;14;rest;top
свадебное кружевное фото;14;rest;top
свадебные фото друзей;14;rest;top
пт свадебные цветы фиалка фото;14;rest;top
виды свадебных фото;14;rest;top
изменить дату свадьбы;14;rest;top
дата свадьбы число 7;14;rest;top
4 свадьбы 4 сезон дата выхода;14;info;top
дата свадьбы 19;14;rest;top
свадьбы пугачевой даты;14;rest;top
дата смерти дата свадьбы;14;rest;top
слова в прозе с днем бракосочетания;14;rest;top
с днем регистрации бракосочетания;14;vendors;top
с днем бракосочетания сестре;14;rest;top
андрей с днем бракосочетания;14;rest;top
как украсить свадебный стол жениха;14;info;top
как украсить свадебный стол жениха и невесты;14;info;top
как украсить свадебный стол невесты;14;info;top
свадебный фуршетный стол;14;rest;top
покажите свадебные свадебные видео;14;rest;top
свадебное видео ии;14;rest;top
свадебное видео родителям;14;rest;top
домашнее свадебное видео;14;rest;top
как проходит свадебная церемония;14;info;top
сколько длится свадебная церемония;14;rest;top
zeitun wedding day бальзам;14;rest;top
свадебный образ визажист;14;vendors;top
мужские свадебные образы 2026;14;rest;top
замужней приснилась свадьба;14;rest;top
приснилась свадьба мамы;14;rest;top
примеры свадебных сайтов;14;rest;top
свадебные сайты каталог;14;rest;top
как проходит церемония бракосочетания в загсе торжественная;14;info;top
озон свадебные бокалы;14;rest;top
произведение свадьба бальзаминова;14;rest;top
кино свадьба по обмену;14;rest;top
свадебная коллекция selfmade;14;rest;top
лайм свадебная коллекция;14;rest;top
свадебные зеленые фоны;14;geo;top
свадебный фон музыка;14;vendors;top
свадебный фон горизонтальный;14;rest;top
свадебный фон цветы;14;rest;top
как писать свадебную клятву;14;info;top
обложка для свадебной клятвы;14;rest;top
купить на свадебные бутылки шампанское;14;rest;top
свадебный вальс мой ласковый;14;rest;top
свадебный вальс мой ласковый и нежный;14;rest;top
свадебный вальс мой ласковый и нежный зверь;14;rest;top
свадебный план все серии;14;info;top
свадебный план все серии русская озвучка;14;info;top
свадьба кречинского в малом театре;14;rest;top
как называются свадебные перчатки;14;info;top
традиции на девичник перед свадьбой;14;info;top
традиция замок на свадьбу;14;venue-type;top
хлеб соль на свадьбе традиции;14;info;top
азербайджанские традиции на свадьбе;14;info;top
армянские свадебные традиции;14;info;top
свадебные традиции второго дня;14;info;top
как провести вторую свадьбу;14;info;top
сайты приглашения на свадьбу тильда;14;info;top
4 свадьбы в стиле 90;14;info;top
количество торта на человека на свадьбу;14;vendors;top
торт на свадьбу кусочками;14;vendors;top
зачем продавать торт на свадьбе;14;vendors;top
торт на агатовую свадьбу;14;vendors;top
таблички в торт на день свадьбы;14;vendors;top
как продают торт на свадьбе;14;vendors;top
оригинальный торт на свадьбу;14;vendors;top
калькулятор торта на свадьбу;14;vendors;top
торт на свадьбу фото 2026;14;vendors;top
свадебная инструментальная музыка;14;vendors;top
свадебный выход музыка;14;vendors;top
найти свадебные фотографии;14;vendors;top
современные свадебные торты одноярусные;14;vendors;top
площадки в вологде для свадьбы;14;info;top
камеди клаб организация свадьбы;14;core;top
свадебный зал коломенское;14;core;top
ресторан свадебный зал;14;venue-type;top
каравай на свадьбу подольск;14;rest;top
отметить свадьбу летом;14;core;top
хочу свадьбу летом;14;rest;top
в чем пойти на свадьбу летом 2026;14;rest;top
что надеть мужчине на свадьбу летом;14;info;top
свадьбы по летам;14;rest;top
как одеться на свадьбу осенью;14;info;top
можно ли играть свадьбу в августе;14;info;top
что одеть на свадьбу в октябре;14;info;top
свадьба в отеле в турции;14;venue-type;top
зал для свадьбы в отеле;14;venue-type;top
взрыв в кафе в москве на свадьбе;14;venue-type;top
юбилей свадьбы дома;14;rest;top
оперный дом царицыно свадьбы;14;rest;top
свадьбы в белом доме;14;rest;top
стол на свадьбу дома у невесты;14;rest;top
для чего нужны таросики на свадьбу;14;rest;top
что нужно для свадьбы мелочи;14;info;top
сколько денег дарят на свадьбу гости;14;info;top
свадебные площадки краснодар;13;core;top
свадебная площадка в итальянском стиле;13;info;top
свадебная площадка коломна;13;core;top
свадебная площадка на природе с проживанием;13;venue-type;top
бор свадебная площадка;13;core;top
свадебная площадка спарк;13;core;top
площадки для свадьбы нижний новгород;13;core;top
площадки для свадьбы минск;13;core;top
площадка для небольшой свадьбы;13;capacity;top
выбрать место для свадьбы;13;core;top
место для свадьбы спб;13;core;top
где галич отмечала свадьбу;13;info;top
где отметить маленькую свадьбу;13;capacity;top
где отмечать свадьбу в 2026;13;info;top
кафе где отметить свадьбу;13;venue-type;top
банкетный зал для свадьбы в красногорске;13;venue-type;top
ресторан для свадьбы с живой музыкой;13;vendors;top
лучшие рестораны москвы для камерной свадьбы;13;venue-type;top
самые красивые рестораны для свадьбы;13;venue-type;top
проведение свадебных банкетов;13;core;top
сколько стоит свадебный банкет на человека;13;price;top
тайминг свадебного банкета;13;info;top
сценарий свадебного банкета;13;info;top
свадьба как провести жениха;13;info;top
как провести день свадьбы весело;13;info;top
как проводят девичник перед свадьбой;13;info;top
организация свадеб камеди клаб;13;core;top
свадебный шатер в подмосковье для свадьбы;13;venue-type;top
коттедж для свадьбы ленинградская;13;venue-type;top
свадьба на теплоходе спб;13;venue-type;top
свадьба на 30 человек цена;13;capacity;top
сколько кг торта на 50 человек свадьбу;13;vendors;top
камерная свадьба недорого;13;capacity;top
проведение маленьких свадеб;13;capacity;top
свадьба без тамады для маленькой компании;13;vendors;top
маленький букет цветов на свадьбу;13;vendors;top
полицейский с рублевки свадьба сестры;13;geo;top
хорошее недорогое шампанское на свадьбу;13;price;top
шампанское на свадьбу какое купить недорогое хорошее;13;price;top
снять кафе на свадьбу недорого цены;13;venue-type;top
свадьба под ключ спб;13;price;top
свадьба под ключ нижний;13;price;top
вилла ротонда стоимость свадьбы;13;price;top
стоимость свадьбы галич;13;price;top
стоимость свадьбы иды галич;13;price;top
сколько стоит пригласить иванушек на свадьбу;13;price;top
сколько стоит координатор на свадьбу;13;vendors;top
сколько стоит стол на свадьбу;13;price;top
сколько стоит свадьба в царицыно;13;price;top
сколько стоит позвать на свадьбу эльбруса джанмирзоева;13;price;top
сколько стоит позвать эльбруса на свадьбу;13;price;top
сколько стоит рилсмейкер на свадьбу;13;price;top
сколько стоит еда на свадьбу;13;price;top
сколько стоила свадьба роналду;13;price;top
сколько стоит арка на свадьбу;13;price;top
литвин свадьба сколько стоит;13;price;top
сколько стоит заказать лимузин на свадьбу;13;price;top
сколько стоит зайнаб махаева на свадьбу;13;price;top
как зовут ведущего на свадьбе;13;vendors;top
ведущий на свадьбу домодедово;13;vendors;top
ведущий на свадьбу список;13;vendors;top
ведущие на свадьбу нижний;13;vendors;top
ведущий на свадьбу нижний новгород;13;vendors;top
услуги фотографа на свадьбу цена;13;vendors;top
свадебный декор без цветов;13;vendors;top
сколько стоит свадебный декор;13;vendors;top
студия свадебного декора;13;vendors;top
декор свадебный из цветов на стол;13;vendors;top
оформление свадьбы купить;13;vendors;top
оформление бокалов на свадьбу;13;vendors;top
оформление стола молодоженов на свадьбу;13;vendors;top
цветочное оформление свадьбы;13;vendors;top
оформление зала на свадьбу фото;13;vendors;top
оформление голубой свадьбы;13;vendors;top
оформление свадьбы город клин;13;vendors;top
оформление зала на свадьбу цена;13;vendors;top
ксения афанасьева свадебный организатор;13;vendors;top
wedoagency свадебное агентство;13;vendors;top
свадебное агентство любовь;13;vendors;top
ezwed свадебное агентство отзывы;13;vendors;top
свадебное агентство рейтинг;13;vendors;top
свадебное агентство darsy;13;vendors;top
свадебное агентство организация;13;vendors;top
кавер группа на свадьбу москва цена;13;vendors;top
свадебные торты 8 кг;13;vendors;top
дорогой свадебный торт;13;vendors;top
покажи свадебные торты;13;vendors;top
пробники свадебных тортов;13;vendors;top
свадебный торт с лягушками;13;vendors;top
итальянский свадебный торт с ягодами;13;vendors;top
свадебный торт коржи;13;vendors;top
кому первый кусок свадебного торта;13;vendors;top
два шефа и свадебный торт;13;vendors;top
свадебный торт 10 кг цена;13;vendors;top
торт 40 кг свадебный;13;vendors;top
высокий свадебный торт;13;vendors;top
торт свадебный 2026 прямоугольный видео;13;vendors;top
название свадебных тортов;13;vendors;top
свадебный торт в морском стиле;13;vendors;top
свадебный торт двухъярусный с цветами;13;vendors;top
свадебный торт калуга;13;vendors;top
свадебный торт рафаэлло;13;vendors;top
свадебный торт слова;13;vendors;top
свадебный прямоугольный торт медовик размеры;13;vendors;top
выездная регистрация чебоксары;13;vendors;top
особняк спиридонова выездная регистрация;13;vendors;top
сценарий немолодой свадьбы;13;info;top
сценарий свадьбы для немолодой пары;13;info;top
сценарий свадьбы в деревне;13;info;top
свадьба вслепую сценарий;13;info;top
рубиновая свадьба сценарий в домашних;13;info;top
рубиновая свадьба сценарий в домашних условиях;13;info;top
свадьба 60 сценарий;13;info;top
готовый смешной сценарий свадьбы;13;info;top
свадьба ведение сценарий;13;info;top
свадьба текст сценария;13;info;top
свадьба в сентябре фото;13;info;top
какая дата в сентябре для свадьбы;13;info;top
какой месяц лучше для свадьбы;13;info;top
идеи для сюрприза на свадьбу;13;info;top
идеи для призов на свадьбе;13;info;top
4 свадьбы в стиле барокко;13;info;top
4 свадьбы свадьба в стиле кибер барокко;13;info;top
свадьба в золотом стиле;13;info;top
свадьба в лесном стиле;13;info;top
стили тематических свадеб;13;info;top
свадьба в стиле оскар;13;info;top
свадьба в татарском стиле;13;info;top
где отметить свадьбу в подольске;13;info;top
лучший ресторан для проведения свадеб;13;venue-type;top
организация обрядов свадеб юбилеев;13;core;top
свадьба без стиля;13;info;top
выездная регистрация брака рязань;13;vendors;top
свадебные площадки одинцово;13;geo;top
начинающий тамада на свадьбу;13;vendors;top
тамада на свадьбу в оренбурге;13;vendors;top
свадебный фотограф александр;13;vendors;top
свадебный фотограф александров;13;vendors;top
топ свадебных фотографов;13;vendors;top
свадебные фотосессии фотограф екатеринбург;13;vendors;top
помещения для свадебной фотосессии;13;vendors;top
свадебная фотосессия в ноябре;13;vendors;top
какую ткань вешают на свадебную арку;13;rest;top
как украсить фотозону на свадьбу;13;vendors;top
готовая фотозона на свадьбу;13;vendors;top
букет невесте на свадьбу от гостей;13;vendors;top
букет невесты коломна;13;vendors;top
букет невесты купить на рижском рынке;13;vendors;top
букет невесты смоленск;13;vendors;top
купить букет невесты видное;13;vendors;top
когда жених дарит букет невесте;13;vendors;top
купить букет невесты в чехове;13;vendors;top
аткинсон букет невесты;13;vendors;top
персиковый букет невесты;13;vendors;top
выкидывать ли букет невесты;13;vendors;top
из каких цветов делают букет невесты;13;vendors;top
букет невесты на свадьбу традиция;13;vendors;top
букет невесты голубые гортензии;13;vendors;top
букет невесты бело зеленый фото;13;vendors;top
девушка ловит букет невесты;13;vendors;top
букет невесты из маттиолы;13;vendors;top
букет цветов невесты свадебные фото;13;vendors;top
можно ли ловить букет невесты;13;vendors;top
букет невесты из гипсофилы и эвкалипта;13;vendors;top
детективы букет невесты;13;vendors;top
кто поймал букет невесты детектив;13;vendors;top
картины из букета невесты из эпоксидной смолы;13;vendors;top
букет на свадьбу невесте какие цветы;13;vendors;top
букет невесты из белых роз фото;13;vendors;top
что означает поймать букет невесты на свадьбе;13;vendors;top
показать букет невесты;13;vendors;top
букет невесты на свадьбу цветами фото;13;vendors;top
магазин природа подольск букет невесты;13;vendors;top
букет невесты из кустовой хризантемы и эвкалипт;13;vendors;top
букет невесты из хризантем кустовых;13;vendors;top
букет от отца невесте;13;vendors;top
свадебный букет для невесты из гипсофилы белой;13;vendors;top
розовые цветы на свадьбу;13;rest;top
родители невесты дарят цветы на свадьбу;13;rest;top
композиции из живых цветов на свадьбу;13;rest;top
нужно ли дарить цветы на свадьбу молодоженам;13;rest;top
свадебный каравай мытищи;13;geo;top
как приготовить свадебный каравай;13;info;top
постановка свадебного танца метро первомайская;13;rest;top
организатор свадеб москва цена;13;vendors;top
транспорт на свадьбу для гостей;13;info;top
автобус для гостей на свадьбу;13;info;top
украшают ли сейчас машины на свадьбу;13;rest;top
нужна машина на свадьбу;13;rest;top
арендовать лимузин на свадьбу;13;price;top
на сколько заказывать лимузин на свадьбу;13;rest;top
как испечь свадебный каравай рецепт;13;info;top
банкетные залы стерлитамак;13;venue-type;top
банкетный зал стерлитамак;13;venue-type;top
банкетные залы бузулук;13;venue-type;top
банкетный зал бузулук;13;venue-type;top
вавилон банкетный зал;13;venue-type;top
банкетный зал в аренду готовый бизнес;13;venue-type;top
банкетные залы силуэт;13;venue-type;top
банкетный зал силуэт;13;venue-type;top
фото банкетного зала ресторана;13;venue-type;top
банкетный зал охотник;13;venue-type;top
банкетный зал заречный;13;venue-type;top
банкетный зал 1 отзывы;13;venue-type;top
кафе чебоксары банкетные залы;13;venue-type;top
банкетные залы посуточно;13;venue-type;top
банкетный зал посуточно;13;venue-type;top
банкетный зал дача;13;venue-type;top
аренда дома с банкетным залом;13;venue-type;top
заимка банкетный зал;13;venue-type;top
банкетный зал консул на остоженке официальный сайт;13;venue-type;top
банкетный зал кружева тула;13;venue-type;top
банкетный зал щелковская;13;venue-type;top
банкетные залы томск;13;venue-type;top
банкетный зал томск;13;venue-type;top
банкетные залы кейтеринг;13;venue-type;top
кейтеринг банкетный зал;13;venue-type;top
банкетный зал восточная пальмира;13;venue-type;top
внуково вилладж банкетные залы;13;venue-type;top
внуково вилладж банкетный зал;13;venue-type;top
банкетные залы конаково;13;venue-type;top
банкетный зал конаково;13;venue-type;top
банкетный зал кристал гарден;13;venue-type;top
светлое озеро банкетный зал;13;venue-type;top
банкетные залы рейтинг;13;venue-type;top
рейтинг банкетный залов;13;venue-type;top
банкетный зал запад москвы;13;venue-type;top
банкетные залы львов;13;venue-type;top
банкетный зал львов;13;venue-type;top
банкетные залы новочебоксарск;13;venue-type;top
банкетный зал новочебоксарск;13;venue-type;top
виноградово банкетный зал жара;13;venue-type;top
банкетные залы кавказской кухни;13;venue-type;top
банкетный зал кавказской кухни;13;venue-type;top
банкетные залы ставрополь;13;venue-type;top
банкетный зал ставрополь;13;venue-type;top
яхонты банкетный зал;13;venue-type;top
аль амир банкетный зал;13;venue-type;top
аль амира банкетный зал;13;venue-type;top
банкетный зал амир;13;venue-type;top
банкетный зал амира;13;venue-type;top
банкетный зал 35 человек;13;venue-type;top
банкетный зал прованс варшавское шоссе 71;13;venue-type;top
банкетный зал династия;13;venue-type;top
crystal банкетный зал;13;venue-type;top
банкетный зал голден;13;venue-type;top
усадьба гребнево банкетный зал барский;13;venue-type;top
банкетный зал малина;13;venue-type;top
банкетные залы амакс;13;venue-type;top
банкетный зал амакс;13;venue-type;top
банкетные залы одинцовском районе;13;venue-type;top
банкетный зал одинцовский район;13;venue-type;top
татарский банкетный зал;13;venue-type;top
вега малая банкетный зал;13;venue-type;top
банкетный зал выхино жулебино;13;venue-type;top
банкетные залы орфей;13;venue-type;top
банкетный зал орфей;13;venue-type;top
банкетный зал виктория дербент;13;venue-type;top
триумф банкетный зал москва;13;venue-type;top
банкетный зал авеню;13;venue-type;top
банкетные залы с детской комнатой;13;venue-type;top
банкетный зал с детской комнатой;13;venue-type;top
банкетный зал ретро;13;venue-type;top
банкетные залы без пробкового сбора;13;venue-type;top
банкетный зал без пробкового сбора;13;venue-type;top
банкетные залы 20 чел;13;venue-type;top
банкетный зал 20 чел;13;venue-type;top
банкетные залы ташкент;13;venue-type;top
банкетный зал ташкенте;13;venue-type;top
банкетный зал руза;13;venue-type;top
банкетный зал в чертаново;13;venue-type;top
белладжио банкетный зал;13;venue-type;top
русская сказка банкетный зал;13;venue-type;top
банкетный зал барвиха luxury village;13;venue-type;top
банкетные залы президент отеля;13;venue-type;top
президент отель банкетный зал;13;venue-type;top
банкетный зал для юбилея на 30 человек;13;venue-type;top
голубой банкетный зал;13;venue-type;top
банкетный зал на 120 человек москва;13;venue-type;top
event банкетный зал;13;venue-type;top
банкетный зал новая москва;13;venue-type;top
новые банкетные залы москвы;13;venue-type;top
ресторан орел банкетный зал;13;venue-type;top
рестораны в орле банкетные залы;13;venue-type;top
как сделать банкетный зал;13;venue-type;top
рестораны для свадьбы фото;13;venue-type;top
ресторан для свадьбы зеленоград;13;venue-type;top
как рассчитать банкетное меню;13;venue-type;top
банкетное меню какое;13;venue-type;top
свадебный букет из ромашек фото;13;vendors;top
свадебные фото анастасии;13;rest;top
летние свадебные фото;13;info;top
свадебные фото мем;13;rest;top
кринжовые свадебные фото;13;rest;top
свадебный ресторан фото;13;venue-type;top
свадебные фото криштиану роналду;13;rest;top
свадебные фото ссср;13;rest;top
красивое свадебное место фото;13;rest;top
расти лейк свадебное фото;13;rest;top
зендая свадебные фото;13;rest;top
печать свадебных фото;13;rest;top
сколько хранятся фото на яндекс диске свадебные;13;rest;top
что говорит дата свадьбы;13;info;top
какие юбилейные даты свадьбы;13;info;top
красивая дата для свадьбы в октябре 2026;13;info;top
свободные даты свадьбы;13;info;top
календарь благоприятных дат для свадьбы 2026;13;rest;top
хорошие даты для свадьбы в августе;13;info;top
определить дату свадьбы;13;rest;top
дата свадьбы агаты;13;rest;top
с днем бракосочетания мужа;13;rest;top
с днем бракосочетания от мамы;13;rest;top
с днем бракосочетания племяннице;13;rest;top
с днем бракосочетания в прозе молодоженам;13;rest;top
с днем бракосочетания женщине;13;rest;top
душевные слова с днем бракосочетания;13;rest;top
примеры свадебных столов;13;rest;top
что поставить на свадебный стол;13;info;top
свадебный стол сколько стоит;13;price;top
свадебный стол цена;13;rest;top
свадебные кортежи видео;13;rest;top
можно свадебные видео;13;rest;top
свадебная церемония на сейшелах;13;rest;top
свадебная церемония маврикий;13;rest;top
zeitun wedding day face;13;rest;top
свадебный образ 40;13;rest;top
свадьба приснилось собиралась;13;rest;top
приснилось отменить свадьбу;13;rest;top
сайт для создания свадебных приглашений;13;info;top
бант на свадебный бокал;13;rest;top
оформление свадебных бокалов;13;vendors;top
оформить свадебные бокалы;13;rest;top
свадебные бокалы оформленные в стиле бохо;13;vendors;top
свадьба бальзаминова роли;13;rest;top
новая свадебная коллекция;13;rest;top
свадебная коллекция love republic;13;rest;top
звук свадьбы в загсе;13;rest;assoc
брат моего бывшего брошенная невесты;13;rest;top
чужая невеста будешь моей читать;13;rest;top
дорогие молодожены в этот день;13;rest;top
как украсить свадебную бутылку;13;info;top
свадебные наклейки на бутылки шампанского;13;rest;top
свадебный вальс под мирей матье;13;rest;top
свадебный вальс тимур;13;rest;top
темиров свадебный вальс;13;rest;top
тимур темиров свадебный вальс;13;rest;top
свадебные обряды невесты;13;rest;top
народные свадебные обряды;13;rest;top
дорама свадебный план русская озвучка;13;info;top
дорама свадебный план с русской;13;info;top
свадебный план дорама озвучка;13;info;top
маленькие свадьбы в москве рестораны;13;venue-type;top
4 свадьбы свадьба в стиле барокко;13;info;top
свадьба индийском стиле;13;info;top
тематический стиль свадьбы;13;info;top
свадьба в стиле алисы в стране;13;info;top
свадьба стиле алиса в стране чудес;13;info;top
букет невесты традиции на свадьбе;13;vendors;top
бить бокалы на свадьбе традиции;13;info;top
традиция на свадьбе мосты;13;info;top
русские обычаи на свадьбе традиции;13;info;top
русские свадебные традиции свадьба 11;13;info;top
свадебный торт традиция;13;vendors;top
молдавские свадебные традиции;13;info;top
стили свадебных приглашений;13;info;top
красивые свадебные приглашения;13;info;top
создать приглашение на свадьбу самим;13;info;top
создать приглашение на свадьбу самой;13;info;top
как провести свадьбу жениха;13;info;top
домашний сценарий рубиновой свадьбы;13;info;top
торт на 22 свадьбы;13;vendors;top
столик для торта на свадьбу;13;vendors;top
разрезать торт на свадьбе;13;vendors;top
торты на свадьбу вкусы;13;vendors;top
нож для торта на свадьбу;13;vendors;top
прямоугольный торт на свадьбу с ягодами;13;vendors;top
торт на свадьбу день рождения;13;vendors;top
торт димы масленникова и коки на свадьбе;13;vendors;top
купить торт на коралловую свадьбу химки;13;vendors;top
фоновая свадебная инструментальная музыка;13;vendors;top
свадебная подборка музыки;13;vendors;top
оформление свадебного президиума;13;vendors;top
хорошие свадебные ведущие;13;vendors;top
тюль как в свадебных зала;13;info;top
свадебные залы в дербенте;13;core;top
ресторан в балашихе на свадьбу;13;venue-type;top
халиф ногинск свадьба;13;rest;top
свадьба зимой дзен;13;info;top
как одеться на свадьбу женщине летом;13;info;top
что одеть на свадьбу летом мужчине;13;info;top
в чем пойти на свадьбу осенью мужчине;13;info;top
сыграть свадьбу в мае;13;rest;top
в чем пойти на свадьбу в октябре;13;info;top
кафе в аренду на свадьбу;13;venue-type;top
снять кафе на свадьбу в;13;venue-type;top
свадьба машина дом;13;rest;top
на свадьбу про дом;13;rest;top
свадьба черно дом;13;rest;top
свадьба дома что нужно;13;info;top
сон свадьба в доме;13;rest;top
на улице дом свадьба;13;rest;top
кто выиграл свадьбу на миллион дом;13;rest;top
дом посуточно для свадьбы;13;rest;top
что нужно сделать для свадьбы;13;info;top
сколько гостей было на свадьбе клавы коки;13;info;top
свадебные площадки на улице;12;core;top
свадебные площадки ростов;12;core;top
дом у леса свадебная площадка алабушево;12;core;top
площадки для свадьбы за городом;12;core;top
площадки для свадьбы курск;12;core;top
площадки для свадьбы тульская область;12;core;top
площадка для свадьбы в коломне;12;core;top
площадки для свадьбы воронеж;12;core;top
где отметить свадьбу в солнечногорске;12;geo;top
где лучше отметить свадьбу;12;info;top
где отметить свадьбу петербург;12;info;top
где отметить роспись без свадьбы;12;info;top
большой банкетный зал для свадьбы;12;venue-type;top
лучшие банкетные залы для свадьбы;12;venue-type;top
лучший банкетный зал для свадьбы;12;venue-type;top
рестораны санкт петербурга для камерной свадьбы;12;venue-type;top
рестораны в зеленограде для свадьбы;12;venue-type;top
ресторан для свадьбы фото;12;venue-type;top
музыка для свадьбы в ресторане;12;vendors;top
рестораны для свадьбы в москве и подмосковье;12;venue-type;top
ресторан для свадьбы с отдельным залом;12;venue-type;top
панорамные рестораны для свадеб;12;venue-type;top
ресторан для свадьбы белгород;12;venue-type;top
ресторан семейный для свадьбы;12;venue-type;top
место свадебного банкета;12;core;top
ведущие свадебных банкетов;12;vendors;top
где провести свадебный банкет;12;info;top
как проводить свадьбу сценарий;12;info;top
киркоров провел свадьбу коки;12;rest;top
как называется человек проводящий свадьбу;12;info;top
как провести золотую свадьбу;12;info;top
сколько стоит провести свадьбу в усадьбе середниково;12;venue-type;top
проводим свадьбы банкеты;12;core;top
где красиво провести свадьбу;12;info;top
как правильно проводить свадьбу;12;info;top
организация свадьбы отель;12;venue-type;top
организация свадьбы с чего начать поэтапно;12;info;top
свадьбы организация торжеств;12;core;top
организация свадьбы самостоятельно;12;core;top
снять лофт москва для свадьбы;12;venue-type;top
сколько стоит шатер для свадьбы;12;venue-type;top
загородный клуб для свадьбы в подмосковье;12;venue-type;top
свадьба в питере на теплоходе;12;venue-type;top
где отметить свадьбу на 10 человек;12;capacity;top
стоимость свадьбы на 20 человек;12;capacity;top
банкет на свадьбу 20 человек;12;core;top
организовать свадьбу на 30 человек;12;capacity;top
как рассчитать алкоголь на свадьбу 50 человек;12;info;top
камерная уютная свадьба;12;capacity;top
маленькие сюрпризы на свадьбу;12;capacity;top
ведущий маленькая свадьба;12;vendors;top
недорогая свадьба за городом;12;price;top
рианна на свадьбе в подмосковье;12;geo;top
полицейский с рублевки поют на свадьбе;12;geo;top
свадьба санкт петербурге недорого;12;price;top
сколько стоит недорогая свадьба;12;price;top
шампанское недорогое и вкусное на свадьбу;12;price;top
недорогая свадьба тамада;12;vendors;top
выездная свадьба под ключ;12;price;top
свадьба под ключ нижний новгород;12;price;top
сколько стоит пригласить киркорова на свадьбу;12;price;top
сколько стоит пригласить на свадьбу нагиева;12;price;top
сколько стоит свадьба в таджикистане;12;price;top
сколько стоит свадьба на 60 человек;12;capacity;top
сколько стоит бюджетная свадьба;12;price;top
сколько стоит свадьба в узбекистане;12;price;top
ведущий на свадьбу краснодар;12;vendors;top
ведущий церемонии на свадьбу;12;vendors;top
алексей алексеев ведущий на свадьбу;12;vendors;top
ведущий на свадьбу алексей;12;vendors;top
отзыв о ведущем на свадьбе;12;vendors;top
ведущий на свадьбу подольск;12;vendors;top
илья сатир ведущий на свадьбу;12;vendors;top
фотограф на свадьбу москва цена за час;12;vendors;top
свадебный фотограф на свадьбу;12;vendors;top
фотограф на свадьбу ростов на дону анна;12;vendors;top
свадебный декор курсы;12;vendors;top
оформление свадебного декора;12;vendors;top
стили свадебного декора;12;vendors;top
оформление машины на свадьбу;12;vendors;top
оформление бокалов и бутылок на свадьбу;12;vendors;top
минимализм свадьба оформление;12;vendors;top
оформление залов свадеб цветами;12;vendors;top
зеленое оформление свадьбы;12;vendors;top
оформление свадьбы фотографиями;12;vendors;top
novo wed свадебное агентство;12;vendors;top
свадебное агентство веддинг;12;vendors;top
свадебное эвент агентство москва;12;vendors;top
свадебное агентство иды галич;12;vendors;top
проджект менеджер в свадебное агентство;12;vendors;top
свадебное агентство романа боярова;12;vendors;top
свадебные агентства премиум;12;vendors;top
александр ходолев свадебное агентство авито;12;vendors;top
свадебный торт на 3 кг;12;vendors;top
свадебный торт цена за 1 кг;12;vendors;top
вес торта на 40 человек свадебного;12;vendors;top
свадебный торт продается;12;vendors;top
свадебный торт 3х ярусный;12;vendors;top
свадебный торт в стиле итальянского пирога;12;vendors;top
где можно заказать свадебный торт;12;vendors;top
вместо свадебного торта;12;vendors;top
трехярусный свадебный торт;12;vendors;top
итальянский свадебный торт рецепт;12;vendors;top
свадебные торты на 25 человек;12;vendors;top
обычные свадебные торты;12;vendors;top
торт свадебный 2026 улуг в петербург;12;vendors;top
свадебный дом торт;12;vendors;top
свадебный торт в один ярус;12;vendors;top
свадебный торт с инициалами и шариками двухярусный;12;vendors;top
найти свадебный торт;12;vendors;top
мастер класс по изготовлению свадебного торта;12;vendors;top
сколько кг должен быть свадебный торт;12;vendors;top
свадебный торт зеленоград;12;vendors;top
свадебный флорист краснодар;12;vendors;top
выездная регистрация на берегу;12;vendors;top
мос ру выездная регистрация брака;12;vendors;top
как проводится выездная регистрация;12;vendors;top
сколько бюджет свадьбы;12;rest;top
сценарий свадьбы для начинающих;12;info;top
программа на свадьбу сценарий;12;info;top
готовый современный сценарий полной свадьбы;12;info;top
современный подробный сценарий свадьбы;12;info;top
сценарий свадьбы для ведущего готовый полный современный;12;vendors;top
свадьба оригинальный сценарий;12;info;top
сценарий свадьбы с музыкой;12;vendors;top
сценарий свадьбы и дня рождения;12;info;top
у иринки свадьба в сентябре слушать;12;info;top
удачные даты для свадьбы в сентябре;12;info;top
удачные даты для свадьбы в сентябре 2026;12;info;top
что надеть на свадьбу в сентябре;12;info;top
идеи для невесты на свадьбу;12;info;top
идеи для жемчужной свадьбы;12;info;top
идей для свадьбы своими руками;12;rest;top
идеи стилей для свадьбы;12;info;top
стиль зала на свадьбу;12;info;top
4 свадьбы свадьба в греческом стиле;12;info;top
фото свадьбы в стиле 90;12;info;top
стиль бохо свадьба гости;12;info;top
свадьба в стиле гаи;12;info;top
свадьба в гангстерском стиле;12;info;top
свадьба в средневековом стиле;12;info;top
выбираем стиль свадьбы;12;info;top
стиль девочки на свадьбу;12;info;top
свадьба в стиле козырьков;12;info;top
свадьба в стиле острых козырьков;12;info;top
свадьба в стиле 00;12;info;top
стили свадеб какие бывают фото;12;info;top
мольберт для рассадки гостей на свадьбу;12;info;top
варианты рассадки гостей на свадьбе;12;info;top
макет плана рассадки гостей на свадьбе;12;info;top
площадка для свадьбы чебоксары;12;core;top
свадьба в стиле властелин колец;12;info;top
в каком стиле можно сделать свадьбу;12;info;top
сколько килограммов свадебный торт;12;vendors;top
свадьба в стиле винтаж;12;info;top
топ свадебных площадок;12;rest;top
свадьба в стиле форсаж;12;info;top
где провести фотосессию на свадьбу;12;vendors;top
рестораны для свадьбы владикавказ;12;venue-type;top
услуги тамады на свадьбу цены;12;vendors;top
тамада на свадьбу недорого;12;vendors;top
свадебный фотограф зеленоград;12;vendors;top
майвед свадебный фотограф;12;vendors;top
свадебный фотограф курск;12;vendors;top
юлия свадебный фотограф;12;vendors;top
профессиональный свадебный фотограф;12;vendors;top
уральские пельмени свадебный фотограф;12;vendors;top
свадебный фотограф новосибирск;12;vendors;top
свадебные фотосессии идеи фото;12;vendors;top
видеосъемка свадьбы сколько;12;rest;top
свадебные арки фотозона;12;vendors;top
как оформить арку свадебную;12;info;top
авито свадебные арки купить;12;rest;top
фотозона на свадьбу цветы;12;vendors;top
надпись на фотозону на свадьбу;12;vendors;top
фотозона на свадьбу своими руками в ресторане;12;vendors;top
каркас для фотозоны на свадьбу;12;vendors;top
фотозона с зеркалом на свадьбу;12;vendors;top
букет невесты в красном цвете;12;vendors;top
размер букета невесты;12;vendors;top
какой букет бросает невеста;12;vendors;top
можно кидать букет невесты;12;vendors;top
букет невесты 2026 пинтерест;12;vendors;top
букет невесты в стиле бохо;12;vendors;top
букет невесты с бусинками;12;vendors;top
букет на свадьбу на руку невесты;12;vendors;top
цветы для букета невесты названия и фото;12;vendors;top
букет невесты долгопрудный;12;vendors;top
можно ли отдавать букет невесты;12;vendors;top
свадебный букет невесты из гвоздик;12;vendors;top
свадебный букет для невесты минимализм;12;vendors;top
букет для невесты от папы;12;vendors;top
фиалка см букет невесты;12;vendors;top
передача букета невесты;12;vendors;top
букет невесты из альтермерит;12;vendors;top
букет невесты сочи;12;vendors;top
свадебный букет для невесты екатеринбург;12;vendors;top
традиция бросать букет невесты;12;vendors;top
красные каллы букет невесты;12;vendors;top
можно ли дарить букет невесты;12;vendors;top
букет невесты суеверия;12;vendors;top
какой букет дарит жених невесте;12;vendors;top
букет невесты срочно;12;vendors;top
янышева букет невесты;12;vendors;top
букет невесты белые розы зелень;12;vendors;top
свадебный букет невесты спб;12;vendors;top
букет невесты антуриум и каллы;12;vendors;top
букет невесты челябинск;12;vendors;top
оригинально разыграть букет невесты;12;vendors;top
букет невесты живые или искусственные цветы;12;vendors;top
букет невесты голубой купить;12;vendors;top
купить букет невесты каллы в зеленограде;12;vendors;top
букет невесты брянск;12;vendors;top
юзис букет невесты пеларгония;12;vendors;top
букет невесты из калл москва доставка;12;vendors;top
букет невесты пошагово;12;vendors;top
букет невесты из пионов и гипсофилы;12;vendors;top
корзина с цветами на свадьбу фото;12;rest;top
можно ли дарить цветы на свадьбу невесте;12;rest;top
букет на свадьбу искусственные цветы;12;vendors;top
букет цветов из бригады на свадьбу;12;vendors;top
арка из искусственных цветов на свадьбу;12;rest;top
какие цветы принято дарить на свадьбу;12;rest;top
какие цветы на золотую свадьбу;12;rest;top
готовые президиумы на свадьбу в москве;12;geo;top
как украсить президиум на свадьбу своими руками;12;info;top
где можно заказать свадебный каравай;12;info;top
солонка на каравай свадебный;12;rest;top
стилист на свадьбу москва;12;vendors;top
арендовать машину на свадьбу с водителем;12;price;top
машины на свадьбу большая;12;rest;top
лучшие места для свадебной фотосессии;12;vendors;top
красивые отели для свадебной фотосессии в москве;12;vendors;top
свадебная арка из шаров;12;rest;top
свадебная арка из деревьев;12;rest;top
банкетный зал проведения мероприятий;12;venue-type;top
банкетный зал академия;12;venue-type;top
яхт клуб банкетный зал;12;venue-type;top
банкетный зал рублевка;12;venue-type;top
банкетный зал индира дагестанские огни;12;venue-type;top
банкетный зал музей;12;venue-type;top
яндекс банкетный зал;12;venue-type;top
итальянский банкетный зал;12;venue-type;top
изумрудное банкетный зал;12;venue-type;top
стоимость аренды банкетного зала;12;venue-type;top
банкетный зал нева;12;venue-type;top
горячей банкетный зал;12;venue-type;top
банкетный зал тихий;12;venue-type;top
банкетные залы для проведения корпоратива;12;venue-type;top
plaza банкетный зал;12;venue-type;top
маленькие банкетные залы для свадьбы;12;venue-type;top
бронь банкетного зала;12;venue-type;top
банкетный зал верона;12;venue-type;top
ресторан банкетный зал рядом;12;venue-type;top
рестораны банкетные залы рядом;12;venue-type;top
банкетный зал ресторан принц;12;venue-type;top
принц плаза ресторан банкетный зал;12;venue-type;top
банкетные залы речной вокзал;12;venue-type;top
банкетный зал речной вокзал;12;venue-type;top
банкетный зал желание;12;venue-type;top
банкетный зал кафе москва;12;venue-type;top
кафе банкетные залы москва;12;venue-type;top
банкетный зал дербент цены;12;venue-type;top
банкетные залы рядом с метро каширская;12;venue-type;top
банкетные залы кмв;12;venue-type;top
банкетный зал кмв;12;venue-type;top
банкетные залы махачкалы фото;12;venue-type;top
фото банкетных залов махачкалы;12;venue-type;top
банкетный зал семейный;12;venue-type;top
магас банкетный зал;12;venue-type;top
банкетный зал водолей;12;venue-type;top
набат палас домодедово банкетный зал;12;venue-type;top
банкетный зал танцпол;12;venue-type;top
банкетный зал люкс;12;venue-type;top
аль азиз банкетный зал;12;venue-type;top
банкетный зал азиз;12;venue-type;top
банкетный зал азиза;12;venue-type;top
банкетный зал аль азиза;12;venue-type;top
банкетный зал белиджи;12;venue-type;top
банкетные залы рязанская область;12;venue-type;top
банкетный зал рязанская область;12;venue-type;top
банкетный зал гагарин;12;venue-type;top
банкетный зал минеральные воды;12;venue-type;top
вакансия банкетный зал;12;venue-type;top
банкетные залы на мичуринском;12;venue-type;top
банкетный зал на мичуринском;12;venue-type;top
банкетный зал дали;12;venue-type;top
банкетный зал дана;12;venue-type;top
хороший банкетный зал свадьбы;12;venue-type;top
банкетный зал фазенда;12;venue-type;top
банкетный зал первомайский;12;venue-type;top
банкетный зал адыгея;12;venue-type;top
банкетный зал марриотт москва;12;venue-type;top
банкетный зал на 10 человек в москве;12;venue-type;top
банкетный зал миллениум;12;venue-type;top
банкетный зал москва кавказская;12;venue-type;top
банкетный зал family;12;venue-type;top
дворец султана банкетный зал;12;venue-type;top
кизляр банкетный зал версаль;12;venue-type;top
банкетные залы при отелях;12;venue-type;top
банкетный зал ночь;12;venue-type;top
банкетный зал элеон;12;venue-type;top
банкетный зал вопросы;12;venue-type;top
банкетный зал квартал;12;venue-type;top
сколько стоит снять банкетный зал;12;venue-type;top
ривер банкетный зал;12;venue-type;top
вип банкетные залы;12;venue-type;top
вип банкетный зал;12;venue-type;top
ресторан банкеты для свадьбы;12;venue-type;top
банкетное меню брянск;12;venue-type;top
васильчуки банкетное меню;12;venue-type;top
как рассчитать банкетное меню на человека;12;venue-type;top
времена года банкетное меню;12;venue-type;top
расчет банкетного меню на свадьбу;12;venue-type;top
вкусное банкетное меню;12;venue-type;top
лучшие банкетный зал для свадьбы;12;venue-type;top
загородные отели подмосковья для свадьбы;12;venue-type;top
свадебные фото 2025;12;rest;top
детские свадебные фото;12;rest;top
оригинальные свадебные фото;12;rest;top
свадебные фото 90 х годов;12;rest;top
свадебные фото ростов;12;rest;top
фото свадебных фотоальбомов;12;rest;top
свадебный президиум фото;12;rest;top
идеи свадебных фотосессий фото;12;vendors;top
свадебные фото звезд;12;rest;top
фото свадебных бутылок;12;rest;top
свадебные картины фото;12;rest;top
свадебный фото день;12;rest;top
даты свадьбы по церковному календарю;12;info;top
календарь дат свадеб по годам;12;rest;top
рассчитать лучшую дату для свадьбы;12;rest;top
том холланд и зендая дата свадьбы;12;rest;top
с днем бракосочетания трогательные;12;rest;top
родителям с днем бракосочетания детей;12;rest;top
как сделать свадебную композицию на стол;12;info;top
большой свадебный стол;12;rest;top
тарталетки на свадебный стол;12;rest;top
ирина аллегрова свадебные цветы видео;12;rest;top
свадебное видео время;12;rest;top
свадебный день видео;12;rest;top
сборка свадебного букета видео;12;vendors;top
свадебная церемония в храме пхукет;12;rest;top
замки для празднования свадебной церемонии;12;rest;top
свадебная церемония на свадьбе;12;rest;top
площадка для свадебных церемоний;12;core;top
простые свадебные образы;12;rest;top
приснилась свадьба знакомых;12;rest;top
приснилась свадьба моя с мужем;12;rest;top
приснилась моя свадьба выхожу замуж;12;rest;top
эконика свадебная коллекция;12;rest;top
лав репаблик свадебная коллекция;12;rest;top
фон для свадебной фотокниги;12;rest;top
свадебный фон для текста;12;rest;top
свадебный букет фон;12;vendors;top
печать свадебных клятв;12;rest;top
красивые свадебные клятвы;12;rest;top
слушать аудиокнигу будь моей невестой;12;rest;top
невеста будешь моей 2 часть;12;rest;top
невеста чужого босса будет моей читать онлайн;12;rest;top
как сделать свадебную бутылку;12;info;top
свадебная бутылка невесты;12;rest;top
как называются свадебные обряды;12;info;top
традиционный свадебный обряд;12;info;top
он и мой свадебный план читать;12;info;top
свадебный план 6;12;info;top
свадебный кейп из тафты;12;rest;top
выбрать стиль свадьбы;12;info;top
какие бывают стили свадьбы фото;12;info;top
грузинские традиции на свадьбе;12;info;top
славянские традиции на свадьбу;12;info;top
народные традиции на свадьбе;12;info;top
свадебные традиции на второй день;12;info;top
свадебные традиции кратко;12;info;top
свадебные традиции германии;12;info;top
греческие свадебные традиции;12;info;top
свадебные традиции у татар;12;info;top
семейные свадебные традиции;12;info;top
современные свадебные традиции в россии;12;info;top
свадебные приглашения где;12;info;top
торт на 40 человек на свадьбу;12;vendors;top
какие торты на свадьбу начинка;12;vendors;top
торт на свадьбу тренд 2026;12;vendors;top
торты на свадьбу стоимость;12;vendors;top
овальный торт на свадьбу;12;vendors;top
покажи торты на свадьбу;12;vendors;top
торт на свадьбу один ярус;12;vendors;top
столик для торта на свадьбу на колесиках;12;vendors;top
бенто торт на свадьбу для молодоженов;12;vendors;top
торт на янтарную свадьбу;12;vendors;top
что написать на торте на свадьбу;12;vendors;top
свадебная музыка онлайн;12;vendors;top
свадебная музыка для видеомонтажа;12;vendors;top
выездная регистрация брака калининград;12;vendors;top
фоторамка для свадебной фотографии;12;vendors;top
лучшие свадебные фотографии;12;vendors;top
свадебные фотографии гостей;12;vendors;top
топ свадебных ведущих;12;vendors;top
ткань для свадебной фотозоны;12;vendors;top
свадебные залы армения;12;core;top
кто организовал пурпурную свадьбу в игре престолов;12;rest;assoc
полицейский с рублевки пели на свадьбе;12;geo;top
садкова анастасия балашиха москва свадьба дели;12;geo;top
ведущие свадеб подольск;12;vendors;top
4 свадьбы ногинск;12;rest;top
свадьба зимой идеи;12;info;top
образ на свадьбу жених лето;12;rest;top
как одеться на свадьбу женщине гостье летом;12;info;top
бесконечные лета свадьба;12;rest;top
свадьба в июне 2027;12;info;top
хорошие дни для свадьбы в октябре;12;info;top
смотрит свадьба дом 2;12;rest;top
дом 16 свадьба;12;rest;top
как украсить дом к свадьбе своими руками;12;info;top
дом дракона свадьба рейниры;12;rest;top
заказ автомобиля на свадьбу;12;rest;top
свадьба без свадьбы как организовать;12;info;top
что нужно для свадьбы в загсе;12;info;top
свадебные площадки волгоград;11;core;top
свадебные площадки самара;11;core;top
свадебные площадки воронеж;11;core;top
свадебные площадки москва и мо;11;geo;top
площадка для свадебной церемонии;11;core;top
площадка для свадьбы пушкино;11;geo;top
площадки для свадьбы в итальянском стиле;11;info;top
площадки для свадьбы на улице;11;core;top
где отметить свадьбу недорого и необычно;11;price;top
банкетные залы энгельс для свадьбы;11;venue-type;top
банкетный зал энгельс для свадьбы;11;venue-type;top
банкетный зал для свадьбы тверь;11;venue-type;top
новые рестораны для свадьбы;11;venue-type;top
ресторан для дня свадьбы;11;venue-type;top
рестораны в ереване для свадьбы;11;venue-type;top
ресторан на берегу для свадьбы;11;venue-type;top
заказать ресторан для свадьбы;11;venue-type;top
ресторан для свадьбы пенза;11;venue-type;top
рестораны для свадьбы список;11;venue-type;top
ресторан для свадьбы рязань;11;venue-type;top
рестораны для свадьбы душанбе;11;venue-type;top
рестораны для небольшой свадьбы москва;11;venue-type;top
свадебный банкет под ключ;11;price;top
свадебный банкет 30;11;core;top
свадебный банкет волгоград;11;core;top
как сейчас проводят свадьбы;11;info;top
золушка проводит меня на свадьбу;11;rest;top
праздник проводить свадьба;11;rest;top
идеи как провести свадьбу;11;info;top
организация свадеб волгоград;11;core;top
коттедж для свадьбы ленинградская область;11;venue-type;top
яхт клуб родина свадьба;11;venue-type;top
банкетные залы с панорамными окнами;11;venue-type;top
банкетный зал с панорамными окнами;11;venue-type;top
домик в лесу свадьба;11;venue-type;top
сыграть свадьбу на природе;11;venue-type;top
камерная свадьба ресторан на природе ступино;11;venue-type;top
меню на 10 человек на свадьбу;11;capacity;top
рассчитать алкоголь на свадьбу 30 человек;11;rest;top
банкетное меню на свадьбу на 30 человек;11;venue-type;top
локации камерных свадеб;11;capacity;top
камерная свадьба в питере;11;capacity;top
как организовать камерную свадьбу;11;capacity;top
камерная свадьба воронеж;11;capacity;top
идеи маленьких свадеб;11;capacity;top
свадьба за городом в подмосковье недорого;11;price;top
загородные свадьбы спб;11;venue-type;top
полицейский с рублевки свадьба ники;11;geo;top
свадьба в петербурге недорого;11;price;top
фото и видеосъемка свадьбы под ключ;11;price;top
свадьба под ключ воронеж;11;price;top
средняя стоимость свадьбы в россии;11;price;top
сколько стоит свадьба на 1 человека;11;capacity;top
сколько стоит снять ресторан на свадьбу;11;venue-type;top
сколько стоит съемка свадьбы;11;price;top
сколько стоит свадьба на 25 человек;11;capacity;top
сколько стоит свадьба в ростове;11;price;top
сколько стоит отметить свадьбу в москве;11;price;top
сколько стоит пригласить ваню дмитриенко на свадьбу;11;price;top
ведущий на свадьбу россия;11;vendors;top
dj ведущий на свадьбу немецкоговорящий;11;vendors;top
ведущий на свадьбе 6;11;vendors;top
ведущий на свадьбу русские;11;vendors;top
профи ру ведущий на свадьбу;11;vendors;top
готовый сценарий на свадьбу для ведущего;11;vendors;top
развлечения на свадьбу без ведущего;11;vendors;top
веселый ведущий на свадьбу;11;vendors;top
ведущий на свадьбу тамбов;11;vendors;top
ведущий на свадьбу пенза;11;vendors;top
ведущий на свадьбу иваново;11;vendors;top
ведущий на свадьбу воронеж;11;vendors;top
фотограф на свадьбу домодедово;11;vendors;top
свадебный декор сухоцветы;11;vendors;top
оформление зала на свадьбу шарами;11;vendors;top
искусственные цветы на свадьбу оформление;11;vendors;top
оформление бутылки вина на свадьбу;11;vendors;top
свадебный муссовый торт;11;vendors;top
как рассчитать вес свадебного торта;11;vendors;top
торт полоска свадебный;11;vendors;top
торт свадебный бело голубой;11;vendors;top
торт свадебный 2026 вафельная бумага;11;vendors;top
сделать цветы из мастики на свадебный торт;11;vendors;top
цветы на свадебный торт из мастики;11;vendors;top
торт 30 см свадебный;11;vendors;top
свадебные торты фото необычные;11;vendors;top
продажа свадебного торта;11;vendors;top
свадебный торт 5 ярусный;11;vendors;top
свадебный торт нижний новгород;11;vendors;top
свадебные торты фото самые красивые;11;vendors;top
свадебный торт 28 см;11;vendors;top
белый свадебный торт двухъярусный;11;vendors;top
свадебный торт на свадьбу трехъярусный;11;vendors;top
свадебный торт на свадьбу трехъярусный фото;11;vendors;top
анна кондитер она готовит свадебный торт;11;vendors;top
свадебный торт самые вкусные;11;vendors;top
свадебный торт от палыча цена;11;vendors;top
бордовый свадебный торт;11;vendors;top
свадебный торт на 40 человек сколько кг;11;vendors;top
свадебный торт традиции;11;vendors;top
свадебный торт человек паук;11;vendors;top
ягодный свадебный торт;11;vendors;top
оформление свадебного торта одноярусного;11;vendors;top
про свадебный торт;11;vendors;top
стилист визажист на свадьбу новокосино;11;vendors;top
визажист и парикмахер на свадьбу;11;vendors;top
текст выездной регистрации для ведущего;11;vendors;top
выездная регистрация екатеринбург;11;vendors;top
оформление выездной регистрации брака;11;vendors;top
рестораны свадьбы выездной регистрацией;11;vendors;top
выездная регистрация авто;11;vendors;top
выездная регистрация свадьбы цена;11;vendors;top
выход невесты с папой на выездной регистрации;11;vendors;top
шуточный сценарий на свадьбу;11;info;top
свадьба смешной сценарий тамада;11;vendors;top
сценарий морковкина свадьба;11;info;top
ведение свадьбы без тамады сценарий;11;vendors;top
сценарий золотой свадьбы без тамады;11;vendors;top
интересный сценарий на золотую свадьбу;11;info;top
у иринки свадьба в сентябре аккорды;11;info;top
красивые даты для свадьбы в сентябре 2026;11;info;top
стили свадьбы примеры;11;info;top
свадьба в стиле игры престолов;11;info;top
4 свадьбы свадьба в готическом стиле;11;info;top
свадьба в стиле 80 х;11;info;top
свадьба в стиле чикаго;11;info;top
стиль свадьбы голливуд;11;info;top
олд мани стиль мужской на свадьбу;11;info;top
стиль свадьбы урбан;11;info;top
свадьба в кавказском стиле;11;info;top
стили свадьбы осень;11;info;top
карта рассадки гостей на свадьбе;11;info;top
размер плана рассадки гостей на свадьбе;11;info;top
заказать план рассадки гостей на свадьбе;11;info;top
программа для рассадки гостей на свадьбе;11;info;top
свадебные площадки ижевск;11;core;top
свадьба в нижнем новгороде где провести;11;info;top
организация свадьбы дома;11;core;top
свадьба в стиле россии;11;info;top
площадки для свадьбы казань;11;core;top
ногинск где отметить свадьбу на природе;11;venue-type;top
свадьба организация и проведение;11;core;top
сколько стоит свадебный торт на 50 человек;11;vendors;top
архангельск выездная регистрация брака;11;vendors;top
свадьба под ключ ногинск;11;price;top
сайт свадебный фотограф екатеринбург;11;vendors;top
свадебный фотограф екатеринбург от 15000;11;vendors;top
майвед сайт свадебных фотографов;11;vendors;top
свадебный фотограф петербурга;11;vendors;top
свадебный фотограф санкт;11;vendors;top
свадебный фотограф санкт петербург;11;vendors;top
свадебный фотограф новгород;11;vendors;top
сколько зарабатывает свадебный фотограф;11;vendors;top
осенняя свадебная фотосессия;11;vendors;top
гостиница для свадебной фотосессии;11;vendors;top
свадебная фотосессия в метро;11;vendors;top
места для свадебной фотосессии казань;11;vendors;top
свадебные фотосессии в студии идеи;11;vendors;top
оформления зала цветами на свадьбу;11;vendors;top
фотозона на свадьбу зеленая;11;vendors;top
свадебная фотозона на свадьбу;11;vendors;top
свадебный баннер для фотозоны на свадьбу;11;vendors;top
как оформить фотозону на свадьбу;11;vendors;top
как подписать пойманный букет невесты;11;vendors;top
букет невесты из эустомы и гвоздики;11;vendors;top
букет невесты на свадьбу москва;11;vendors;top
пионовидные кустовые розы букет невесты;11;vendors;top
букет невесты на заказ;11;vendors;top
невеста кидает букет а жених;11;vendors;top
свадебный букет из пионовидных роз для невесты;11;vendors;top
заказать букет на свадьбу для невесты;11;vendors;top
свадебный букет невесты синий;11;vendors;top
букет невесты с зеленью;11;vendors;top
букет цветов для невесты от родителей;11;vendors;top
свадебные букеты для невесты 2 или 1;11;vendors;top
когда невеста бросает букет на свадьбе;11;vendors;top
получить букет невесты;11;vendors;top
мастер класс букет невесты дублер;11;vendors;top
невесте можно каллы букет;11;vendors;top
букет невесты из пионов цена;11;vendors;top
букет невесты из калл с бусинами;11;vendors;top
маленький букет невесты из белых роз;11;vendors;top
букет невесты в белом цвете;11;vendors;top
подруга поймала букет невесты;11;vendors;top
отдай букет подруге невесты;11;vendors;top
какие цветы лучше для букета невесты;11;vendors;top
букет невесты с лентами для подружек;11;vendors;top
заказать букет для невесты егорьевск;11;vendors;top
букет невесты из статицы;11;vendors;top
цветок лилия букет невесты;11;vendors;top
букет невесты с ирисами;11;vendors;top
букет невесты на свадьбу искусственный;11;vendors;top
букет невесты для фотосессии;11;vendors;top
герань букет невесты;11;vendors;top
букет невесты в бежевых тонах;11;vendors;top
букет невесты из белых георгинов;11;vendors;top
фиалка сорт букет невесты;11;vendors;top
можно ли выкидывать букет невесты;11;vendors;top
букет невесты из белых гвоздик фото;11;vendors;top
букет невесты из гипсофилы фото разноцветные;11;vendors;top
олд мани букет невесты;11;vendors;top
роза вместо букета невесты;11;vendors;top
гортензия метельчатая букет невесты;11;vendors;top
букет для невесты от родителей фото;11;vendors;top
альтернатива букета невесты;11;vendors;top
букет невесты 2026 эустома;11;vendors;top
как самой собрать букет невесты;11;vendors;top
букет невесты из гортензии и эустомы;11;vendors;top
букет невесты из мелких роз;11;vendors;top
в каких цветах нельзя на свадьбу;11;rest;top
живые цветы на свадьбу цена;11;rest;top
зачем цветы на свадьбу;11;info;top
когда дарят цветы на свадьбе в загсе;11;info;top
цветы на свадьбу нежные;11;rest;top
какие цветы дарить на свадьбу дочери;11;rest;top
голубые цветы на свадьбу;11;rest;top
альтернатива букету цветов на свадьбу;11;vendors;top
цветы зеленые на свадьбу;11;geo;top
цветы для молодоженов на свадьбу;11;rest;top
какие цветы на фарфоровую свадьбу;11;rest;top
президиум на свадьбе минимализм;11;rest;top
как сделать президиум на свадьбу;11;info;top
как сделать президиум на свадьбу своими руками;11;info;top
президиум на свадьбу цена;11;rest;top
аренда текстиля на свадьбу;11;price;top
кейтеринг на свадьбу цены;11;rest;top
фуршет на свадьбу фото;11;rest;top
свадебный каравай с лебедями купить в москве;11;geo;top
что делают со свадебным караваем;11;info;top
какой салют купить на свадьбу;11;vendors;top
салют на свадьбу какой;11;vendors;top
постановка свадебного танца в москве цена;11;geo;top
аренда посуды на свадьбу;11;price;top
машина на свадьбу спб;11;rest;top
украсить машину шарами на свадьбу;11;rest;top
аренда колец на машину на свадьбу;11;price;top
машина на свадьбу тамбов;11;rest;top
машина на свадьбу 90;11;rest;top
лимузин на свадьбу спб;11;rest;top
свадебные арки 2026;11;rest;top
свадебная арка москва;11;geo;top
как сделать свадебную арку;11;info;top
каравай свадебный простой;11;rest;top
султан палас банкетный зал;11;venue-type;top
номер телефона банкетного зала;11;venue-type;top
банкетный зал череповец;11;venue-type;top
банкетный зал переславль;11;venue-type;top
самые красивые банкетные залы;11;venue-type;top
самый красивый банкетный зал;11;venue-type;top
банкетный зал валас;11;venue-type;top
банкетные залы в ясенево;11;venue-type;top
алые паруса серпухов банкетный зал;11;venue-type;top
барев банкетный зал;11;venue-type;top
банкетный зал наполеон ленинский;11;venue-type;top
банкетный зал остров hall;11;venue-type;top
банкетный зал владимирская область;11;venue-type;top
владимирская область банкетные залы;11;venue-type;top
астро плаза банкетный зал;11;venue-type;top
секретный сад банкетный зал;11;venue-type;top
банкетный зал сфера тверь;11;venue-type;top
банкетный зал станица;11;venue-type;top
банкетный зал на пушкина казань;11;venue-type;top
банкетные залы 70 человек;11;venue-type;top
банкетный зал адмирал;11;venue-type;top
банкетный зал в ереване;11;venue-type;top
банкетные залы омск цена;11;venue-type;top
банкетный зал омск цены;11;venue-type;top
банкетный зал арафат;11;venue-type;top
банкетный зал аэропорт;11;venue-type;top
банкетные залы на 70;11;venue-type;top
дубки банкетный зал;11;venue-type;top
ботаника банкетный зал;11;venue-type;top
банкетный зал forest hall;11;venue-type;top
банкетный зал ванесса;11;venue-type;top
дубровицы банкетный зал;11;venue-type;top
банкетные залы альфа;11;venue-type;top
банкетный зал альфа;11;venue-type;top
банкетный зал камин;11;venue-type;top
банкетный зал моменты ногинск;11;venue-type;top
банкетные залы братиславская;11;venue-type;top
банкетный зал братиславская;11;venue-type;top
банкетный зал расторгуево;11;venue-type;top
банкетный зал савой;11;venue-type;top
банкетный зал водолей кашира;11;venue-type;top
сон банкетный зал;11;venue-type;top
троицкое банкетный зал;11;venue-type;top
банкетный зал центральный солнечногорск;11;venue-type;top
томилино банкетный зал;11;venue-type;top
банкетные залы кинешма;11;venue-type;top
банкетный зал кинешма;11;venue-type;top
внуково виладж банкетный зал;11;venue-type;top
банкетные залы бабаюрт;11;venue-type;top
банкетный зал бабаюрт;11;venue-type;top
банкетные залы в буйнакске;11;venue-type;top
банкетный зал колос;11;venue-type;top
банкетный зал 1 краснознаменная ул;11;venue-type;top
воронеж ул краснознаменная банкетный зал;11;venue-type;top
банкетный зал марьям;11;venue-type;top
ресторан с маленьким банкетным залом;11;venue-type;top
аренда банкетного зала на 30 человек;11;venue-type;top
варианты банкетного зала;11;venue-type;top
банкетные залы орск;11;venue-type;top
банкетный зал орск;11;venue-type;top
банкетный зал the birch;11;venue-type;top
свадебный банкетный зал москва;11;venue-type;top
банкетные залы новороссийск;11;venue-type;top
банкетный зал новороссийск;11;venue-type;top
банкетный зал в останкино;11;venue-type;top
ресторан город банкетное меню;11;venue-type;top
составить меню банкетного;11;venue-type;top
чайхона банкетное меню;11;venue-type;top
банкетный стол меню;11;venue-type;top
сколько стоит банкетное меню;11;venue-type;top
фуршетное меню рецепты с фото банкетных закусок;11;venue-type;top
фуршетное меню фото банкетных закусок;11;venue-type;top
свадебные букеты фото и описание;11;vendors;top
фиалка свадебный букет фото и описание;11;vendors;top
свадебный дизайн фото;11;rest;top
свадебные фото полная невеста;11;rest;top
стильные свадебные фото;11;info;top
вставить фото свадебные;11;rest;top
новые свадебные фото;11;rest;top
фото свадебных бокалов;11;rest;top
что написать под свадебными фото;11;info;top
референсы свадебных фото;11;rest;top
свадебные фото с родителями;11;rest;top
свадебная мода фото;11;rest;top
фото стена свадебная;11;rest;top
свадебные фото 70;11;rest;top
варианты свадебного фото;11;rest;top
rusty lake roots свадебное фото;11;rest;top
фото свадебных шаров;11;rest;top
простые свадебные фото;11;rest;top
шикарные свадебные фото;11;rest;top
приложение для свадебных фото;11;rest;top
свадебная еда фото;11;rest;top
свадебный стол с едой фото;11;rest;top
свадебные фото в кусково;11;rest;top
фото про свадебные;11;rest;top
мария захарова свадебные фото в молодости;11;rest;top
свадебные цветы невесты фото;11;rest;top
фото свадебное нью йорк;11;rest;top
выплаты на дату свадьбы;11;rest;top
как выбрать дату свадьбы 2027;11;info;top
сумма чисел даты свадьбы;11;info;top
пушкин дата свадьбы;11;geo;top
загс выбрать дату свадьбы;11;rest;top
дата свадьбы евгении медведевой;11;rest;top
брак по дате свадьбы;11;rest;top
дата свадьбы дианы;11;rest;top
благополучные даты для свадьбы 2027;11;rest;top
дата свадьбы елизаветы 2;11;rest;top
не забыть дату свадьбы;11;rest;top
маму с днем бракосочетания дочери;11;rest;top
подругу с днем бракосочетания слова;11;rest;top
с днем бракосочетания мужчине;11;rest;top
ткань для свадебного стола;11;rest;top
свадебные столы оформление с едой;11;vendors;top
свадебный стол со свечами;11;rest;top
закуски на свадебный стол в домашних условиях;11;rest;top
свадебный стол закуски в домашних;11;rest;top
цветы на свадебный стол гостей;11;info;top
оформление свадебного стола гостей;11;vendors;top
свадебные столы 2026;11;rest;top
тренды свадебных видео;11;info;top
свадебная церемония на бали;11;rest;top
свадебные церемонии в царицыно;11;rest;top
лучшие свадебные церемонии;11;rest;top
свадебная церемония дома;11;rest;top
свадебная дорожка для церемонии;11;rest;top
wedding day video;11;rest;top
полный свадебный образ;11;rest;top
красный свадебный образ;11;rest;top
свадебные образы для гостей;11;info;top
приснилось идти на свадьбу;11;rest;top
приснилась свадьба брата;11;rest;top
свадебный сайт wedding;11;rest;top
майвед сайт свадебных;11;rest;top
свадебные пригласительные сайт;11;info;top
сколько стоит выездная церемония бракосочетания;11;price;top
церемония бракосочетания клавы коки;11;rest;top
церемония бракосочетания текст;11;rest;top
свадебные бокалы мастер;11;rest;top
свадебные бокалы мастер классы;11;rest;top
купить свадебные хрустальные бокалы;11;rest;top
свадебные бокалы на свадьбу;11;rest;top
что делать со свадебными бокалами;11;info;top
2 бокала свадебные;11;rest;top
самые красивые даты для свадьбы;11;info;top
свадьба бальзаминова суздаль;11;rest;top
мелодрама свадьба по обмену;11;rest;top
женские свадебные коллекции российских брендов;11;rest;top
свадебная коллекция 12 storeez;11;rest;top
свадебные коллекции в магазинах;11;rest;top
моя будущая бывшая невеста аудиокнига;11;rest;top
моя бывшая будущая невеста аудиокнига слушать;11;rest;top
слушать моя бывшая будущая невеста;11;rest;top
невеста будешь моей где купить;11;info;top
роман невеста будешь моей;11;rest;top
свадебные обряды славян книги гура а в;11;rest;top
рукава свадебные перчатки;11;rest;top
стиль голливуд свадьба;11;info;top
стиль урбан свадьба;11;info;top
свадьба родители жениха традиции на свадьбу;11;info;top
традиции на свадьбу современные;11;info;top
домашний очаг традиция на свадьбе;11;info;top
традиции цыган на свадьбе;11;info;top
традиции свадебного букета;11;vendors;top
свадебные традиции в разных странах;11;info;top
печать свадебных приглашений;11;info;top
сделать электронное свадебное приглашение;11;info;top
где и как провести свадьбу;11;info;top
как самому провести свадьбу;11;info;top
идея как провести свадьбу;11;info;top
как проводят вечера свадьбы;11;info;top
конструктор сайта приглашения на свадьбу;11;info;top
свадебные пригласительные электронные;11;info;top
какой торт выбрать на свадьбу;11;vendors;top
торт на свадьбу трехярусный;11;vendors;top
торт из денег на свадьбу;11;vendors;top
дорогие торты на свадьбу;11;vendors;top
выкуп торта на свадьбе;11;vendors;top
торт на 50 свадьбы родителям;11;vendors;top
торты с юмором на свадьбу;11;vendors;top
торт на свадьбу с золотом;11;vendors;top
дегустационный сет тортов на свадьбу;11;vendors;top
торт на свадьбу трехъярусный фото;11;vendors;top
торты мастика на свадьбу;11;vendors;top
торт с трайфлами на свадьбу;11;vendors;top
гостиницы для свадебной фотосессии;11;vendors;top
свадебная музыка на пианино;11;vendors;top
музыка для свадебного монтажа;11;vendors;top
свадебная музыка список;11;vendors;top
медленная свадебная музыка;11;vendors;top
музыка для первого свадебного;11;vendors;top
музыка для первого свадебного танца;11;vendors;top
свадебный коллаж из фотографий;11;vendors;top
свадебные фотографии 2026;11;vendors;top
свадебные цвета в оформлении;11;vendors;top
кто поймал букет невесты отзывы;11;vendors;top
услуги декоратора на свадьбу;11;vendors;top
площадка на улице для свадьбы;11;core;top
где отметить недорого свадьбы в подмосковье;11;price;top
4 свадьбы раменское;11;rest;top
голуби на свадьбу дмитров;11;geo;top
свадьба осень зима;11;info;top
свадьбы звезд летом 2026;11;rest;top
образ мамы на свадьбе летом;11;rest;top
лето сезон свадеб;11;info;top
одежда на свадьбу для мужчин гостей летом;11;info;top
день свадьбы в июне;11;info;top
свадьба в отеле хартвел;11;venue-type;top
фото свадеб в кафе;11;venue-type;top
чья свадьба была в кафе balzi rossi;11;venue-type;top
свадьба берлина бумажный дом;11;rest;top
дом 2 первые свадьбы;11;rest;top
первая свадьба на дом 2;11;rest;top
дом у озера алабушево свадьба;11;rest;top
как выкупают невесту из дома на свадьбу;11;info;top
снять дом для свадьбы нижний новгород;11;venue-type;top
еда тут каравай свадебный;11;rest;top
свадебные площадки крым;10;core;top
берег желаний свадебная площадка;10;core;top
свадебные площадки истра;10;geo;top
свадебные площадки у воды москва;10;venue-type;top
hide площадка для свадьбы цена;10;core;top
площадка для свадьбы пушкин;10;geo;top
площадки для свадьбы волгоград;10;core;top
скайривер площадка для свадьбы;10;core;top
необычные места для свадьбы;10;rest;top
красивые места для проведения свадьбы;10;core;top
недорогие места для свадьбы;10;price;top
где отметить свадьбу в подмосковье недорого;10;price;top
где отметить свадьбу на 30 человек;10;capacity;top
где отметить камерную свадьбу в москве;10;capacity;top
банкетные залы для свадьбы 100;10;venue-type;top
банкетный зал серпухов для свадьбы;10;venue-type;top
банкетные залы пенза для свадьбы;10;venue-type;top
банкетные залы ульяновск для свадьбы;10;venue-type;top
банкетный зал для свадьбы ульяновск;10;venue-type;top
ресторан для проведения камерной свадьбы;10;venue-type;top
топ ресторанов для камерной свадьбы;10;venue-type;top
ресторан для свадьбы банкета;10;venue-type;top
стоимость ресторана для свадьбы;10;venue-type;top
рестораны для свадьбы ростов;10;venue-type;top
рестораны для свадьбы курск;10;venue-type;top
начало свадебного банкета;10;core;top
выездной свадебный банкет;10;core;top
залы для свадебных банкетов;10;core;top
кафе для свадебного банкета;10;venue-type;top
ресторан где можно провести свадьбу;10;venue-type;top
где провести камерную свадьбу в москве;10;capacity;top
провести свадьбу нижний новгород;10;core;top
где провести свадьбу на природе;10;venue-type;top
кравец организация свадьбы;10;core;top
свадьба в турции организация;10;core;top
организация свадьбы для двоих коломна;10;capacity;top
организация свадьбы пункты;10;core;top
лучшие усадьбы москвы для свадьбы;10;venue-type;top
снять особняк для свадьбы;10;venue-type;top
арендовать шатер для свадьбы;10;venue-type;top
снять шатер на свадьбу в подмосковье;10;venue-type;top
коттедж для свадьбы спб;10;venue-type;top
домик в саду вднх 4 свадьбы;10;venue-type;top
сколько алкоголя нужно на свадьбу 30 человек;10;rest;top
декор камерной свадьбы;10;vendors;top
нужен ли ведущий на камерную свадьбу;10;vendors;top
камерный стиль свадьбы это;10;capacity;top
как сделать маленькую свадьбу;10;capacity;top
свадьба в рязани за городом;10;rest;top
отпраздновать свадьбу за городом;10;rest;top
базы отдыха в подмосковье для свадьбы;10;geo;top
аренда загородного дома для свадьбы;10;venue-type;top
загородные комплексы для свадьбы;10;venue-type;top
свадьба у воды недорого;10;venue-type;top
свадьба недорого спб;10;price;top
сколько стоит позвать думикяна на свадьбу;10;price;top
сколько стоит нормальная свадьба;10;price;top
сколько стоит скромная свадьба;10;price;top
сколько стоит рианна на свадьбе;10;price;top
игнатий винтуров сколько стоит на свадьбу;10;price;top
сколько стоит аренда ресторана на свадьбу;10;venue-type;top
сколько стоит дым на свадьбу для танца;10;price;top
сколько стоит фейерверк на свадьбу;10;vendors;top
сколько стоит выступление иванушек интернешнл на свадьбе;10;price;top
сколько стоит позвать мияги на свадьбу;10;price;top
сколько стоит украсить свадьбу;10;price;top
ведущий фотограф на свадьбу;10;vendors;top
ведущий на свадьбу тверь;10;vendors;top
благодарность ведущему на свадьбе;10;vendors;top
ведущий на свадьбу михаил;10;vendors;top
ищем ведущего на свадьбу;10;vendors;top
как развлечь гостей на свадьбе без ведущего;10;vendors;top
встреча с ведущим на свадьбу;10;vendors;top
анкета для ведущего на свадьбу;10;vendors;top
вопросы ведущему на свадьбу при первой встрече;10;vendors;top
ведущий на свадьбу максим максимов;10;vendors;top
dj ведущий на свадьбу русский немецкий;10;vendors;top
ведущий на свадьбу в гагарине;10;vendors;top
ведущий на свадьбу панов роман;10;vendors;top
как называется ведущий на свадьбе;10;vendors;top
ведущий на свадьбу коломна башаратов илья фото;10;vendors;top
шоу ведущий на свадьбу;10;vendors;top
невеста на свадьбе изменяет мужу с фотографом;10;vendors;top
фотограф на свадьбу подмосковье;10;vendors;top
декор свадебного стола своими руками;10;vendors;top
свадебный декор зеленый;10;vendors;top
оформление под свадьбу;10;vendors;top
оформление свадьбы на 15 человек;10;vendors;top
бохо оформление свадеб;10;vendors;top
свадьба оформление белое;10;vendors;top
пинтерест оформление свадьбы;10;vendors;top
оформление шампанского на свадьбу;10;vendors;top
apriori married свадебное агентство отзывы;10;vendors;top
свадебное агентство навсегда;10;vendors;top
небо свадебное агентство;10;vendors;top
воздух веддинг свадебное агентство;10;vendors;top
пеку свадебные торты;10;vendors;top
свадебный торт бисквит;10;vendors;top
высоты свадебные торты;10;vendors;top
свадебные торты 20 кг;10;vendors;top
плоский свадебный торт;10;vendors;top
недорогой свадебный торт на заказ;10;vendors;top
свадебный торт на 15 человек;10;vendors;top
свадебный торт гипсофила;10;vendors;top
самая удивительная подача свадебного торта;10;vendors;top
торт свадебный двухъярусный купить;10;vendors;top
свадебный сет тортов;10;vendors;top
свадебный торт на озоне;10;vendors;top
свадебный торт с порциями для гостей;10;vendors;top
стол для свадебного торта на колесах;10;vendors;top
рисунки свадебный торт;10;vendors;top
как украсить свадебный торт своими руками;10;vendors;top
свадебный торт 5кг;10;vendors;top
игра свадебные торты;10;vendors;top
задувают свечи на свадебном торте;10;vendors;top
как сделать свадебный торт в домашних условиях;10;vendors;top
оригинальный свадебный торт;10;vendors;top
черные свадебные торты;10;vendors;top
свадебный стилист обучение;10;vendors;top
выездная регистрация права;10;vendors;top
выездная регистрация в зале;10;vendors;top
выездная регистрация тамбов;10;vendors;top
как называется выездная регистрация;10;vendors;top
выездная регистрация брака в туле;10;vendors;top
выездная регистрация с сотрудником загса;10;vendors;top
план подготовки к свадьбе список;10;info;top
подготовка к свадьбе пошагово план список;10;info;top
сценарий на проведение свадьбы дома;10;info;top
украсть невесту на свадьбе сценарий;10;info;top
готовый сценарий свадьбы в узком кругу;10;info;top
сценарий серебряной свадьбы с юмором;10;info;top
сценарий зажжения семейного очага на свадьбе;10;info;top
ведение свадьбы без тамады сценарий со словами;10;vendors;top
сценарий проведения золотой свадьбы;10;info;top
сценарий свадьба для гостей;10;info;top
сценарий свадьбы 2026 для ведущего;10;vendors;top
в чем идти на свадьбу в сентябре;10;info;top
свадьба в стиле 90 х годов;10;info;top
букет на свадьбу в деревенском стиле;10;vendors;top
свадьба в стиле рус;10;info;top
свадьба в стиле стиляги;10;info;top
свадьба а стиле средиземноморье;10;info;top
свадьба в стиле авиации;10;info;top
свадьба в черном стиле гости;10;info;top
свадьба в стиле old money;10;info;top
необычные стили свадеб;10;info;top
сыграть свадьбу в стиле;10;info;top
свадьба в стиле бохо гости;10;info;top
мос ру свадебные площадки;10;core;top
свадебные площадки уфа;10;core;top
сколько весит свадебный торт;10;vendors;top
литовский свадебный торт шакотис фото;10;vendors;top
4 свадьбы в стиле барби;10;info;top
свадебные площадки красногорск;10;geo;top
ресторан на крыше для свадьбы;10;venue-type;top
музыка для свадебного банкета;10;vendors;top
как интересно провести свадьбу;10;info;top
свадебный торт сколько грамм на человека;10;vendors;top
свадьба в стиле фэшн;10;info;top
мужской стиль на свадьбу гостю;10;info;top
текст тамады на свадьбе;10;vendors;top
готовые сценарии на свадьбу без тамады;10;vendors;top
тамада на свадьбу юбилей;10;vendors;top
свадебный фотограф 2026;10;vendors;top
свадебный фотограф тверь;10;vendors;top
загс свадебный фотограф;10;vendors;top
свадебный фотограф екб;10;vendors;top
известный свадебный фотограф;10;vendors;top
нужен свадебный фотограф;10;vendors;top
где в спб проводить свадебную фотосессию;10;vendors;top
где можно провести свадебную фотосессию;10;vendors;top
свадебная фотосессия в отеле савой;10;vendors;top
свадебная фотосессия в сокольниках;10;vendors;top
свадебный видеограф санкт петербург;10;vendors;top
свадебная арка квадратная;10;rest;top
фотозона на свадьбу авито;10;vendors;top
чем заменить букет невесты на свадьбе;10;vendors;top
как разыграть букет невесты на свадьбе оригинально;10;vendors;top
букет невесты в перово;10;vendors;top
какого цвета должен быть букет невесты;10;vendors;top
букет невесты должен быть живой;10;vendors;top
букет невесты из гортензии фото;10;vendors;top
вязаный букет невесты;10;vendors;top
букет невесты купить в лобне;10;vendors;top
букет невесте от тети;10;vendors;top
букет невесты белые нежные;10;vendors;top
букет невесты доставка москва лотусы белые;10;vendors;top
букет невесты маленький нежный современный;10;vendors;top
букет невесты с черными каллами;10;vendors;top
где покупать букет невесты;10;vendors;top
букет невесты бородиной;10;vendors;top
букет невесты розы хризантемы;10;vendors;top
классический букет невесты фото;10;vendors;top
букет невесты в марте;10;vendors;top
букет невесты из гвоздик и фрезий;10;vendors;top
купить стабилизированный букет невесты;10;vendors;top
букет невесты с красным акцентом;10;vendors;top
букет невесты дизайн;10;vendors;top
букет невесты из белых гвоздик с эвкалиптом;10;vendors;top
свадебный букет для невесты зеленоград купить;10;vendors;top
набор карт букет невесты;10;vendors;top
авторский букет невесты;10;vendors;top
нежный скромный букет невесты;10;vendors;top
альстромерий цветы букет невесты;10;vendors;top
свадебный букет для невесты коломна;10;vendors;top
лесной букет для невесты;10;vendors;top
каллы букет невесты цена;10;vendors;top
букет невесты воронеж купить;10;vendors;top
букет невесты в коричневых тонах;10;vendors;top
fler букет невесты;10;vendors;top
как собрать букет невесты из эустомы;10;vendors;top
букет невесты 2000;10;vendors;top
какие цветы дарят на серебряную свадьбу;10;rest;top
цветы на рубиновую свадьбу;10;rest;top
букет цветов на свадьбу своими руками;10;vendors;top
искусственные цветы декор на свадьбу;10;vendors;top
корзинка с цветами на свадьбу;10;rest;top
цветы на бронзовую свадьбу;10;rest;top
украсить бутылку шампанского на свадьбу цветами;10;rest;top
букеты цветов на свадьбу в корзине;10;vendors;top
надписи на президиуме на свадьбу;10;rest;top
фуршет на свадьбу заказать москва;10;geo;top
свадебный каравай что говорить;10;info;top
печем свадебный каравай;10;rest;top
купить свадебный каравай в туапсе;10;rest;top
купить свадебный каравай в бронницах;10;rest;top
цветной салют на свадьбу цена;10;vendors;top
выездной регистратор на свадьбу;10;geo;top
свадьба на черных машинах;10;rest;top
черная машина на свадьбу;10;rest;top
бьют машины на свадьбе;10;rest;top
как украсить машину на свадьбу лентами;10;info;top
нанять машину на свадьбу;10;rest;top
лучшие машины на свадьбу;10;rest;top
фотосессия свадебная в пушкино;10;vendors;top
лучшие свадебные видеографы;10;vendors;top
банкетный зал подснежники;10;venue-type;top
банкетный зал росинка серпухов;10;venue-type;top
банкетный зал яр;10;venue-type;top
банкетный зал капитан жуковский;10;venue-type;top
банкетный зал шунудаг;10;venue-type;top
банкетный зал ростов великий;10;venue-type;top
свадьба на 60 человек банкетный зал;10;venue-type;top
банкетный зал нептун;10;venue-type;top
банкетный зал розовое фламинго;10;venue-type;top
банкетный зал розовый;10;venue-type;top
плес банкетный зал;10;venue-type;top
банкетные залы в современном стиле;10;venue-type;top
банкетный зал в современном стиле;10;venue-type;top
банкетный зал нур;10;venue-type;top
банкетные залы красноярск;10;venue-type;top
банкетные залы курская;10;venue-type;top
банкетный зал красноярск;10;venue-type;top
банкетный зал курская;10;venue-type;top
банкетный зал фьюжн крокус;10;venue-type;top
грузинские рестораны с банкетными залами;10;venue-type;top
банкетный зал лондон;10;venue-type;top
лотте банкетные залы;10;venue-type;top
лотте банкетный зал;10;venue-type;top
мясо банкетный зал;10;venue-type;top
банкетный зал рига;10;venue-type;top
банкетный зал аризона мамедкала;10;venue-type;top
банкетный зал недорогой юбилей;10;venue-type;top
банкетный зал свадьба петербург;10;venue-type;top
санкт петербург банкетный зал свадьба;10;venue-type;top
банкетные залы со своей едой;10;venue-type;top
банкетный зал со своей едой;10;venue-type;top
банкетный зал форест;10;venue-type;top
фореста банкетный зал;10;venue-type;top
банкетный зал орфей хасавюрт;10;venue-type;top
банкетные залы соло;10;venue-type;top
банкетный зал соло;10;venue-type;top
бронирование банкетного зала;10;venue-type;top
капитан клуб банкетный зал;10;venue-type;top
банкетные залы для выпускного;10;venue-type;top
банкетный зал для выпускного;10;venue-type;top
банкетные залы иркутск;10;venue-type;top
банкетный зал иркутск;10;venue-type;top
банкетный зал гостиный двор;10;venue-type;top
гостиный двор банкетные залы;10;venue-type;top
банкетный зал жемчужина кизляр;10;venue-type;top
банкетный зал в русском стиле;10;venue-type;top
роскошные банкетные залы;10;venue-type;top
роскошный банкетный зал;10;venue-type;top
банкетный зал vinity;10;venue-type;top
банкетный зал панно;10;venue-type;top
банкетные залы зеленодольск;10;venue-type;top
банкетный зал зеленодольск;10;venue-type;top
банкетные залы для банкета;10;venue-type;top
банкетный зал зимний сад;10;venue-type;top
зимний сад банкетные залы;10;venue-type;top
банкетный зал маракеш в махачкале;10;venue-type;top
бакинский банкетный зал;10;venue-type;top
банкетный зал лето;10;venue-type;top
банкетный зал жемчужина луховицы;10;venue-type;top
банкетный зал на новый год;10;venue-type;top
самый лучший банкетный зал;10;venue-type;top
классическая банкетный зал;10;venue-type;top
банкетные залы зефир;10;venue-type;top
банкетный зал зефир;10;venue-type;top
банкетный зал фуршет;10;venue-type;top
уайт холл банкетный зал;10;venue-type;top
oxygen not included банкетный зал;10;venue-type;top
банкетный зал oxygen;10;venue-type;top
банкетный зал север;10;venue-type;top
банкетный зал на 70 человек;10;venue-type;top
банкетный зал союзный на университетском проспекте;10;venue-type;top
банкетный зал ренессанс в жуковском;10;venue-type;top
построю банкетный зал;10;venue-type;top
банкетные залы маркс;10;venue-type;top
банкетный зал маркс;10;venue-type;top
банкетный зал софиса;10;venue-type;top
дорогие банкетные залы москвы;10;venue-type;top
банкетный зал на балах;10;venue-type;top
банкетные залы атриум;10;venue-type;top
банкетный зал атриум;10;venue-type;top
банкетный зал для юбилея на 50 человек;10;venue-type;top
банкетный зал бильярд;10;venue-type;top
банкетный зал 1000;10;venue-type;top
банкетный зал бородинский;10;venue-type;top
банкетный зал шато;10;venue-type;top
банкетный зал вольгинский;10;venue-type;top
суриков банкетный зал;10;venue-type;top
банкетный зал успенский;10;venue-type;top
банкетный зал вятка киров;10;venue-type;top
лесная поляна банкетный зал;10;venue-type;top
банкетный зал вальс кашира;10;venue-type;top
банкетные залы рядом со мной;10;venue-type;top
банкетный зал рядом со мной;10;venue-type;top
банкетный зал ниагара;10;venue-type;top
меню ресторана банкетного зала;10;venue-type;top
гавань банкетный зал;10;venue-type;top
банкетные залы в махачкале шах;10;venue-type;top
банкетный зал шах в махачкале;10;venue-type;top
банкетный зал марина;10;venue-type;top
банкетный зал лесная усадьба;10;venue-type;top
банкетный зал лидинка;10;venue-type;top
villa барвиха 135 банкетный зал;10;venue-type;top
волоколамское шоссе 124 банкетный зал;10;venue-type;top
дербент банкетный зал адреса;10;venue-type;top
усадьба свадьба банкетный зал;10;venue-type;top
банкетные залы спортивная;10;venue-type;top
банкетный зал спортивная;10;venue-type;top
банкетный зал заря лескова 25;10;venue-type;top
банкетный зал гранд тихорецкий бульвар;10;venue-type;top
банкетный зал моздок;10;venue-type;top
банкетный зал олимп;10;venue-type;top
банкетные залы 80 человек;10;venue-type;top
банкетный зал москва на 200;10;venue-type;top
банкетный зал на 200 человек москва;10;venue-type;top
банкетные залы для новогоднего корпоратива;10;venue-type;top
банкетные залы ковров;10;venue-type;top
банкетный зал ковров;10;venue-type;top
шикарные банкетные залы;10;venue-type;top
шикарный банкетный зал;10;venue-type;top
отели адыгеи с банкетными залами;10;venue-type;top
парк отель банкетное меню;10;venue-type;top
составление банкетного меню;10;venue-type;top
заказать банкетное меню на дом;10;venue-type;top
горячее на банкетное меню;10;venue-type;top
банкетное меню на 15 человек;10;venue-type;top
банкетное меню дмитров;10;venue-type;top
банкетное меню стоимость;10;venue-type;top
лучшее банкетное меню;10;venue-type;top
банкетное меню джоки джоя;10;venue-type;top
промпт для свадебного фото;10;rest;top
расти лейк рутс свадебное фото;10;rest;top
свадебное фото текст;10;rest;top
обработка свадебная фото в skylum aurora;10;rest;top
свадебные фото на море;10;rest;top
национальные свадебные серьги азербайджана фото;10;rest;top
свадебное фото в обработке teal and orange;10;rest;top
создать свадебное фото ии;10;rest;top
архангельское свадебные фото;10;rest;top
свадебная свеча фото;10;rest;top
свадебные фото 80;10;rest;top
свадебные фото владимир;10;rest;top
свадебные фото цитаты;10;rest;top
свадебное фото на холсте;10;rest;top
свадебное фото со спины;10;rest;top
как выбрать дату свадьбы по дате рождения;10;info;top
можно ли выбрать дату свадьбы;10;rest;top
натальная карта даты свадьбы;10;info;top
благоприятные даты для свадьбы в августе 2026;10;info;top
даты свадьбы по месяцам;10;info;top
07 07 2027 дата для свадьбы;10;rest;top
дата свадьбы 14;10;rest;top
красивые даты свадьбы в августе;10;info;top
видео с датой свадьбы;10;rest;top
дата серебряной свадьбы;10;rest;top
дата свадьбы по лунному календарю 2026;10;rest;top
рассчитать дату свадьбы по дате рождения онлайн;10;rest;top
матрица дата свадьбы;10;rest;top
назначение даты свадьбы;10;info;top
с днем бракосочетания любимый;10;rest;top
с днем бракосочетания стильные;10;info;top
с днем рождения бракосочетания;10;rest;top
с днем бракосочетания от тети;10;rest;top
декор на свадебный стол своими руками;10;vendors;top
салат на свадебный стол в домашних;10;rest;top
салаты на свадебный стол в домашних условиях;10;rest;top
где сидит невеста за свадебным столом;10;info;top
оформление свадебного стола своими руками;10;vendors;top
вазочки на свадебный стол;10;rest;top
на дзен жители сердца иисуса свадебный стол;10;rest;top
длинный свадебный стол;10;rest;top
свадебные столы для молодожен;10;rest;top
свадебные столы в стиле;10;info;top
видео жесткая свадебная оргия на вк видео;10;rest;top
свадебное видео мама;10;rest;top
свадебная церемония видео;10;rest;top
свадебная церемония на пляже;10;rest;top
символическая свадебные церемонии;10;rest;top
сколько длится свадебная церемония в загсе;10;rest;top
туры свадебные церемонии;10;rest;top
wedding day gangbang;10;rest;top
свадьба wedding day;10;rest;top
wedding day cream;10;rest;top
wedding day porno;10;rest;top
wedding day свадебный;10;rest;top
beautiful wedding day;10;rest;top
wedding day jig;10;rest;top
wedding day gone;10;rest;top
свадебный образ 45;10;rest;top
свадебный образ на осень;10;info;top
свадебный образ цена;10;rest;top
приснилась свадьба друга;10;rest;top
приснилась свадьба умершего;10;rest;top
приснился сон свадьба подруги;10;rest;top
приснилось много свадеб;10;rest;top
my wed сайт свадебных;10;rest;top
сколько стоит церемония бракосочетания в загсе;10;price;top
свадебные бокалы со стразами;10;rest;top
свадебные бокалы стразами;10;rest;top
разбился свадебный бокал;10;rest;top
красивые свадебные бокалы;10;rest;top
свадьба бальзаминова автор произведения;10;rest;top
мордюкова свадьба бальзаминова;10;rest;top
комедия свадьба по обмену;10;rest;top
фон свадебный нежный;10;rest;top
молодожен это сколько;10;rest;top
молодожены это сколько;10;rest;top
свадебные бутылки на свадьбу;10;rest;top
свадебные бутылки ленты;10;rest;top
лилия свадебный вальс;10;rest;top
свадебные обряды народов;10;rest;top
свадебный план на русском;10;info;top
мэри трюфель свадебные ателье;10;rest;top
традиции на свадьбе для родителей;10;info;top
свадебные традиции на второй день свадьбы;10;info;top
казачьи традиции на свадьбе;10;info;top
бесплатные электронные свадебные приглашения;10;info;top
торт на юбилей свадьбы 50;10;vendors;top
палыч торты на свадьбу;10;vendors;top
лопатка и нож для торта на свадьбу;10;vendors;top
торт на свадьбу расчет на человека;10;vendors;top
торт на свадьбу многоярусный;10;vendors;top
как рассчитать кг торта на свадьбу;10;vendors;top
самые вкусные торты на свадьбу;10;vendors;top
торт с инициалами на свадьбу;10;vendors;top
какой торт приготовить на свадьбу;10;vendors;top
торт на свадьбу слова;10;vendors;top
торт на 14 свадьбы;10;vendors;top
какой торт лучше на свадьбу;10;vendors;top
дегустация торта на свадьбу;10;vendors;top
отзывы свадебную фотосессию;10;vendors;top
азербайджанская свадебная музыка;10;vendors;top
свадебная музыка классика;10;vendors;top
свадебная музыка мем;10;vendors;top
фотография в свадебном альбоме 1983;10;vendors;top
свадебные пары фотографии;10;vendors;top
фотографии свадебных пар;10;vendors;top
сделать из двух фотографий свадебное;10;vendors;top
свадебное оформление 2026;10;vendors;top
свадебный ведущий подольск;10;vendors;top
свадебные торты на заказ недорого;10;vendors;top
заречный дом бракосочетания нижний новгород;10;rest;assoc
торт 20 кг свадебный;10;vendors;top
как сделать свадебный зал для лпс;10;info;top
каравай на свадьбу купить домодедово;10;rest;top
липовая свадьба сергиев посад;10;geo;top
свадьба зима 2026;10;info;top
в чем идти на свадьбу летом мужчине;10;rest;top
новогодняя комедия новогодняя свадьба;10;rest;top
свадьба в придорожном кафе;10;venue-type;top
свадьба в кафе сегодня взрыв;10;venue-type;top
дом 2 свадьба 2017;10;rest;top
веселая свадьба дома;10;rest;top
дом музыки свадьба;10;vendors;top
свадьба дома для самых близких;10;rest;top
снять дом посуточно для свадьбы;10;price;top
дом 2 кто выиграет свадьбу;10;rest;top
дом 2 миллион на свадьбу выиграли;10;rest;top
луномосик противная свадьба дома у светы кемер;10;rest;top
фуршетный стол на свадьбу дома у невесты;10;rest;top
частный дом для свадьбы;10;venue-type;top
свадьба в кредит мезенцев;10;rest;top
для чего нужен каравай на свадьбе;10;rest;top
сколько гостей пригласить на свадьбу;10;info;top
свадебные площадки веранды;9;venue-type;top
бюджетные свадебные площадки;9;price;top
свадебные площадки питер;9;core;top
свадебные площадки калуга;9;core;top
загородные свадебные площадки;9;venue-type;top
свадебные площадки 2026;9;core;top
свадебная площадка подмосковье у воды;9;venue-type;top
лермонтов площадка для свадьбы;9;core;top
площадки для свадьбы новосибирск;9;core;top
лесная сказка площадка для свадьбы;9;core;top
летние площадки для свадьбы;9;info;top
место для свадьбы популярное;9;core;top
самые красивые места для свадьбы в москве;9;geo;top
места для свадьбы волгоград;9;rest;top
сколько мест в лимузине для свадьбы;9;rest;top
уютное место для маленькой свадьбы в феодосии;9;capacity;top
свадьба в волгограде где отметить;9;info;top
где отметить свадьбу в одинцово;9;geo;top
где отметить свадьбу отзывы;9;info;top
где отметить свадьбу в омске;9;info;top
свадьба во владимире где отметить;9;info;top
где отмечать 1 свадьбу;9;info;top
где отмечали свадьбу клава кока и масленников;9;info;top
где отметить свадьбу в щелково;9;info;top
снять банкетный зал для свадьбы недорого;9;venue-type;top
банкетный зал для свадьбы 15 человек;9;venue-type;top
банкетный зал для свадьбы в солнечногорском районе;9;venue-type;top
банкетный зал для свадьбы егорьевск;9;venue-type;top
банкетные залы для свадьбы стоимость;9;venue-type;top
банкетные залы для свадьбы с отелями;9;venue-type;top
отель с банкетным залом для свадьбы;9;venue-type;top
банкетный зал для свадьбы наро фоминск;9;venue-type;top
дешевый ресторан для свадьбы;9;venue-type;top
воскресенский район ресторан для свадьбы;9;venue-type;top
дорогой ресторан для свадьбы;9;venue-type;top
рестораны чебоксары для свадьбы;9;venue-type;top
как выбрать ресторан для свадьбы;9;venue-type;top
сколько стоит аренда зала для свадьбы;9;price;top
зал для свадьбы без аренды;9;price;top
залы для свадьбы без аренды;9;price;top
свадебный банкет 20 человек;9;core;top
свадебные банкеты отзывы;9;core;top
свадебный банкет спб;9;core;top
свадебные банкеты на природе;9;venue-type;top
свадебный банкет 30 человек;9;core;top
свадебный банкет 1993;9;core;top
как провести свадьбу недорого;9;price;top
где можно провести свадьбу недорого;9;price;top
как провести второй день свадьбы весело;9;info;top
как провести мальчишник перед свадьбой;9;info;top
проводим корпоративы свадьбы;9;rest;top
как провести весело свадьбу тамаде;9;vendors;top
провести веселую свадьбу без тамады;9;vendors;top
провести свадьбу воронеж;9;core;top
организация золотой свадьбы;9;core;top
организация свадьбы ведущие;9;vendors;top
организация свадеб магнитогорск;9;core;top
организация свадьбы под ключ недорого;9;price;top
организация свадеб обучение;9;core;top
снять лофт для свадьбы в петербурге;9;venue-type;top
свадьба в шатре нижний новгород;9;rest;top
коттедж для празднования свадьбы;9;venue-type;top
большие коттеджи для свадьбы;9;venue-type;top
коттедж на сутки для свадьбы;9;venue-type;top
свадьба в лесу после анал;9;venue-type;top
свадьба на крыше санкт петербург;9;venue-type;top
свадьба в оранжерее подмосковье;9;venue-type;top
свадьба на природе казань;9;venue-type;top
свадьба на природе аренда;9;venue-type;top
камерная свадьба в москве на 20 человек;9;capacity;top
ведущий на свадьбу 20 человек;9;vendors;top
сколько стоит сыграть свадьбу на 30 человек;9;capacity;top
камерная свадьба отзывы;9;capacity;top
залы для камерной свадьбы в москве;9;capacity;top
сколько стоит камерная свадьба;9;capacity;top
камерная свадьба в отеле;9;venue-type;top
кафе для камерной свадьбы;9;venue-type;top
свадьба мала руки;9;rest;top
маленький букет детям на свадьбу;9;vendors;top
свадьба для двоих под ключ;9;capacity;top
свадьба для двоих на море;9;capacity;top
замок для свадьбы в подмосковье;9;venue-type;top
снять дом под свадьбу в подмосковье;9;price;top
лафа загородный клуб свадьба;9;venue-type;top
украсить зал на свадьбу своими руками недорого;9;price;top
визажист на свадьбу москва на дом недорого;9;vendors;top
недорогой декор на свадьбу;9;vendors;top
свадьба недорого в москве зал;9;price;top
недорогие варианты отпраздновать свадьбу;9;price;top
цветы на свадьбу недорого;9;price;top
сыграть свадьбу в раменском недорого форум;9;price;top
таджикская свадьба под ключ;9;price;top
свадьба под ключ отзывы;9;price;top
свадьба под ключ сергиев посад;9;price;top
свадьба под ключ wed;9;price;top
свадьба роналду стоимость;9;price;top
свадьба спб стоимость;9;price;top
свадьба в архангельском стоимость;9;price;top
сколько стоит ургант на свадьбу;9;price;top
сколько стоит заказать киркорова на свадьбу;9;price;top
сколько стоит торжественная свадьба;9;price;top
сколько стоит свадьба в кусково;9;price;top
сколько стоит цветной салют на свадьбу;9;vendors;top
аркадий думикян сколько стоит пригласить на свадьбу;9;price;top
сколько стоит пригласить думикяна на свадьбу;9;price;top
сколько стоит свадьба сочи;9;price;top
сколько стоит выступление мота на свадьбе;9;price;top
сколько стоит свадьба в архангельском;9;price;top
сколько стоит свадьба в ижевске;9;price;top
сколько стоит ведущий на свадьбу в среднем;9;vendors;top
сколько стоит позвать на свадьбу иванушек;9;price;top
гурам амарян сколько стоила свадьба;9;price;top
сколько стоила свадьба амаряна;9;price;top
сколько стоила свадьба гурама амаряна;9;price;top
сколько стоит свадьба гурама амаряна;9;price;top
сколько стоит самая дорогая свадьба в мире;9;price;top
сколько стоит дима билан на свадьбу;9;price;top
сколько стоит средняя свадьба в россии;9;price;top
сколько стоит пригласить на свадьбу егора крида;9;price;top
сколько стоит музыка на свадьбу;9;vendors;top
ведущий на свадьбу раменское;9;vendors;top
сценарий на свадьбу без ведущего;9;vendors;top
ведущий на свадьбу средняя цена в москве;9;vendors;top
популярный ведущий на свадьбу;9;vendors;top
свадебный ведущий на свадьбу;9;vendors;top
что говорит ведущий на свадьбе;9;vendors;top
как найти ведущего на свадьбу;9;vendors;top
ургант ведущий на свадьбе;9;vendors;top
фотограф на свадьбу загс;9;vendors;top
отзывы фотографу на свадьбе;9;vendors;top
фотограф на свадьбу одинцово;9;vendors;top
фотографа на свадьбу свердловская область;9;vendors;top
фотограф на свадьбу зеленоград;9;vendors;top
фотограф на свадьбу на екатеринбургсентябрь;9;vendors;top
свадебный декор бу авито;9;vendors;top
прокат свадебного декора;9;vendors;top
свадебный декор и цветы;9;vendors;top
ткань для свадебного декора;9;vendors;top
свадебный декор в александрове;9;vendors;top
аренда свадебного декора стойки;9;vendors;top
оформления свадеб тренд;9;vendors;top
оформление розовой свадьбы;9;vendors;top
стиль бохо оформление свадьбы;9;vendors;top
оформление жемчужной свадьбы;9;vendors;top
оформление свадеб букетами;9;vendors;top
сколько стоит свадебный организатор;9;vendors;top
сайты свадебных агентств;9;vendors;top
свадебные агентства топ;9;vendors;top
агентство свадебный день;9;vendors;top
агентство название свадебный;9;vendors;top
свадебные торты рената агзамова;9;vendors;top
свадебный торт ренат агзамов;9;vendors;top
свадебный торт рената;9;vendors;top
ингредиенты для свадебного торта;9;vendors;top
какие свадебные торты в тренде;9;vendors;top
какие свадебные торты сейчас в тренде;9;vendors;top
свадебный торт фрукты;9;vendors;top
свадебные торты сердечком;9;vendors;top
прямоугольный свадебный торт с ягодами;9;vendors;top
свадебный торт шрек;9;vendors;top
свадебный торт со светодиодами;9;vendors;top
свадебный торт три яруса;9;vendors;top
как подается свадебный торт;9;vendors;top
начинка для свадебного торта какую выбрать;9;vendors;top
как рассчитать количество свадебного торта;9;vendors;top
как рассчитать свадебный торт на гостей;9;vendors;top
свадебный торт как рассчитать на количество гостей;9;vendors;top
красивые двухъярусные свадебные торты;9;vendors;top
музыка для выноса свадебного торта;9;vendors;top
образцы свадебных тортов;9;vendors;top
свадебный стилист на дом;9;vendors;top
регина свадебный стилист визажист;9;vendors;top
свадебный стилист цена;9;vendors;top
выездная регистрация брака в коломенском;9;vendors;top
выездная регистрация под ключ;9;vendors;top
красивые места для выездной регистрации;9;vendors;top
аренда выездной регистрации;9;vendors;top
выездная регистрация волгоград;9;vendors;top
выездная регистрация брака для участников сво;9;vendors;top
что такое выездная регистрация свадьбы;9;vendors;top
выездная регистрация на дом;9;vendors;top
таганский загс выездная регистрация;9;vendors;top
выездная регистрация анапа;9;vendors;top
башня око выездная регистрация;9;vendors;top
выездная регистрация автомобиля;9;vendors;top
выездная регистрация видео;9;vendors;top
выездная регистрация заключения брака;9;vendors;top
выездная регистрация брака фотозоны;9;vendors;top
выездная регистрация в музее;9;vendors;top
домашний сценарий проведения свадьбы;9;info;top
сценарий проведения свадьбы в домашних условиях;9;info;top
какие сценарии свадьбы;9;info;top
свадьба 90х сценарий;9;info;top
свадьба в стиле 90х сценарий;9;info;top
христианская свадьба сценарий;9;info;top
форум ин ку для ведущих сценарий свадьбы;9;vendors;top
сценарии свадьбы без тамады в кафе;9;vendors;top
сценарий свадьбы в кафе для тамады;9;vendors;top
сценарий свадьбы начинающей тамады;9;vendors;top
сценарий свадьба для небольшой компании;9;capacity;top
сценарий изумрудной свадьбы;9;info;top
сценарий свадьбы с караваем;9;info;top
сценарий свадьбы сценарием песен;9;info;top
лучшие дни для свадьбы в сентябре 2026;9;info;top
идеи призов для гостей на свадьбе;9;info;top
идеи торта для свадьбы;9;vendors;top
идея для фотосессии на жемчужную свадьбу;9;vendors;top
оригинальные идеи для свадеб;9;info;top
лучшие идеи для свадьбы;9;info;top
кэжуал стиль мужской на свадьбу;9;info;top
свадьба в стиле принцессы;9;info;top
стиль рустик на свадьбе что это означает;9;info;top
свадьба в эльфийском стиле;9;info;top
свадьба в стиле бригады;9;info;top
свадьба в свободном стиле;9;info;top
стиль свадьбы современная классика;9;info;top
свадьба в старом стиле;9;info;top
4 свадьбы в стиле 90 х;9;info;top
свадьба в русском стиле летом;9;info;top
стиль на свадьбу для мужчин гость лето;9;info;top
свадьба в стиле 2000 х;9;info;top
бумажный стиль свадьбы;9;info;top
4 свадьбы в стиле аниме;9;info;top
какие бывают стили свадьбы название стилей;9;info;top
стили свадеб какие бывают фото и название;9;info;top
стили свадеб фото и название;9;info;top
свадьба в народном стиле фото;9;info;top
свадьба в русском народном стиле фото;9;info;top
стили свадеб 2027;9;info;top
свадьба в стиле блэк;9;info;top
современная свадьба в русском стиле;9;info;top
свадьба в синем стиле;9;info;top
королевская свадьба свадьба в стиле урбан;9;info;top
свадьба в стиле урбан шик;9;info;top
свадьба в дачном стиле;9;info;top
оформления свадьбы в стиле бохо;9;vendors;top
русская сказка площадка для свадьбы;9;core;top
родина площадка для свадьбы;9;core;top
помощь в организации свадеб;9;core;top
свадьба на теплоходе рэдиссон в москве цена;9;venue-type;top
свадебные площадки тула;9;core;top
ресторан для свадьбы барнаул;9;venue-type;top
приглашение на свадьбу в русском стиле;9;info;top
площадки для свадьбы брянск;9;core;top
банкетные залы для свадьбы 40 человек;9;venue-type;top
банкетный зал для свадьбы 40 человек;9;venue-type;top
двухъярусный свадебный торт цена;9;vendors;top
сколько стоит провести свадьбу в 2026;9;price;top
как провести 2 день свадьбы;9;info;top
речь тамады на свадьбе;9;vendors;top
авито тамада на свадьбу;9;vendors;top
тамада на серебряную свадьбу;9;vendors;top
развлечения на свадьбу без тамады;9;vendors;top
развлечения на свадьбу для гостей без тамады;9;vendors;top
развлечения тамады на свадьбу;9;vendors;top
свадебный каравай фото для встречи молодых;9;rest;assoc+top
свадебный фотограф полный день;9;vendors;top
свадебный семейный фотограф;9;vendors;top
свадебный фотограф сергей;9;vendors;top
свадебный фотограф подольск;9;vendors;top
свадебный фотограф портфолио;9;vendors;top
свадебный фотограф в москве для репортажа;9;vendors;top
свадебный фотограф в москве и подмосковье;9;vendors;top
как выбрать свадебного фотографа;9;vendors;top
самый свадебный фотограф;9;vendors;top
найти свадебного фотографа в екатеринбурге;9;vendors;top
свадебный фотограф ект;9;vendors;top
свадебная фотосессия в стиле груз 200;9;vendors;top
свадебная фотосессия груз 200;9;vendors;top
свадебная фотосессия в студии идеи фото;9;vendors;top
свадебная фотосессия студия фото;9;vendors;top
фотосессия на речном вокзале свадебная;9;vendors;top
референсы для свадебной фотосессии на природе;9;vendors;top
свадебная фотосессия на мальдивах;9;vendors;top
свадебная фотосессия на набережной;9;vendors;top
свадебная фотосессия в стамбуле;9;vendors;top
парная свадебная ии фотосессия;9;vendors;top
современные свадебные фотосессии;9;vendors;top
свадебная фотосессия осень екатеринбург;9;vendors;top
декор на свадьбу в аренду москва;9;vendors;top
цветочные свадебные арки;9;rest;top
композиции свадебные на арку;9;rest;top
арка чехов свадебная;9;rest;top
свадебная арка цена;9;rest;top
традиция кидать букет невесты;9;vendors;top
букет невесты айвори;9;vendors;top
красивые цветы букет невесты цветы;9;vendors;top
букет невесты жуковский;9;vendors;top
маленький букет невесты из пионов;9;vendors;top
девушка с букетом невесты;9;vendors;top
букет невесты богатые сабы;9;vendors;top
букет невесты из белой гортензии в москве;9;vendors;top
стол из букета невесты;9;vendors;top
чем отличается букет невесты от обычного букета;9;vendors;top
история букета невесты;9;vendors;top
букет невесты сборный;9;vendors;top
актуальные букет невесты;9;vendors;top
букет для невесты сергиев посад;9;vendors;top
свадебный букет для невесты купить в спб;9;vendors;top
самый красивый букет невесты;9;vendors;top
букет невесты зеленоград эустома эвкалипт эустома диантус;9;vendors;top
почему кидают букет невесты;9;vendors;top
букет невесты из тюльпанов;9;vendors;top
букет невесты в сиреневых тонах;9;vendors;top
кто забирает букет невесты;9;vendors;top
можно ли кидать букет невесты;9;vendors;top
букет невесты из астр;9;vendors;top
букет невесты в микрофоне;9;vendors;top
средняя стоимость букета невесты;9;vendors;top
второй букет невесты;9;vendors;top
свадебный букет челябинск для невесты;9;vendors;top
золотой букет невесты;9;vendors;top
букет невесты розы охара;9;vendors;top
бело розовые розы букет невесты;9;vendors;top
амуаж букет невесты;9;vendors;top
букет невесты с бусами;9;vendors;top
букет невесты синий с белым;9;vendors;top
ручка для букета невесты;9;vendors;top
клава кока букет невесты;9;vendors;top
какой букет невесты живой или искусственный;9;vendors;top
где можно заказать букет цветов для невесты;9;vendors;top
слайд шоу свадебные букеты для невест;9;vendors;top
букет невесты из ромашек купить;9;vendors;top
букет невесты из сухоцветов купить;9;vendors;top
какие цветы подходят для букета невесты;9;vendors;top
цветы подходящие для букета невесты;9;vendors;top
свадебный букет для невесты из ромашек;9;vendors;top
букет невесты 2026 оригинальный;9;vendors;top
букет невесты в бело красных тонах;9;vendors;top
букет невесты в красных тонах;9;vendors;top
букет невесты с ягодами;9;vendors;top
букет невесты аудиокнига слушать;9;vendors;top
букет невесты мытищи купить недорого фото;9;vendors;top
плутовка электросталь букет невесты;9;vendors;top
букет невесты 2000х;9;vendors;top
креативный букет невесты;9;vendors;top
букет невесты из искусственных цветов можно;9;vendors;top
можно ли букет невесты из искусственных цветов;9;vendors;top
букет невесты с розовыми цветами;9;vendors;top
букет невесты форум;9;vendors;top
какие цветы дарят невесте на свадьбу родители;9;rest;top
какие букеты цветов дарят на свадьбу;9;vendors;top
лучший букет цветов на свадьбу;9;vendors;top
цветы на свадьбу в турции;9;rest;top
какие цветы покупать на свадьбу;9;rest;top
букет на золотую свадьбу из живых цветов;9;vendors;top
подставка под цветы на свадьбу;9;rest;top
бутылка вина вместо цветов на свадьбу;9;rest;top
букет на серебряную свадьбу из живых цветов;9;vendors;top
алкоголь вместо цветов на свадьбу;9;rest;top
торты на свадьбу с цветами;9;vendors;top
цветы на свадьбу друга;9;rest;top
нужно ли покупать цветы на свадьбу;9;rest;top
цветы в коробке на свадьбу;9;rest;top
цветы на свадьбу роза;9;rest;top
сочетание цветов на свадьбу;9;rest;top
красивый президиум на свадьбу;9;rest;top
кейтеринг на свадьбу московская область;9;geo;top
фуршет на свадьбу дома;9;rest;top
бар с карликами на свадьбу;9;rest;top
мини бар с карликами на свадьбу;9;rest;top
сигаретный бар на свадьбу;9;rest;top
купить полотенце для свадебного каравая;9;rest;top
свадебный каравай от палыча отзывы;9;rest;top
свадебный каравай спб;9;rest;top
каравай свадебный купить в жуковском;9;rest;top
свадебный каравай в раменском;9;rest;top
сколько стоит свадебный каравай;9;price;top
свадебный каравай как встречать молодых;9;info;top
свадебный каравай как встречать молодых что говорить;9;info;top
купить свадебный каравай в алтуфьево;9;rest;top
испечь свадебный каравай на полках;9;rest;top
образцы свадебных караваев на палках;9;rest;top
свадебный каравай как правильно встречать гостей;9;info;top
свадебный каравай на палке;9;rest;top
свадебный пирог каравай;9;rest;top
главная машина на свадьбе;9;rest;top
как называется длинная машина на свадьбу;9;info;top
лента на машину на свадьбу купить;9;rest;top
как красиво украсить машину на свадьбу;9;info;top
my wed сайт свадебных фотографов;9;vendors;top
свадебная фотосессия в коломенском;9;vendors;top
парки для свадебной фотосессии в москве;9;vendors;top
аренда свадебной арки москва;9;price;top
арка для свадебной церемонии;9;rest;top
реквизит для свадебной фотосессии;9;vendors;top
зал для свадебной фотосессии;9;vendors;top
залы для свадебной фотосессии;9;vendors;top
самый простой свадебный каравай;9;rest;top
банкетные залы на 35 человек;9;venue-type;top
банкетный зал государь москва на лобненской;9;venue-type;top
официант в банкетный зал;9;venue-type;top
банкетный зал чебоксары свадьба;9;venue-type;top
хайд мытищи банкетный зал;9;venue-type;top
банкетные залы терек;9;venue-type;top
банкетный зал серир;9;venue-type;top
банкетный зал хунзах;9;venue-type;top
завидное малый банкетный зал;9;venue-type;top
астория банкетные залы;9;venue-type;top
банкетный зал астория;9;venue-type;top
банкетный зал кирочная;9;venue-type;top
банкетный зал кирочный двор;9;venue-type;top
банкетный зал орхидея москва;9;venue-type;top
банкетный зал мед;9;venue-type;top
ля делиция банкетный зал домодедово;9;venue-type;top
банкетный зал славянский;9;venue-type;top
банкетный зал москва каспийск;9;venue-type;top
банкетный зал алсу;9;venue-type;top
банкетный зал алсу маликовой;9;venue-type;top
банкетный зал маликовой;9;venue-type;top
банкетный зал дк;9;venue-type;top
ресторан с отдельным банкетным залом;9;venue-type;top
банкетный зал империя махачкала;9;venue-type;top
правда банкетный зал;9;venue-type;top
аренда под банкетный зал;9;venue-type;top
банкетные залы под аренду;9;venue-type;top
банкетные залы краснодарский край;9;venue-type;top
банкетный зал краснодарская;9;venue-type;top
банкетный зал краснодарский край;9;venue-type;top
банкетный зал ясная поляна;9;venue-type;top
озеры банкетный зал;9;venue-type;top
сауна банкетный зал;9;venue-type;top
банкетные залы нижегородская область;9;venue-type;top
банкетный зал нижегородская область;9;venue-type;top
банкетные залы шелк;9;venue-type;top
банкетный зал шелк;9;venue-type;top
банкетный зал лермонтов гребнево;9;venue-type;top
банкетные залы ленинкенте;9;venue-type;top
банкетный зал сабуров воронеж;9;venue-type;top
банкетный зал на 45;9;venue-type;top
сосновое банкетный зал;9;venue-type;top
банкетные залы алматы;9;venue-type;top
банкетный зал алматы;9;venue-type;top
банкетные залы небеса казань;9;venue-type;top
небеса банкетный зал казань;9;venue-type;top
банкетные залы туда;9;venue-type;top
банкетный зал туда;9;venue-type;top
банкетные залы суздаля;9;venue-type;top
банкетный зал суздаль;9;venue-type;top
банкетный зал safisa москва;9;venue-type;top
домики с банкетным залом;9;venue-type;top
банкетный зал алексеевский;9;venue-type;top
холидей банкетный зал;9;venue-type;top
банкетные залы старый оскол;9;venue-type;top
банкетный зал старый оскол;9;venue-type;top
банкетный зал лефортово;9;venue-type;top
банкетный зал на 8 человек;9;venue-type;top
банкетный зал загородом;9;venue-type;top
банкетный зал наполеон в москве гарибальди;9;venue-type;top
яуза банкетный зал;9;venue-type;top
банкетный зал империал холл;9;venue-type;top
банкетный зал сопрано;9;venue-type;top
банкетный зал анжи;9;venue-type;top
банкетный зал solo;9;venue-type;top
небольшие банкетные залы для дня рождения;9;venue-type;top
небольшой банкетный зал для дня рождения;9;venue-type;top
hilton moscow leningradskaya банкетный зал;9;venue-type;top
медвежьи озера банкетный зал;9;venue-type;top
синий банкетный зал;9;venue-type;top
банкетный зал кайтаг;9;venue-type;top
банкетные залы ижевск;9;venue-type;top
банкетный зал ижевск;9;venue-type;top
мой год коломна зал банкетный;9;venue-type;top
марракеш банкетный зал цена;9;venue-type;top
банкетные залы корона;9;venue-type;top
банкетный зал корона;9;venue-type;top
банкетный зал легенда улан удэ;9;venue-type;top
банкетные залы касумкенте;9;venue-type;top
банкетный зал барнхаус;9;venue-type;top
банкетный зал атмосфера чебоксары;9;venue-type;top
банкетный зал лагуна;9;venue-type;top
кусково банкетный зал;9;venue-type;top
апельсинка киров банкетный зал;9;venue-type;top
банкетный зал апельсинка;9;venue-type;top
marriott банкетный зал;9;venue-type;top
банкетный зал для свадьбы пенза;9;venue-type;top
банкетный зал музыка и время;9;vendors;top
банкетный зал мишель;9;venue-type;top
банкетный зал в загсе;9;venue-type;top
банкетный зал елисейские поля;9;venue-type;top
банкетные залы кафе рядом;9;venue-type;top
кафе банкетный зал рядом;9;venue-type;top
банкетный зал контакты;9;venue-type;top
банкетный зал 21;9;venue-type;top
самые дорогие банкетные залы москвы;9;venue-type;top
самый дорогой банкетный зал в москве;9;venue-type;top
банкетные залы гомель;9;venue-type;top
снять банкетный зал цена;9;venue-type;top
снять в аренду банкетный зал;9;venue-type;top
банкетные залы названия;9;venue-type;top
снять банкетный зал на 20;9;venue-type;top
снять банкетный зал на 20 человек;9;venue-type;top
банкетные залы александрия;9;venue-type;top
банкетный зал александрия;9;venue-type;top
банкетный зал надежда клин;9;venue-type;top
ресторан с банкетным залом подольск;9;venue-type;top
банкетные залы ленинградской области;9;venue-type;top
банкетный зал ленинградская область;9;venue-type;top
банкетные залы в дагестанских огнях;9;venue-type;top
банкетные залы в огне;9;venue-type;top
вилла довиль банкетный зал;9;venue-type;top
аренда банкетного зала на день рождения;9;venue-type;top
40 меридиан коломна банкетный зал;9;venue-type;top
банкетные залы воронеж на 150 человек;9;venue-type;top
банкетный зал клин на бородинском;9;venue-type;top
банкетный зал липецк свадьба;9;venue-type;top
банкетный зал звенигород улица пролетарская;9;venue-type;top
лапино холл банкетный зал адрес;9;venue-type;top
солнечный берег мытищи банкетный зал;9;venue-type;top
автозаводский район банкетный зал;9;venue-type;top
банкетные залы автозаводский район;9;venue-type;top
банкетный зал москва коломенское;9;venue-type;top
банкетные залы в петергофе;9;venue-type;top
банкетный зал в петергофе;9;venue-type;top
банкетный зал аристократ;9;venue-type;top
дешевые рестораны для свадьбы;9;venue-type;top
рестораны москвы для небольшой свадьбы;9;venue-type;top
рестораны душанбе для свадеб;9;venue-type;top
банкетное меню что входит;9;venue-type;top
гамбринус банкетное меню;9;venue-type;top
корчма банкетное меню;9;venue-type;top
детское банкетное меню;9;venue-type;top
кафе идель на мичуринском банкетное меню;9;venue-type;top
банкетное меню на заказ с доставкой;9;venue-type;top
банкетное меню на 40 человек;9;venue-type;top
идеи свадебных фото в студии;9;info;top
свадебное фото пост;9;rest;top
фото свадебные 2000;9;rest;top
фото свадебная сочи;9;rest;top
вечерние свадебные фото;9;rest;top
кринж свадебные фото;9;rest;top
красивые фото свадебных колец;9;rest;top
искусственный интеллект свадебное фото;9;rest;top
свадебные фото бохо;9;rest;top
груша свадебная описание сорта фото;9;rest;top
груша свадебная фото;9;rest;top
свадебные фото 90х;9;rest;top
свадебные фото в питере;9;rest;top
свадебные фото без лица;9;rest;top
свадебные фото ирины;9;rest;top
свадебное фото через ии;9;rest;top
свадебный пригласительный фото;9;info;top
грейс келли свадебные фото;9;rest;top
свадебные фото сайт;9;rest;top
цветокоррекция свадебных фото;9;rest;top
групповые свадебные фото;9;rest;top
свадебный букет из орхидей фото;9;vendors;top
как делать свадебные фото;9;info;top
всратые свадебные фото;9;rest;top
свадебные фото александра;9;rest;top
классическое свадебное фото;9;rest;top
свадебные фото зимой;9;info;top
сколько стоит фото свадебная;9;price;top
свадебные фото ксении;9;rest;top
свадебные фото олега шепса;9;rest;top
свадебные фото екатерины;9;venue-type;top
фото свадебные блондинки;9;rest;top
красный белый и королевская свадьба дата выхода;9;rest;top
значение дат свадеб по годам;9;rest;top
свадьба харламова дата;9;rest;top
дата свадьбы расшифровка;9;rest;top
принц из рая королевская свадьба дата выхода;9;rest;top
код дата свадьбы last of us;9;rest;top
свадьба вслепую 3 сезон дата выхода;9;info;top
лучшие даты для свадьбы в августе 2026;9;info;top
переносим дату свадьбы;9;rest;top
переносить дату свадьбы;9;rest;top
самая лучшая дата для свадьбы в 2027;9;rest;top
даты свадеб 2025;9;info;top
даты свадьба по годам совместной жизни таблица;9;info;top
свадьба пушкина и гончаровой дата;9;geo;top
карта звездного неба на дату свадьбы;9;rest;top
с днем бракосочетания жене;9;rest;top
с днем бракосочетания сына родителям;9;rest;top
свадебная композиция на стол молодоженов;9;rest;top
как должны сидеть молодожены за свадебным столом;9;info;top
какие фрукты на свадебный стол;9;rest;top
наборы на свадебный стол;9;rest;top
как называется свадебный стол;9;info;top
рабочий стол свадебная;9;rest;top
свадебный стол жемчуг и золото;9;rest;top
букетик на свадебный стол;9;vendors;top
что можно приготовить на свадебный стол;9;info;top
цветы на свадебный стол своими руками;9;rest;top
видео по сборке свадебного букета из каллы;9;vendors;top
музыка для свадебного видео без слов;9;vendors;top
лучшие свадебное видео;9;rest;top
свадебная церемония нячанг;9;rest;top
свадебная церемония ученого рю 1;9;rest;top
свадебная церемония на берегу;9;rest;top
китайская свадебная церемония;9;rest;top
какая зп у ведущих свадебных церемоний;9;vendors;top
white wedding event travel day;9;rest;top
wedding day face cream;9;rest;top
zeitun wedding day face cream;9;rest;top
dream day wedding;9;rest;top
свадебный образ без пиджака;9;rest;top
свадебный образ мамы;9;rest;top
зимние свадебные образы;9;info;top
свадебный образ корсет и юбка;9;rest;top
приснилась свадьба с другом;9;rest;top
жене приснилась свадьба;9;rest;top
приснилось сбежать со свадьбы;9;rest;top
приснился сон подготовка к свадьбе;9;info;top
татьяна каплун сайт свадебные;9;rest;top
сайт свадебного агентства;9;vendors;top
сценарий церемонии бракосочетания;9;info;top
неторжественная церемония бракосочетания;9;rest;top
свадебные бокалы хрусталь;9;rest;top
свадебные бокалы лентами;9;rest;top
комедия свадьба бальзаминова;9;rest;top
в каком городе снималась свадьба бальзаминова;9;rest;top
свадьба по обмену 2010;9;rest;top
свадьба по обмену русский;9;rest;top
свадебная коллекция одежды;9;rest;top
свадебные голубые фоны;9;rest;top
фон для свадебного альбома;9;rest;top
футаж свадебный фон;9;rest;top
что дарят на лавандовую свадьбу;9;info;top
обложки для свадебных клятв купить;9;rest;top
свадебная ночь мы оба двойники;9;rest;top
лесби свадебная ночь;9;rest;top
мэри кац невеста будешь моей купить;9;rest;top
невеста бывшего моей сестры;9;rest;top
свадебные бутылки жених и невеста;9;rest;top
свадебные бутылки айсберг;9;rest;top
вальс граммофон свадебный;9;rest;top
древний свадебный обряд;9;rest;top
свадебный план 5;9;info;top
свадебный план рассадки;9;info;top
свадебный кейп с рукавом;9;rest;top
кейп накидка свадебная;9;rest;top
перчатки свадебные на палец;9;rest;top
стили свадьбы осенью;9;info;top
золотой стиль свадьбы;9;info;top
бохо стиль свадьба оформление;9;vendors;top
свадьба в современном русском стиле;9;info;top
серебряный стиль свадьбы;9;info;top
традиции на золотую свадьбу;9;info;top
еврейские традиции на свадьбе;9;info;top
русские народные традиции на свадьбе;9;info;top
свадебные традиции на свадьбе в россии;9;info;top
осетинские традиции на свадьбе;9;info;top
традиции на армянской свадьбе обычаи;9;info;top
традиции мусульман на свадьбе;9;info;top
итальянские свадебные традиции;9;info;top
славянские свадебные традиции;9;info;top
свадебные обычаи и традиции в россии;9;info;top
список свадебных традиций;9;info;top
свадебные традиции народов мира;9;info;top
виды свадебных приглашений;9;info;top
как сделать свадебное приглашение в электронном виде;9;info;top
свадебные приглашения в электронном виде;9;info;top
конструктор свадебного приглашения онлайн;9;info;top
музыка для свадебного приглашения;9;vendors;top
свадебное приглашение ии;9;info;top
таплинк создать приглашение на свадьбу;9;info;top
как провести свадьбу без тамады весело;9;vendors;top
сценарий свадьбы в кафе без тамады;9;vendors;top
розыгрыш торта на свадьбе;9;vendors;top
торт на гранатовую свадьбу;9;vendors;top
торты на свадьбу форма;9;vendors;top
порционный торт на свадьбу;9;vendors;top
готовые торты на свадьбу;9;vendors;top
квадратный торт на свадьбу;9;vendors;top
подставка для торта на свадьбу;9;vendors;top
ягодный торт на свадьбу;9;vendors;top
трендовый торт 2026 на свадьбу;9;vendors;top
торт 6 кг на свадьбу;9;vendors;top
торт на свадьбе галич;9;vendors;top
торт добрынинский на свадьбу;9;vendors;top
кондитер торт на свадьбу;9;vendors;top
фальш торт на свадьбу;9;vendors;top
свадебная фотосессия современные;9;vendors;top
дагестанская свадебная музыка;9;vendors;top
свадебная музыка mp3;9;vendors;top
свадебная музыка веселая танцевальная;9;vendors;top
музыка для свадебного торжества;9;vendors;top
свадебный переполох музыка;9;vendors;top
свадебная музыка без авторских прав;9;vendors;top
свадебные фотографии рук;9;vendors;top
рамка коллаж свадебных фотографий в старорусском стиле;9;vendors;top
онлайн редактор фотографий из обычной в свадебную;9;vendors;top
оформление свадебной фотозоны;9;vendors;top
оформление свадебного зала цена;9;vendors;top
цены свадебного оформления;9;vendors;top
оформление свадебной машины;9;vendors;top
оформление свадебного зала цвета;9;vendors;top
оформление свадебного зала цветами;9;vendors;top
варианты оформления свадебного зала;9;vendors;top
лучшие свадебные ведущие москвы;9;vendors;top
свадебный торт минимализм одноярусный;9;vendors;top
сценарий для свадьбы без ведущего;9;vendors;top
свадебная площадка веранда;9;venue-type;top
загородная свадебная площадка;9;venue-type;top
организации свадеб ведущий;9;vendors;top
обучение организации свадеб;9;core;top
свадебный зал в на хазаре;9;core;top
свадебные банкеты на 30 человек;9;capacity;top
каравай на свадьбу заказать одинцово;9;geo;top
заказать каравай на свадьбу в подольске;9;rest;top
отметить свадьбу раменское;9;core;top
аренда авто на свадьбу раменское;9;price;top
каравай на свадьбу щелково;9;rest;top
компонент солнечногорск свадьба;9;geo;top
свадьба зимой жених;9;info;top
что надеть на свадьбу мужчине гостю летом;9;info;top
лето время свадеб;9;rest;top
самые громкие свадьбы этого лета;9;rest;top
агентство развлечения банкетов свадеб вечеринок новогодних праздников;9;vendors;top
можно ли свадьбу в мае;9;rest;top
играют ли свадьбы в мае;9;rest;top
свадьбы в августе хорошие дни;9;info;top
в пост свадьбы август играют;9;info;top
свадьба в октябре фото;9;info;top
свадьба в отеле петербург;9;venue-type;top
свадьба в отеле санкт петербург;9;venue-type;top
свадьба на дачи идеи;9;info;top
чья свадьба была в кафе которое взорвали;9;venue-type;top
свадьба с домом с баней;9;rest;top
авито дом под свадьбу;9;rest;top
дом 2 свадьба на миллион 2017;9;rest;top
свадьба на миллион дом 2017;9;rest;top
снять дом для празднования свадьбы;9;price;top
кто выиграл свадьбу в доме;9;rest;top
красивый дом для свадьбы;9;venue-type;top
как украсить автомобиль на свадьбу;9;info;top
как организовать свадьбу в москве;9;geo;top
как организовать гостей на свадьбе;9;info;top
для чего нужен семейный очаг на свадьбе;9;rest;top
сколько денег дают на свадьбу гости;9;info;top
свадебные площадки чехов;8;core;top
свадебные площадки тольятти;8;core;top
остров любви свадебная площадка;8;core;top
лучшие свадебные площадки москвы;8;geo;top
дворянское гнездо площадка для свадьбы;8;core;top
подборка площадок для свадьбы;8;rest;top
площадки для маленьких свадеб;8;capacity;top
площадки для свадьбы ярославль;8;core;top
площадка для итальянской свадьбы в москве;8;geo;top
муза площадка для свадеб;8;core;top
нептун площадка для свадьбы;8;core;top
площадки для свадьбы 2026;8;core;top
hide москва площадка для свадьбы;8;geo;top
как выбрать площадку для свадьбы;8;info;top
место для проведения свадеб в ногинске;8;core;top
место для проведения свадьбы на природе;8;venue-type;top
места для свадьбы пржмосковье;8;rest;top
волгоград места для фотосессии на свадьбу;8;vendors;top
загородные места для свадеб;8;venue-type;top
где отметить свадьбу в санкт петербурге;8;info;top
где отметить свадьбу в серпухове;8;info;top
кафе где можно отметить свадьбу;8;venue-type;top
где отмечала свадьбу ида галич;8;info;top
где отметить свадьбу в раменском;8;info;top
где отметить роспись без свадьбы в москве;8;geo;top
где отметить свадьбу форум;8;info;top
банкетные залы для свадьбы раменское;8;venue-type;top
банкетный зал для свадьбы раменское;8;venue-type;top
банкетный зал в царицыно для свадьбы;8;venue-type;top
банкетный зал для свадьбы орехово зуево;8;venue-type;top
банкетные залы дома для свадьбы;8;venue-type;top
подборка ресторанов для камерной свадьбы;8;venue-type;top
рестораны для свадьбы отзывы;8;venue-type;top
ресторан для свадьбы казань;8;venue-type;top
рестораны минска для свадьбы;8;venue-type;top
ресторан для свадьбы брянск;8;venue-type;top
ресторан для свадьбы тверь;8;venue-type;top
рестораны с верандой в москве для свадьбы;8;venue-type;top
рестораны для свадьбы ярославль;8;venue-type;top
фото свадебного банкета;8;core;top
как провести свадьбу детей;8;info;top
как называется человек который проводит свадьбу;8;info;top
провести свадьбу самостоятельно;8;core;top
провести сыну свадьбу;8;core;top
провести свадьбу за городом;8;core;top
за сколько до свадьбы проводят девичник;8;rest;top
как провести свадьбу без гостей;8;capacity;top
в москве три пары собак провели свадьбу;8;geo;top
как провести роспись без свадьбы красиво;8;info;top
что нужно для организации свадьбы самостоятельно;8;info;top
выездная организация свадеб;8;core;top
свадебное агентство организация свадеб;8;vendors;top
организация свадьбы камеди кравец;8;core;top
лофт для свадьбы в москве недорого;8;venue-type;top
усадьба для свадьбы спб;8;venue-type;top
загородный коттедж для свадьбы;8;venue-type;top
банкетный коттедж для свадьбы;8;venue-type;top
коттеджи посуточно для свадьбы;8;venue-type;top
мини свадьба на теплоходе;8;venue-type;top
свадьба на крыше магнитогорск;8;venue-type;top
бюджетная свадьба на природе;8;venue-type;top
камерная свадьба в нижнем новгороде на природе;8;venue-type;top
стоимость свадьбы на природе;8;venue-type;top
свадьба под ключ на природе;8;venue-type;top
свадьба на природе образы;8;venue-type;top
зал на 10 человек для свадьбы;8;capacity;top
сколько будет стоить свадьба на 30 человек;8;capacity;top
во сколько обходится свадьба на 30 человек;8;capacity;top
сколько будет стоить свадьба на 50 человек;8;capacity;top
сколько надо алкоголя на свадьбу 50 человек;8;rest;top
меню на свадьбу на 50 человек;8;capacity;top
как сделать камерную свадьбу;8;capacity;top
камерная свадьба стол;8;capacity;top
сценарий для ведущего камерной свадьбы;8;vendors;top
маленький сувенир на свадьбу;8;capacity;top
свадьба жених меньше невесты;8;rest;top
рестораны отметить маленькую свадьбу;8;venue-type;top
маленькие кофе для проведения свадьбы;8;capacity;top
свадьба за городом места;8;rest;top
свадьба за городом спб;8;rest;top
загородные отели для свадьбы в подмосковье;8;venue-type;top
выплаты за золотую свадьбу в подмосковье;8;geo;top
хилтон гарден инн новая рига свадьба отзывы;8;geo;top
как сделать свадьбу недорого;8;price;top
недорогой ведущий свадьба москва;8;vendors;top
как отметить свадьбу недорого и необычно;8;price;top
аренда для свадьбы недорого;8;price;top
справить свадьбу недорого;8;price;top
недорого шатер на свадьбу подмосковье балашиха;8;venue-type;top
стоимость организатора свадьбы;8;vendors;top
свадьба на 35 человек стоимость;8;capacity;top
стоимость декора на свадьбу;8;vendors;top
приглашения на свадьбу стоимость;8;price;top
свадьба на 25 человек стоимость;8;capacity;top
что входит в стоимость свадьбы;8;price;top
видеосъемка свадьбы стоимость;8;price;top
стоимость лимузина на свадьбу;8;price;top
сколько стоит басков на свадьбу;8;price;top
сколько стоит красивая свадьба;8;price;top
сколько стоят услуги организатора свадеб;8;vendors;top
сколько стоит позвать аркадия думикяна на свадьбу;8;price;top
сколько стоит декорация свадьбы;8;vendors;top
теремок сколько стоит свадьба ижевск в теремке;8;venue-type;top
сколько стоит меладзе на свадьбу;8;price;top
сколько стоит пригласить на свадьбу эльбруса;8;price;top
эльбрус джанмирзоев сколько стоит пригласить на свадьбу;8;price;top
сколько стоит пригласить артиста на свадьбу;8;vendors;top
макка межиева сколько стоит на свадьбу;8;price;top
сколько стоит трансфер на свадьбу;8;price;top
сколько стоит заказать артиста на свадьбу;8;vendors;top
сколько стоила свадьба литвина;8;price;top
ведущий на свадьбу иван;8;vendors;top
ведущий на праздник свадьбу;8;vendors;top
нагиев ведущий на свадьбу;8;vendors;top
ведущая на свадьбу москва недорого;8;vendors;top
ведущие на свадьбе дагестан;8;vendors;top
евгений ведущий на свадьбах;8;vendors;top
как называют ведущего на свадьбе;8;vendors;top
ведущий на свадьбу петербург;8;vendors;top
ведущий на свадьбу санкт петербург;8;vendors;top
где искать ведущего на свадьбу;8;vendors;top
что делать на свадьбе без ведущего;8;vendors;top
ведущий на свадьбу казань;8;vendors;top
фотограф раменское на свадьбу;8;vendors;top
нужен ли фотограф на свадьбу;8;vendors;top
фотографа на свадьбу осенние даты екатеринбург;8;vendors;top
нужен видеограф на свадьбу;8;vendors;top
авито видеограф на свадьбу;8;vendors;top
торт свадебный белый декор;8;vendors;top
свадебный декор на стол купить;8;vendors;top
простой свадебный декор;8;vendors;top
свадебный декор мастер класс;8;vendors;top
декор свадебного шампанского;8;vendors;top
свадебный декор живыми цветами;8;vendors;top
комната невесты оформление на свадьбу;8;vendors;top
оформление регистрации свадьбы;8;vendors;top
оформление свадьбы воздушными шарами;8;vendors;top
оформление бутылки на свадьбу своими руками;8;vendors;top
идеи для оформления свадьбы;8;vendors;top
оформление велком зоны на свадьбе;8;vendors;top
оформление праздников свадеб;8;vendors;top
свадьба в стиле бохо фото оформление;8;vendors;top
как стать свадебным организатором;8;vendors;top
свадебные агентства онлайн;8;vendors;top
свадебное агентство ксении афанасьевой;8;vendors;top
свадебное агентство дарси отзывы;8;vendors;top
открыть свадебное агентство;8;vendors;top
свадебное агентство сочи;8;vendors;top
для двоих свадебное агентство;8;vendors;top
нужен диджей на свадьбу;8;vendors;top
свадебный торт с крем чизом;8;vendors;top
свадебный торт 3кг;8;vendors;top
кусочек свадебного торта;8;vendors;top
свадебный торт двухъярусный с ягодами;8;vendors;top
дегустационный набор тортов свадебный;8;vendors;top
вкусные начинки для свадебного торта;8;vendors;top
модные свадебные торты 2026;8;vendors;top
оформление свадебного торта одноярусного фото;8;vendors;top
свадебный торт описание;8;vendors;top
минималистичный свадебный торт;8;vendors;top
столик для свадебного торта;8;vendors;top
кремовый свадебный торт;8;vendors;top
свадебный торт мытищи;8;vendors;top
свадебный торт три шоколада;8;vendors;top
торт свадебный белый прямоугольный;8;vendors;top
свадебный торт история;8;vendors;top
свадебные торты королев;8;vendors;top
свадебные торты королева тортов;8;vendors;top
свадебный торт на 3 кг фото;8;vendors;top
одноэтажный свадебный торт;8;vendors;top
свадебный торт на 20 человек сколько;8;vendors;top
красивые свадебные торты двухъярусные фото;8;vendors;top
дегустационный сет свадебных тортов;8;vendors;top
торт свадебная тематика;8;vendors;top
курс по свадебным тортам;8;vendors;top
свадебный стилист визажист москва;8;vendors;top
флорист свадебные букеты;8;vendors;top
организация выездной регистрации брака;8;vendors;top
выездная регистрация брака воронеж;8;vendors;top
выездная регистрация за границей;8;vendors;top
арка для выездной регистрации свадьбы;8;vendors;top
выездная регистрация фуршет;8;vendors;top
речь для выездной регистрации брака;8;vendors;top
что значит выездная регистрация;8;vendors;top
выездная регистрация автомобиля в гибдд;8;vendors;top
выездная регистрация гибдд;8;vendors;top
как проводится выездная регистрация брака;8;vendors;top
выездная регистрация серпухов;8;vendors;top
выездная регистрация брака санкт петербург;8;vendors;top
выездная регистрация брака в царицыно;8;vendors;top
как делается выездная регистрация;8;vendors;top
выездная регистрация сергиев посад;8;vendors;top
выход жениха на выездной регистрации;8;vendors;top
сценарии современной веселой свадьбы;8;info;top
сценарий веселого выкупа на свадьбу;8;info;top
сценарий свадьбы веселый смешной;8;info;top
свадьба сценарий сценарий традиции;8;info;top
сценарий юбилея 55 свадьбы;8;info;top
конец свадьбы сценарий;8;info;top
сценарий свадьбы от начала до конца;8;info;top
цыгане на свадьбе сценарий;8;info;top
сценарий проведения свадьбы для тамады;8;vendors;top
мини сценарий на свадьбу;8;info;top
сценарий на второй день свадьбы без тамады;8;vendors;top
домашний сценарий свадьбы для родителей;8;info;top
купить сценарий свадьбы;8;info;top
сценарий проведения года свадьбы;8;info;top
идеи для серебряной свадьбы;8;info;top
идеи для проведения свадьбы;8;info;top
идеи для золотой свадьбы;8;info;top
как одеться на свадьбу в стиле 90;8;info;top
свадьба в стиле 50;8;info;top
образ на свадьбу в стиле 90 х;8;info;top
свадеб в звездном стиле;8;info;top
свадьба в стиле звездных войн;8;info;top
коктейльный стиль на свадьбу;8;info;top
французская свадьба стиль;8;info;top
свадьба виды стилей;8;info;top
одежда на свадьбу в русском стиле;8;info;top
4 свадьбы свадьба в пляжном стиле;8;info;top
свадьба в винтажном стиле;8;info;top
свадьба в стиле розовый дым;8;info;top
свадьба в стиле готов;8;info;top
4 свадьбы в тюремном стиле;8;info;top
площадки для свадьбы во владимире;8;core;top
площадки для свадьбы омск;8;core;top
торт на свадьбу на 20 человек;8;vendors;top
аля бридж свадьба в стиле дошик;8;info;top
свадьба в голубом стиле;8;info;top
свадьба в итальянском стиле в москве;8;geo;top
площадка для свадьбы загородом;8;core;top
площадки для свадьбы калужская область;8;core;top
сайт для организации свадьбы;8;core;top
свадьба в стиле 18;8;info;top
второй день свадьбы в русском стиле;8;info;top
сценарий на день свадьбы без тамады;8;vendors;top
поющая тамада на свадьбу;8;vendors;top
что делает тамада на свадьбе;8;vendors;top
bahh tee свадебный фотограф;8;vendors;top
свадебный фотограф bahh;8;vendors;top
лучшие свадебные фотографы москвы;8;vendors;top
свадебный фотограф смоленск;8;vendors;top
курсы свадебного фотографа;8;vendors;top
свадебный фотограф питер;8;vendors;top
свадебный фотограф щербинка;8;vendors;top
академия штиглица свадебная фотосессия;8;vendors;top
штиглица свадебная фотосессия;8;vendors;top
свадебная фотосессия 2000;8;vendors;top
свадебная фотосессия в измайловском кремле;8;vendors;top
промт для ии свадебная фотосессия;8;vendors;top
свадебная фотосессия на котельнической набережной;8;vendors;top
свадебная фотосессия в сентябре;8;vendors;top
аптекарский огород свадебная фотосессия;8;vendors;top
свадебная фотосессия зимой в москве;8;vendors;top
лучшие отели для свадебной фотосессии;8;vendors;top
свадебный фотосессия воронеж;8;vendors;top
топ отелей для свадебной фотосессии;8;vendors;top
когда нужна свадебная фотосессия в студии;8;vendors;top
свадебная фотосессия в сафисе;8;vendors;top
свадебная фотосессия в турции;8;vendors;top
артем сергеевич видеограф свадебный краснодар;8;vendors;top
свадебный видеограф краснодар;8;vendors;top
свадебный видеограф цена;8;vendors;top
как прикрепить цветы к свадебной арке;8;info;top
свадебная арка с фатином;8;rest;top
сколько стоит свадебная арка;8;price;top
свадебная арка с бусами;8;rest;top
как закрепить живые цветы на свадебной арке;8;info;top
свадебная арка стойка;8;rest;top
круглая фотозона на свадьбу;8;vendors;top
фотозона на свадьбу сердце;8;vendors;top
фотозона из ткани на свадьбу;8;vendors;top
букет невесты для женщины;8;vendors;top
букет невесты флокс;8;vendors;top
оформление букета невесты;8;vendors;top
букет невесты бело персиковый;8;vendors;top
кто выбирает букет невесты;8;vendors;top
модные букеты для невесты;8;vendors;top
букет невесты из папоротника;8;vendors;top
букет невесты в розовых тонах;8;vendors;top
букет невесты когда вручают;8;vendors;top
когда кидают букет невесты на свадьбе;8;vendors;top
букет невесты в виде сумочки;8;vendors;top
бирюзовый букет невесты;8;vendors;top
сколько стоит свадебный букет для невесты;8;vendors;top
приснилось что поймала букет невесты;8;vendors;top
букет невесты из пионовидных роз фото;8;vendors;top
букет невесты цветы спб;8;vendors;top
альтернатива бросания букета невесты;8;vendors;top
свадебный букет невесты из белых роз;8;vendors;top
букет невесты должен быть из живых цветов;8;vendors;top
свадебный букет невесте красный;8;vendors;top
букет невесты липецк;8;vendors;top
букет невесты 2026 в фиолетовых тонах;8;vendors;top
необычные свадебные букеты для невесты;8;vendors;top
почему нельзя брать букет невесты;8;vendors;top
букет невесты белый с розовым;8;vendors;top
букет невесты красноармейск московская область;8;vendors;top
букет невесты упал;8;vendors;top
интересный букет невесты;8;vendors;top
что символизирует букет невесты;8;vendors;top
как самостоятельно сделать букет невесты;8;vendors;top
букет невесты рядом;8;vendors;top
букет невесты с незабудками;8;vendors;top
составляем букет невесты;8;vendors;top
чем заменить бросок букета невесты;8;vendors;top
парфюм букет невесты;8;vendors;top
как выбрать букет невесты на свадьбу;8;vendors;top
букет невесты раскидистый;8;vendors;top
букет невесты из ромашек фото;8;vendors;top
как высушить букет невесты;8;vendors;top
букет невесты янышева книга продолжение;8;vendors;top
букет невесты фото пинтерест;8;vendors;top
букет невесты своими руками из ленты;8;vendors;top
кто дарит свадебный букет невесте;8;vendors;top
букет невесты из лизиантуса белого;8;vendors;top
словила букет невесты;8;vendors;top
букет невесты светлый;8;vendors;top
цветы на свадьбу на одежду;8;rest;top
цветы на столы гостей на свадьбу;8;info;top
президиум на свадьбу цветы;8;rest;top
почему на свадьбу дарят цветы;8;info;top
дарят ли желтые цветы на свадьбу;8;rest;top
надо ли дарить цветы на свадьбу молодоженам;8;rest;top
венок из живых цветов на свадьбу;8;rest;top
в какой момент на свадьбе дарят цветы;8;rest;top
букет цветов на свадьбу дочери;8;vendors;top
какие цветы нельзя дарить на свадьбу;8;rest;top
юбка на президиум на свадьбу;8;rest;top
как красиво украсить президиум на свадьбе;8;info;top
президиум на свадьбу своими руками дешево;8;price;top
кенди бар на свадьбу;8;rest;top
свадебный каравай купить в спб;8;rest;top
заказать свадебный каравай в рязани;8;rest;top
свадебный каравай рязань;8;rest;top
выпечка свадебных караваев;8;rest;top
где заказать свадебный каравай в москве;8;geo;top
свадебный каравай простой рецепт;8;rest;top
свадебный каравай заказать в дубне;8;rest;top
армянские музыканты на свадьбу;8;vendors;top
веерный салют на свадьбу;8;vendors;top
обязанности координатора на свадьбе;8;vendors;top
машина привязана на свадьбу;8;rest;top
взять машину в аренду на свадьбу;8;price;top
машина друзей на свадьбе;8;rest;top
кукла на машину на свадьбу;8;rest;top
дым машина на свадьбу аренда;8;price;top
аренда машины на свадьбу спб;8;price;top
лимузин карета на свадьбу;8;rest;top
лимузин хаммер на свадьбу;8;rest;top
свадебная арка на свадьбу;8;rest;top
банкетные залы презентация;8;venue-type;top
презентация банкетного зала;8;venue-type;top
банкетный зал сильвер;8;venue-type;top
арендовать банкетный зал свадьбы;8;venue-type;top
банкетный зал георгиевский;8;venue-type;top
банкетный зал лимонад;8;venue-type;top
банкетный зал императрица;8;venue-type;top
банкетные залы коврова;8;venue-type;top
банкетные залы леваши;8;venue-type;top
банкетное меню чебоксары;8;venue-type;top
банкетное меню расчет на человека;8;venue-type;top
банкетное меню зеленоград;8;venue-type;top
банкетное меню онлайн;8;venue-type;top
сыроварня банкетное меню;8;venue-type;top
новое банкетное меню;8;venue-type;top
банкетное меню кейтеринг;8;venue-type;top
маради банкетное меню;8;venue-type;top
банкетное меню карта;8;venue-type;top
чайхана банкетное меню;8;venue-type;top
андерсон банкетное меню;8;venue-type;top
правильное банкетное меню;8;venue-type;top
снять коттедж посуточно для свадьбы;8;venue-type;top
свадебные тона фото;8;rest;top
свадебный букет из лилий фото;8;vendors;top
букет свадебный из кустовых роз фото;8;vendors;top
профессиональные свадебные фото;8;rest;top
свадебное кимоно фото;8;rest;top
елизавета свадебные фото;8;rest;top
свадебные фото семьи;8;rest;top
свадебные фотозоны фото;8;vendors;top
комментарий под свадебной фото;8;rest;top
красивый свадебный букет фото;8;vendors;top
свадебные фото майкла джексона;8;rest;top
свадебный баннер с фото;8;rest;top
свадебный букет из гвоздики фото;8;vendors;top
свадебное кружево фото;8;rest;top
свадебные кружева фото;8;rest;top
свадебное фото петербурга;8;rest;top
подпись под свадебным фото в инстаграм;8;rest;top
свадебные фото криштиану роналду и джорджины родригес;8;rest;top
свадебные портреты фото;8;rest;top
обработка свадебная фото в lightroom;8;rest;top
обработка свадебная фото в luminar;8;rest;top
обработка свадебная фото в photoshop;8;rest;top
лилия свадебный вальс фото;8;rest;top
свадебный вальс фото;8;rest;top
свадебное фото нижнего новгорода;8;rest;top
свадебный шлейф фото;8;rest;top
свадебная корзина фото;8;rest;top
свадьба волочковой дата;8;rest;top
свадьба елизаветы 2 и принца филиппа дата;8;rest;top
какие красивые даты для свадьбы в 2026;8;info;top
дата свадьбы сюцай;8;rest;top
самые удачные даты для свадьбы;8;rest;top
даты для свадьбы в декабре;8;info;top
проверить дату свадьбы;8;rest;top
код от сейфа дата свадьбы last;8;rest;top
какие бывают даты свадеб;8;info;top
апрель даты свадьбы;8;info;top
последняя дата свадьбы;8;rest;top
популярные даты для свадьбы в 2026;8;rest;top
черная свадьба 2 сезон дата;8;info;top
черная свадьба 2 сезон дата выхода;8;info;top
астрологические даты свадеб;8;info;top
свадьба вслепую дата выхода серий;8;rest;top
как рассчитать благоприятную дату для свадьбы;8;info;top
астролог дата свадьбы;8;rest;top
свадьба галич дата;8;rest;top
свадьба иды галич дата;8;rest;top
хорошие даты для свадьбы в октябре;8;info;top
олеся иванченко свадьба дата;8;rest;top
свадьба дата рождения ребенка;8;rest;top
приснилась дата свадьбы;8;rest;top
прогноз даты свадьбы;8;info;top
можно ли забронировать дату свадьбы в загсе;8;rest;top
даты свадеб 2026 что означают;8;info;top
зеркальные даты для свадьбы;8;rest;top
дата свадьбы меган;8;rest;top
с днем бракосочетания нежные;8;rest;top
гиф с днем бракосочетания;8;rest;top
с днем бракосочетания родителям невесты;8;rest;top
бабушку с днем бракосочетания внучки;8;rest;top
свадебный стол на 10 человек;8;capacity;top
идея бюджетная композиция на свадебный стол;8;price;top
свадебный стол невесты оформление своими руками;8;vendors;top
реальные свадебные видео ок;8;rest;top
съемка свадебного видео;8;rest;top
видео свадебных приглашений;8;info;top
подпись к свадебному видео;8;rest;top
создание свадебных видео;8;rest;top
свадебные церемонии организация;8;core;top
уральские пельмени свадебная церемония;8;rest;top
клятвы на свадебной церемонии;8;rest;top
свадебная церемония на пхукете;8;rest;top
свадебная чайная церемония;8;rest;top
a t wedding day;8;rest;top
day wedding dresses;8;rest;top
wedding day перевод на русский язык;8;rest;top
wedding day 18;8;rest;top
маска zeitun wedding day;8;rest;top
zeitun wedding day сыворотка;8;rest;top
современные свадебные образы невесты;8;rest;top
ретро свадебный образ;8;rest;top
свадебный образ бородиной;8;rest;top
свадебный образ дуа липы;8;rest;top
приснилась свадьба с молодым человеком;8;rest;top
повторная церемония бракосочетания в загсе;8;rest;top
проведения церемонии бракосочетания;8;core;top
церемония бракосочетания фото;8;rest;top
бокалы свадебные с жемчугом;8;rest;top
красивые даты для свадьбы август;8;info;top
свадьба по обмену 2010 мелодрама комедия;8;rest;top
свадьба по обмену 2010 мелодрама комедия hd;8;rest;top
свадебные коллекции купить;8;rest;top
свадебная коллекция 2027;8;rest;top
свадебная коллекция интимиссими;8;rest;top
свадебные рамки прозрачный фон;8;rest;top
традиционные английские свадебные клятвы;8;info;top
обновить свадебные клятвы;8;rest;top
ф свадебная ночь;8;rest;top
свадебная ночь 1980 субтитры;8;rest;top
красивые президиума на свадьбу;8;rest;top
книга кавказ невеста будешь моей;8;rest;top
декупаж свадебных бутылок шампанского;8;rest;top
декупаж свадебных бутылок шампанского своими руками;8;rest;top
свадебные бутылки шампанского жених;8;rest;top
первый свадебный вальс;8;rest;top
свадебный обряд у мусульман;8;rest;top
свадебный план лакорн 6;8;info;top
свадебный план лакорн 4;8;info;top
свадебный план лакорн 7;8;info;top
спектакль свадьба кречинского в малом театре;8;rest;top
свадебные перчатки без пальцев как;8;rest;top
свадебные перчатки без пальцев как называются;8;info;top
свадьба в стиле звездных;8;info;top
стили свадьбы французская;8;info;top
традиции татар на свадьбе;8;info;top
традиция шампанское на свадьбу;8;info;top
традиция выкупа на свадьбе;8;info;top
свадьба на кубани традиции;8;info;top
традиции на серебряную свадьбу;8;info;top
традиция переспать свидетелям на свадьбе;8;info;top
традиции езидов на свадьбе;8;info;top
традиции стран на свадьбе;8;info;top
традиция с караваем на свадьбе описание;8;info;top
традиции армян на свадьбе;8;info;top
свадебные традиции дагестана;8;info;top
кабардинские свадебные традиции;8;info;top
необычные свадебные традиции;8;info;top
приложение свадебное приглашение;8;info;top
свадебные приглашения заказать;8;info;top
редактор свадебных приглашений;8;info;top
canva свадебные приглашения;8;info;top
создать электронное приглашение на свадьбу онлайн;8;info;top
как проводить свадьбу самостоятельно;8;info;top
как провести свадьбу необычно;8;info;top
музыка под торт на свадьбу;8;vendors;top
длинный торт на свадьбу размеры;8;vendors;top
торт на свадьбу 2026 прямоугольный;8;vendors;top
прямоугольный торт на свадьбу со свечами;8;vendors;top
какие торты делают на свадьбу;8;vendors;top
торт на свадьбу на 60 человек;8;vendors;top
торт муляж на свадьбу;8;vendors;top
бенто торт на день свадьбы;8;vendors;top
торт из денег своими руками на свадьбу;8;vendors;top
торт на свадьбу 2026 одноярусный;8;vendors;top
свечи в торт на свадьбе;8;vendors;top
сколько килограмм торта нужно на свадьбу;8;vendors;top
торт на жемчужную свадьбу фото;8;vendors;top
3 ярусный торт на свадьбу;8;vendors;top
как назывался торт на свадьбе;8;vendors;top
торт медовик на свадьбу;8;vendors;top
торт на свадьбу 1 ярус;8;vendors;top
торт два сердца на свадьбу;8;vendors;top
выкатной стол для торта на свадьбу;8;vendors;top
свадебная музыка тутуту;8;vendors;top
как называется свадебная музыка;8;vendors;top
свадебная музыка зарубежная;8;vendors;top
свадебная музыка на свадьбу;8;vendors;top
крымскотатарская музыка свадебные;8;vendors;top
свадебная музыка русская народная;8;vendors;top
романтичная свадебная музыка;8;vendors;top
свадебная музыка слушать онлайн;8;vendors;top
оформить свадебные фотографии;8;vendors;top
свадебная фотография нейросеть;8;vendors;top
самые свадебные фотографии;8;vendors;top
свадебное оформление белое;8;vendors;top
свадебные фотозоны 2026;8;vendors;top
декоратор на свадьбу цена москва;8;vendors;top
свадебный видеограф цены;8;vendors;top
площадки в вологде для свадьбы на природе;8;venue-type;top
свадебная площадка дом у озера алабушево;8;core;top
свадебная площадка в парке;8;core;top
свадебные банкетные залы в москве;8;venue-type;top
свадебный зал версаль;8;core;top
свадебный зал в метро текстильщики;8;info;top
самый хороший свадебный зал в армении;8;core;top
ведущий на свадьбу в москве недорого;8;vendors;top
зал для свадьбы в москве недорого;8;price;top
авито ведущий на свадьбу химки;8;vendors;top
помещение для свадьбы в подольске;8;rest;top
мини отель таежный раменское свадьба;8;venue-type;top
товары для свадьбы щелково;8;rest;top
свадьба зимой одежда;8;info;top
день свадьбы зимой;8;info;top
свадьба летом меню;8;rest;top
свадьба лето 2026 фото;8;rest;top
свадьба в цветах осени;8;info;top
свадьба в мае маяться будешь;8;rest;top
свадьбу в июле играть;8;info;top
свадьба в июле лучшие дни;8;info;top
свадьба в августе 2026 по лунному;8;info;top
сезонные цветы в августе для свадьбы;8;info;top
свадьба в октябре значение;8;info;top
отзыв на кафе в день свадьбы;8;venue-type;top
играем свадьбу дома;8;rest;top
небольшая свадьба дома;8;capacity;top
банкетный дом для свадьбы;8;venue-type;top
снять большой дом для свадьбы;8;venue-type;top
как благословлять сына дома перед свадьбой;8;info;top
как мать благословляет сына перед свадьбой дома;8;info;top
свадьба в доме гесперид геншин;8;rest;top
свадьба снегурочки геншин дом бездушных;8;rest;top
дом 2 свадьба видео;8;rest;top
дом у леса свадьба;8;rest;top
банкетные залы на природе москва;8;venue-type;top
банкетный зал на природе москва;8;venue-type;top
банкетные залы фото и цены;8;venue-type;top
банкетный зал рамина махачкала цена;8;venue-type;top
рамина банкетный зал цена;8;venue-type;top
кредит в банке на свадьбу;8;rest;top
аренда автомобиля на свадьбу с водителем жуковский;8;price;top
аренда ретро автомобиля на свадьбу;8;price;top
как организовать свадьбу на 30 человек;8;capacity;top
как организовать небольшую свадьбу;8;capacity;top
как организовать бюджетную свадьбу;8;price;top
для чего нужны свечи на свадьбе;8;rest;top
за сколько бронировать ресторан на свадьбу;8;venue-type;top
свадебные площадки псков;7;core;top
свадебные площадки смоленск;7;core;top
свадебная площадка с бассейном;7;core;top
the sun свадебная площадка;7;core;top
долина москва свадебная площадка;7;geo;top
свадебные площадки краснодарский край;7;core;top
площадки для свадебных мероприятий;7;core;top
красивые свадебные площадки;7;core;top
площадки для свадьбы на юге подмосковья;7;geo;top
площадки для свадеб с гостевыми домами подмосковье;7;geo;top
площадка для свадьбы в юзао и ювао;7;geo;top
площадка для свадьбы в химках;7;geo;top
площадки для свадьбы саратов;7;core;top
площадки для свадьбы тамбов;7;core;top
бюджетные площадки для свадьбы в подмосковье;7;price;top
бор площадка для свадьбы;7;core;top
аренда площадки для свадьбы на природе;7;venue-type;top
места для свадьбы уфа;7;rest;top
места для свадеб банкет;7;core;top
места для камерной свадьбы москва;7;capacity;top
лучшие места для проведения свадьбы;7;core;top
топ мест для проведения свадьбы;7;core;top
лучшие места для свадьбы спб;7;rest;top
где в москве отметить второй день свадьбы;7;geo;top
где можно отметить свадьбу в егорьевске;7;info;top
где отметить свадьбу маленькой компанией;7;capacity;top
где отметить свадьбу в зеленограде;7;geo;top
рестораны где отмечают юбилей свадьбы;7;venue-type;top
банкетные залы чебоксары для свадьбы;7;venue-type;top
банкетный зал для свадьбы чебоксары;7;venue-type;top
коттедж с банкетным залом для свадьбы;7;venue-type;top
банкетные залы для свадьбы анапа;7;venue-type;top
банкетный зал для свадьбы анапа;7;venue-type;top
банкетные залы для свадьбы отзывы;7;venue-type;top
банкетный зал для свадьбы отзывы;7;venue-type;top
банкетные залы для свадьбы 100 человек;7;venue-type;top
банкетные залы для свадьбы фото;7;venue-type;top
банкетный зал для свадьбы фото;7;venue-type;top
рестораны серпухова для свадьбы;7;venue-type;top
рестораны в нальчике для свадеб;7;venue-type;top
ресторан для проведения свадьбы в москве бюджетный;7;venue-type;top
ресторан в люблино для свадьбы;7;venue-type;top
недорогие рестораны для камерной свадьбы;7;venue-type;top
рестораны для свадьбы липецк;7;venue-type;top
рестораны для свадьбы саратов;7;venue-type;top
ресторан для свадьбы 200 человек;7;venue-type;top
москва банкет свадебный на теплоходе стоимость;7;venue-type;top
свадебный банкет на теплоходе;7;venue-type;top
рестораны для свадебных банкетов на 25 человек;7;venue-type;top
свадебный банкет 50 человек;7;core;top
свадьба на бору нижегородская область где провести;7;info;top
где можно провести свадьбу на природе;7;venue-type;top
как провести юбилей свадьбы;7;info;top
как провести день росписи без свадьбы;7;info;top
благодарность за проведенную свадьбу;7;rest;top
как провести свадьбу в узком;7;info;top
как провести свадьбу в узком кругу;7;info;top
как провести день свадьбы вдвоем;7;capacity;top
где в москве провести маленькую свадьбу недорого;7;capacity;top
провести мусульманскую свадьбу;7;core;top
провести свадьбу форум;7;core;top
как провести свадьбу подруге;7;info;top
услуги по организации свадьбы;7;core;top
организация свадеб рязань;7;core;top
организация свадьбы на природе;7;venue-type;top
организация свадьбы владимир;7;core;top
приложение для организации свадьбы;7;core;top
организация свадеб смоленск;7;core;top
при свадьбе сколько дают выходных в организации;7;core;top
камеди клаб кравец организация свадьбы;7;core;top
балашиха организация свадеб под ключ;7;price;top
лофт для свадьбы в москве 30 человек;7;venue-type;top
лофт для камерной свадьбы;7;venue-type;top
особняк для свадьбы в подмосковье;7;venue-type;top
проведение свадеб в шатре;7;core;top
коттеджи для свадьбы в подмосковье одинцово;7;venue-type;top
коттедж для свадьбы с залом;7;venue-type;top
свадьба в стиле леса;7;info;top
свадьба на природе тула;7;venue-type;top
второй день свадьбы на природе сценарий;7;venue-type;top
сценарий второго дня свадьбы на природе;7;venue-type;top
сценарий свадьбы на природе;7;venue-type;top
свадьба под шатром на природе;7;venue-type;top
банкет на природе свадьба;7;venue-type;top
маленькая свадьба на 10 человек;7;capacity;top
свадьба дома меню на 20 человек;7;capacity;top
заказать автобус на свадьбу пушкино 30 человек;7;geo;top
бюджетная свадьба на 30 человек;7;capacity;top
свадьбы на 30 человек спб;7;capacity;top
расчет свадьбы на 50 человек;7;capacity;top
бюджет свадьбы на 50 человек;7;capacity;top
сколько стоит организовать свадьбу на 50 человек;7;capacity;top
локации для камерной свадьбы москва телеграм;7;capacity;top
камерная свадьба саратов;7;capacity;top
камерные свадьбы как проходят;7;capacity;top
что означает камерная свадьба;7;capacity;top
маленькие призы на свадьбу;7;capacity;top
игры на маленькую свадьбу;7;capacity;top
свадьба в твери за городом;7;rest;top
загородный дом под свадьбу;7;venue-type;top
загородный дом магнитогорск для свадеб;7;venue-type;top
истра холидей свадьба;7;geo;top
фотограф на свадьбу истра;7;vendors;top
магазины недорогой для свадьбы;7;price;top
как сыграть свадьбу недорого и красиво;7;price;top
отметить свадьбу в кафе недорого;7;venue-type;top
свадьба в москве недорого но стильно;7;price;top
сколько стоит недорогой декор на свадьбу;7;vendors;top
презент на свадьбу молодоженам недорого;7;price;top
какое недорогое шампанское взять на свадьбу;7;price;top
свадьба под ключ сочи;7;price;top
свадьба под ключ минск;7;price;top
свадьба под ключ под минском;7;price;top
организатор свадьбы под ключ;7;vendors;top
средняя стоимость ведущего на свадьбу;7;vendors;top
свадьба в турандот стоимость;7;price;top
средняя стоимость свадьбы в 2026;7;price;top
средняя стоимость свадьбы в россии 2026;7;price;top
минимальная стоимость свадьбы;7;price;top
стоимость свадьбы калькулятор;7;price;top
стоимость артистов на свадьбу;7;vendors;top
академия штиглица фотосессия свадьба стоимость;7;vendors;top
сколько стоит свадьба на 70 человек;7;capacity;top
сколько стоит пригласить звезду на свадьбу;7;price;top
сколько стоит автобус на свадьбу;7;price;top
сколько стоит свадьба самара;7;price;top
сколько стоит госпошлина на свадьбу;7;price;top
сколько стоит пригласить агутина на свадьбу;7;price;top
сколько стоит илья сатир на свадьбу;7;price;top
сколько стоит свадьба в нижнем новгороде;7;price;top
сколько стоит пригласить сосо павлиашвили на свадьбу;7;price;top
сколько стоит позвать крида на свадьбу;7;price;top
сколько стоит бармен на свадьбу;7;price;top
сколько стоит свадьба на мальдивах;7;price;top
сколько стоит свадьба на корабле в москве;7;price;top
сколько стоит выступление басты на свадьбе;7;price;top
сколько стоит простая свадьба;7;price;top
сколько стоит позвать клаву коку на свадьбу;7;price;top
сколько стоит дмитрий нагиев на свадьбу;7;price;top
патимат расулова сколько стоит на свадьбу;7;price;top
сколько стоят живые цветы на свадьбу;7;rest;top
сколько стоит свадьба в тольятти;7;price;top
сколько стоит сергей лазарев на свадьбу;7;price;top
сколько стоит светлаков на свадьбу;7;price;top
сколько стоит свадьба в тамбове;7;price;top
сколько стоит свадьба на 150 человек;7;capacity;top
сколько стоит свадьба в саратове;7;price;top
сколько стоит нормальное вино на свадьбу;7;price;top
сколько стоит заказать баста на свадьбу;7;price;top
сколько стоит аренда машины свадьбу;7;price;top
эффект золушки на свадьбе сколько стоит;7;price;top
ведущий на свадьбу сергиев посад;7;vendors;top
как написать ведущему на свадьбу;7;vendors;top
лучший ведущий на свадьбу ростов на дону;7;vendors;top
что делает ведущий на свадьбе геев;7;vendors;top
план ведущего на свадьбу;7;vendors;top
вступление на свадьбу для ведущего;7;vendors;top
ведущий на свадьбу кирилл;7;vendors;top
ведущий на свадьбу чехов;7;vendors;top
ведущий на выездную свадьбу;7;vendors;top
поющая ведущий на свадьбу;7;vendors;top
ведущий и саксофонист на свадьбу;7;vendors;top
фотограф и видеограф на свадьбу екатеринбург;7;vendors;top
фотограф на свадьбу ект;7;vendors;top
фотографы коломна на свадьбу;7;vendors;top
фотограф на свадьбу найму;7;vendors;top
фотографа не покормили на свадьбе;7;vendors;top
профи ру фотограф на свадьбу;7;vendors;top
вопросы фотографу на свадьбу;7;vendors;top
заказ фотографа на свадьбу;7;vendors;top
видеограф на свадьбу екатеринбург;7;vendors;top
видеографы коломна на свадьбу;7;vendors;top
где купить свадебный декор;7;vendors;top
свадебный декор волгоград;7;vendors;top
свадебный торт съедобный декор;7;vendors;top
искусственные цветы для декора свадебного торта белые;7;vendors;top
простой декор свадебного торта;7;vendors;top
оформление президиума молодоженов на свадьбу;7;vendors;top
оформление выездной свадьбы;7;vendors;top
оформление свадьбы красный;7;vendors;top
варианты оформления свадеб;7;vendors;top
оформление плана рассадки на свадьбу;7;vendors;top
план оформления свадьбы;7;vendors;top
план рассадки гостей на свадьбе оформление;7;vendors;top
бордовая свадьба оформление;7;vendors;top
оформление свадьбы живыми;7;vendors;top
оформление свадьбы живыми цветами;7;vendors;top
оформление зала на свадьбу цена москва;7;vendors;top
оформление президиума на свадьбу минимализм;7;vendors;top
свадебный организатор цена;7;vendors;top
тнт в свадебном агентстве;7;vendors;top
винокур про свадебное агентство;7;vendors;top
свадебное агентство мытищи;7;vendors;top
свадебное агентство калининград;7;vendors;top
свадебное агентство волгоград;7;vendors;top
кейт и лео свадебное агентство;7;vendors;top
свадебные агентства список;7;vendors;top
свадебное агентство белгород;7;vendors;top
свадебное агентство подмосковье;7;vendors;top
лучшие свадебные агентства москвы;7;vendors;top
важный день свадебное агентство;7;vendors;top
торты свадебные из шоколада;7;vendors;top
торт свадебный прямоугольный со свечами;7;vendors;top
заказать свадебный торт в фили бейкер;7;vendors;top
свадебные торты в виде корзины;7;vendors;top
свадебный торт 2 яруса на 2 5кг;7;vendors;top
купить свадебный торт железнодорожный;7;vendors;top
свадебный прямоугольный торт медовик 6 кг размеры;7;vendors;top
топпер на свадебный торт с инициалами;7;vendors;top
свадебный торт 12 кг;7;vendors;top
торт трехъярусный свадебный с цветами;7;vendors;top
свадебный торт дешево;7;vendors;top
свадебный торт с фонтаном;7;vendors;top
свадебный торт наполеон;7;vendors;top
свадебный торт бело зеленый;7;vendors;top
заказать свадебный торт прямоугольный;7;vendors;top
свадебные торты купить нижний новгород;7;vendors;top
свадебный торт в стиле 90х;7;vendors;top
что написать на свадебном торте;7;vendors;top
длинный свадебный торт размеры;7;vendors;top
красиво снять свадебный торт видео;7;vendors;top
сколько стоит свадебный торт 7 кг;7;vendors;top
торт свадебный длинный цена;7;vendors;top
свадебный торт 2026 пинтерест;7;vendors;top
свадебный торт 2000;7;vendors;top
свадебный торт 15 кг;7;vendors;top
торты сайт свадебные;7;vendors;top
как выглядит свадебный торт;7;vendors;top
свадебный торт розовый;7;vendors;top
свадебный торт щелково;7;vendors;top
свадебный торт 50 кг;7;vendors;top
свадебный торт купить раменское;7;vendors;top
стилист свадебного образа;7;vendors;top
слова для выездной регистрации;7;vendors;top
выездная регистрация брака екатеринбург;7;vendors;top
стойка для выездной регистрации;7;vendors;top
смешная выездная регистрация;7;vendors;top
шипиловский загс выездная регистрация;7;vendors;top
выездная регистрация брака в ресторане;7;vendors;top
выездная регистрация саратов;7;vendors;top
что нужно для выездной регистрации;7;vendors;top
выездная регистрация брянск;7;vendors;top
выездная регистрация в горах;7;vendors;top
выездная регистрация брака ведущая;7;vendors;top
выездная регистрация в лесу;7;vendors;top
свадьба на 40 человек бюджет;7;capacity;top
фарфоровая свадьба сценарий;7;info;top
сценарий свадьбы сценки;7;info;top
сценарий простой свадьбы;7;info;top
регистрация свадьбы сценарий;7;vendors;top
сценарий небольшой свадьбы для тамады;7;vendors;top
сценарий свадьбы юбилей 30;7;info;top
сценарий свадьбы в стиле сказки;7;info;top
4 свадьбы сценарий;7;info;top
образ на свадьбу в сентябре;7;info;top
идеи для свадьбы на даче;7;info;top
идеи для свадьбы в москве;7;geo;top
идеи для свадьбы вдвоем;7;capacity;top
пинтерест идеи для свадьбы;7;info;top
идеи для бюджетной свадьбы;7;price;top
свадьба в стиле модерн;7;info;top
стиль рустик на свадьбе фото;7;info;top
свадьба в гавайском стиле;7;info;top
свадьба в стиле 90 х фото;7;info;top
свадьба в античном стиле vs свадьба;7;info;top
свадьба в стиле бохо что надеть гостю;7;info;top
свадьба в стиле фэнтези;7;info;top
свадьба в русском стиле локации;7;info;top
свадьба в деревенском стиле летом;7;info;top
свадьба в английском стиле;7;info;top
свадьба в бордовом стиле;7;info;top
4 свадьбы в стиле мафии;7;info;top
свадьба в стиле великолепный век;7;info;top
свадьба в традиционном стиле;7;info;top
свадьба в сельском стиле;7;info;top
стиль свадьбы какие бывают тематические свадьбы;7;info;top
свадьба в стиле шрека;7;info;top
свадьба стиль 80х;7;info;top
4 свадьбы свадьба в стиле морской;7;info;top
свадьба в стиле минимализма vs гангстерская свадьба;7;info;top
свадьба в стиле минимализма гангстерская свадьба;7;info;top
4 свадьбы свадьба в стиле царская охота;7;info;top
свадьба в морском стиле молодежная свадьба;7;info;top
свадьба в стиле стендап;7;info;top
свадьба в стиле киберпанк;7;info;top
свадьба в ассирийском стиле;7;info;top
свадьба в стиле 2000 х годов;7;info;top
стиль свадьбы шебби шик;7;info;top
доска для рассадки гостей на свадьбу;7;info;top
как оформить рассадку гостей на свадьбе;7;info;top
подставка под рассадку гостей на свадьбу;7;info;top
как называется рассадка гостей на свадьбе;7;info;top
фон для плана рассадки гостей на свадьбе;7;info;top
план рассадки гостей на свадьбе пример;7;info;top
свадебная площадка ступино;7;core;top
подбор площадки для свадьбы;7;core;top
места где можно отметить свадьбу;7;info;top
одежда в стиле 90 на свадьбу;7;info;top
свадьба в скандинавском стиле;7;info;top
ресторан для свадьбы краснодар;7;venue-type;top
свадьба в коричневом стиле;7;info;top
оформление свадебного банкета;7;vendors;top
свадебный торт на 60 человек;7;vendors;top
рестораны симферополь для свадьбы;7;venue-type;top
выездная регистрация брака владимир;7;vendors;top
сценарий тамады на свадьбу смешной;7;vendors;top
тамада в оренбурге на казахскую свадьбу;7;vendors;top
найти тамаду на свадьбу;7;vendors;top
тамада на армянской свадьбе;7;vendors;top
тамада на свадьбу на татарском;7;vendors;top
великие свадебные фотографы;7;vendors;top
свадебный фотограф великий новгород;7;vendors;top
юлия гаранина великий новгород свадебный фотограф;7;vendors;top
свадебный фотограф владимир;7;vendors;top
как стать свадебным фотографом;7;vendors;top
свадебный фотограф стиль;7;vendors;top
свадебный фотограф мария;7;vendors;top
свадебный фотограф андрей;7;vendors;top
фотограф на свадебную прогулку;7;vendors;top
свадебный фотограф видеограф москва;7;vendors;top
свадебный фотограф железнодорожный;7;vendors;top
свадебное фотограф алексей;7;vendors;top
вопросы свадебному фотографу;7;vendors;top
свадебный фотограф в коломне;7;vendors;top
свадебный фотограф калуга;7;vendors;top
свадебная фотосессия 18;7;vendors;top
свадебная прогулка фотосессия;7;vendors;top
фотосессия свадебных фотографий;7;vendors;top
свадебная фотосессия дубровицы;7;vendors;top
свадебная пара фотосессия;7;vendors;top
фотосессия свадебных пар;7;vendors;top
свадебный видеограф раменское;7;vendors;top
арка свадебная без цветов;7;rest;top
каркас для свадебной арки;7;rest;top
свадебная арка из фатина;7;rest;top
где найти свадебную арку;7;info;top
свадебная арка размеры;7;rest;top
свадебная арка из ткани;7;rest;top
где купить свадебные арки;7;info;top
свадебная арка на заказ;7;rest;top
фотозона на свадьбу 2026 своими руками;7;vendors;top
фотозона на день свадьбы;7;vendors;top
фотозона на серебряную свадьбу;7;vendors;top
кто дарит букет невесты невесте на свадьбу;7;vendors;top
цветок букет невесты садовый;7;vendors;top
заказать букет невесты с бонбоньеркой в москве;7;vendors;top
букет невесты в тренде;7;vendors;top
букет невесты в ногинске;7;vendors;top
букет невесты астрахань;7;vendors;top
букет невесты белый розовый зеленый антуриум;7;vendors;top
букет невесты эмпаер зон;7;vendors;top
герань букет невесты фото;7;vendors;top
коалы с розовыми цветами букет невесты;7;vendors;top
легкий букет невесты с лианой каскадный;7;vendors;top
букет невесты из калл в светлогорске;7;vendors;top
техника сборки каскадного букета невесты;7;vendors;top
самый модный букет невесты;7;vendors;top
букет в сундуке невесты;7;vendors;top
эс букет невесты каллы;7;vendors;top
букет на свадьбу от родителей невесты купить;7;vendors;top
букет невесты 2026 купить в москве;7;vendors;top
букет невесте от отца из белых роз;7;vendors;top
когда жених дарит букет невесте на свадьбу;7;vendors;top
бело лиловый букет невесты;7;vendors;top
букет невесты недорого екатеринбург;7;vendors;top
букет невесты в дмитрове купить;7;vendors;top
букет невесты из бордовых гвоздик;7;vendors;top
дублер букета невесты зачем;7;vendors;top
купить букет невесты в городе клин;7;vendors;top
букет невесты свадебный стабилизированный;7;vendors;top
кто должен купить букет невесты;7;vendors;top
букет для взрослой невесты;7;vendors;top
букет для невесты на свадьбу из лент;7;vendors;top
букет невесты бело голубой фото;7;vendors;top
зеленоград заказать букет невесты;7;vendors;top
букет невесты 2027;7;vendors;top
букет невесты тверь протея;7;vendors;top
букет невесты анемоны;7;vendors;top
букет невесты на свадьбу каллы фото;7;vendors;top
букет невесты из ранункулюсов фото;7;vendors;top
букет невесты с яблоками;7;vendors;top
букет невесты рустик;7;vendors;top
кто поймал букет невесты на свадьбе медведевой;7;vendors;top
букет невесты дублер купить;7;vendors;top
букет невесты в октябре;7;vendors;top
букет невесты из подсолнухов;7;vendors;top
букет невесты шар;7;vendors;top
кто ловит букет невесты на свадьбе;7;vendors;top
букет каллы для невесты недорого;7;vendors;top
букет невесты ростов на дону;7;vendors;top
можно ли купить на рижском букет невесты;7;vendors;top
свадебный букет из калл для невесты недорого;7;vendors;top
букет невесты и бутоньерка цена;7;vendors;top
цитата про букет невесты;7;vendors;top
букет невесты обнинск;7;vendors;top
букет невесты каллы и орхидеи;7;vendors;top
букет невесты 2026 с жемчугом;7;vendors;top
букет невесты кактус;7;vendors;top
букет дублер невесты на свадьбу;7;vendors;top
букет невесты киров;7;vendors;top
поджигание цветка вместо букета невесты;7;vendors;top
где купить свадебный букет невесты;7;vendors;top
букет невесты в корзине;7;vendors;top
букет невесты 2026 в сергиевом посаде;7;vendors;top
букет невесты в желто зеленом стиле;7;vendors;top
букет из живых цветов невесты рязань;7;vendors;top
букет невесты самара;7;vendors;top
правда кто поймал букет невесты выйдет замуж;7;vendors;top
что значит отдать букет невесты;7;vendors;top
вытянутый букет для невесты;7;vendors;top
букет невесты и бутоньерка жениха купить;7;vendors;top
букет невесты из ландышей;7;vendors;top
букет невесты из белых гладиолусов;7;vendors;top
свадебный букет для невесты из эустомы;7;vendors;top
букет невесты фото с коалами;7;vendors;top
растение букет невесты;7;vendors;top
букет невесты бургунди;7;vendors;top
букет невесты фуксия;7;vendors;top
букет невесты на свадьбу как сделать;7;vendors;top
букет невесты саратов;7;vendors;top
что кидать невесте вместо букета;7;vendors;top
для чего нужен букет дублер для невесты;7;vendors;top
как собрать букет невесты из роз;7;vendors;top
хрустальный букет невесты;7;vendors;top
букет невесты купить обухово ногинский район;7;vendors;top
маленький букет невесты простой;7;vendors;top
роза вайт охара букет невесты;7;vendors;top
мужчина поймал букет невесты;7;vendors;top
букет невесты бордо;7;vendors;top
парень поймал букет невесты;7;vendors;top
как собрать букет невесты самостоятельно фото;7;vendors;top
как собрать букет невесты самостоятельно фото пошагово;7;vendors;top
какие бывают букеты невесты;7;vendors;top
букет невесты из орхидей купить;7;vendors;top
дублер букета невесты м к;7;vendors;top
что дарят на свадьбу вместо цветов молодоженам;7;info;top
арка на свадьбу своими руками из цветов;7;rest;top
букет из цветов и конфет на свадьбу;7;vendors;top
какие цветы лучше дарить на свадьбу молодоженам;7;rest;top
дарят ли сейчас цветы на свадьбу;7;rest;top
пригласительный на свадьбу цветы;7;info;top
возложение цветов на свадьбе;7;rest;top
какой цветок дарят на свадьбу в горшке;7;rest;top
цветы на топазовую свадьбу;7;rest;top
цветы каллы на свадьбу бордовые;7;rest;top
цветок на пиджак на свадьбу;7;rest;top
прокат цветов на свадьбу;7;rest;top
ободок из цветов на свадьбу;7;rest;top
какие цветы дарят на золотую свадьбу;7;rest;top
какие цветы дарят невесте на свадьбу гости;7;info;top
президиум на свадьбу купить тверь;7;rest;top
канапе для фуршета на свадьбу;7;rest;top
купить свадебный каравай в серпухове;7;rest;top
свадебный каравай купить в мытищах;7;geo;top
купить свадебный каравай в чехове;7;rest;top
как сделать свадебный каравай;7;info;top
старинный рецепт свадебного каравая;7;rest;top
музыканты на свадьбу цена;7;vendors;top
скрипачка на свадьбу;7;rest;top
купить салют для молодоженов на свадьбу;7;vendors;top
сухой салют на свадьбу;7;vendors;top
постановка свадебного танца самостоятельно;7;rest;top
постановка свадебного танца самостоятельно видео;7;rest;top
постановка свадебного танца самостоятельно видео уроки;7;rest;top
чем занимается координатор на свадьбе;7;vendors;top
свет и звук на свадьбу;7;rest;top
свадебный автобус для гостей на свадьбу;7;info;top
аренда машины на свадьбу цена;7;price;top
снять машину на свадьбу с водителем;7;price;top
закуски в машину на свадьбу;7;rest;top
аренда машины на свадьбу рязань;7;price;top
машина на свадьбу рязань;7;rest;top
машина карета на свадьбу;7;rest;top
украшают ли сейчас машины на свадьбу 2026;7;rest;top
машина на свадьбу тверь;7;rest;top
табличка свадьба на машину юрга;7;rest;top
украсить машину на свадьбу своими руками красиво;7;rest;top
как украсить машину на свадьбу 2026;7;info;top
машины на свадьбу ульяновск;7;rest;top
аренда ретро машины на свадьбу;7;price;top
заказать лимузин на свадьбу цена;7;rest;top
как назвать команду на свадьбе;7;info;top
лучшие места для свадебной фотосессии в москве;7;vendors;top
свадебный каравай обычай;7;info;top
аренда мебели для свадьбы;7;price;top
свадебный видеограф спб;7;vendors;top
кто поймал букет невесты 2;7;vendors;top
вкусный свадебный каравай;7;rest;top
заказать свадебную фотосессию;7;vendors;top
ресторан для свадьбы отзывы;7;venue-type;top
банкетное меню 2026;7;venue-type;top
банкетное меню на 25 человек;7;venue-type;top
банкетное меню алкоголь;7;venue-type;top
банкетное меню ресторанов рецепты;7;venue-type;top
сколько стоит банкетное меню на человека;7;venue-type;top
банкетное меню братья караваевы;7;venue-type;top
банкетное меню на человека в граммах;7;venue-type;top
пример банкетного меню на свадьбу;7;venue-type;top
варианты банкетного меню;7;venue-type;top
банкетное меню курск;7;venue-type;top
грузинское банкетное меню;7;venue-type;top
что значит банкетное меню;7;venue-type;top
небо банкетное меню;7;venue-type;top
банкетное меню сколько грамм на человека;7;venue-type;top
банкетное меню владимир;7;venue-type;top
готовые банкетные меню;7;venue-type;top
банкетное меню тула;7;venue-type;top
раздолье банкетное меню;7;venue-type;top
банкетные залы в нижнем новгороде для свадьбы;7;venue-type;top
банкетный зал для свадьбы нижний;7;venue-type;top
банкетный зал для свадьбы нижний новгород;7;venue-type;top
банкетный зал для свадеб фото;7;venue-type;top
свадебные фото гайнутдинова и медведевой;7;rest;top
brain puzzle свадебное фото;7;rest;top
фото свадебных причесок на короткие волосы;7;rest;top
свадебное фото лукашенко;7;rest;top
фото свадебная длинная волосы с фото;7;rest;top
свадебный фото боровичей в;7;rest;top
коллаж из свадебных фото;7;rest;top
свадебные фото толстых;7;rest;top
интересные свадебные фото;7;rest;top
свадебные фото россия;7;rest;top
фото свадебных колец на руках молодоженов;7;rest;top
груша свадебная описание сорта фото отзывы;7;rest;top
груша свадебная описание фото отзывы;7;rest;top
свадебные фото гостей на свадьбе;7;info;top
свадебное кимоно в японии женское фото;7;rest;top
надпись под свадебное фото;7;rest;top
промт для обработки свадебного фото;7;rest;top
фото свадебных каре;7;rest;top
красивая рамка для свадебного фото;7;rest;top
стиль бохо свадебные фото;7;info;top
живые свадебные букеты фото;7;vendors;top
фото свадебных фужеров;7;rest;top
свадебные образы невесты фото;7;rest;top
фото со свадебным букетом;7;vendors;top
свадебный букетик фото;7;vendors;top
красивая цветокоррекция свадебного фото на природе;7;venue-type;top
свадебное фото с детьми;7;rest;top
свадебные букеты фото цена;7;vendors;top
свадебный букет из эустомы белой фото;7;vendors;top
свадебные фото димы масленникова;7;rest;top
православные даты для свадьбы;7;rest;top
судьба по дате свадьбы;7;rest;top
дата свадьбы беллы и эдварда;7;rest;top
прилучный и зепюр дата свадьбы;7;rest;top
19 августа дата свадьбы;7;info;top
дата свадьбы 2021;7;rest;top
благоприятная дата свадьбы по датам рождения;7;rest;top
рассчитать благоприятную дату свадьбы по датам рождения;7;rest;top
какую дату лучше выбрать для свадьбы;7;rest;top
памятные даты свадеб;7;info;top
поменять дату свадьбы в загсе;7;rest;top
дата выхода четырех свадеб;7;rest;top
4 свадьбы новый сезон дата выхода;7;info;top
аркан даты свадьбы;7;info;top
даты для свадьбы в 2026 астрология;7;rest;top
расшифровка даты свадьбы онлайн;7;info;top
бронируем дату свадьбы;7;rest;top
ближайшие красивые даты для свадьбы;7;info;top
как узнать дату свадьбы по дате рождения;7;info;top
как посчитать дату свадьбы по дате рождения;7;info;top
разбор даты свадьбы;7;info;top
даты юбилеев свадеб;7;rest;top
фамилия и дата свадьбы;7;rest;top
лучшая дата свадьбы по датам рождения;7;rest;top
свадьба овечкина и шубской дата;7;rest;top
свадьба выбор даты;7;rest;top
свадьба меган маркл дата;7;rest;top
дата свадьбы прилучного и брутян;7;rest;top
оля с днем бракосочетания;7;rest;top
фото с днем бракосочетания красивые;7;rest;top
доброе утро с днем бракосочетания;7;rest;top
с днем бракосочетания текст;7;rest;top
свадебные композиции на стол саб;7;rest;top
цветы на свадебный стол в спб;7;rest;top
как сделать скатерть на свадебный стол;7;venue-type;top
меню на домашний свадебный стол;7;rest;top
меню на свадебный стол в домашних условиях;7;rest;top
как оформить свадебный стол;7;info;top
свадебная табличка на стол;7;rest;top
сон свадебный стол;7;rest;top
аренда свадебных столов;7;price;top
номерки на свадебные столы;7;rest;top
свадебная скатерть на стол молодоженам;7;venue-type;top
что должно быть на свадебном столе;7;info;top
пинтерест свадебные столы;7;rest;top
свадебный пучок видео;7;rest;top
реальные свадебные видео из кутузовского загса вконтакте;7;rest;top
видео свадебные брачная ночь;7;rest;top
свадебное видео семейная лис;7;rest;top
музыка под свадебное видео;7;vendors;top
мелодия для свадебного видео;7;rest;top
идеи для свадебного видео;7;info;top
свадебные видео 2025;7;rest;top
пакетный тур со свадебной церемонией;7;rest;top
серпухов свадебная церемония;7;rest;top
свадебная церемония на море;7;rest;top
слова для свадебной церемонии;7;rest;top
сценарий свадебной церемонии;7;info;top
свадебная церемония в лесу;7;venue-type;top
свадебная церемония на мальдивах стоимость;7;price;top
gypsy wedding day;7;rest;top
fuggler wedding day;7;rest;top
best wedding day;7;rest;top
крем zeitun wedding day;7;rest;top
wedding day com;7;rest;top
keiran lee wedding day vk;7;rest;top
свадебный образ на зиму;7;info;top
модные свадебные образы;7;rest;top
свадебный образ жениха без пиджака;7;rest;top
свадебный образ клавы коки;7;rest;top
свадебные образы с фатой;7;rest;top
легкий свадебный образ;7;rest;top
идеи свадебного образа;7;info;top
приснилось что готовлюсь к своей свадьбе;7;info;top
приснилась свадьба бывшего парня;7;rest;top
приснилась свадьба незамужней женщине;7;rest;top
что означает если приснилась свадьба;7;info;top
приснилось что пришла на свадьбу;7;info;top
приснилась свадьба с парнем;7;rest;top
приснилась несостоявшаяся свадьба;7;rest;top
свадебный сайт цена;7;rest;top
сестра прервала церемонию бракосочетания;7;rest;top
ведущий церемонии бракосочетания;7;vendors;top
слова на церемонии бракосочетания;7;rest;top
загс церемония бракосочетания цена;7;rest;top
бокалы свадебные с лебедями;7;rest;top
наклейки на свадебные бокалы;7;rest;top
разбили свадебный бокал;7;rest;top
разбитый свадебный бокал;7;rest;top
где в дмитрове купить свадебные бокалы;7;geo;top
свадебные бокалы с гравировкой;7;rest;top
гусь хрустальный бокалы свадебные;7;rest;top
вицин свадьба бальзаминова;7;rest;top
свадьба бальзаминова театр комедии;7;rest;top
музыка свадьба бальзаминова;7;vendors;top
нонна мордюкова свадьба бальзаминова;7;rest;top
свадьба бальзаминова год;7;rest;top
madame coco свадебная коллекция;7;rest;top
брошь цветок розовый биг брошь свадебная коллекция;7;rest;top
свадебный фон для рассадки гостей;7;info;top
фон для свадебной рассадки;7;info;top
родителей с лавандовой свадьбой;7;rest;top
свадебная клятва молодоженов;7;rest;top
свадебные клятвы жениха и невесты игра;7;rest;top
свадебная клятва невесты жениху до слез;7;rest;top
слова свадебной клятвы;7;rest;top
будешь невестой моей мамы;7;rest;top
как красить бутылки свадебные;7;info;top
надписи на свадебные бутылки;7;rest;top
делаем свадебные бутылки;7;rest;top
свадебный вальс басков слушать;7;rest;top
вальс для свадебного танца;7;rest;top
тексты свадебных вальсов;7;rest;top
ботаника house for wedding;7;rest;top
дни свадебного обряда;7;rest;top
свадебный план лакорн субтитры;7;info;top
кейп befree свадебный кружевной;7;rest;top
перчатки женские свадебные;7;rest;top
короткие свадебные перчатки;7;rest;top
японские традиции на свадьбу;7;info;top
традиции узбеков на свадьбе;7;info;top
какие традиции на свадьбе у русских;7;info;top
традиция продавать торт на свадьбе;7;vendors;top
традиция бить тарелку на свадьбе;7;info;top
традиция со свечами на свадьбе;7;info;top
итальянские традиции на свадьбу;7;info;top
традиция бросать букет на свадьбе;7;vendors;top
традиция снимать фату с невесты на свадьбе;7;info;top
традиции чеченцев на свадьбе;7;info;top
свадебные традиции в китае;7;info;top
древние свадебные традиции;7;info;top
свадебные традиции японии;7;info;top
свадебная традиция семейный очаг;7;info;top
индия свадебные традиции;7;info;top
грузинские свадебные традиции;7;info;top
осетинские свадебные традиции;7;info;top
старинные свадебные традиции;7;info;top
свадебные традиции кавказа;7;info;top
свадебная традиция с подвязкой;7;info;top
дизайн свадебных приглашений;7;info;top
идеи свадебных приглашений;7;info;top
создание свадебных приглашений онлайн;7;info;top
тильда создать сайт приглашение на свадьбу;7;info;top
бесплатный сайт приглашение на свадьбу с опросом;7;info;top
сценарий на второй день свадьбы с ряжеными;7;info;top
торт на опаловую свадьбу;7;vendors;top
торт на фарфоровую свадьбу;7;vendors;top
жидкий азот для выноса торта на свадьбу;7;vendors;top
торт на топазовую свадьбу;7;vendors;top
торт на свадьбу молодым;7;vendors;top
что делают с тортом на свадьбе;7;vendors;top
торт на бриллиантовую свадьбу;7;vendors;top
надпись на торт на золотую свадьбу;7;vendors;top
торты на свадьбу без мастики;7;vendors;top
заказать торт на свадьбу селезнев;7;vendors;top
прямоугольный торт на свадьбу 9кг размеры;7;vendors;top
кондитерская торт на свадьбу;7;vendors;top
фото тортов на юбилей свадьбы;7;vendors;top
длинный торт на свадьбу со свечами;7;vendors;top
меренговый торт на свадьбу;7;vendors;top
за сколько продают торт на свадьбе;7;vendors;top
прямоугольный торт на свадьбу фото;7;vendors;top
рязань горпищекомбинат торты на свадьбу;7;vendors;top
торт на свадьбу рязань;7;vendors;top
свадебная фотосессия воронеж;7;vendors;top
свадебная музыка мп3;7;vendors;top
свадебная музыка в загсе как называется;7;vendors;top
красивая музыка для свадебного танца;7;vendors;top
свадебная музыка текст;7;vendors;top
свадебный альбом музыка;7;vendors;top
музыка свадебная фотография;7;vendors;top
промпт для оживления старых свадебных фотографий;7;vendors;top
подписать свадебную фотографию где внук жениться;7;vendors;top
свадебные фотографии в загсе;7;vendors;top
примеры свадебных фотографий;7;vendors;top
вднх свадебные фотографии;7;vendors;top
свадебные оформление фотографии;7;vendors;top
пресеты для свадебных фотографий;7;vendors;top
купить свадебное оформление;7;vendors;top
оформление свадебного торжества;7;vendors;top
оформление свадебного зала своими руками;7;vendors;top
оформление свадебную комнату невесты;7;vendors;top
свадебный ведущий саратов;7;vendors;top
площадки для маленькой свадьбы;7;capacity;top
свадебные площадки липецкая область;7;core;top
свадьба на природе организация;7;venue-type;top
компании по организации свадеб;7;core;top
самые красивые свадебные залы;7;core;top
самый красивый свадебный зал;7;core;top
свадебные залы новосибирск;7;core;top
свадебный зал новосибирск;7;core;top
декорирование свадебного зала;7;vendors;top
свадьба в москве недорого под ключ;7;price;top
авто на свадьбу с водителем одинцово;7;geo;top
свадьба в спорт поинт химки отзывы;7;geo;top
каравай на свадьбу купить в люберцах;7;rest;top
свадьба роботов в пушкине;7;geo;top
тяжелый дым на свадьбу раменское;7;rest;top
сергиев посад кафе для свадьбы;7;venue-type;top
свадьба рамир и софия зеленоград;7;geo;top
машина для свадьбы зеленоград;7;geo;top
что одеть жениху на свадьбу летом;7;info;top
что одеть на свадьбу маме жениха летом;7;info;top
играть свадьбу летом;7;rest;top
одежда для жениха на свадьбу летом;7;rest;top
свадьба в мае за и против;7;rest;top
даты свадьбы в июне;7;info;top
свадьбы в клину 8 августа 2026;7;info;top
свадьба в придорожном кафе камеди;7;venue-type;top
провести свадьбу в кафе;7;venue-type;top
заказать свадьбу в кафе;7;venue-type;top
проведение свадеб в кафе;7;venue-type;top
идеи свадьбы дома;7;info;top
свадьба готовим дома;7;rest;top
лиза полыгалова дом свадьба;7;rest;top
свадьба лизы полыгаловой дом 2;7;rest;top
дом 2 свадьба на миллион 2016;7;rest;top
дома и на выезде свадьбы;7;rest;top
загородные дома под свадьбу;7;venue-type;top
свадьба дома подготовка;7;info;top
аренда банкетного зала для мероприятия;7;venue-type;top
аренда банкетного зала владикавказ;7;venue-type;top
недорогие банкетные залы для дня рождения;7;venue-type;top
недорогой банкетный зал для дня рождения;7;venue-type;top
банкетные залы в махачкале фото и цены;7;venue-type;top
банкетный зал махачкале фото и цена;7;venue-type;top
банкетный зал кафе цена;7;venue-type;top
кредит на свадьбу в сбербанке;7;rest;top
как организовать свадьбу дочери;7;info;top
как организовать свадьбу с минимальными затратами;7;price;top
как хорошо организовать свадьбу;7;info;top
как правильно организовать свадьбу;7;info;top
что нужно для свадьбы список до мелочей;7;info;top
сколько обычно гостей на свадьбе;7;info;top
свадьба с организатором и без;7;vendors;top
свадебные площадки ростов на дону;6;core;top
дьюти лав свадебная площадка;6;core;top
свадебные площадки анапа;6;core;top
свадебные площадки у воды москва и подмосковье;6;venue-type;top
свадебные площадки омск;6;core;top
самые популярные свадебные площадки в москве;6;geo;top
свадебная площадка грин хаус москва;6;geo;top
свадебные площадки в итальянском стиле москва;6;geo;top
свадебные площадки сыктывкар;6;core;top
свадебная площадка ранчо д давыдково 4а отзывы;6;core;top
свадебные площадки пятигорск;6;core;top
свадебные площадки нижний;6;core;top
свадебные площадки нижний новгород;6;core;top
свадебные площадки рязань;6;core;top
свадебные площадки тульская область;6;core;top
свадебная площадка санкт петербург;6;core;top
площадки для свадьбы калуга;6;core;top
площадки для свадеб в подмосковье фото;6;geo;top
молоково площадка для свадьбы;6;core;top
открытые площадки для свадьбы город краснодар;6;core;top
площадка для свадьбы нн;6;core;top
площадки для свадьбы крестовский остров санкт петербург;6;core;top
площадки открытые для свадьбы краснодар;6;core;top
площадка для свадьбы симферополь;6;core;top
площадка для свадьбы около москва сити;6;geo;top
площадки для свадьбы в рязанской области;6;core;top
хайт площадка для свадьбы;6;core;top
зеленоград круглое озеро площадка для свадьбы;6;geo;top
площадка для свадьбы киров;6;core;top
места для проведения свадьбы таганрог;6;core;top
место для свадьбы санкт петербург;6;core;top
топ мест для свадьбы в йошкар оле;6;rest;top
где отметить свадьбу в туле;6;info;top
где отметить зимнюю свадьбу;6;info;top
рестораны где можно отметить свадьбу маленькой компанией;6;venue-type;top
где отметить свадьбу в питере;6;info;top
банкетный зал для свадьбы подмосковье недорого;6;venue-type;top
банкетные залы для свадьбы с едой;6;venue-type;top
банкетные залы для свадеб рязань;6;venue-type;top
банкетный зал рязань для свадьбы;6;venue-type;top
банкетный зал орел для свадьбы;6;venue-type;top
банкетный зал для свадьбы тула;6;venue-type;top
арендовать ресторан для свадьбы;6;venue-type;top
ресторан для свадьбы тамбов;6;venue-type;top
рестораны г королев для свадеб;6;venue-type;top
рестораны в москве для юбилея свадьбы;6;venue-type;top
самые лучшие рестораны для свадьбы;6;venue-type;top
ресторан в пушкине для свадьбы;6;venue-type;top
форум рестораны для свадьбы в нижнем новгороде;6;venue-type;top
армавир рестораны для свадьбы;6;venue-type;top
ресторан стерлитамак для свадьбы;6;venue-type;top
рестораны для свадьбы город армавир;6;venue-type;top
рестораны для свадьбы на таганке;6;venue-type;top
рестораны для свадьбы екатеринбург;6;venue-type;top
ресторан для свадьбы без аренды;6;venue-type;top
рестораны и залы для свадьбы;6;venue-type;top
организация свадебного банкета;6;core;top
новороссийск геленджик свадебный банкет рестораны;6;venue-type;top
заведения для свадебного банкета дешевого;6;price;top
кафе для свадебного банкета недорого;6;venue-type;top
где провести свадьбу в архангельске;6;info;top
дешево провести свадьбу;6;price;top
провести свадьба сценарий тамада;6;vendors;top
провести свадьбу без тамады сценарий;6;vendors;top
кто проводит свадьбу как называется;6;info;top
провести свадьбу в петербурге;6;core;top
провести свадьбу в санкт петербурге;6;core;top
провести свадьбу в иркутске;6;core;top
как провести церемонию с караваем на свадьбе;6;info;top
отзывы о проведенных свадьбах;6;rest;top
киркоров провел свадьбу коки и масленникова;6;rest;top
киркоров провел свадьбу масленникова;6;rest;top
как провести свадьбу в 2026;6;info;top
как сейчас проводят свадьбы 2026;6;info;top
организация свадьбы самостоятельно план;6;core;top
что нужно для организации свадьбы самостоятельно план;6;info;top
организация свадьбы ростов;6;core;top
организация свадеб дни рождения;6;core;top
организация свадьбы пушкино;6;geo;top
организация свадеб урюпинск;6;core;top
организация девичника перед свадьбой;6;core;top
брюле организация свадеб;6;core;top
что нужно учесть при организации свадьбы;6;info;top
зал для свадьбы лофт;6;venue-type;top
залы для свадеб лофт;6;venue-type;top
свадебные торты в ресторанах;6;vendors;assoc+top
шатер чебоксары для свадьбы;6;venue-type;top
выездной шатер для свадьбы;6;venue-type;top
шатер на природе для свадьбы;6;venue-type;top
отметить свадьбу в шатре в домодедово;6;core;top
свадьба на природе в шатре;6;venue-type;top
снять коттедж на сутки для свадьбы;6;venue-type;top
коттедж для свадьбы новосибирск;6;venue-type;top
коттедж для свадьбы самара;6;venue-type;top
аренда теплохода в спб на свадьбу;6;venue-type;top
свадьба в лесу спб;6;venue-type;top
свадьба в ресторане гранатовый сад 1;6;venue-type;top
свадьба летом на природе;6;venue-type;top
сделать свадьбу на природе;6;venue-type;top
свадьба на природе идеи;6;venue-type;top
свадьба на природе московская область;6;venue-type;top
свадьба на 20 человек кафе;6;venue-type;top
свадьба на 15 20 человек;6;rest;top
отметить свадьбу на 20 человек;6;capacity;top
стол на свадьбу на 30 человек;6;capacity;top
сколько стоит сыграть свадьбу на 50 человек;6;capacity;top
алкоголь на свадьбу расчет на 50 человек;6;capacity;top
банкет на свадьбу 50 человек;6;core;top
сколько стоит банкет на свадьбу 50 человек;6;price;top
стоимость свадьбы на 100 человек;6;capacity;top
сколько обойдется свадьба на 100 человек;6;capacity;top
камерная свадьба цена;6;capacity;top
камерная свадьба на 25 человек;6;capacity;top
камерный вид свадьбы;6;capacity;top
камерный ужин на свадьбу;6;capacity;top
сабрина маленькая ведьма свадьба;6;capacity;top
маленькая девочка танцует на свадьбе;6;capacity;top
сценарий свадьбы с маленьким бюджетом;6;capacity;top
маленькие презенты на свадьбу;6;capacity;top
маленькая семейная свадьба;6;capacity;top
свадьба на маленькое количество гостей;6;capacity;top
бюджетная свадьба на море для двоих;6;capacity;top
свадьба для двоих идеи без гостей коломна;6;capacity;top
как организовать свадьбу для двоих;6;capacity;top
свадьба стоимость за городом;6;price;top
загородные дома для свадьбы в подмосковье;6;venue-type;top
снять дом для свадьбы в подмосковье недорого;6;venue-type;top
загородные дома для проведения свадьбы;6;venue-type;top
свадьба в загородном доме как организовать;6;venue-type;top
загородные домики для свадьбы;6;venue-type;top
кейтеринг на свадьбу недорого;6;price;top
недорого мышоать свадьбу;6;price;top
вино на свадьбу какое купить недорогое;6;price;top
какое вино купить на свадьбу гостям недорого;6;price;top
где можно сыграть свадьбу недорого;6;price;top
тамада на свадьбу недорого цена;6;vendors;top
банкеты под свадьбу под ключ;6;price;top
свадьба под ключ тверь;6;price;top
декор свадьбы под ключ;6;vendors;top
что значит свадьба под ключ;6;price;top
банкетный зал под ключ свадьба;6;venue-type;top
съемка свадьбы стоимость;6;price;top
стоимость декоратора на свадьбу;6;vendors;top
услуги декоратора на свадьбу стоимость;6;vendors;top
свадьба в суздале стоимость;6;price;top
свадьба стоимость кафе;6;venue-type;top
свадьба на 70 человек стоимость;6;capacity;top
свадьба клавы коки и димы масленникова стоимость;6;price;top
свадьба в абрау дюрсо стоимость;6;price;top
свадьба в артиленд балашиха стоимость;6;price;top
стоимость видеографа на свадьбу;6;vendors;top
свадьба гуцериева стоимость;6;price;top
сколько стоила самая дорогая свадьба в мире;6;price;top
сколько стоит выступление the hatters на свадьбе;6;price;top
сколько стоит свет на свадьбу;6;price;top
сколько стоит позвать акмаля на свадьбу;6;price;top
сколько стоит свадьба на 200 человек;6;capacity;top
сколько стоит свадьба в туле;6;price;top
сколько стоила свадьба моргенштерна;6;price;top
сколько стоит выступление агутина на свадьбе;6;price;top
сколько стоит банкетный зал на свадьбу;6;venue-type;top
сколько стоит заказать ваню дмитриенко на свадьбу;6;price;top
сколько стоит роскошная свадьба;6;price;top
сколько стоит сделать свадьбу в 2026;6;price;top
сколько стоит кортеж на свадьбу;6;price;top
сосо павлиашвили сколько стоит заказать на свадьбу;6;price;top
сколько стоит нагиев ведущим на свадьбу;6;vendors;top
сколько стоит аренда лимузина на свадьбу;6;price;top
сколько стоит выступление акмаля на свадьбе;6;price;top
сколько стоит чумаков на свадьбу;6;price;top
сколько стоит бурунов на свадьбу;6;price;top
сколько стоит пиротехника на свадьбу;6;price;top
сколько стоит выступление киркорова на свадьбе;6;price;top
сколько стоит снять кафе на свадьбу;6;venue-type;top
сколько стоит свадьба на озере комо;6;price;top
макка межиева сколько стоит выступление на свадьбе;6;price;top
сколько стоит пригласить лепса на свадьбу;6;price;top
сколько стоит пригласить мияги на свадьбу;6;price;top
сколько стоит аренда кафе на свадьбу;6;venue-type;top
сколько стоит ведущий сатир на свадьбу;6;vendors;top
сколько стоит дзыбов на свадьбу;6;price;top
сколько стоит сделать приглашение на свадьбу;6;price;top
сколько стоит позвать егора крида на свадьбу;6;price;top
торжественная свадьба в загсе сколько стоит;6;price;top
сколько стоит свадьба на 15 человек;6;capacity;top
сколько стоит свадьба на 300 человек;6;capacity;top
ведущий на свадьбу электросталь;6;vendors;top
ведущий на свадьбу солнечногорск;6;vendors;top
как представить гостей на свадьбе для ведущего;6;vendors;top
как стать ведущим на свадьбах;6;vendors;top
ведущий на свадьбу на 15 человек;6;vendors;top
ведущий на свадьбу денис;6;vendors;top
ведущий на свадьбу денисов;6;vendors;top
ведущий на свадьбе авито рязань;6;vendors;top
диджей на свадьбе что делает без ведущего;6;vendors;top
ведущий на свадьбу во владимире;6;vendors;top
ведущий на свадьбу саранск;6;vendors;top
фотограф на свадьбу турандот;6;vendors;top
найти фотографа на свадьбу цена екатеринбург;6;vendors;top
фотограф на свадьбу нанять;6;vendors;top
девушка фотограф на свадьбе;6;vendors;top
как выбрать фотографа на свадьбу;6;vendors;top
петербург фотографы на свадьбу;6;vendors;top
фотограф на свадьбу санкт;6;vendors;top
фотограф на свадьбу санкт петербург;6;vendors;top
нужен ли видеограф на свадьбу;6;vendors;top
свадебные идеи декора;6;vendors;top
варианты свадебного декора;6;vendors;top
пинтерест свадебный декор;6;vendors;top
что такое модульные системы в свадебном декоре;6;vendors;top
свадебный декор кострома;6;vendors;top
свадебный декор воронеж;6;vendors;top
свадебный декор минимализм;6;vendors;top
декор свадебных бокалов;6;vendors;top
оформление денег на свадьбу;6;vendors;top
оформление свадьбы своими руками идеи;6;vendors;top
оформление торта на год свадьбы;6;vendors;top
оформление свадеб саранск;6;vendors;top
оформление приглашения на свадьбу;6;vendors;top
оформление выездной регистрации на свадьбу;6;vendors;top
оформление свадьбы 90;6;vendors;top
оригинальные оформление свадьбы;6;vendors;top
оформление свадьбы образец;6;vendors;top
оформление арки на свадьбу своими руками;6;vendors;top
оформление столов на свадьбу для гостей;6;vendors;top
свадьба в бордовом цвете оформление;6;vendors;top
свадебный организатор профессия;6;vendors;top
сколько зарабатывает свадебный организатор;6;vendors;top
организатор свадебных мероприятий;6;vendors;top
компанич ezwed свадебное агентство отзывы;6;vendors;top
свадебное агентство еееvent;6;vendors;top
ксения миронова свадебное агентство;6;vendors;top
свадебное агентство моя невеста;6;vendors;top
kate leo свадебное агентство;6;vendors;top
агентство мероприятия свадебные;6;vendors;top
кавер группа на свадьбу где есть мужчина;6;vendors;top
диджей на свадьбу цена москва;6;vendors;top
итальянский свадебный торт с ягодами рецепт;6;vendors;top
свадебные фигурки на торт бабушка и дедушка;6;vendors;top
свадебный торт купить цены двухъярусный;6;vendors;top
тумба для свадебного торта;6;vendors;top
свадебный торт готовый купить в москве;6;vendors;top
свадебный торт с ягодами одноярусный широкий;6;vendors;top
свадебный торт с лебедями одноярусный;6;vendors;top
как продать свадебный торт;6;vendors;top
сон свадебный торт;6;vendors;top
свадебный торт кострома;6;vendors;top
какие бывают свадебные торты;6;vendors;top
свадебный торт в стиле американского пирога;6;vendors;top
как оформить свадебный торт;6;vendors;top
прямоугольный свадебный торт с бумагой;6;vendors;top
свадебные торты белого цвета;6;vendors;top
крем чиз для свадебного торта рецепт;6;vendors;top
печем торты свадебные;6;vendors;top
свадебные торты орел;6;vendors;top
свадебный торт бело черный;6;vendors;top
свадебный торт уфа;6;vendors;top
торт прямоугольник свадебный;6;vendors;top
свадебный торт велюр;6;vendors;top
дизайн свадебного торта 2026;6;vendors;top
самые популярные свадебные торты;6;vendors;top
торты мира свадебные;6;vendors;top
сборка прямоугольного свадебного торта;6;vendors;top
торт свадебный прямоугольной формы;6;vendors;top
торт с каллами свадебный;6;vendors;top
свадебный торт с клубникой;6;vendors;top
не велл свадебный торт;6;vendors;top
нож и лопатка для свадебного торта именнык;6;vendors;top
свадебный торт белый красный;6;vendors;top
магазины свадебных тортов;6;vendors;top
свадебный торт разрезают;6;vendors;top
свадебный торт 2026 тренды одноярусный;6;vendors;top
свадебные торты с золотом;6;vendors;top
средняя цена свадебного торта;6;vendors;top
вес свадебного торта на 30 человек;6;vendors;top
свадебный торт 2027;6;vendors;top
свадебный торт на 20 человек сколько кг;6;vendors;top
свадебный торт саратов;6;vendors;top
свадебные торты минимализм одноярусный;6;vendors;top
как собрать поэтапно двухъярусный свадебный торт видео;6;vendors;top
свадебный стилист москва с выездом на дом;6;vendors;top
стилист визажист на свадьбу железнодорожный;6;vendors;top
парикмахер визажист на свадьбу на дом;6;vendors;top
места для выездной регистрации мос обл;6;vendors;top
выездная регистрация брака подольск;6;vendors;top
как проходит выездная регистрация брака официально;6;vendors;top
выездная регистрация иваново;6;vendors;top
парк коломенское выездная регистрация;6;vendors;top
выездная регистрация ростов;6;vendors;top
выездная регистрация ростов на дону;6;vendors;top
тверская площадь выездная регистрация адрес;6;vendors;top
что значит выездная регистрация брака;6;vendors;top
выездная регистрация брака в сочи;6;vendors;top
как понять выездная регистрация;6;vendors;top
выездная регистрация калуга;6;vendors;top
тайминг свадебного дня с загсом;6;info;top
как вести свадьбу тамада сценарий;6;vendors;top
сценарий бабы яги на свадьбу;6;info;top
проведение золотой свадьбы сценарий в домашних;6;info;top
проведение золотой свадьбы сценарий в домашних условиях;6;info;top
сценарии юбилеев свадеб для тамады;6;vendors;top
свадьба в деревенском стиле сценарий;6;info;top
сценарий для свадьбы с треками;6;info;top
начало свадьбы сценарий для тамады;6;vendors;top
сценарий ч днем свадьбы;6;info;top
свадьба дома сценарий готовый;6;info;top
сценарий свадьбы 5;6;info;top
свадьба сценарий новое;6;info;top
сценарий проведения второго дня свадьбы;6;info;top
сценарий который разнесет свадьбу;6;info;top
написать сценарий свадьбы;6;info;top
семейный очаг на свадьбе сценарий со словами;6;info;top
сценарий серебряной свадьбы без тамады;6;vendors;top
сценарий золотой свадьбы в кафе;6;venue-type;top
сценарий золотой свадьбы для родителей в кафе;6;venue-type;top
сценарий 2 дня свадьбы новенькое;6;info;top
сценарии для небольшой свадьбы без тамады;6;vendors;top
сценарии свадьбы без тамады для небольшой компании;6;vendors;top
у ирины свадьба в сентябре;6;info;top
лунный календарь для свадеб в сентябре 2026;6;info;top
свадьба в сентябре что значит;6;info;top
лучшие месяца для свадьбы в 2026;6;info;top
идеи для бумажной свадьбы;6;info;top
4 свадьбы свадьба в стиле киносъемки;6;info;top
свадьба в пожарном стиле;6;info;top
аля бридж 4 свадьбы в стиле;6;info;top
аля бридж 4 свадьбы в стиле дошик;6;info;top
свадьба в стиле античности;6;info;top
итальянская свадьба стиль 90;6;info;top
свадьба в бело черном стиле гости;6;info;top
4 свадьбы в кукольном стиле;6;info;top
свадьба в стиле средневековья;6;info;top
свадьба в стиле адидас;6;info;top
свадьба в стиле гэтсби фото;6;info;top
свадьба в корейском стиле;6;info;top
2 день свадьбы в стиле;6;info;top
свадьба в стиле король и шут;6;info;top
свадьба в стиле джаз;6;info;top
свадьба в стиле зож;6;info;top
как одеться на свадьбу в русском стиле;6;info;top
свадьба в деревенском стиле фото;6;info;top
свадьба в зимнем стиле;6;info;top
свадьба в стиле маскарад;6;info;top
свадьба в стиле 80 90;6;info;top
4 свадьбы в стиле рок;6;info;top
4 свадьбы свадьба в стиле минимализм;6;info;top
юбилей свадьбы в русском стиле;6;info;top
план рассадки гостей на свадьбе фото;6;info;top
банкетный шатер для свадьбы;6;venue-type;top
банкетные залы самара для свадьбы;6;venue-type;top
банкетный зал самара для свадьбы;6;venue-type;top
организация свадеб оквэд;6;core;top
спасибо за организацию свадьбы;6;core;top
стоимость на человека банкет свадьба;6;price;top
сколько стоит отметить свадьбу в ресторане;6;venue-type;top
свадебные площадки ставрополь;6;core;top
свадебные площадки казань;6;core;top
как проводят свадьбу в наше время;6;info;top
свадебный торт минимализм двухъярусный;6;vendors;top
как провести небольшую свадьбу;6;capacity;top
свадебный торт одноярусный минимализм на свадьбу;6;vendors;top
свадьба в деревенском стиле одежда;6;info;top
стиль свадьбы фотографии;6;vendors;top
тамада на свадьбу рязань;6;vendors;top
тамада на золотую свадьбу;6;vendors;top
тамада в голицыно на свадьбу;6;vendors;top
тамада зажигает на свадьбе;6;vendors;top
молодой тамада на свадьбу;6;vendors;top
свадебный фотограф екатеринбург соседковес;6;vendors;top
свадебный фотограф ступино;6;vendors;top
свадебный фотограф дмитров;6;vendors;top
свадебный фотограф на хайнане;6;vendors;top
свадебная фотосессия в екатерининском дворце;6;vendors;top
идея для необычной свадебной фотосессии;6;vendors;top
свадебная фотосессия в царицыно летом;6;vendors;top
свадебная корзина на фотосессию;6;vendors;top
дом ученых свадебная фотосессия;6;vendors;top
отель националь свадебная фотосессия;6;vendors;top
свадебная фотосессия в москве цены;6;vendors;top
локации для свадебной фотосессии спб;6;vendors;top
свадебная фотосессия образы;6;vendors;top
свадебная фотосессия в москва сити;6;vendors;top
свадебная фотосессия на воробьевых горах;6;vendors;top
где снять свадебную фотосессию москва;6;vendors;top
свадебная фотосессия в москве лучшие локации;6;vendors;top
нескучный сад свадебная фотосессия;6;vendors;top
свадебные фотосессии видео;6;vendors;top
бусы для декора свадьбы купить москва;6;vendors;top
авито свадебная арка дмитров;6;geo;top
дизайн свадебной арки;6;rest;top
свадебные арки фото своими руками;6;rest;top
фон свадебный арка;6;rest;top
фотозона на свадьбу своими руками дома;6;vendors;top
букет невесты с хлопком;6;vendors;top
эустома букет невесты белый фото;6;vendors;top
свадебный букет на сентябрь для невесты;6;vendors;top
букет невесты из 9 кал;6;vendors;top
как сделать букет невесты из калл;6;vendors;top
букет для невесты в коробке;6;vendors;top
букет невесты заказать из роз;6;vendors;top
можно ли на свадьбу искусственный букет невесты;6;vendors;top
можно на свадьбу искусственный букет невесты;6;vendors;top
лютики букет невесты;6;vendors;top
г люберцы свадебные букеты невесты;6;vendors;top
свадебный букет невесты 2026 из пинтерест фото;6;vendors;top
букет невесты светлый идеи;6;vendors;top
свадебный букет для невесты из бисера фото;6;vendors;top
какие цветы можно в букет невесты;6;vendors;top
какой букет кидает невеста на свадьбе;6;vendors;top
что кинуть вместо букета невесты;6;vendors;top
букет невесты из калл тверь;6;vendors;top
булавка для букета невесты;6;vendors;top
сколько в среднем стоит букет невесты;6;vendors;top
букет невесты 2026 цены;6;vendors;top
букет невесты недорого серпухов;6;vendors;top
букет невесты сердце;6;vendors;top
какие цветы берут букет невесты;6;vendors;top
букет невесты георгины и антуриум;6;vendors;top
букет невесты дом цветов;6;vendors;top
букет невесты нежный и простой;6;vendors;top
букет невесты с кружевами и ягодами фото;6;vendors;top
свадебный букет для невесты в виде сумочки;6;vendors;top
букет невесты из гладиолусов и гортензий;6;vendors;top
букет невесты из калл и фрезий;6;vendors;top
посудомойка поймала букет невесты;6;vendors;top
букет невесты в бело розовых тонах;6;vendors;top
фиалка букет невесты фото и описание сорта;6;vendors;top
букет невесты из эустомы и диантуса;6;vendors;top
букет невесты с королевской протеей;6;vendors;top
можно ли жениху видеть букет невесты;6;vendors;top
букет невесты курск;6;vendors;top
невеста поймала букет обратно;6;vendors;top
розыгрыш букета невесты идеи;6;vendors;top
дублер букета невесты зачем нужен;6;vendors;top
какие цветы выбрать для букета невесты;6;vendors;top
букет невесты серебро;6;vendors;top
букет невесты из калл белых фото;6;vendors;top
сколько роз в букете невесты;6;vendors;top
что значит когда ловишь букет невесты;6;vendors;top
маленький скромный букет невесты;6;vendors;top
каллы и эвкалипт букет невесты;6;vendors;top
невеста бросила подружкам вместо букета фаллоимитатор ролик;6;vendors;top
букет невесты из белых роз и эвкалипта;6;vendors;top
букет невесты в пастельных тонах;6;vendors;top
букет невесты на английском;6;vendors;top
можно ли бросать букет невесты;6;vendors;top
можно ли выкинуть пойманный букет невесты;6;vendors;top
розыгрыш букета невесты с лентами;6;vendors;top
букет невесты город сочи красная поляна;6;vendors;top
букет невесты гортензия и сухоцветы;6;vendors;top
букет невесты из бордовых калл;6;vendors;top
букет невесты из стойких цветов своими руками;6;vendors;top
букет невесты каллы сумка;6;vendors;top
букет невесты на свадьбу пионы;6;vendors;top
свадебный букет для невесты с бутоньеркой;6;vendors;top
букет невесты 2026 пионы;6;vendors;top
свадебный букет для невесты санкт петербург;6;vendors;top
букет невесты 40;6;vendors;top
букет невесты длина;6;vendors;top
букет невесты обычаи;6;vendors;top
букет невесты в виде сумки;6;vendors;top
что можно вместо букета невесты;6;vendors;top
букет невесты ноябрь;6;vendors;top
букеты невесты как упаковать;6;vendors;top
какие цветы используют в букетах невесты;6;vendors;top
зачем кидать букет невесты;6;vendors;top
зачем невеста кидает букет на свадьбе;6;vendors;top
корзина косметики вместо цветов на свадьбу купить;6;rest;top
нужно ли дарить цветы на свадьбу невесте;6;rest;top
королевский цветок на свадьбу;6;rest;top
оттенки цветов на свадьбу;6;rest;top
какие цветы используют на свадьбе;6;rest;top
в каких цветах нельзя приходить на свадьбу;6;rest;top
искусственные цветы на свадьбу своими руками;6;rest;top
фото букетов цветов на свадьбу с гипсофилами;6;vendors;top
букет на свадьбу какие должны быть цветы;6;vendors;top
цветы на синей свадьбе;6;rest;top
стойки для цветов на свадьбу;6;rest;top
когда на свадьбе дарят цветы молодоженам;6;info;top
что купить вместо цветов на свадьбу;6;info;top
надо ли покупать цветы на свадьбу;6;rest;top
композиция из искусственных цветов на свадьбу;6;rest;top
искусственные цветы на свадьбу на стол;6;rest;top
какие цветы дарят на рубиновую свадьбу;6;rest;top
венок на голову из цветов на свадьбу;6;rest;top
цветы на бирюзовую свадьбу;6;rest;top
авито цветы на свадьбу;6;rest;top
каркас металлический для президиума на свадьбу;6;rest;top
как оформить президиум на свадьбу;6;info;top
фуршет стола на свадьбу;6;rest;top
что приготовить на фуршет на свадьбу;6;info;top
что означает свадебный каравай;6;info;top
как сохранить сдобный каравай свадебный до торжества;6;info;top
купить свадебный каравай в шатуре;6;rest;top
свадебный каравай купить на трехгорке;6;rest;top
свадебный каравай пеко;6;rest;top
самый простой рецепт свадебного каравая;6;rest;top
свадебный каравай символ;6;rest;top
свадебный каравай заказать в питере;6;rest;top
дымовой салют на свадьбу;6;vendors;top
постановка свадебного танца рязань;6;rest;top
постановка свадебного танца одинцово;6;geo;top
координатор на свадьбу авито;6;vendors;top
координатор на свадьбу коломна;6;vendors;top
координатор на свадьбу москва;6;vendors;top
чем отличается организатор от координатора на свадьбе;6;vendors;top
как украсить капот машины на свадьбу;6;info;top
машина для денег на свадьбу;6;rest;top
украсить машину на свадьбу лентами атласными;6;rest;top
арендовать белую машину для свадьбы на авито;6;price;top
как можно украсить машину на свадьбу;6;info;top
номера на машину на свадьбу;6;rest;top
зачем привязывают банки к машине на свадьбе;6;info;top
фото украшенных машин на свадьбу;6;rest;top
банты на машину на свадьбу своими руками;6;rest;top
декор машины на свадьбу;6;vendors;top
старые машины на свадьбу;6;rest;top
машина на свадьбу саратов;6;rest;top
сколько стоит аренда машины на свадьбу;6;price;top
снять лимузин на свадьбу спб;6;price;top
заставка на свадьбу на проектор;6;rest;top
ретро лимузин на свадьбу;6;rest;top
рецепт свадебного каравая вкусно;6;rest;top
самые хорошие рестораны для свадьбы;6;venue-type;top
ресторан для свадьбы армавир;6;venue-type;top
рестораны стерлитамак для свадьбы;6;venue-type;top
мимино банкетное меню;6;venue-type;top
банкетное меню для кафе примеры;6;venue-type;top
банкетное меню для кафе примеры с ценами;6;venue-type;top
меню ресторана рецептами банкетное с фото;6;venue-type;top
банкетное меню с доставкой на дом;6;venue-type;top
банкетное меню калининград;6;venue-type;top
бульвар банкетное меню;6;venue-type;top
банкетное меню пушкин;6;venue-type;top
банкетное меню столовая;6;venue-type;top
виды банкетного меню;6;venue-type;top
банкетное меню москва доставка;6;venue-type;top
персона банкетное меню;6;venue-type;top
завидное банкетное меню;6;venue-type;top
банкетное меню на свадьбу на 40 человек;6;venue-type;top
кафе крепость павловский посад банкетное меню;6;venue-type;top
рязань банкетные залы для свадьбы;6;venue-type;top
снять коттедж посуточно москва для свадьбы;6;venue-type;top
свадьба в яхт клубе москва;6;venue-type;top
архангельское усадьба фото свадебные;6;venue-type;top
ретушь свадебных фото;6;rest;top
свадебные фото жаклин кеннеди;6;rest;top
набор для проведения свадебного выкупа фото;6;core;top
рт свадебные цветы фиалка фото;6;rest;top
свадебные фото 80 х;6;rest;top
свадебные фото 80 х годов;6;rest;top
свадебные фото ссср 80 х;6;rest;top
свадебные фото ссср 80 х годов;6;rest;top
свадебные фото в саду;6;venue-type;top
свадебные фото в греческом стиле;6;info;top
фото свадебных глаз;6;rest;top
свадебные фото с помощью ии;6;rest;top
агутин и варум свадебные фото;6;rest;top
свадебные фото варум;6;rest;top
свадебные фото варум и агутина;6;rest;top
долгова наталья свадебные фото;6;rest;top
мост для свадебных фото гжель;6;rest;top
какой выбрать отель для свадебных фото;6;venue-type;top
свадебные фото с лошадьми;6;rest;top
пост под свадебное фото;6;rest;top
свадебные головные уборы для невесты фото;6;rest;top
свадебные фото на телефон;6;rest;top
зимние свадебные фото;6;info;top
советские свадебные фото;6;info;top
заказ свадебных фото;6;rest;top
свадебные фото обложки;6;rest;top
парные фото свадебное;6;rest;top
свадебное фото кохма;6;rest;top
фото оформления свадебного стола;6;vendors;top
свадебная фото зона;6;rest;top
смешные свадебные фото жениха и невесты;6;rest;top
прокомментировать свадебное фото;6;rest;top
смешные подписи к свадебным фото;6;rest;top
свадебное фото крупно;6;rest;top
свадебные модели фото;6;rest;top
свадебная фото спб;6;rest;top
свадебное фото волгоград;6;rest;top
свадебные фото военных;6;rest;top
гадание на дату свадьбы;6;rest;top
свадьба в малиновке дата;6;rest;top
как перенести дату свадьбы;6;info;top
дата свадьбы дианы и чарльза;6;rest;top
дата свадьбы по православному календарю;6;rest;top
муж не помнит дату свадьбы;6;rest;top
какая самая лучшая дата для свадьбы;6;rest;top
45 дата свадьбы;6;rest;top
34 дата свадьбы;6;rest;top
матрица судьбы дата свадьбы;6;rest;top
28.08 2026 дата для свадьбы;6;rest;top
дата свадьбы 07.07 2027;6;rest;top
первая свадьба джорджа и менди дата выхода;6;rest;top
бронирование даты свадьбы;6;info;top
рассчитать день свадьбы по дате;6;rest;top
бабушка умерла на дату свадьбы родителей;6;rest;top
как рассчитать дату свадьбы для пары;6;info;top
свадьба собчак дата;6;rest;top
какая дата подходит для свадьбы;6;rest;top
перенос даты свадьбы;6;info;top
красивые даты для свадьбы в 2030;6;info;top
красивые слова с днем бракосочетания молодым;6;rest;top
как правильно с днем бракосочетания;6;info;top
надпись с днем бракосочетания;6;rest;top
с днем бракосочетания брата;6;rest;top
с днем бракосочетания веселые;6;rest;top
аня и денис с днем бракосочетания;6;rest;top
с днем бракосочетания от крестной;6;rest;top
с днем бракосочетания пинтерест;6;rest;top
с днем бракосочетания вашей дочери;6;rest;top
с днем бракосочетания смешные;6;rest;top
с днем бракосочетания юля;6;rest;top
оформление свадебного стола живыми цветами;6;vendors;top
юбка для свадебного стола своими руками;6;rest;top
как сделать цветы на свадебный стол;6;info;top
дизайн свадебного стола;6;rest;top
что подать на свадебный стол;6;info;top
что подают на свадебный стол;6;info;top
горячее на свадебный стол;6;rest;top
как накрыть свадебный стол;6;info;top
свадебный сладкий стол;6;rest;top
букеты цветов на свадебном столе;6;vendors;top
красивая музыка для свадебного видео;6;vendors;top
свадебный салют видео;6;vendors;top
тренд свадебный с фонариками видео;6;info;top
топ видео свадебное;6;rest;top
свадебное видео поют;6;rest;top
музыка для свадебного видео 2026;6;vendors;top
смешно подписать свадебное видео;6;rest;top
включи видео свадебные;6;rest;top
свадебные видео полные;6;rest;top
собрать свадебное видео;6;rest;top
свадебная церемония на занзибаре;6;rest;top
речь для свадебной церемонии;6;rest;top
свадебная церемония на английском;6;rest;top
rain on your wedding day;6;rest;top
happy wedding day перевод;6;rest;top
happy wedding day перевод на русский;6;rest;top
zeitun wedding day скраб;6;rest;top
black wedding day;6;rest;top
365 days to the wedding аниме;6;rest;top
фон арка свадебная;6;rest;top
свадебные образы пар;6;rest;top
свадебный образ пары;6;rest;top
свадебные образы пинтерест;6;rest;top
приснился сон со свадьбой;6;rest;top
приснилась свадьба бывшей жены;6;rest;top
приснилась свадьба бабушки;6;rest;top
невеста свадебный сайт;6;rest;top
сайт свадебных магазинов;6;rest;top
кто проводит церемонию бракосочетания;6;rest;top
свадьба церемония бракосочетания;6;rest;top
загс барвиха luxury village цена церемонии бракосочетания;6;rest;top
загс барвиха цена церемонии бракосочетания;6;rest;top
купить свадебные бокалы в юзао;6;geo;top
свадебные бокалы из битого стекла;6;rest;top
свадебные бокалы для вина;6;rest;top
как сделать свадебные бокалы своими руками;6;info;top
сделать свадебные бокалы;6;rest;top
актриса свадьба бальзаминова;6;rest;top
режиссер свадьбы бальзаминова;6;rest;top
свадьба бальзаминова герои;6;rest;top
zarina свадебная коллекция 2026;6;rest;top
фоны свадебные хорошего качества;6;rest;top
свадебный фон на экран;6;rest;top
лавандовый цвет свадьбы;6;rest;top
трогательные свадебные клятвы;6;rest;top
небанальные свадебные клятвы молодоженов;6;rest;top
невеста друга будешь моей;6;rest;top
ты теперь моя невеста будем;6;rest;top
брат моего бывшего брошенная невеста аудиокнига;6;rest;top
невеста брата будешь моей аудиокнига;6;rest;top
читать роман невеста будешь моей;6;rest;top
молодожены это сколько в браке;6;rest;top
свадебные бутылки своими руками грунт матовой;6;rest;top
свадебный вальс жениха;6;rest;top
современный свадебный вальс;6;rest;top
мелодия свадебного вальса;6;rest;top
постановка свадебного вальса;6;rest;top
мартынов свадебный вальс;6;info;top
во время свадебного обряда;6;rest;top
татарский свадебный обряд;6;rest;top
названия свадебных обрядов;6;rest;top
свадебные обряды на свадьбе;6;rest;top
свадебный кейп купить в москве;6;geo;top
свадебный ателье солнечногорск;6;geo;top
перчатки свадебные наталья романова;6;rest;top
свадебные перчатки без пальцев с рукавом;6;rest;top
свадебные перчатки для невесты из фатина;6;rest;top
4 свадьбы свадьба в осеннем стиле;6;info;top
стиль свадьбы в лесу;6;venue-type;top
4 свадьбы в стиле минимализм;6;info;top
свечи на свадьбу для семейного очага традиция;6;info;top
традиция с тортом на свадьбе;6;vendors;top
блины на свадьбе традиция;6;info;top
традиция с иконой на свадьбе;6;info;top
традиция вешать замки на свадьбу;6;info;top
похищение невесты на свадьбе традиция;6;info;top
дагестанские традиции на свадьбе;6;info;top
снятие фаты на свадьбе традиция чья;6;info;top
традиции на девичник перед свадьбой невесте;6;info;top
свадебные традиции после;6;info;top
свадебные традиции семьи;6;info;top
свадебное приглашение 2013;6;info;top
свадебные приглашения электронные купить онлайн;6;info;top
приложение для создания свадебных приглашений;6;info;top
свадебные приглашения на свадьбу заказать;6;info;top
как провести свадьбу без тамады сценарий;6;vendors;top
как провести тамаде свадьбу сценарий;6;vendors;top
свадьба как проводить сына;6;info;top
как провести свадьбу в ресторане;6;venue-type;top
сайт для электронных приглашений на свадьбу;6;info;top
сценарии серебряной свадьбы без тамады;6;vendors;top
тексты свадебных пригласительных;6;info;top
испечь торт на свадьбу;6;vendors;top
рассчитать торт на свадьбу калькулятор;6;vendors;top
торт на свадьбу спб;6;vendors;top
торт на свадьбу 2026г;6;vendors;top
как приготовить торт на свадьбу;6;vendors;top
торт на свадьбу заказать в оренбурге;6;vendors;top
три торта на свадьбу;6;vendors;top
двухэтажный торт на свадьбу;6;vendors;top
прямоугольный торт на свадьбу 5 кг;6;vendors;top
торт маме на свадьбу;6;vendors;top
торт на свадьбу одноярусный с ягодами;6;vendors;top
капкейки на свадьбу вместо торта;6;vendors;top
варианты тортов на свадьбу;6;vendors;top
торт на свадьбу минимализм;6;vendors;top
торт на день свадьбы родителям;6;vendors;top
сколько кг торта на 60 человек свадьбу;6;vendors;top
торт украшают ягодами на свадьбе;6;vendors;top
зачем продают первый кусок торта на свадьбе;6;vendors;top
торт на кружевную свадьбу;6;vendors;top
торт на заказ на золотую свадьбу;6;vendors;top
почему продают торт на свадьбе;6;vendors;top
музыка аллегрова свадебные цветы;6;vendors;top
популярная свадебная музыка;6;vendors;top
турецкая свадебная музыка;6;vendors;top
романтическая свадебная музыка;6;vendors;top
свадебные фотографии олега шепса;6;vendors;top
подкорректировать свадебную фотографию портрет;6;vendors;top
описание свадебной фотографии;6;vendors;top
семейные свадебные фотографии;6;vendors;top
позы для свадебных фотографий;6;vendors;top
свадебные фотографии клавы коки;6;vendors;top
подпись к свадебной фотографии в инстаграм;6;vendors;top
оформление свадебной корзины;6;vendors;top
свадебный ведущий цена;6;vendors;top
свадебный ведущий флориан;6;vendors;top
свадебная программа сценарий для ведущего;6;vendors;top
ведущий свадебных мероприятий;6;vendors;top
купить свадебную фотозону;6;vendors;top
декоратор на свадьбу город клин;6;vendors;top
организация свадеб ростов;6;core;top
марракеш свадебный зал;6;core;top
свадебный зал дагестан;6;core;top
свадебные залы тверь;6;core;top
свадебный зал тверь;6;core;top
манхва я сменила мужа в свадебном зале;6;core;top
свадебные банкеты на 20 человек;6;capacity;top
свадьба на 100 человек стоимость;6;capacity;top
ресторан в балашихе на свадьбу авито;6;venue-type;top
снимаю для свадьба катежи в подольск;6;rest;top
цветы на свадьбу букеты цена зеленоград заказать;6;vendors;top
магазин товары для свадьбы дмитров;6;geo;top
свадьба зимой одежда невесты;6;info;top
звездные свадьбы лето 2026;6;rest;top
что одеть на свадьбу сына летом;6;info;top
что одеть на свадьбу сына маме летом;6;info;top
4 свадьбы лето;6;rest;top
свадьба летом идеи;6;info;top
в чем пойти на свадьбу 2026 осень;6;info;top
когда лучше играть свадьбу осенью;6;info;top
свадьба осенью плюсы и минусы;6;info;top
свадьба в мае 2026;6;rest;top
можно играть свадьбу в мае;6;rest;top
свадьбы в егорьевске 8 августа 2026;6;info;top
свадьба в августе 2025;6;info;top
когда можно играть свадьбу в октябре;6;info;top
лучшие дни для свадьбы в октябре 2026;6;info;top
свадьба в отели спб;6;venue-type;top
празднование свадьбы в кафе;6;venue-type;top
меню свадьбы в кафе;6;venue-type;top
свадьбы в кафе воронеж;6;venue-type;top
видео свадьбы в кафе;6;venue-type;top
картина свадьба в ледяном доме;6;rest;top
арендовать дом для свадьбы;6;venue-type;top
снять дом для свадьбы москва;6;venue-type;top
свадьба на миллион дом 2 победители;6;rest;top
дом с бассейном для свадьбы;6;rest;top
дом смирнова свадьба;6;rest;top
дом у моря свадьбы;6;rest;top
праздновать свадьбу дома;6;rest;top
свадьба дома в деревне;6;rest;top
кафе аренда банкетный зал;6;venue-type;top
банкетный зал аренда краснодар;6;venue-type;top
марракеш махачкала банкетный зал цена;6;venue-type;top
рассрочка на свадьбу;6;rest;top
как организовать золотую свадьбу;6;info;top
как организовать серебряную свадьбу;6;info;top
план для свадьбы что нужно;6;info;top
что нужно для подготовки к свадьбе;6;info;top
что нужно для хорошей свадьбы;6;info;top
что нужно для свадьбы дома;6;info;top
сколько денег ложат на свадьбу гости;6;info;top
за сколько нужно бронировать ресторан на свадьбу;6;venue-type;top
как сэкономить на трансфере на свадьбу москва;6;geo;top
свадебные площадки ярославль на зиму;5;info;top
свадебные площадки калининград;5;core;top
свадебные площадки пермь;5;core;top
хорошие свадебные площадки у орехово зуево;5;core;top
свадебная площадка москва в митино;5;geo;top
светлица свадебная площадка отзывы;5;core;top
площадки для свадьбы иваново;5;core;top
площадки для свадьбы кострома;5;core;top
площадки для свадьбы рязань;5;core;top
площадки для свадьбы тольятти;5;core;top
площадки для свадьбы пермь;5;core;top
площадки для свадьбы в подмосковье с проживанием;5;geo;top
площадки для свадьбы орел;5;core;top
площадки для свадьбы тюмень;5;core;top
комплект шариков для свадьбы на торговых площадках;5;core;top
площадка для свадьбы в русском стиле;5;info;top
место для свадьбы красноярск;5;core;top
место для свадьбы в лесу;5;venue-type;top
места для свадеб пенза;5;rest;top
речь для продажи места на свадьбе;5;rest;top
бюджетные места для свадьбы;5;price;top
интересные места для свадьбы;5;rest;top
красивое место для свадьбы фото;5;core;top
где отметить серебряную свадьбу в москве;5;geo;top
где отметить свадьбу в нижнем новгороде;5;info;top
свадьба в балашихе где отметить;5;info;top
где можно отметить день свадьбы;5;info;top
где отметить свадьбу в калуге;5;info;top
где можно отметить свадьбу в волгограде;5;info;top
красивые банкетные залы для свадьбы;5;venue-type;top
красивый банкетный зал для свадьбы;5;venue-type;top
банкетный зал для свадьбы сершиев посад;5;venue-type;top
банкетные залы в твери для свадьбы;5;venue-type;top
банкетные залы для свадьбы челябинск;5;venue-type;top
банкетный зал для свадьбы челябинск;5;venue-type;top
рестораны для свадьбы 2026;5;venue-type;top
ресторан для свадьбы на природе москва;5;venue-type;top
ресторан для свадьбы сочи;5;venue-type;top
самый дорогой ресторан для свадьбы;5;venue-type;top
кафе ресторан для проведения свадьбы;5;venue-type;top
рестораны для свадьбы около парка патриот;5;venue-type;top
рестораны для свадьбы самара;5;venue-type;top
ресторан для свадьбы смоленск;5;venue-type;top
рестораны кафе для свадьбы видное;5;venue-type;top
ресторан дар точикистон для свадьбы;5;venue-type;top
ресторан с площадью на территории для свадьбы;5;venue-type;top
ресторан в парке для свадьбы;5;venue-type;top
ресторан с гостиницей для свадьбы;5;venue-type;top
рестораны тбилиси для свадьбы;5;venue-type;top
рестораны в черноголовке для проведения свадеб;5;venue-type;top
где в москве недорого провести свадебный банкет;5;price;top
свадебный банкет в химках;5;geo;top
провести свадьбу в питере;5;core;top
провести свадьбу цена;5;core;top
сколько дней проводят свадьбы;5;rest;top
где проводят бюджетную свадьбу;5;price;top
как провести маленькую свадьбу;5;capacity;top
как провести девишник перед свадьбой;5;info;top
ургант провел свадьбу;5;rest;top
кафе где проводят свадьбы;5;venue-type;top
как проводят свадьбы в россии;5;info;top
горетово проводят свадьбу снимают;5;rest;top
как провести свадьбу без ведущего самим;5;vendors;top
лиски воронежская диджей алекс проводит свадьбы;5;vendors;top
проводят свадьбу по молодежному в москве;5;geo;top
как провести свадьбу без банкета;5;info;top
провести свадьбу тула;5;core;top
провести свадьбу на 40 человек;5;capacity;top
провести свадьбу молодым;5;core;top
патент организация свадеб;5;core;top
компанию по организации свадьбы;5;core;top
организация свадеб нижний новгород;5;core;top
организация свадьбы нижний;5;core;top
пошаговая организация свадьбы;5;core;top
план организации свадьбы по пунктам;5;info;top
организация свадьбы своими руками;5;core;top
организация свадьбы под ключ цена;5;price;top
услуги организации свадеб цена;5;core;top
организация свадьбы в махачкале недорого;5;price;top
организация свадьбы в русском стиле;5;info;top
ирина корнева организация свадьбы;5;core;top
организация свадьбы ульяновск;5;core;top
французская комедия про организацию свадьбы;5;core;top
лофт для свадьбы спб;5;venue-type;top
снять шатер для свадьбы цены;5;venue-type;top
шатры для свадьбы в волоколамском районе;5;rest;top
снять веранду для свадьбы;5;venue-type;top
веранды для свадьбы москва и московская область;5;venue-type;top
отметить свадьбу на теплоходе;5;venue-type;top
свадьба на теплоходе vs казахская свадьба;5;venue-type;top
свадьба на теплоходе казахская свадьба;5;venue-type;top
свадьба в лесу видео;5;venue-type;top
купольные беседки для свадьбы млсква на крыше;5;venue-type;top
свадьба на природе у воды;5;venue-type;top
выездная свадьба на природе стоимость;5;venue-type;top
коломна свадьба на природе;5;venue-type;top
свадьба с выездной регистрацией на природе;5;vendors;top
свадьба на природе в минводах;5;venue-type;top
стол на свадьбу на природе;5;venue-type;top
свадьба на природе меню;5;venue-type;top
бюджет свадьбы на 20 человек;5;capacity;top
сколько обходится свадьба на 20 человек;5;capacity;top
банкет на свадьбу 30 человек;5;core;top
сценарий свадьбы на 30 человек;5;capacity;top
свадьба на 50 человек спб;5;capacity;top
сколько примерно стоит свадьба на 50 человек;5;capacity;top
камерная свадьба видное;5;capacity;top
камерная свадьба за городом;5;capacity;top
программа камерной свадьбы;5;capacity;top
сценарий камерной свадьбы без ведущего;5;vendors;top
камерная свадьба ростов;5;capacity;top
варианты камерной свадьбы;5;capacity;top
свадьба в подмосковье красивые места недорого;5;price;top
свадьбы зимой в подмосковье места;5;geo;top
загородные локации для свадьбы;5;venue-type;top
загородные отели в ногинске для проведения свадеб;5;venue-type;top
александр и анастасия свадьба фото истра;5;geo;top
заказать каравай на свадьбу с доставкой истра;5;geo;top
аренда чехлов на стулья для свадьбы недорого;5;price;top
как сделать свадьбу недорого но красиво;5;price;top
конверты для денег на свадьбу купить недорого;5;price;top
свадьба под ключ екатеринбург;5;venue-type;top
свадьба под ключ в усадьбе;5;venue-type;top
йошкар ола свадьба под ключ;5;price;top
свадьба под ключ брянск;5;price;top
свадьба в питере под ключ;5;price;top
свадьба под ключ королев;5;price;top
свадьба под ключ белгород;5;price;top
свадьба под ключ петербург;5;price;top
свадьба под ключ санкт петербург;5;price;top
рассчитать стоимость свадьбы онлайн;5;price;top
рилсмейкер на свадьбу стоимость;5;price;top
стоимость алкоголя на свадьбу;5;price;top
выстрел красками на церемонии свадьбы стоимость;5;price;top
средняя стоимость фотографа на свадьбу;5;vendors;top
завидное стоимость свадьбы;5;price;top
расчет стоимости свадьбы;5;rest;top
торт прямоугольный на свадьбу 5 кг стоимость;5;vendors;top
balzi rossi стоимость свадьбы;5;price;top
пригласительные на свадьбу стоимость;5;price;top
свадьба воронеж стоимость;5;price;top
сколько стоит пошлина на свадьбу;5;price;top
петербург сколько стоит свадьба;5;price;top
сколько стоит свадьба в санкт петербурге;5;price;top
альфина азгамова сколько стоит пригласить на свадьбу;5;price;top
сколько стоит асти на свадьбу;5;price;top
сколько стоит свадьба зубарева;5;price;top
сколько стоит пригласить басту на свадьбу;5;price;top
свадьба 2026 сколько в среднем стоит;5;rest;top
сколько сейчас стоит меню для свадьбы рязань;5;rest;top
сколько стоит свадьба в америке;5;price;top
сколько стоит свадьба в беларуси;5;price;top
сколько стоит позвать билана на свадьбу;5;price;top
сколько стоит пригласить певца на свадьбу;5;price;top
filly лошадки свадьба сколько стоит вся коллекция;5;price;top
сколько будет стоить заказать фаершоу на свадьбу;5;vendors;top
сколько стоит живая музыка на свадьбу;5;vendors;top
сколько стоит монтаж свадьбы;5;price;top
сколько стоит аренда зала на свадьбу;5;price;top
сколько стоит организовать свадьбу в москве;5;price;top
сколько стоит свадьба в рязани;5;price;top
сколько должна стоить свадьба;5;rest;top
заказать ведущего на свадьбу дмитров;5;vendors;top
александр касаткин ведущий на свадьбу;5;vendors;top
каравай на свадьбе слова ведущего;5;vendors;top
слова благодарности ведущему на свадьбе;5;vendors;top
выбор ведущего на свадьбу;5;vendors;top
топ ведущих на свадьбу москва;5;vendors;top
ведущий на свадьбу красногорск;5;vendors;top
ведущий на свадьбу липецк;5;vendors;top
ведущий на свадьбу кострома;5;vendors;top
ведущие на свадьбу серпухов;5;vendors;top
ведущий на свадьбу мытищи;5;vendors;top
сколько зарабатывает ведущий на свадьбе;5;vendors;top
ведущий тамада на свадьбу город чебоксары;5;vendors;top
ведущий на второй день свадьбы;5;vendors;top
где найти ведущего на свадьбу;5;vendors;top
что обсудить с ведущим на свадьбу;5;vendors;top
ведущий на свадьбу дмитрий усков пенза;5;vendors;top
фотограф на свадьбе трахнулась с гостем;5;vendors;top
фотограф на свадьбу электросталь;5;vendors;top
заказать видеографа на свадьбу;5;vendors;top
декор свадебных букетов;5;vendors;top
декор свадебной бутылки шампанского;5;vendors;top
саранск свадебный декор;5;vendors;top
декор на свадебные столы фото;5;vendors;top
свадебный декор заказать;5;vendors;top
свадебный декор для президиум молодоженам;5;vendors;top
оформление пригласительных на свадьбу онлайн;5;vendors;top
оформление стола жениха и невесты на свадьбу;5;vendors;top
оформление стола на свадьбу жениха;5;vendors;top
оформление свадьбы своими руками фото;5;vendors;top
шарики на свадьбу оформление;5;vendors;top
стол молодых на свадьбе оформление;5;vendors;top
оформление свадьбы изумрудная;5;vendors;top
капкейки на свадьбу оформление;5;vendors;top
оформление фотозоны на свадьбу своими руками;5;vendors;top
свадебное оформление свадеб;5;vendors;top
оформление ресторана на свадьбу;5;vendors;top
оформление банкетного зала на свадьбу своими руками;5;vendors;top
оформление веранд на праздник свадьба;5;vendors;top
красивое оформление комнаты и двор для свадьбы;5;vendors;top
оформление круглого стола на свадьбу;5;vendors;top
цвета свадьбы оформление зала;5;vendors;top
свадебный организатор услуга;5;vendors;top
свадебный организатор стоимость;5;vendors;top
свадебный организатор ип мария елкина;5;vendors;top
свадебное агентство цены;5;vendors;top
soulmates свадебное агентство;5;vendors;top
familink свадебное агентство отзывы;5;vendors;top
свадебное агентство коломна;5;vendors;top
свадебное агентство казань;5;vendors;top
диджей музыки на свадьбу;5;vendors;top
простой дизайн свадебного торта;5;vendors;top
свадебный торт 7 кг цена;5;vendors;top
расчет свадебного торта на человека;5;vendors;top
свадебный торт в осенних тонах;5;vendors;top
нужны ли свечи на свадебный торт;5;vendors;top
свадебный торт на 50 человек сколько кг;5;vendors;top
живые цветы для свадебного торта купить;5;vendors;top
купить цветы для свадебного торта;5;vendors;top
свадебный торт с котиками;5;vendors;top
свадебный торт форме колец рецепт;5;vendors;top
свадебный торт в санкт петербурге заказать;5;vendors;top
литовский свадебный торт как называется;5;vendors;top
свадебный торт какой крем;5;vendors;top
ганаш для свадебного торта;5;vendors;top
свадебный торт двухъярусный рецепт;5;vendors;top
торт свадебный буквы аа;5;vendors;top
свадебные двухъярусные торты без мастики;5;vendors;top
свадебный торт двухъярусный без;5;vendors;top
свадебный торт двухъярусный мастикой;5;vendors;top
свадебный торт из капкейков;5;vendors;top
свадебный торт белый с цветами;5;vendors;top
свадебный торт украшенный ягодами;5;vendors;top
свадебный торт двухъярусный в домашних условиях;5;vendors;top
свадебный торт саранск;5;vendors;top
иваново торт свадебный цена;5;vendors;top
как красиво оформить свадебный торт дома;5;vendors;top
купить свадебный торт в орле готовый;5;vendors;top
подставка для свадебного торта многоярусная;5;vendors;top
пробник свадебных тортов москва цена;5;vendors;top
свадебный торт иваново;5;vendors;top
свадебный торт с капкейками для гостей;5;vendors;top
свадебный торт цвет тиффани;5;vendors;top
торт свадебный 7 килограмм;5;vendors;top
торт свадебный до 10000 москва;5;vendors;top
жених психанул сбросил свадебный торт;5;vendors;top
торт свадебный 2кг;5;vendors;top
низкий широкий свадебный торт;5;vendors;top
свадебный торт 2026 фото двухъярусный;5;vendors;top
заказать свадебный торт в подольске;5;vendors;top
праздничный свадебный торт;5;vendors;top
под какую музыку выносят свадебный торт;5;vendors;top
сколько свечей на свадебный торт;5;vendors;top
свадебные торты с красными цветами;5;vendors;top
свадебные торты от палыча фото;5;vendors;top
свадебный торт бирюзовый;5;vendors;top
свадебный торт на 7 кг;5;vendors;top
квадратный свадебный торт в один ярус;5;vendors;top
средний вес свадебного торта;5;vendors;top
самые вкусные начинки для свадебного торта;5;vendors;top
свадебный торт одноярусный круглый;5;vendors;top
свадебный торт в разрезе;5;vendors;top
как испечь свадебный торт;5;vendors;top
свадебный торт трехэтажный;5;vendors;top
авито свадебный стилист;5;vendors;top
курсы свадебного стилиста за 5 000 рублей;5;vendors;top
визажист на свадьбу в подольске на дом;5;vendors;top
текст для выездной регистрации брака;5;vendors;top
пример выездной регистрации;5;vendors;top
выездная регистрация места проведения;5;vendors;top
выездная регистрация после загса;5;vendors;top
выездная регистрация на берегу моря;5;vendors;top
арка для выездной регистрации фото;5;vendors;top
выездная регистрация краснодар;5;vendors;top
выездная регистрация молодоженов;5;vendors;top
выездная регистрация ярославль;5;vendors;top
выездная регистрация пенза;5;vendors;top
выездная регистрация пермь;5;vendors;top
организация выездной регистрации в подмосковье;5;vendors;top
выездная регистрация и банкетный зал москва подмосковье;5;vendors;top
фон для выездной регистрации;5;vendors;top
выездная регистрация зимой;5;vendors;top
выездная регистрация новороссийск;5;vendors;top
места для выездной регистрации в городецком районе;5;vendors;top
выездная регистрация на речном трамвае;5;vendors;top
стойка для выездной регистрации брака;5;vendors;top
выездная регистрация рф;5;vendors;top
выездная регистрация квартиры;5;vendors;top
как проходит выездная регистрация брака в ресторане;5;vendors;top
что нужно для выездной регистрации брака;5;vendors;top
бюджет свадьбы иды галич;5;rest;top
свадьба минимальный бюджет;5;price;top
бюджет свадьбы 2027;5;rest;top
самый дорогой бюджет свадьбы;5;rest;top
сценарий выездной свадьбы;5;info;top
сценарий свадьбы готовый текст;5;info;top
выкуп на свадьбу сценарий в квартире;5;info;top
сценарий выкупа невесты на свадьбу в квартире;5;info;top
готовый сценарий домашней свадьбы;5;info;top
готовый сценарий свадьбы в домашних условиях;5;info;top
сценарий свадьбы в домашних для ведущей;5;vendors;top
как вести свадьбу без тамады сценарий;5;vendors;top
сценарий проведения золотой свадьбы без тамады;5;vendors;top
сценарий свадьбы в кругу родных;5;info;top
подробные сценарии свадьбы для тамады;5;vendors;top
сценарии свадьбы для тамады полный подробный;5;vendors;top
сценарий свадьбы для тамады готовый полный подробный;5;vendors;top
сценарий свадьбы второго брака;5;info;top
сценарий свадьбы второй брак;5;info;top
сценарий сапфировой свадьбы;5;info;top
сценарий для бумажной свадьбы;5;info;top
сценарий свадьбы самостоятельно;5;info;top
веселый свадьба сценарий тамада;5;vendors;top
сценарий домашнего юбилея свадьбы;5;info;top
юбилей свадьбы сценарий в домашних условиях;5;info;top
помощь тамаде на свадьбе готовый сценарий;5;vendors;top
смешной сценарий на второй день свадьбы;5;info;top
сценарий взрослой свадьбы;5;info;top
сценарий 2го дня свадьбы;5;info;top
сценарии 35 свадьбы;5;info;top
сценарии на свадьбу детям;5;info;top
свадьба в сентябре 16 сентября;5;info;top
комплимент для гостей на свадьбе идеи;5;info;top
видео для молодоженов на свадьбу идеи;5;info;top
идеи для второго дня свадьбы;5;info;top
фото для свадьбы идеи для фотосессии;5;vendors;top
идеи для рисунков на свадьбу;5;info;top
идеи девичника перед свадьбой для невесты;5;info;top
плакат на свадьбу с идеями для фото;5;info;top
для денег на свадьбу идеи;5;info;top
деревенская свадьба стиль гости;5;info;top
свадьба в элегантном стиле;5;info;top
свадьба в русском стиле летом одежда;5;info;top
свадьба в русском стиле летом одежда гостям;5;info;top
свадьба в древнерусском стиле;5;info;top
морская свадьба vs в стиле рустик;5;info;top
морская свадьба свадьба в стиле рустик;5;info;top
в каком стиле отметить свадьбу;5;info;top
ресторан под свадьбу в стиле барокко;5;venue-type;top
свадьба в разных стилях;5;info;top
свадьба в стиле шансона;5;info;top
4 свадьбы в немецком стиле;5;info;top
свадьба в немецком стиле;5;info;top
свадьба в стиле ивана купала;5;info;top
свадьба в стиле китч читать;5;info;top
стиль свадьбы варианты;5;info;top
свадьба в стиле манга;5;info;top
свадьба в русском стиле агентство;5;vendors;top
свадьба в собчак в стиле;5;info;top
свадьба стили белый розовый и голубой;5;info;top
свадьба в европейском стиле места в москве;5;geo;top
в каком стиле сыграть свадьбу;5;info;top
свадьба в стиле ростик;5;info;top
стиль свадьбы бохо шик;5;info;top
свадьба в стиле стиляги фото;5;info;top
свадьба в стиле инь янь;5;info;top
свадьба в руском стиле;5;info;top
4 свадьбы свадьба в стиле патриотизма;5;info;top
свадьба в стиле 90х годов;5;info;top
4 свадьбы в японском стиле;5;info;top
рассадка гостей на свадьбе своими руками;5;info;top
рассадка гостей на свадьбе геншин;5;info;top
организация свадеб спб;5;core;top
как делается выездная регистрация брака;5;vendors;top
свадьба в средиземноморском стиле;5;info;top
где можно отметить на природе свадьбу;5;venue-type;top
где провести свадьбу в туле;5;info;top
фото свадебных тортов 3 ярусный;5;vendors;top
свадебные площадки владимир;5;core;top
тамада на свадьбу казань;5;vendors;top
тамада на свадьбу чебоксары;5;vendors;top
лучшая тамада на свадьбу;5;vendors;top
ведущий и диджей на свадьбу москва;5;vendors;top
свадебные фотографы мира;5;vendors;top
свадебный фотограф анастасия;5;vendors;top
свадебный фотограф ростов;5;vendors;top
наталья свадебный фотограф;5;vendors;top
услуги свадебного фотографа на осенью екатеринбург;5;vendors;top
свадебный фотограф прайс;5;vendors;top
свадебный фотограф иванов;5;vendors;top
знаменитые свадебные фотографы;5;vendors;top
знаменитый томский фотограф свадебный;5;vendors;top
свадебный фотограф владимир симонов;5;vendors;top
свадебный фотограф москва авито;5;vendors;top
свадебные фотосессии в крыму;5;vendors;top
музеи для свадебных фотосессий внутри москва;5;vendors;top
свадебная фотосессия на пхукете;5;vendors;top
свадебная фотосессия под дождем;5;vendors;top
свадебная фотосессия с детьми;5;vendors;top
свадебная фотосессия армавир;5;vendors;top
свадебная фотосессия брянск;5;vendors;top
свадебная фотосессия нижний;5;vendors;top
свадебная фотосессия нижний новгород;5;vendors;top
свадебная фотосессия саратов;5;vendors;top
идеи для свадебной фотосессии на улице;5;vendors;top
свадебная фотосессия в студии цены;5;vendors;top
цвет оформления зала на свадьбу;5;vendors;top
как крепить бусы на арку свадебную;5;info;top
арка свадебная и стол белый с цветами;5;rest;top
арка свадебного стола;5;rest;top
как сделать свадебную арку своими руками;5;info;top
свадебная арка из искусственных цветов;5;rest;top
арка свадебная с подсолнухами с тыквой;5;rest;top
цветы для свадебной арки своими руками;5;rest;top
фотозона на свадьбу цена;5;vendors;top
декор фотозоны на свадьбу;5;vendors;top
пинтерест фотозона на свадьбу;5;vendors;top
как сделать фотозону своими руками на свадьбу;5;vendors;top
угловая фотозона на свадьбу;5;vendors;top
фотозоны на свадьбу на фудсити купить;5;vendors;top
размеры фотозоны на свадьбу;5;vendors;top
забыли букет невесты;5;vendors;top
букет невесты из гипсофилы купить в москве;5;vendors;top
букет свадебный для невесты небольшой;5;vendors;top
букет невесты из пионов фото;5;vendors;top
задумка с букетом невесты раздать розочки;5;vendors;top
свадебный букет невесты в одинцово;5;vendors;top
как самой сделать свадебный букет невесты;5;vendors;top
какой высоты должен быть букет невесты;5;vendors;top
букет невесты из кал и эустомы;5;vendors;top
модный букет невесты фото;5;vendors;top
букет невесты на девичник;5;vendors;top
простой букет невесты фото;5;vendors;top
букет невесты минск;5;vendors;top
кидают ли букет невесты на свадьбе;5;vendors;top
какой букет бросает невеста на свадьбе;5;vendors;top
букет невесты купить в чехове с доставкой;5;vendors;top
букет невесты из мелких калл;5;vendors;top
как собрать букет невесты из пионов;5;vendors;top
букет невесты спатифиллум;5;vendors;top
букет невесты пенза;5;vendors;top
букет невесты кимры;5;vendors;top
сколько стоит букет невесты в москве;5;vendors;top
букет невесты в упаковке;5;vendors;top
букет невесты из эустомы и кустовой розы;5;vendors;top
букет невесты из васильков;5;vendors;top
клава кока поймала букет невесты;5;vendors;top
букет невесты балашиха;5;vendors;top
ниспадающий букет невесты;5;vendors;top
букет невесты лавандовый;5;vendors;top
букет невесты из атласных лент своими руками;5;vendors;top
букет невесты своими руками из атласных;5;vendors;top
оригинальный свадебный букет невесты;5;vendors;top
купить букет невесты в шатуре;5;vendors;top
букет невесты на ножке;5;vendors;top
букет невесты в путилково;5;vendors;top
нужен ли букет невесты на венчание;5;vendors;top
букет невесты кино;5;vendors;top
обязательно ли букет невесты на роспись;5;vendors;top
букет невесты ярославль;5;vendors;top
букет невесты белые розы и эустома сиреневый;5;vendors;top
букет невесты гиперикум с гвоздикой;5;vendors;top
букет невесты гладиолусы белые купить в москве;5;vendors;top
букет невесты звезда из проволоки;5;vendors;top
букет невесты из гортензии и гипсофилы;5;vendors;top
букет невесты из диантуса и гиперикум;5;vendors;top
букет невесты из нежно розовых цветов;5;vendors;top
букет невесты красивый из роз фото;5;vendors;top
букет невесты с розами и гипсофилом фото;5;vendors;top
букеты невесты из хлопка нижний новгород;5;vendors;top
бусинви букет для невесты;5;vendors;top
где в волгограде купить букет для невесты;5;vendors;top
где заказать букет невесты в измайлово;5;vendors;top
заказать букет невесты в калининграде с доставкой;5;vendors;top
сатин букет невесты;5;vendors;top
сачок для ловли букета невесты;5;vendors;top
свадебный букет невесты с розой джульетой;5;vendors;top
хлопок сатин букет невесты;5;vendors;top
цветоа букет невесты;5;vendors;top
свадебный букет из гортензии для невесты купить;5;vendors;top
букет невесты купить смоленск;5;vendors;top
букет невесты смоленск недорого;5;vendors;top
бело персиковый букет невесты из кустовых роз;5;vendors;top
букет невесты из персиковых роз;5;vendors;top
букет цветов невесте с яблоками;5;vendors;top
букет из 35 гвоздик свадебный букет невесты;5;vendors;top
букет невесты калф;5;vendors;top
букет невесты на портбукетнице;5;vendors;top
букет невесты своими руками из бисера;5;vendors;top
букет невесты гвоздики и рябина;5;vendors;top
букет невесты из паучьих хризантем;5;vendors;top
каллы в букете невесты звезд шоу бизнеса;5;vendors;top
фото букета для невесты с белыми калами;5;vendors;top
купить букет невесты в дубне;5;vendors;top
букет невесты в рыбинске;5;vendors;top
букет невесты эустома москва цена;5;vendors;top
валберис букет невесты каллы;5;vendors;top
минималистичный букет из лилий для невесты фото;5;vendors;top
самый популярный букет невесты;5;vendors;top
букет невесты под спортивный образ;5;vendors;top
букет для невесты где купить в электростали;5;vendors;top
букет невесты купить электросталь вк;5;vendors;top
букет для невесты маленький оригинальный фото;5;vendors;top
букет невесты бело оливковый;5;vendors;top
букет невесты заказать в москве бордовые каллы;5;vendors;top
букет невесты из темно красных роз;5;vendors;top
букет невесты своими руками из искусственных цветов;5;vendors;top
букет невесты селятино;5;vendors;top
оригинальные букеты для невесты на свадьбу;5;vendors;top
оригинальные идеи с букетом невесты для подружек;5;vendors;top
свадебный букет для невесты сиреневый;5;vendors;top
кидание букета невесты;5;vendors;top
дельфиниум букет невесты;5;vendors;top
букет невесты купить в питере недорого;5;vendors;top
купить букет невесты питер;5;vendors;top
необычные цветы для букета невесты;5;vendors;top
букет невесты своими руками розы;5;vendors;top
букет невесты дублер своими руками;5;vendors;top
букет невесты ставрополь;5;vendors;top
когда лучше покупать букет невесты;5;vendors;top
цветы для осеннего букета невесты;5;vendors;top
букет невесты с розами кахала;5;vendors;top
купить букет невесты москча;5;vendors;top
можно ли дарить букет невесты маме;5;vendors;top
каркас для букета невесты;5;vendors;top
заказать букет невесты рязань;5;vendors;top
букет невесты в бело голубых тонах;5;vendors;top
букет невесты и подвязка;5;vendors;top
букет невесты розовая гипсофила;5;vendors;top
альтернатива бросанию букета невесты на свадьбе;5;vendors;top
можно ли дарить желтые цветы на свадьбу;5;rest;top
заказать букет цветов на свадьбу;5;vendors;top
чем можно заменить цветы на свадьбе;5;rest;top
купить цветы красивые на свадьбу;5;rest;top
популярные цветы на свадьбу;5;rest;top
какие цветы надо дарить на свадьбу;5;rest;top
приглашения на свадьбу вместо цветов;5;info;top
цветы на свадьбу фон;5;rest;top
цветы на свадьбу от мамы;5;rest;top
цветы в высокую узкую вазу на свадьбу;5;rest;top
цветы для невесты на свадьбу от родителей;5;rest;top
на свадьбе музыка цветы;5;vendors;top
цветы для невесты на свадьбу какие выбрать;5;rest;top
можно ли дарить искусственные цветы на свадьбу;5;rest;top
цветы 3 на свадьбу;5;rest;top
арка из цветов на свадьбу аренда;5;price;top
как оформить президиум на свадьбу своими руками;5;info;top
торт на свадьбу 2026 цена;5;vendors;top
сколько стоит госпошлина на бракосочетание 2026;5;price;assoc
канапе на свадьбу для фуршета рецепты;5;rest;top
рецепты для фуршета на свадьбу;5;rest;top
выездной фуршет на свадьбу;5;rest;top
фуршет перед банкетом на свадьбе;5;core;top
свадебный каравай в невинномысске купить;5;rest;top
свадебный каравай что с ним делать;5;info;top
освещенный свадебный каравай заказать в москве цена;5;geo;top
встреча молодых свадебным караваем как происходит;5;info;top
ооо рузский хлебозавод образцы свадебный каравай фото;5;rest;top
как лепятся фигурки на свадебный каравай;5;info;top
свадебные караваи каша ру;5;rest;top
видео рецепт каравай свадебный;5;rest;top
свадебный каравай заказать в воронеже;5;rest;top
живая музыка на свадьбу калининградская область янтарный;5;vendors;top
нужна скрипачка на свадьбу;5;rest;top
заказать на свадьбу артистов цена;5;vendors;top
фэнтези артисты на свадьбу;5;vendors;top
салюты фейерверки на свадьбу;5;vendors;top
салют москва заказать на свадьбу;5;vendors;top
постановка свадебного танца в студии;5;rest;top
организатор свадеб обучение москва;5;vendors;top
координатор на свадьбу цена;5;vendors;top
машина с водителем на свадьбе спб;5;rest;top
машина на свадьбу с водителем ногинск;5;rest;top
машина на свадьбу в кубинке;5;rest;top
лимузин на свадьбу чебоксары;5;rest;top
девиз команды на свадьбу;5;rest;top
бармен шоу на свадьбу;5;vendors;top
самые дорогие рестораны для свадьбы;5;venue-type;top
кафе рестораны для проведения свадеб проведение;5;venue-type;top
серпухов ресторан для свадьбы;5;venue-type;top
ресторан для проведения свадьбы город симферополь;5;venue-type;top
банкетное меню мираж;5;venue-type;top
банкетное меню орел;5;venue-type;top
заказ банкетного меню на дом в кашире;5;venue-type;top
чайкофф брянск банкетное меню;5;venue-type;top
дворянское гнездо королев банкетное меню;5;venue-type;top
стоимость банкетного меню на человека;5;venue-type;top
лучший банкетный зал москвы на сафиса;5;venue-type;top
свадебное фото нейросеть онлайн;5;rest;top
вставить свадебное фото онлайн;5;rest;top
фото куклы свадебной;5;rest;top
свадебные фото сына королевой;5;rest;top
фото со свадебными букетами цветов;5;vendors;top
свадебные фото 18;5;rest;top
свадебные кроссовки для невесты красивые фото;5;rest;top
обработка свадебная фото в capture one;5;rest;top
обработка свадебная фото в darktable;5;rest;top
обработка свадебная фото в gimp;5;rest;top
оформление свадебного зала фото;5;vendors;top
свадебные залы оформление фото;5;vendors;top
свадебные фото на мотоцикле;5;rest;top
свадебное фото тейлор свифт;5;rest;top
фото журнал свадебный;5;rest;top
свадебные фото на пляже;5;rest;top
свадебные фото с родителями молодоженов;5;rest;top
свадебное фото в поле;5;rest;top
свадебные корзины с гортензией фото;5;rest;top
свадебные фото с лицом;5;rest;top
свадебные фото под дождем;5;rest;top
свадебное фото в лесу;5;venue-type;top
красивые свадебные фото жениха и невесты;5;rest;top
свадебные фото алсу;5;rest;top
свадебный стол невесты фото;5;rest;top
фото свадебного стола жениха и невесты;5;rest;top
свадебные фото г;5;rest;top
свадебный номер фото;5;rest;top
свадебные цветы фото красивые;5;rest;top
свадебные фото готическом стиле;5;info;top
свадебные фоторамки для фото настольные с подсветкой;5;rest;top
фото свадебные элизабет тейлор;5;rest;top
свадебные фото с зонтом;5;rest;top
свадебные фото 1890 х годов;5;rest;top
свадебные фото на золотую свадьбу ии;5;rest;top
бумажные помпоны на свадебном столе фото;5;rest;top
артем бейлин и дарья киричук свадебные фото;5;rest;top
свадебные фото частное;5;rest;top
украшаем свадебные машины фото;5;rest;top
фото свадебный белый мужской пиджак;5;rest;top
фото свадебных пиджаков;5;rest;top
свадебные ткани фото;5;rest;top
сервировка свадебного стола фото;5;rest;top
помоги им сделать идеальное свадебное фото;5;rest;top
помоги им сделать идеальное свадебное фото игра;5;rest;top
помоги им сделать свадебное фото игра;5;rest;top
помоги им сделать свадебные фото;5;rest;top
фото свадебного букета и колец;5;vendors;top
фото свадебные шампанское;5;rest;top
фото свадебных букетов с антуриумом;5;vendors;top
красивая свадебная рамка для фото настольная;5;rest;top
дата свадьбы николая 2;5;rest;top
идеальная дата свадьбы по дате рождения;5;rest;top
дорама дата свадьбы русская озвучка;5;rest;top
хорошие даты для свадьбы в июле;5;info;top
дата свадьбы гарри;5;rest;top
свадьба вслепую 3 сезон дата выхода серий;5;info;top
благополучные даты для свадьбы 2026;5;rest;top
дата свадьбы эксайла;5;rest;top
свадьба в малиновке дата выхода;5;rest;top
дата свадьбы юлика и каплан;5;rest;top
какую дату выбрать для свадьбы в 2026;5;rest;top
жену с датой свадьбы;5;rest;top
егор кувашов дата свадьбы;5;rest;top
тату с датой свадьбы;5;rest;top
даты свадеб 2024;5;info;top
дата 21 свадьбу;5;rest;top
подобрать дату свадьбы по датам рождения;5;rest;top
какая благоприятная дата для свадьбы;5;rest;top
название дат свадеб по годам совместной жизни;5;rest;top
марго робби свадьба дата;5;rest;top
как называются даты свадеб по годам;5;info;top
12 сентября дата свадьбы;5;info;top
красивые даты для свадьбы в 2029;5;info;top
чонгук озвучил дату свадьбы тэхена;5;rest;top
с днем бракосочетания в прозе коротко;5;rest;top
с днем бракосочетания от дедушки бабушки;5;rest;top
с днем бракосочетания крестнице;5;rest;top
размеры свадебного стола;5;rest;top
свадебный стол варианты;5;rest;top
свадебные обои на рабочий стол;5;rest;top
как натягивают баннер на свадебную расположение столов;5;info;top
свадебный стол на 15 человек;5;capacity;top
сколько человек уместится за круглым столом свадебным;5;rest;top
альстромерия на свадебный стол;5;rest;top
зеркальный круг 20 см на свадебный стол;5;rest;top
свадебный стол круглый с шариками;5;rest;top
свечи светодиодные на свадебный стол;5;rest;top
скатерть бархат на свадебный круглый стол;5;venue-type;top
свадебный круглый стол с розовой дорожкой;5;rest;top
свадебный банкетный стол;5;venue-type;top
декорирование свадебного стола;5;vendors;top
видео свадебный аттракцион уральские пельмени;5;rest;top
обложка для свадебного видео;5;rest;top
свадебный кортеж красивое видео;5;rest;top
низкий пучок свадебный видео;5;rest;top
видео свадебного вальса и современного танца;5;rest;top
видео свадебный писс;5;rest;top
монтаж свадебного видео цены;5;rest;top
часть свадебной церемонии;5;rest;top
свадебная церемония мелодия;5;rest;top
текст для свадебной церемонии;5;rest;top
свадебная церемония онлайн;5;rest;top
свадебная церемония в турции;5;rest;top
сколько получает ведущий свадебной церемонии;5;vendors;top
стили свадебных церемоний;5;info;top
свадебная церемония на берегу моря;5;rest;top
текст свадебной церемонии в загсе;5;rest;top
wedding day перевод с английского;5;rest;top
wedding day перевод с английского на русский;5;rest;top
wedding day фон;5;rest;top
wedding day choreography viennese;5;rest;top
wedding day rape;5;rest;top
wedding day sex sister;5;rest;top
wedding day xxx;5;rest;top
on your wedding day 2018;5;rest;top
wedding day 2018;5;rest;top
lucky day for the wedding;5;rest;top
подобрать свадебный образ;5;rest;top
свадебные образы с кедами;5;rest;top
свадебный образ что входит;5;info;top
свадебный образ ани покров;5;rest;top
приснилось что я на свадьбе гость;5;info;top
что значит если приснилась свадьба своя;5;info;top
приснилась свадьба любимого;5;rest;top
приснились две свадьбы;5;rest;top
приснилась свадьба со своим мужем;5;rest;top
приснилась подготовка к чужой свадьбе;5;info;top
беременной приснилась свадьба;5;rest;top
онлайн сайты свадебных приглашений;5;info;top
тильда свадебный сайт;5;rest;top
речь на церемонию бракосочетания;5;rest;top
как делать свадебные бокалы с жемчугом гравированный;5;info;top
бокалы виллерой свадебные;5;rest;top
купить свадебные бокалы в звенигороде;5;geo;top
картье свадебные коллекции браслет;5;rest;top
auster свадебная коллекция;5;rest;top
синий свадебный фон;5;rest;top
нейтральный свадебный фон;5;rest;top
свадебный фон а4;5;rest;top
бело зеленый фон свадебный;5;geo;top
свадебный фон для фотошопа в хорошем качестве;5;rest;top
свадебные фоны пнг;5;rest;top
нужна ли свадебная клятва;5;rest;top
как начать свадебную клятву;5;info;top
книжки для свадебных клятв;5;rest;top
католическая свадебная клятва;5;rest;top
варианты свадебных клятв;5;rest;top
структура свадебной клятвы;5;rest;top
дорама свадебная ночь мы оба двойники;5;rest;top
вита ред моя бывшая невеста моего отца;5;rest;top
будь моей красивой невестой;5;rest;top
читать невеста брата будешь моей;5;rest;top
молодожены постоянно ругаются это сглаз или нет;5;rest;top
как покрасить свадебные бутылки;5;info;top
свадебный вальс онлайн;5;rest;top
свадебный вальс слушать онлайн;5;rest;top
танцевальные связки для свадебного вальса;5;rest;top
свадебные обряды индии;5;rest;top
свадебные обряды казаков;5;rest;top
жених в свадебном обряде;5;rest;top
обряд свадебного очага;5;rest;top
свадебный обряд музыка;5;vendors;top
обряд со свадебным;5;rest;top
свадебные обряды и традиции на руси;5;info;top
план свадебного мероприятия;5;info;top
свадебный план лакорн 5;5;info;top
свадебное ателье санкт петербург;5;rest;top
варианты стилей свадьбы;5;info;top
свадьба в черном белом стиле гости;5;info;top
традиция кусать каравай на свадьбе;5;info;top
бокалы для молодоженов на свадьбу традиция;5;info;top
кавказские традиции на свадьбе;5;info;top
традиции и обряды на свадьбу;5;info;top
традиции дагестана на свадьбе;5;info;top
традиция кидать букет на свадьбе;5;vendors;top
традиция с букетом и лентами на свадьбе;5;vendors;top
традиции на свадьбе в узбекистане;5;info;top
мама жениха на свадьбе традиции;5;info;top
свадебные традиции народов россии;5;info;top
свадебные традиции 2026;5;info;top
индийские свадебные традиции;5;info;top
свадебные традиции для жениха;5;info;top
викторина свадебные традиции;5;info;top
казахские свадебные традиции;5;info;top
китайские свадебные традиции;5;info;top
свадебные традиции в италии;5;info;top
мордовские свадебные традиции;5;info;top
странные свадебные традиции;5;info;top
свадебные традиции мусульман;5;info;top
свадебные традиции в россии современные и старинные;5;info;top
анимированное свадебное приглашение;5;info;top
как сделать свадебное приглашение на тильде;5;info;top
красивые шрифты для свадебных приглашений;5;info;top
свадебные приглашения на свадьбу онлайн;5;info;top
свадебные приглашения на заказ;5;info;top
создать видео приглашение на свадьбу;5;info;top
как проводят свадьбу в россии;5;info;top
как проводят русскую свадьбу;5;info;top
как провести свадьбу на природе;5;venue-type;top
где бюджетно провести свадьбу;5;price;top
сценарий юбилея свадьбы в домашних условиях;5;info;top
торт на ртутную свадьбу;5;vendors;top
сколько кусков торта продают на свадьбе;5;vendors;top
торт на свадьбе кокы и масленникова;5;vendors;top
торт с капкейками на свадьбу;5;vendors;top
торты на свадьбу небольшие;5;vendors;top
торт на бирюзовую свадьбу;5;vendors;top
необычный торт на свадьбу;5;vendors;top
торт на свадьбу с лягушками;5;vendors;top
торт на свадьбе иды галич;5;vendors;top
торты на свадьбу 3 кг;5;vendors;top
торт на свадьбу примеры;5;vendors;top
нужен ли торт на свадьбу;5;vendors;top
торт тирамису на свадьбу;5;vendors;top
торт прямоугольный на свадьбу длинный размеры бисквита;5;vendors;top
торт на свадьбу 2026 электросталь;5;vendors;top
торт в виде сердца на свадьбу;5;vendors;top
торт с фальш ярусами на свадьбу;5;vendors;top
торт шар бомба с сюрпризом на свадьбу;5;vendors;top
самый дорогой кусок торта на свадьбе;5;vendors;top
торт со свечками на свадьбу;5;vendors;top
как сделать двухъярусный торт на свадьбу;5;vendors;top
торт на свадьбу 2 кг;5;vendors;top
торт на льняную свадьбу;5;vendors;top
огромные торты на свадьбу;5;vendors;top
торт агзамова на свадьбу;5;vendors;top
торт на свадьбу агзамов;5;vendors;top
свадебная фотосессия пхукет;5;vendors;top
веселая свадебная музыка без слов;5;vendors;top
зажигательная свадебная музыка;5;vendors;top
свадебная музыка ноты;5;vendors;top
музыка игорь кипелов пополам свадебная;5;vendors;top
музыка игорь кипелов свадебная;5;vendors;top
музыка на саксофоне красивая для свадебного танца;5;vendors;top
классическая музыка для свадебного танца;5;vendors;top
свадебная музыка иностранная;5;vendors;top
свадебная музыка без слов в загсе;5;vendors;top
пресеты для свадебных фотографий в lightroom;5;vendors;top
комментарий к свадебной фотографии;5;vendors;top
фотошоп свадебной фотографии;5;vendors;top
свадебные фотографии дома;5;vendors;top
ретушь свадебных фотографий;5;vendors;top
свадебные фотографии общие;5;vendors;top
захарова свадебная фотография;5;vendors;top
мария захарова свадебные фотографии;5;vendors;top
свадебные фотографии захаровой;5;vendors;top
свадебные фотографии марии захаровой;5;vendors;top
свадебные фотографии медведевой;5;vendors;top
частные откровенные свадебные фотографии;5;vendors;top
эротические свадебные фотографии пары;5;vendors;top
сделать свадебную фотографию ии;5;vendors;top
оформление свадебного шатра;5;vendors;top
оформление свадебного зала бюджетно;5;vendors;top
оформление свадебного зала своими руками варианты бюджетные;5;vendors;top
марк в свадебном оформлении;5;vendors;top
свадебный ведущий волгоград;5;vendors;top
топ свадебных ведущих москвы;5;vendors;top
фотозона свадебная авито;5;vendors;top
свадебная фотозона из органзы;5;vendors;top
свадебная фотозона в стиле хогвартс;5;vendors;top
как сделать свадебную фотозону;5;vendors;top
свадебный торт без мастики двухъярусные;5;vendors;top
декоратор на свадьбу авито;5;vendors;top
декоратор на свадьбу жуковский;5;vendors;top
зал свадебных торжеств;5;core;top
свадебный зал в москве список;5;geo;top
свадебный зал в одинцово с отелем;5;venue-type;top
свадебный зал в особняке леман на гороховой;5;venue-type;top
сколько стоит провести свадьбу в египте;5;price;top
холодный фонтан на свадьбу фейерверк мытищи;5;vendors;top
свадьба никиты трушникова тренера ссср балашиха;5;rest;top
айвенго подольск свадьба;5;rest;top
купить атрибутику для свадьбы в подольске;5;rest;top
магазин атрибутики для свадьбы в подольске;5;rest;top
свадьба пушкине ведущий;5;vendors;top
букетик невесты на свадьбу пушкино;5;vendors;top
микроавтобус на свадьбу в раменском;5;rest;top
каравай на свадьбу заказать щелково;5;rest;top
ленты на авто свадьбы купить г щелково;5;rest;top
фотосессия свадьбы в дмитрове;5;vendors;top
каравай на свадьбу дмитров заказать;5;geo;top
аренда зала под свадьбу солнечногорск;5;price;top
где в ногинске можно сыграть свадьбу;5;info;top
астро плаза видное свадьба;5;rest;top
лучшие свадьбы зимой;5;info;top
свадьба зимой 2009;5;info;top
образ мамы жениха на свадьбе летом;5;rest;top
бюджетные свадьбы летом;5;price;top
что можно надеть на свадьбу женщине летом;5;info;top
образ мамы невесты на свадьбе дочери летом;5;rest;top
образ на свадьбу летом маме невесты;5;rest;top
что одеть на свадьбу летом 2026;5;info;top
лето пора свадеб;5;rest;top
салаты на свадьбу лето;5;rest;top
осень время свадеб;5;info;top
что одеть на свадьбу сына маме осенью;5;info;top
когда в августе можно играть свадьбу;5;info;top
что надеть на свадьбу в августе;5;info;top
свадьбы в октябре 2025;5;info;top
свадьба в центре москвы в отеле;5;venue-type;top
свадьба в отеле фото;5;venue-type;top
свадьба на даче фото;5;rest;top
декорации на даче к свадьбе;5;vendors;top
свадьба на даче завязать ленты от жениха;5;rest;top
снять дачу на свадьбу подмосковья самый дешевый;5;price;top
дом пашкова свадьба;5;rest;top
как оформить дом на свадьбу;5;info;top
свадьба дома что приготовить;5;info;top
рецепты на свадьбу с фото дома;5;rest;top
свадьба дома рецепты;5;rest;top
стол на свадьбу дома фото;5;rest;top
фото фуршетного стола на свадьбу дома;5;rest;top
фуршетный стол на свадьбу дома рецепты;5;rest;top
фото свадеб дом 2;5;rest;top
дом 2 свадьба жене;5;rest;top
банкетный зал с проживанием;5;venue-type;top
аренда банкетного зала истра;5;venue-type;top
аренда помещения банкетный зал;5;venue-type;top
марриотт на кудринской аренда банкетного зала;5;venue-type;top
аренда банкетного зала волгоград;5;venue-type;top
аренда банкетного зала в щербинке;5;venue-type;top
аренда банкетных залов без еды;5;venue-type;top
банкетные залы для юбилея недорого;5;venue-type;top
банкетный зал для корпоратива москва недорого;5;venue-type;top
банкетные залы махачкала цены и адреса;5;venue-type;top
кредит в сбере на свадьбу;5;rest;top
кейтеринг на свадьбу 30 человек;5;rest;top
как организовать свадьбу без ведущего;5;vendors;top
как организовать свадьбу ведущему;5;vendors;top
как организовать красивую свадьбу;5;info;top
что нужно купить для свадьбы полный список;5;info;top
свадебные площадки ло;4;core;top
свадебные площадки спб и ло;4;core;top
свадебные площадки чебоксары;4;core;top
свадебная площадка тамбов;4;core;top
свадебные площадки в калужской области;4;core;top
свадебная площадка курск;4;core;top
свадебные площадки курган;4;core;top
свадебные площадки ленобласть;4;core;top
площадки для свадьбы ижевск;4;core;top
амбар площадка для свадьбы;4;core;top
рублево успенское площадка для свадьбы;4;geo;top
площадка для свадьбы тула;4;core;top
площадки для свадьбы челябинск;4;core;top
вопросы площадке для свадьбы;4;core;top
площадки для свадьбы самара;4;core;top
места для свадеб тула;4;rest;top
места для свадьбы в краснодаре;4;rest;top
место регистрации для свадьбы;4;vendors;top
самые лучшие места для свадьбы;4;rest;top
места для выездной свадьбы;4;rest;top
где отметить свадьбу в спб;4;info;top
где отметить свадьбу в рязани;4;info;top
где отметить свадьбу в воронеже;4;info;top
где отметить свадьбу в самаре;4;info;top
где отметить свадьбу в казани;4;info;top
где отметить свадьбу 20 человек;4;info;top
где отметить свадьбу в минске;4;info;top
где отметить свадьбу в сочи;4;info;top
банкетные залы в туле для свадьбы;4;venue-type;top
банкетные залы тюмень для свадьбы;4;venue-type;top
банкетный зал для свадьбы тюмень;4;venue-type;top
банкетный зал для свадьбы омск;4;venue-type;top
банкетный зал для свадьбы лофт;4;venue-type;top
дома с банкетным залом для свадьбы;4;venue-type;top
банкетные залы для свадьбы тамбов;4;venue-type;top
банкетные залы для свадьбы смоленск;4;venue-type;top
смоленск банкетный зал для свадьбы;4;venue-type;top
банкетные залы саранск для свадьбы;4;venue-type;top
банкетный зал саранск для свадьбы;4;venue-type;top
рестораны с видом красивым для свадьбы;4;venue-type;top
рестораны для свадеб дом ресторан;4;venue-type;top
видовой ресторан для свадьбы;4;venue-type;top
ресторан для свадьбы ростов на дону;4;venue-type;top
ресторан за городом для свадьбы;4;venue-type;top
свадебный банкет на 40 человек;4;capacity;top
сколько длится свадебный банкет;4;core;top
где провести свадьбу в смоленске;4;info;top
провести свадьбу в смоленске;4;core;top
где провести свадьбу за городом;4;info;top
провести выкуп на свадьбе;4;core;top
свадьба на 30 человек как провести;4;capacity;top
все хорошо проводили на свадьбе;4;rest;top
где провести свадьбу в калининграде;4;info;top
помоги итану и анне провести идеальную свадьбу;4;core;top
как проводят свадьбы видео;4;info;top
сценарий провести весело свадьбу;4;info;top
тамбов провести свадьбу;4;core;top
где провести 2 день свадьбы;4;info;top
сколько стоит провести свадьбу в ресторане;4;venue-type;top
как проводят свадьбу в деревне;4;info;top
в каком стиле провести свадьбу;4;info;top
организация свадеб идеи;4;info;top
организация свадьбы бюджет;4;core;top
организация свадеб нальчик;4;core;top
договор на организацию свадьбы;4;core;top
организация обрядов свадеб юбилеев патент;4;core;top
помощник в организации свадеб;4;core;top
организация свадьбы екатеринбург;4;venue-type;top
банкетный лофт для свадьбы;4;venue-type;top
усадьба в спб для проведения свадьбы;4;venue-type;top
шатер беседка для свадьбы;4;venue-type;top
большой шатер для свадьбы;4;venue-type;top
шатер для свадьбы нижний новгород;4;venue-type;top
шатры в нижнем новгороде для проведения свадьбы;4;core;top
шатры для свадьбы нижний;4;rest;top
шатер оренбург для свадьбы;4;venue-type;top
белый шатер для свадьбы;4;venue-type;top
свадьба в шатре отзывы;4;rest;top
коттедж для свадьбы нижний новгород;4;venue-type;top
свадьба на теплоходе фото;4;venue-type;top
свадьба на природе 30 человек;4;venue-type;top
свадьба на природе спб;4;venue-type;top
беседка для свадьбы на природе;4;venue-type;top
что приготовить на свадьбу на природе;4;venue-type;top
свадьба на природе калуга;4;venue-type;top
игры на свадьбу на природе;4;venue-type;top
красивые свадьбы на природе;4;venue-type;top
празднование свадьбы на природе;4;venue-type;top
свадьба тольятти на природе;4;venue-type;top
свадьба на природе тюмень;4;venue-type;top
как одеться на свадьбу на природе;4;venue-type;top
проведение свадьбы на 20 человек;4;capacity;top
рассадка на свадьбу 30 человек;4;info;top
сколько выйдет свадьба на 50 человек;4;capacity;top
калькулятор алкоголя на свадьбу 50 человек;4;rest;top
во сколько обходится свадьба на 50 человек;4;capacity;top
цена свадьбы на 100 человек;4;capacity;top
камерная свадьба ижевск;4;capacity;top
как камерно отпраздновать свадьбу;4;capacity;top
камерная свадьба без ведущего идеи;4;vendors;top
помещение для камерной свадьбы;4;capacity;top
маленькая камерная свадьба;4;capacity;top
интерактив на камерную свадьбу;4;capacity;top
сценарий камерной свадьбы без ведущего в ресторане;4;vendors;top
мой маленький пони дружба и чудо свадьба;4;capacity;top
организовать маленькую свадьбу;4;capacity;top
сценарий маленькой свадьбы для близких родственников;4;capacity;top
свадьба в тайланде для двоих;4;capacity;top
свадьба в тайланде для двоих стоимость;4;capacity;top
свадьба для двоих питер;4;capacity;top
проведение свадьбы за городом;4;core;top
отели в москве и подмосковье свадьба;4;venue-type;top
проведение свадьбы в подмосковье недорого;4;price;top
где можно сыграть свадьбу в подмосковье;4;geo;top
свадьба на 15 человек недорого;4;capacity;top
презент на свадьбу молодоженам недорого и оригинально;4;price;top
как отметить серебряную свадьбу недорого и необычно;4;price;top
недорогой президиум на свадьбу;4;price;top
оформление президиума на свадьбу недорого;4;vendors;top
кафе проведение свадеб недорого;4;venue-type;top
свадьба под ключ ростов;4;price;top
свадьба под ключ смоленск;4;price;top
свадьба под ключ волгоград;4;price;top
стоимость тамады на свадьбу;4;vendors;top
сколько стоит кавер группа на свадьбу;4;vendors;top
сколько стоит пригласить джонни на свадьбу;4;price;top
сколько стоит пригласить патимат расулову на свадьбу;4;price;top
сколько будет стоить сделать свадьбу;4;rest;top
сколько стоила свадьба криштиану роналду;4;price;top
сколько стоила свадьба мистера биста;4;price;top
сколько стоит позвать зайнаб махаева на свадьбу;4;price;top
сколько стоит позвать на свадьбу зайнаб махаеву;4;price;top
тимур темиров сколько стоит пригласить на свадьбу;4;price;top
сколько стоит позвать нагиева на свадьбу;4;price;top
сколько стоит свадьба в спб;4;price;top
сколько стоит свадьба форум;4;price;top
сколько стоит пригласить наваи на свадьбу;4;price;top
свадьба зубарева сколько стоила;4;price;top
сколько стоит заказать певца на свадьбу;4;price;top
сколько стоит свадьба на 80 человек;4;capacity;top
сколько в среднем стоит фотограф на свадьбу;4;vendors;top
сколько стоит свадьба в армении;4;price;top
анна асти на свадьбу сколько стоит;4;price;top
сколько стоит филипп киркоров на свадьбу;4;price;top
сколько стоит свадьба челябинск;4;price;top
сколько стоит заказать иванушек на свадьбу;4;price;top
сколько стоит позвать рианну на свадьбу;4;price;top
сколько стоит рушник на свадьбу;4;price;top
сколько стоит среднестатистическая свадьба;4;price;top
арсен шахунц сколько стоит пригласить на свадьбу;4;price;top
сколько стоит позвать на свадьбу диму билана;4;price;top
сколько стоит армянская свадьба;4;price;top
сколько стоит видеосъемка на свадьбу;4;price;top
ведущий на маленькую свадьбу;4;vendors;top
ведущий на свадьбу саратов;4;vendors;top
каким должен быть ведущий на свадьбе;4;vendors;top
песочная церемония на свадьбе текст для ведущей;4;vendors;top
ведущий на свадьбу ставрополь;4;vendors;top
курсы ведущего на свадьбе;4;vendors;top
мужчина ведущий на свадьбе;4;vendors;top
нужно ли кормить ведущих на свадьбе;4;vendors;top
выход ведущего на свадьбу;4;vendors;top
ведущий свадьбы на английском;4;vendors;top
договор на ведущего свадьбы;4;vendors;top
знаменитые ведущие на свадьбу;4;vendors;top
слова ведущего на свадьбе сценарий на свадьбу;4;vendors;top
ведущий на свадьбу описание;4;vendors;top
ведущий на свадьбу вк;4;vendors;top
красивая ведущая на свадьбу;4;vendors;top
на сколько берут фотографа на свадьбу;4;vendors;top
средняя цена фотографа на свадьбу;4;vendors;top
фотограф на свадьбу барнаул;4;vendors;top
благодарность фотографу на свадьбе;4;vendors;top
фотограф видеограф на свадьбу цена;4;vendors;top
как написать фотографу на свадьбу;4;vendors;top
профессиональное фотограф на свадьбу;4;vendors;top
фотограф на свадьбу липецк;4;vendors;top
услуги видеографа на свадьбу;4;vendors;top
видеограф пенза на свадьбу;4;vendors;top
обучение свадебному декору;4;vendors;top
декор свадебный для дома;4;vendors;top
декор торта свадебного фото;4;vendors;top
свадебный декор цена;4;vendors;top
оливковая свадьба оформление;4;vendors;top
свадьба рустик оформление;4;vendors;top
коричневое оформление свадьбы;4;vendors;top
оформление президиума на свадьбу фото;4;vendors;top
оформление президиума на свадьбу 2026;4;vendors;top
оформление свадьбы казань;4;vendors;top
оформление свадьбы в голубом цвете;4;vendors;top
идеи оформления зала на свадьбу;4;vendors;top
стили оформления зала свадьбу;4;vendors;top
оформление шатра на свадьбу;4;vendors;top
оформление бутылки шампанского на свадьбу;4;vendors;top
свадьба на даче оформление;4;vendors;top
ассистент свадебного организатора;4;vendors;top
свадебный организатор тюмень;4;vendors;top
вопросы свадебному организатору;4;vendors;top
свадебный организатор курск;4;vendors;top
сколько стоят услуги свадебного организатора;4;vendors;top
свадебное агентство про любовь;4;vendors;top
свадебное агентство белый;4;vendors;top
свадебное агентство darsy отзывы;4;vendors;top
свадебное агентство рязань;4;vendors;top
уральские пельмени свадебное агентство;4;vendors;top
свадебное агентство тула;4;vendors;top
свадебные агентства россии;4;vendors;top
свадебное агентства петербурга;4;vendors;top
свадебное агентство санкт;4;vendors;top
свадебное агентство санкт петербург;4;vendors;top
morozova wedding свадебное агентство;4;vendors;top
свадебное агентство тверь;4;vendors;top
тамада и диджей на свадьбу;4;vendors;top
диджей на свадьбу воронеж;4;vendors;top
каталог свадебные торты;4;vendors;top
советский торт свадебный;4;vendors;top
популярные начинки для свадебного торта;4;vendors;top
свадебный торт с подсветкой;4;vendors;top
прямоугольный торт на 6 кг свадебный;4;vendors;top
цена свадебного торта 5 кг;4;vendors;top
самый дорогой свадебный торт;4;vendors;top
свадебный торт рязань;4;vendors;top
круглый свадебный торт с ягодами;4;vendors;top
свадебный торт с цветами фото;4;vendors;top
обучение свадебным тортом;4;vendors;top
лебеди из мастики на свадебный торт;4;vendors;top
невилл мой свадебный торт;4;vendors;top
дегустация свадебных тортов набор;4;vendors;top
свадебный торт квадратный 1 ярус;4;vendors;top
свадебный торт прямоугольный пинтерест;4;vendors;top
сколько в среднем стоит свадебный торт;4;vendors;top
свадебный торт чита;4;vendors;top
дизайн свадебного торта 3;4;vendors;top
дизайн свадебного торта 3 яруса;4;vendors;top
цветы вафельные для торта свадебные;4;vendors;top
свадебные торты онлайн;4;vendors;top
стильный свадебный торт;4;vendors;top
трендовые свадебные торты 2026;4;vendors;top
средняя стоимость свадебного торта;4;vendors;top
лот от свадебного торта;4;vendors;top
фейерверк для свадебного торта;4;vendors;top
спираль для свадебного торта;4;vendors;top
крем для выравнивания свадебного торта;4;vendors;top
свадебный торт с гипсофилой;4;vendors;top
свадебный торт иды галич;4;vendors;top
свадебный торт белый два яруса;4;vendors;top
домашние свадебные торты рецепты;4;vendors;top
примеры свадебных тортов;4;vendors;top
свадебный торт 2х ярусный;4;vendors;top
свадебный торт 2026 цена;4;vendors;top
свадебный торт с лилиями;4;vendors;top
свадебный торт фон;4;vendors;top
свадебный торт на 10 человек;4;vendors;top
свадебные торты фото самые красивые двухъярусные;4;vendors;top
свадебный стилист софья дубинина;4;vendors;top
свадебный стилист сочи;4;vendors;top
выездная регистрация брака ростов;4;vendors;top
выездная регистрация брака ростов на дону;4;vendors;top
варианты выездной регистрации;4;vendors;top
выездная регистрация барнаул;4;vendors;top
выездная регистрация брака барнаул;4;vendors;top
выездная регистрация на берегу сочи;4;vendors;top
выездная регистрация сочи на берегу моря;4;vendors;top
подиум для выездной регистрации;4;vendors;top
арки для выездной регистрации готовые;4;vendors;top
выездная регистрация брака фото;4;vendors;top
выездная регистрация ульяновск;4;vendors;top
тайминг выездной регистрации;4;vendors;top
тайминг свадьбы с выездной регистрацией;4;vendors;top
выездная регистрация казань;4;vendors;top
выездная регистрация липецк;4;vendors;top
сценарий выездной регистрации брака текст;4;vendors;top
сценарий выездной регистрации текст;4;vendors;top
выездная регистрация брака пермь;4;vendors;top
выездная регистрация на теплоходе;4;vendors;top
выездная регистрация брака орел;4;vendors;top
выездная регистрация это официально или нет;4;vendors;top
выездная регистрация челябинск;4;vendors;top
виды выездной регистрации;4;vendors;top
выездная регистрация права собственности;4;vendors;top
музыка для выездной регистрации брака;4;vendors;top
выездная регистрация ленобласть;4;vendors;top
выездная регистрация музыка выход невесты;4;vendors;top
в осетии выездная регистрация брака;4;vendors;top
выездная регистрация брака видео;4;vendors;top
выездная регистрация биометрии;4;vendors;top
выездная регистрация на улице;4;vendors;top
какой бюджет свадьбы в 2026;4;rest;top
расчет бюджета на свадьбу;4;rest;top
бюджет свадьбы клавы коки;4;rest;top
какой бюджет нужен на свадьбу;4;rest;top
сценарий свадьбы в семейном кругу;4;info;top
сценарий свадьбы в узком семейном круге;4;info;top
лучшие сценарии свадьбы;4;info;top
сценарий свадьбы 2025;4;info;top
сценарий свадьбы загс;4;info;top
сценарий юбилея серебряной свадьбы;4;info;top
сценарий свадьба для друга;4;info;top
сценарий свадьбы для немолодой пары второй брак;4;info;top
небольшой сценарий на свадьбу;4;capacity;top
свадьба вечеринка сценарий;4;info;top
сценарий свадьбы юмористический;4;info;top
второй день свадьбы сценарий в деревне;4;info;top
сценарий второго дня свадьбы в деревне;4;info;top
готовый сценарий свадьбы 2026;4;info;top
купить сценарий свадьбы для ведущего;4;vendors;top
свадьба в сентябре значение;4;info;top
идеи декора для свадьбы;4;vendors;top
идея для кожаной свадьбы;4;info;top
идеи для лотереи на свадьбу;4;info;top
идеи для красивой свадьбы;4;info;top
стиль жениха на свадьбу 2026;4;info;top
свадьба в стиле 90х как одеться;4;info;top
стиль на свадьбу черная рубашка;4;info;top
женская мода и стиль для свадеб;4;info;top
свадьба в стиле аля рус;4;info;top
свадьба в стиле италии;4;info;top
4 свадьбы свадьба в стиле голливудская;4;info;top
свадьба в черном стиле фото;4;info;top
стиль рустик на свадьбе в одежде;4;info;top
свадьба в итальянском стиле одежда;4;info;top
свадьба в деревенском стиле vs свадьба маскарад;4;info;top
свадьба в турецком стиле;4;info;top
свадьба в стиле итальянской мафии;4;info;top
свадьба в стиле бдсм;4;info;top
свадьба в стиле русских традиций;4;info;top
цветовые стили свадеб;4;info;top
стиль свадьбы 2025;4;info;top
свадьба в русско славянском стиле;4;info;top
день рождения в стиле свадьба;4;info;top
армянский стиль свадьбы;4;info;top
свадьба в ковбойском стиле;4;info;top
свадьба в стиле руси;4;info;top
свадьба в стиле цирк;4;info;top
свадьба в деревенском стиле пожарная свадьба;4;info;top
свадьба в джинсовом стиле;4;info;top
свадьба в стиле пиратов карибского моря;4;info;top
как оформить план рассадки гостей на свадьбе;4;info;top
план рассадки гостей на свадьбе плакат;4;info;top
сделать рассадку гостей на свадьбу онлайн;4;info;top
создать макет рассадки гостей на свадьбу онлайн;4;info;top
таблички для рассадки гостей на свадьбе;4;info;top
генератор рассадки гостей на свадьбе;4;info;top
рестораны для проведения свадеб спб;4;venue-type;top
забронировать ресторан для свадьбы;4;venue-type;top
где можно отпраздновать свадьбу недорого;4;price;top
сколько стоит сыграть свадьбу в тамбове;4;price;top
свадебный торт на 4 кг фото;4;vendors;top
свадебный торт на 35 человек;4;vendors;top
свадьба в стиле 18 века;4;info;top
сколько стоит свадебный торт на 40 человек;4;vendors;top
свадьба в стиле готика;4;info;top
свадьба в черно красном стиле;4;info;top
современный тамада на свадьбу;4;vendors;top
тамада на небольшую свадьбу;4;vendors;top
тамада на свадьбу тамбов;4;vendors;top
свадебный фотограф ярославль;4;vendors;top
свадебный фотограф примеры;4;vendors;top
свадебный фотограф удалил фото;4;vendors;top
свадебный фотограф елена;4;vendors;top
свадебный фотограф брянск;4;vendors;top
фотограф свадебный инстаграм;4;vendors;top
свадебный фотограф краснодар;4;vendors;top
свадебный фотограф татьяна;4;vendors;top
городская свадебная фотосессия;4;vendors;top
идеи поз для свадебной фотосессии;4;vendors;top
свадебная фотосессия до свадьбы;4;vendors;top
таврический сад свадебная фотосессия;4;vendors;top
свадебная фотосессия челябинск;4;vendors;top
варианты свадебных фотосессий;4;vendors;top
свадебная фотосессия в александровском саду;4;vendors;top
промт на свадебную фотосессию;4;vendors;top
свадебная фотосессия на кабриолете;4;vendors;top
свадебная фотосессия в машине;4;vendors;top
свадебная фотосессия с собакой;4;vendors;top
свадебные арки для фотосессии;4;vendors;top
локации для свадебной фотосессии зимой;4;vendors;top
свадебное фотосессия напрокат;4;vendors;top
свадебная фотосессия в анапе;4;vendors;top
свадебная фотосессия в питере локации;4;vendors;top
свадебная фотосессия тула;4;vendors;top
красивые позы для свадебной фотосессии;4;vendors;top
свадебная фотосессия во вьетнаме;4;vendors;top
прямоугольная арка свадебная;4;rest;top
готовая свадебная арка;4;rest;top
свадебная арка на прокат;4;rest;top
как украсить свадебную арку своими руками;4;info;top
свадебная арка своими руками пошаговая;4;rest;top
какую ткань используют для фотозоны на свадьбу;4;vendors;top
фотозона на свадьбу рамка инстаграма;4;vendors;top
молочный букет невесты;4;vendors;top
букет невесты купить калининград;4;vendors;top
букет невесты иваново;4;vendors;top
букет невесты 2026 белый;4;vendors;top
букет невесты в екб;4;vendors;top
букет невесты в кремовых тонах;4;vendors;top
букет невесты владивосток;4;vendors;top
букет невесты гладиолусы и эустома;4;vendors;top
букет невесты курган;4;vendors;top
букет невесты мск;4;vendors;top
букет невесты новороссийск;4;vendors;top
букет невесты пермь купить;4;vendors;top
букет невесты с бордовым акцентом;4;vendors;top
букет невесты симферополь;4;vendors;top
букет невесты тверь купить;4;vendors;top
заказать букет невесты воронеж;4;vendors;top
какой букет невесты лучше выбрать;4;vendors;top
розыгрыш букета невесты на свадьбе;4;vendors;top
свадебный букет невесты калининград;4;vendors;top
свадебный букет для невесты воронеж;4;vendors;top
букет невесты в фиолетовом цвете;4;vendors;top
обязательно кидать букет невесты;4;vendors;top
обязательно ли кидать букет невесты;4;vendors;top
как называется невеста кидает букет;4;vendors;top
свадебный букет невесты с голубыми цветами;4;vendors;top
можно ли кидать букет невесты на свадьбе;4;vendors;top
как оформить букет невесты;4;vendors;top
откуда пошла традиция бросать букет невесты;4;vendors;top
ранункулюс и эвкалипт букет невесты;4;vendors;top
изумрудный букет невесты;4;vendors;top
чем можно заменить букет невесты;4;vendors;top
букет невесты 2026 маленький;4;vendors;top
букет невесты доставка спб;4;vendors;top
букет невесты из калл своими руками;4;vendors;top
свадебный букет для невесты из орхидей;4;vendors;top
букет невесты санкт петербург заказать;4;vendors;top
кто привозит букет невесты;4;vendors;top
как собрать букет невесты из лилий;4;vendors;top
букет невесты из гипсофилы своими руками;4;vendors;top
обязательно ли нужен букет невесты;4;vendors;top
букет невесты владимир;4;vendors;top
можно ли букет невесты оставить невесте себе;4;vendors;top
белые герберы букет невесты;4;vendors;top
букет невесты из хризантем и гипсофилы;4;vendors;top
букет невесты из бусин своими руками;4;vendors;top
букет невесты из маленьких розочек;4;vendors;top
букет невесты из простых цветов;4;vendors;top
букет невесты тюмень;4;vendors;top
букет невесты фото бордовый;4;vendors;top
из каких цветов лучше делать букет невесты;4;vendors;top
труп невесты букет;4;vendors;top
из каких цветов состоит букет невесты;4;vendors;top
почему букет невесты дороже обычного;4;vendors;top
кто покупает свадебный букет для невесты;4;vendors;top
как подобрать букет невесты;4;vendors;top
букет невесты в июле;4;vendors;top
свадебный букет для невесты из кустовой розы;4;vendors;top
букет невесты уфа;4;vendors;top
для чего нужен букет невесты на свадьбе;4;vendors;top
можно ли невесте букет из каллы;4;vendors;top
букет невесты висящий;4;vendors;top
роза букет невесты сорт;4;vendors;top
невесты со свадебными букетами;4;vendors;top
обязателен ли букет невесты на свадьбе;4;vendors;top
обязательно букет невесте на свадьбу;4;vendors;top
почему нельзя трогать букет невесты;4;vendors;top
какой букет невесты выбрать искусственный или живой;4;vendors;top
как засушить букет невесты в домашних условиях;4;vendors;top
букет невесты ксении бородиной;4;vendors;top
букет для невесты на сватовство;4;vendors;top
букет невесты роза с гвоздикой;4;vendors;top
паникум в букете невесты;4;vendors;top
поймала букет невесты замужняя;4;vendors;top
что значит если девушка поймала букет невесты;4;vendors;top
как сделать букет невесты из эустомы;4;vendors;top
ашера букет невесты;4;vendors;top
букет невесты 2026 минимализм;4;vendors;top
букет невесты август 2026;4;vendors;top
заказать букет невесты и бутоньерку;4;vendors;top
как закрепить ленту на букете невесты;4;vendors;top
букет невесты должен быть белым;4;vendors;top
кто оплачивает букет невесты;4;vendors;top
можно ли хранить букет невесты;4;vendors;top
можно хранить букет невесты;4;vendors;top
что нужно делать с букетом невесты;4;vendors;top
букет невесты аудиокнига ольги янышевой;4;vendors;top
ольга янышева букет невесты;4;vendors;top
ольга янышева букет невесты аудиокнига;4;vendors;top
янышева букет невесты аудиокнига;4;vendors;top
модные цветы на свадьбу;4;rest;top
какие цветы дарят на фарфоровую свадьбу;4;rest;top
дресс код на свадьбу палитра цветов;4;rest;top
аренда ваз для цветов на свадьбу;4;price;top
чем заменить букет цветов на свадьбу;4;vendors;top
цветы каллы значение на свадьбе;4;rest;top
какие цветы сейчас дарят на свадьбу;4;rest;top
домашний цветок на свадьбу;4;rest;top
браслет цветы на свадьбу;4;rest;top
цветы на гранатовую свадьбу;4;rest;top
купить цветы в туле хорошие на свадьбу;4;rest;top
торт на свадьбу с живыми цветами;4;vendors;top
цветы для невесты на свадьбу от жениха;4;rest;top
цветочная арка на свадьбу из живых цветов;4;rest;top
президиум на свадьбу 2027;4;rest;top
энтеросгель бар на свадьбе;4;rest;top
свадебный каравай смоленск;4;rest;top
слова на свадебный каравай;4;rest;top
как подать свадебный каравай;4;info;top
каравай свадебный екатеринбург;4;venue-type;top
оформление свадебного каравая;4;vendors;top
рецепт приготовления свадебного каравая;4;rest;top
свадебный хлеб каравай своими руками;4;rest;top
на свадьбу найти музыканта;4;vendors;top
татарские артисты на свадьбу;4;vendors;top
постановка первого свадебного танца;4;rest;top
таранят на свадьбе машины;4;rest;top
авито аренда машины на свадьбу;4;price;top
машина на свадьбу дорогая;4;rest;top
где можно украсить машину на свадьбу;4;info;top
где украсить машину на свадьбу;4;info;top
ткань на машину на свадьбу;4;rest;top
машины на свадьбу белгород;4;rest;top
как сейчас украшают машины на свадьбу;4;info;top
цена проката машины на свадьбу;4;rest;top
машина на свадьбу липецк;4;rest;top
машины на свадьбу лимузин;4;rest;top
машина на свадьбу саранске;4;rest;top
свадебная фотосессия в лесу;4;vendors;top
свадебный видеограф в спб данила щегельский;4;vendors;top
как называется свадебная арка;4;info;top
кто поймал букет невесты продолжение;4;vendors;top
свадебная арка с люстрой;4;rest;top
бронирование ресторанов для свадьбы;4;venue-type;top
кафе с банкетным меню курск;4;venue-type;top
пример банкетного меню на 30 человек;4;venue-type;top
банкетное меню сколько грамм на человека еды;4;venue-type;top
горячие закуски банкетное меню;4;venue-type;top
банкетное меню образец;4;venue-type;top
банкетный стол на свадьбу меню;4;venue-type;top
банкетное меню на вынос;4;venue-type;top
калькулятор банкетного меню;4;venue-type;top
дом для свадьбы с банкетным залом;4;venue-type;top
красивая подпись под свадебное фото;4;rest;top
свадебный букет из белой гвоздики фото;4;vendors;top
фото свадебных букетов из белых гвоздик;4;vendors;top
свадебные фото в студии примеры;4;rest;top
свадебные фото санкт петербург;4;rest;top
свадебные фото в форме;4;rest;top
фотограф удалил свадебные фото;4;vendors;top
фото в загсе примеры свадебные;4;rest;top
расти лейк рутс прохождение свадебное фото;4;rest;top
свадебные фото медведевой жени;4;rest;top
крутые свадебные фото;4;rest;top
ксения бородина свадебные фото;4;rest;top
свадебные фото ксении бородиной;4;rest;top
рамка для свадебного фото для фотошопа;4;rest;top
свадебные фото воробьева;4;rest;top
винтажные свадебные фото;4;rest;top
свадебные фото пятигорск;4;rest;top
свадебный шатер фото;4;venue-type;top
клава кока и дима масленников свадебные фото;4;rest;top
свадебные фото рязань;4;rest;top
красивый фон для свадебного фото;4;rest;top
свадебное меню фото;4;rest;top
вставить фото в свадебную рамку;4;rest;top
свадебный букет фото из диантуса;4;vendors;top
оживи свадебное фото;4;rest;top
оживить свадебное фото;4;rest;top
как красиво сделать свадебное фото;4;info;top
фото свадебных диадем;4;rest;top
свадебное фото из обычного;4;rest;top
эротические свадебное фото;4;rest;top
самые красивые свадебные фото в мире;4;rest;top
свадебные сердца фото;4;rest;top
свадебный френч фото;4;rest;top
креативные свадебные фото;4;rest;top
свадебные фото тэхена и чонгука;4;rest;top
свадьба собчак и богомолова дата;4;rest;top
как влияет дата свадьбы;4;info;top
20.07 2027 дата для свадьбы;4;rest;top
дата свадьбы 26.06 2027;4;rest;top
дата 10.10 2026 для свадьбы;4;rest;top
идеальная дата для свадьбы 2027;4;rest;top
дата свадьбы агаты муцениеце;4;rest;top
красивые даты для свадьбы в ноябре 2026;4;info;top
подбор даты свадьбы;4;info;top
рассчитать удачную дату свадьбы;4;rest;top
покажи даты свадьбы;4;info;top
какую дату выбрать для свадьбы в 2027;4;rest;top
ласт оф ас 2 дата свадьбы;4;rest;top
дата смены фамилии это дата свадьбы;4;rest;top
лучшие даты для свадьбы 2026 астрология;4;rest;top
рассчитать счастливую дату свадьбы;4;rest;top
дата свадьбы юлика и даши;4;rest;top
свадьба юлика и даши каплан дата;4;info;top
благоприятные даты для свадьбы в августе 2027;4;info;top
дата свадьбы гарри и меган;4;rest;top
дата свадьбы принца гарри;4;rest;top
принц гарри и меган дата свадьбы;4;rest;top
найти дату свадьбы;4;rest;top
свадьба золотую шпильку дорама дата выхода;4;rest;top
гадание на свадьбу по дате рождения;4;rest;top
выбрать дату свадьбы онлайн;4;rest;top
церковные даты для свадьбы 2026;4;rest;top
свадьба галкина и пугачевой дата;4;rest;top
расчет идеальной даты свадьбы;4;info;top
торт с датой свадьбы;4;vendors;top
очки с датой свадьбы;4;rest;top
самые благоприятные даты для свадьбы;4;rest;top
даты хороший день свадьбы;4;rest;top
по дате свадьбы узнать судьбу брака;4;rest;top
цветы с днем бракосочетания;4;rest;top
с днем бракосочетания анимация;4;rest;top
александр с днем бракосочетания;4;rest;top
макет свадебного стола;4;rest;top
заказать свадебный стол;4;rest;top
бутылки на свадебном столе;4;rest;top
видео свадебного стола;4;rest;top
армянский свадебный стол;4;rest;top
какие фрукты поставить на свадебный стол;4;rest;top
как закрепить ткань на свадебном столе;4;info;top
фотографии свадебного стола;4;vendors;top
салаты на свадебный стол простые и вкусные;4;rest;top
фуршет на свадебный стол;4;rest;top
декорация свадебного стола;4;vendors;top
купить свадебную юбку для стола;4;rest;top
скатерть белая на свадебный стол;4;venue-type;top
ткань для скатерти на свадебный стол;4;venue-type;top
что нужно на свадебный стол;4;info;top
как сделать юбку для свадебного стола;4;info;top
камеди вумен просмотр свадебного видео;4;rest;top
свадебный букет из эустомы видео;4;vendors;top
фоновое свадебное видео;4;rest;top
свадебные треки для видео;4;rest;top
свадебное видео мем;4;rest;top
сделать из обычного видео свадебное;4;rest;top
отправляйтесь в зал на свадебную церемонию;4;core;top
регистратор свадебной церемонии;4;geo;top
свадебная церемония египет;4;rest;top
свадебная церемония острова;4;rest;top
оформление свадебной церемонии;4;vendors;top
свадебная церемония во вьетнаме на пляже;4;rest;top
wedding day шрифт;4;rest;top
wedding love day;4;rest;top
our wedding day;4;rest;top
wedding day first;4;rest;top
как переводится wedding day;4;info;top
wedding day text;4;rest;top
свадебная арка прокат;4;rest;top
свадебный образ мамы жениха;4;rest;top
свадебный образ в октябре;4;info;top
свадебный образ в русском стиле;4;info;top
свадебный образ с перчатками;4;rest;top
свадебный образ каре;4;rest;top
репетиция свадебного образа;4;rest;top
свадебный образ плюс сайз;4;rest;top
приснился сон свадьба что означает;4;info;top
приснилась свадьба бывшей девушки;4;rest;top
приснилось опоздать на свадьбу;4;rest;top
приснилась свадьба без жениха;4;rest;top
приснилась свадьба покойника;4;rest;top
приснилась чужая свадьба женщине;4;rest;top
свадьба приснилось замужней женщине;4;rest;top
выездная церемония бракосочетания в сочи;4;rest;top
клятва на церемонии бракосочетания;4;rest;top
церемония бракосочетания криштиану роналду;4;rest;top
неторжественная церемония бракосочетания в загсе;4;rest;top
церемония бракосочетания состоится;4;rest;top
как называется человек который проводит церемонию бракосочетания;4;info;top
сколько идет церемония бракосочетания;4;rest;top
где можно купить свадебные бокалы;4;info;top
свадьба бальзаминова он мне нравится;4;rest;top
свадьба бальзаминова спектакль;4;rest;top
свадьба бальзаминова главный герой;4;rest;top
зарина свадебная коллекция;4;rest;top
свадебная коллекция джимми чу;4;rest;top
дилара финдикоглу свадебная коллекция;4;rest;top
фон свадебный вертикальный;4;rest;top
светлый свадебный фон;4;rest;top
фон свадебный розовый;4;rest;top
фон для свадебных пригласительных;4;info;top
торт на лавандовую свадьбу;4;vendors;top
свадебная клятва жениха примеры;4;rest;top
свадебная ночь содержание;4;rest;top
цветы для президиума на свадьбу;4;rest;top
брат моего бывшего брошенная невеста галина;4;rest;top
брат моего бывшего брошенная невеста галина колоскова;4;rest;top
брат моего бывшего брошенная невеста колоскова;4;rest;top
будь моей невестой аудиокнига слушать онлайн;4;rest;top
сертификат молодоженов что это;4;info;top
свадебная бутылка шампанского невеста;4;rest;top
свадебные бутылки шампанского жених и невеста;4;rest;top
как украсить свадебные бутылки своими руками;4;info;top
свадебная бутылка скала;4;rest;top
дизайн свадебных бутылок;4;rest;top
оформление свадебных бутылок шампанского;4;vendors;top
свадебный вальс доги;4;rest;top
салат свадебный вальс;4;rest;top
светлица house for wedding;4;rest;top
этапы свадебного обряда;4;info;top
свадебный обряд у мусульман как называется;4;info;top
русские свадебные традиции и обряды;4;info;top
элементы свадебного обряда;4;rest;top
свадебный обряд китай;4;rest;top
свадебный обряд молодых;4;rest;top
свадебный план лакорн русская озвучка 1;4;info;top
свадебный план 2023;4;info;top
цветовые стили свадьбы;4;info;top
свадьба 2025 стиль;4;info;top
день рождение в стиле свадьбы;4;info;top
традиции на свадьбу дочери;4;info;top
чеченские традиции на свадьбе;4;info;top
калмыцкие традиции на свадьбе;4;info;top
семейный очаг традиция на свадьбе как правильно;4;info;top
традиция семейный очаг на свадьбе как происходит;4;info;top
таджикские традиции на свадьбе;4;info;top
каравай на свадьбу традиция как делать;4;info;top
каравай на свадьбу традиция как делать правильно;4;info;top
свадьба на руси традиции и обряды;4;info;top
традиции лезгинов на свадьбе;4;info;top
традиции на свадьбе для гостей;4;info;top
башкирские традиции на свадьбе;4;info;top
истории свадебных традиций;4;info;top
национальные свадебные традиции;4;info;top
чувашские свадебные традиции;4;info;top
японские свадебные традиции;4;info;top
калмыцкие свадебные традиции;4;info;top
старые свадебные традиции;4;info;top
свадебные традиции азербайджана;4;info;top
вопросы про свадебные традиции;4;info;top
свадебные традиции в разных странах мира;4;info;top
варианты свадебных приглашений;4;info;top
свадебное приглашение пустое;4;info;top
свадебные приглашения 2026;4;info;top
делаем свадебные приглашения;4;info;top
текст для свадебного приглашения;4;info;top
свадебное приглашение рф;4;info;top
где сделать свадебные приглашения;4;info;top
как написать свадебный приглашение;4;info;top
конверты для свадебных приглашений;4;info;top
оформление свадебных приглашений;4;vendors;top
свадебное приглашение бумажное;4;info;top
как создать приглашение на свадьбу в тильде;4;info;top
как весело провести свадьбу сценарий;4;info;top
как провести свадьбу дешево;4;price;top
свадьба за городом где провести;4;info;top
сайт визитка приглашение на свадьбу;4;info;top
сайт приглашение на свадьбу таплинк;4;info;top
сценарий юбилея золотой свадьбы в домашних условиях;4;info;top
свадебные пригласительные заказать;4;info;top
печать свадебных пригласительных;4;info;top
торт на солнечную свадьбу;4;vendors;top
подставка для торта многоярусная на свадьбу;4;vendors;top
торт на свадьбу ростов;4;vendors;top
торты на свадьбу ростов на дону;4;vendors;top
торт на чугунную свадьбу;4;vendors;top
холодный фонтан на свадьбу на торт;4;vendors;top
торт пирог на свадьбу;4;vendors;top
торт на розовую свадьбу;4;vendors;top
какой вкус торта выбрать на свадьбу;4;vendors;top
торт на свадьбу фото одноярусный;4;vendors;top
торт на свадьбу 2кг;4;vendors;top
популярные начинки для тортов на свадьбу;4;vendors;top
сколько гр торта на человека на свадьбу;4;vendors;top
торт двухъярусный на свадьбу рецепт;4;vendors;top
торт на свадьбу на заказ спб;4;vendors;top
торт на свадьбу 2 яруса;4;vendors;top
торт на изумрудную свадьбу 55;4;vendors;top
бенто торт на хрустальную свадьбу;4;vendors;top
расчет торта на количество человек на свадьбу;4;vendors;top
торт на свадьбу на 70 человек;4;vendors;top
что означает первый кусок торта на свадьбе;4;vendors;top
аренда стола для торта на свадьбу;4;vendors;top
торт на четыре года свадьбы;4;vendors;top
как сделать прямоугольный торт на свадьбу;4;vendors;top
как украсить торт на год свадьбы;4;vendors;top
музыка для свадебной фотосессии;4;vendors;top
свадебная музыка автор;4;vendors;top
свадебная музыка для молодоженов;4;vendors;top
английская свадебная музыка;4;vendors;top
свадебная музыка мр3;4;vendors;top
музыка под свадебный рилс;4;vendors;top
музыка для свадебного танца 2026;4;vendors;top
армянские свадебные музыка слушать;4;vendors;top
спокойная свадебная музыка;4;vendors;top
выездная регистрация брака краснодар;4;vendors;top
свадебная фотография молодоженов;4;vendors;top
свадебная фотография курсы;4;vendors;top
самые необычные свадебные фотографии;4;vendors;top
обучение свадебной фотографии;4;vendors;top
свадебные фотографии евгении медведевой;4;vendors;top
примеры оформления свадебного зала;4;vendors;top
оформление свадебного фуршета;4;vendors;top
оформление свадебной зоны;4;vendors;top
сколько стоит свадебное оформление;4;vendors;top
оформление свадебного зала шарами;4;vendors;top
свадебное оформление на природе;4;vendors;top
рейтинг свадебных ведущих;4;vendors;top
какую ткань используют для свадебных фотозон;4;vendors;top
фотозона свадебная пинтерест;4;vendors;top
декоратор на свадьбу орел;4;vendors;top
свадебные площадки в питере;4;core;top
идеи организации свадьбы;4;info;top
стоимость свадебных залов;4;price;top
украсить свадебный зал своими руками;4;core;top
обрушение свадебного зала версаль;4;core;top
оформитель свадебного зала;4;core;top
свадебный зал пинтерест;4;core;top
свадебный банкет на 50 человек;4;capacity;top
4 свадьбы подольск;4;rest;top
банкетный зал пушкино свадьбу;4;venue-type;top
этим летом я стала красивой свадьба;4;rest;top
образ жениха на свадьбу без пиджака летом;4;rest;top
что можно одеть на свадьбу летом;4;info;top
в чем идти на свадьбу осенью;4;info;top
почему нельзя играть свадьбу в мае;4;info;top
почему нельзя свадьбу в мае;4;info;top
свадьбу сыграем в середине мая;4;rest;top
май литл пони свадьба в кантерлоте 1;4;rest;top
свадьбу сыграли в конце мая;4;rest;top
свадьба в июне благоприятные дни;4;info;top
свадьба в июле 2026 благоприятные;4;info;top
свадьбы в июле 2025;4;info;top
свадьба в конце июля;4;info;top
благоприятные дни для свадьбы в августе 2027;4;info;top
свадьба в августе значение;4;info;top
что надеть на свадьбу в октябре;4;info;top
свадьба в конце октября;4;info;top
свадьба в отеле европа;4;venue-type;top
как украсить дачу на свадьбу;4;info;top
свадьба на даче как организовать;4;info;top
свадьба в кафе на 20 человек;4;venue-type;top
в каком кафе отметить свадьбу;4;venue-type;top
дом дракона свадьба деймона и рейниры;4;rest;top
дом серебряной свадьбы;4;rest;top
дом для проведения свадьбы москва;4;geo;top
дом 2 выпуск свадьба;4;rest;top
как накрыть стол на свадьбу дома;4;info;top
дом 2 свадьба рапунцель;4;rest;top
свадьба рапунцель дом;4;rest;top
фуршетный стол на свадьбу дома у жениха;4;rest;top
сегодня свадьба в доме дяди зуя;4;rest;top
аренда банкетного зала в махачкале цены;4;venue-type;top
банкетные залы в махачкале цена аренды;4;venue-type;top
вилла барвиха 135 банкетный зал аренда;4;venue-type;top
договор аренда банкетного зала;4;venue-type;top
бюджетная аренда банкетного зала;4;venue-type;top
банкет на свадьбу цена на человека;4;core;top
что такое депозит в ресторане на свадьбу;4;venue-type;top
заказать ретро автомобиль на свадьбу;4;rest;top
свадьба в коттедже как организовать;4;venue-type;top
что нужно для золотой свадьбы;4;info;top
свадебные площадки спб за городом;3;core;top
свадебные площадки магнитогорск;3;core;top
свадебные площадки кострома;3;core;top
свадебные площадки киров;3;core;top
свадебные площадки энгельс;3;core;top
свадебные площадки брянск;3;core;top
свадебные площадки оренбург;3;core;top
свадебная площадка тартоза;3;core;top
площадка для проведения свадьбы в нн;3;core;top
загородные площадки для свадьбы спб;3;venue-type;top
площадка для свадьбы дзержинск;3;core;top
площадки для свадьбы красноярск;3;core;top
площадки для свадеб на воздухе;3;core;top
площадка для свадьбы белгород;3;core;top
площадки для свадьбы барнаул;3;core;top
места для свадьбы брянск;3;rest;top
красивые места россии для свадьбы;3;rest;top
места для свадьбы россия;3;rest;top
самые красивые места для свадьбы в россии;3;rest;top
места для свадьбы в орле;3;rest;top
места для свадьбы тольятти;3;rest;top
места для организации свадьбы;3;core;top
место для свадьбы киров;3;core;top
места для свадьбы екатеринбург;3;venue-type;top
найти место для свадьбы;3;core;top
места для свадьбы в питере;3;rest;top
место для свадьбы воронеж;3;core;top
место для свадьбы самара;3;core;top
место для свадьбы в солнечногорске;3;geo;top
снять место для свадьбы;3;price;top
места для свадьбы калининград;3;rest;top
места для фотосессий свадьбы пенза;3;vendors;top
где отметить второй день свадьбы летом;3;info;top
свадьба летом где отметить;3;info;top
варианты где отмечают свадьбу;3;info;top
где отметить свадьбу в москве и подмосковье;3;geo;top
где отметить свадьбу в красноярске;3;info;top
где отметить свадьбу в калининграде;3;info;top
где отметить свадьбу новосибирск;3;info;top
банкетные залы в орле для свадьбы;3;venue-type;top
банкетные залы для свадьбы в спб;3;venue-type;top
банкетный зал калуга для свадьбы;3;venue-type;top
калуга банкетные залы для свадеб;3;venue-type;top
банкетные залы для свадьбы липецк;3;venue-type;top
банкетный зал для свадьбы липецк;3;venue-type;top
банкетные залы для свадьбы курск;3;venue-type;top
банкетный зал для свадьбы курск;3;venue-type;top
банкетный зал стерлитамак для свадьбы;3;venue-type;top
банкетные залы для свадьбы пушкино;3;venue-type;top
банкетные залы пушкина для свадьбы;3;venue-type;top
банкетный зал для свадьбы пушкино;3;venue-type;top
банкетные залы для свадьбы за городом;3;venue-type;top
банкетный зал за городом для свадьбы;3;venue-type;top
банкетные залы киров для свадьбы;3;venue-type;top
банкетный зал для свадьбы киров;3;venue-type;top
банкетные залы для свадьбы волгоград;3;venue-type;top
банкетный зал для свадьбы волгоград;3;venue-type;top
банкетные залы волжский для свадьбы;3;venue-type;top
банкетные залы для свадеб ростов;3;venue-type;top
банкетный зал ростова для свадьбы;3;venue-type;top
банкетные залы екатеринбурга для свадьбы;3;venue-type;top
банкетный зал для свадьбы екатеринбург;3;venue-type;top
банкетные залы ярославль для свадьбы;3;venue-type;top
банкетный зал для свадьбы ярославль;3;venue-type;top
банкетные залы пятигорск для свадьбы;3;venue-type;top
банкетный зал пятигорск для свадеб;3;venue-type;top
банкетные залы в москве для камерных свадеб;3;venue-type;top
банкетные залы белгород для свадьбы;3;venue-type;top
банкетный зал для свадеб белгород;3;venue-type;top
оформление банкетного зала для свадьбы;3;vendors;top
ресторан у воды для свадьбы;3;venue-type;top
рестораны спб для свадьбы до 20 человек;3;venue-type;top
пятигорск ресторан для свадьбы;3;venue-type;top
ресторан для свадьбы анапа;3;venue-type;top
ресторан для свадьбы вологда;3;venue-type;top
ресторан для свадьбы ижевск;3;venue-type;top
рестораны для свадьбы крым;3;venue-type;top
рестораны в баксане для свадьбы;3;venue-type;top
ресторан для свадьбы вдвоем;3;venue-type;top
выездной ресторан для свадьбы;3;venue-type;top
рестораны для свадьбы орел;3;venue-type;top
рестораны в грозном для свадеб;3;venue-type;top
рестораны для свадьбы кострома;3;venue-type;top
ресторан для свадьбы спб на 30 человек;3;venue-type;top
рестораны для свадьбы орехово зуево;3;venue-type;top
бронирование ресторана для свадьбы;3;venue-type;top
рестораны для свадьбы архангельск;3;venue-type;top
сколько стоит свадебный банкет на 30 человек;3;capacity;top
программа свадебного банкета;3;core;top
свадебный банкет цена человека;3;core;top
как проходит свадебный банкет;3;info;top
свадебный банкет за городом;3;core;top
обслуживание свадебного банкета;3;core;top
где роналду проведет свадьбу;3;info;top
как провести свадьбу без ресторана;3;venue-type;top
в какой день недели проводят свадьбу;3;rest;top
как провести свадьбу в римворлд;3;info;top
пожелать хорошо провести свадьбу;3;core;top
венчание когда проводят до свадьбы или после;3;info;top
как провести свадьбу вдвоем без гостей;3;capacity;top
провести свадьбу волгоград;3;core;top
провести свадьбу ярославль;3;core;top
как провести золотую свадьбу самостоятельно;3;info;top
провести свадьбу самостоятельно без тамады;3;vendors;top
провести свадьбу самостоятельно без тамады сценарий;3;vendors;top
провести свадьбу самостоятельно сценарий;3;info;top
игры проводить свадьбу;3;rest;top
провести свадьбу тюмень;3;core;top
как провести весело свадьбу без тамады сценарий;3;vendors;top
где можно провести 2 день свадьбы;3;info;top
как весело провести золотую свадьбу;3;info;top
что входит в организацию свадьбы;3;info;top
организация маленькой свадьбы;3;capacity;top
организация свадьбы архангельск;3;core;top
организация свадьбы новокузнецк;3;core;top
организация свадьбы россия;3;core;top
список для организации свадьбы;3;info;top
курсы по организации свадеб;3;core;top
организация свадьбы калуга;3;core;top
чек лист по организации свадьбы;3;core;top
организации свадеб брянск;3;core;top
этапы организации свадьбы;3;info;top
организация фуршета на свадьбу;3;core;top
организация свадеб бали;3;core;top
организация обслуживания свадеб;3;core;top
особняк для свадьбы спб;3;venue-type;top
аренда особняка для свадьбы;3;venue-type;top
амазония шатер для свадьбы;3;venue-type;top
шатер для свадьбы спб;3;venue-type;top
шатер для свадьбы во владимире;3;venue-type;top
коттеджи казани для свадьбы;3;venue-type;top
снять коттедж для проведения свадьбы;3;venue-type;top
коттедж с бассейном для свадьбы;3;venue-type;top
снять коттедж нижний новгород для свадьбы;3;venue-type;top
свадьба на теплоходе ульяновск;3;venue-type;top
свадьба в лесу фото;3;venue-type;top
как называется свадьба в лесу;3;venue-type;top
свадьба в лесу 3 буквы;3;venue-type;top
свадьба в таврическом саду;3;rest;top
свадьба в стеклянной оранжерее;3;venue-type;top
свадьба на природе ростов;3;venue-type;top
свадьба на природе брянск;3;venue-type;top
фотозона на свадьбу на природе;3;vendors;top
веранда свадьба на природе;3;venue-type;top
сколько стоит свадьба на природе;3;venue-type;top
свадьба на природе челябинск;3;venue-type;top
отпраздновать свадьбу на природе;3;venue-type;top
идеи для свадьбы на 10 человек;3;capacity;top
где отметить свадьбу на 20 человек;3;capacity;top
расстановка столов на свадьбу на 20 человек;3;capacity;top
стол на свадьбу на 20 человек;3;capacity;top
сценарий свадьбы без тамады на 30 человек;3;vendors;top
примерное меню на свадьбу на 30 человек;3;capacity;top
калькулятор алкоголя на свадьбу 30 человек;3;rest;top
сколько алкоголя надо на свадьбу 30 человек;3;rest;top
что значит камерный стиль свадьбы;3;capacity;top
что нужно для камерной свадьбы;3;capacity;top
камерная свадьба сколько лет;3;capacity;top
камерная свадьба уфа;3;capacity;top
организатор камерной свадьбы;3;vendors;top
развлечения для камерной свадьбы;3;capacity;top
камерная свадьба как организовать самому;3;capacity;top
сценарии для маленькой свадьбы без тамады;3;vendors;top
сценарий маленькой свадьбы для тамады;3;vendors;top
самый маленький бюджет в 4 свадьбы;3;capacity;top
маленькая свадьба у азербайджанцев;3;capacity;top
маленькая свадьба с родителями;3;capacity;top
настольная игра для двоих на свадьбу;3;capacity;top
свадьба для двоих как называется;3;capacity;top
день свадьбы для двоих;3;capacity;top
свадьба за границей для двоих;3;capacity;top
свадьба за границей для двоих где лучше;3;capacity;top
свадьба за городом краснодар;3;rest;top
загородная свадьба тюмень;3;venue-type;top
загородные клубы спб свадьба;3;venue-type;top
загородная свадьба екатеринбург;3;venue-type;top
полицейский с рублевки свадьба вероники;3;geo;top
недорого отпраздновать свадьбу в узком кругу;3;price;top
отпраздновать свадьбу недорого и необычно;3;price;top
оформление зала на свадьбу недорого;3;vendors;top
букет невесты на свадьбу недорогой;3;vendors;top
заказать свадьбу под ключ;3;price;top
свадьба под ключ томск;3;price;top
свадьба под ключ калуга;3;price;top
свадьба под ключ ростов на дону;3;price;top
что входит в свадьбу под ключ;3;price;top
свадьба под ключ владимир;3;price;top
старый оскол свадьба под ключ;3;price;top
свадьба под ключ саратов;3;price;top
проведение свадеб под ключ;3;price;top
петровский путевой дворец свадьба стоимость;3;price;top
свадьба на 60 человек стоимость;3;capacity;top
диджей на свадьбу стоимость;3;vendors;top
свадьба в новосибирске в феврале стоимость;3;price;top
стоимость свадьбы челябинск;3;price;top
фото свадьбы стоимость;3;price;top
голуби на свадьбу стоимость;3;price;top
стоимость банкетного зала на свадьбу;3;venue-type;top
стоимость свадьбы нижний новгород;3;price;top
сколько стоит госпошлина на свадьбу 2026;3;price;top
сколько стоит оформить свадьбу;3;price;top
сколько стоит свадьба в белгороде;3;price;top
сколько стоит свадьба в калуге;3;price;top
сколько стоит пригласить мартина на свадьбу;3;price;top
сколько стоит выступление лепса на свадьбе;3;price;top
сколько стоит пригласить чумакова на свадьбу;3;price;top
сколько стоит украсить зал на свадьбу;3;price;top
сколько стоит выступление егора крида на свадьбе;3;price;top
сколько стоит бюджетная свадьба в москве;3;price;top
сколько стоит позвать на свадьбу мурата тхагалегова;3;price;top
сколько стоит пригласить диму билана на свадьбу;3;price;top
сколько стоит элджей на свадьбу;3;price;top
сколько стоит выездная регистрация свадьбы;3;vendors;top
сколько стоит стас михайлов на свадьбу;3;price;top
сколько стоит лсп на свадьбу;3;price;top
сколько стоит позвать лсп на свадьбу;3;price;top
сколько стоит пригласительный на свадьбу;3;price;top
сколько стоит свадьба в италии;3;price;top
сколько стоит свадьба в омске;3;price;top
сколько стоит заказать басту на свадьбу;3;price;top
сколько стоит пригласить the hatters на свадьбу;3;price;top
сколько стоит фотограф и видеограф на свадьбу;3;vendors;top
сколько стоит президиум на свадьбу;3;price;top
сколько стоит покатать свадьбу;3;price;top
сколько стоит заказать сатира на свадьбу;3;price;top
сколько стоит цветной дым на свадьбу;3;price;top
сколько стоит позвать сатира на свадьбу;3;price;top
сколько стоит букет на свадьбу;3;vendors;top
сколько стоит заказать голубей на свадьбу;3;price;top
сколько стоит пригласить рианну на свадьбу;3;price;top
сколько стоят услуги фотографа на свадьбу;3;vendors;top
сколько стоит позвать игнатия винтурова на свадьбу;3;price;top
сколько стоит макан на свадьбу;3;price;top
сколько стоит позвать макана на свадьбу;3;price;top
сколько стоит свадьба в чечне;3;price;top
сколько стоит павел воля на свадьбу;3;price;top
сколько стоит забронировать ресторан на свадьбу;3;venue-type;top
сколько стоит свадьба в краснодаре;3;price;top
сколько стоит пригласить сатира на свадьбу;3;price;top
сколько стоит заказать звезду на свадьбу;3;price;top
сколько стоит позвать гуфа на свадьбу;3;price;top
сколько стоила свадьба бородиной;3;price;top
сколько стоит тяжелый дым на свадьбу;3;price;top
сколько стоит свадьба в крыму;3;price;top
сколько стоит свадьба в ярославле;3;price;top
сколько стоит нанять машину на свадьбу;3;price;top
ведущий на свадьбу смоленск;3;vendors;top
дорогой ведущий на свадьбу;3;vendors;top
ведущий на свадьбу уфа;3;vendors;top
вопросы для ведущего на свадьбу при встрече;3;vendors;top
обязанности ведущего на свадьбе;3;vendors;top
ведущий на свадьбу пермь;3;vendors;top
два ведущих на свадьбу;3;vendors;top
как выбрать ведущего на свадьбу советы;3;vendors;top
трахнул ведущую на свадьбе;3;vendors;top
ведущий на свадьбу новосибирск;3;vendors;top
образ ведущей на свадьбу;3;vendors;top
ведущий на свадьбу севастополь;3;vendors;top
ведущий на свадьбу белгород;3;vendors;top
ведущий 4 свадьбы на пятнице фото;3;vendors;top
нанять ведущего на свадьбу;3;vendors;top
ведущий на свадьбе харламова;3;vendors;top
ведущая на свадьбу звезда;3;vendors;top
ведущий на свадьбу ульяновск;3;vendors;top
ведущий на свадьбе андрей;3;vendors;top
ведущая на свадьбу татьяна;3;vendors;top
ведущие на свадьбу г;3;vendors;top
антон антонов ведущий на свадьбу;3;vendors;top
ведущий на свадьбу антон;3;vendors;top
форум ведущих на свадьбе;3;vendors;top
ведущий на свадьбу егорьевск;3;vendors;top
ведущий на свадьбу ярославль;3;vendors;top
сколько фотографов нужно на свадьбу;3;vendors;top
фотограф на свадьбе иды галич;3;vendors;top
договор фотографа на свадьбу образец;3;vendors;top
договор для фотографа на свадьбу;3;vendors;top
ищу фотографа на свадьбу;3;vendors;top
сколько зарабатывает фотограф на свадьбах;3;vendors;top
пример свадебного декора;3;vendors;top
свадебный декор из китая;3;vendors;top
свадебный декор оптом;3;vendors;top
аренда свадебного декора екатеринбург;3;vendors;top
свадебный декор кружево;3;vendors;top
вафельный декор на свадебный торт;3;vendors;top
декор свадебного стола для гостей;3;vendors;top
свадебный декор своими руками для свадьбы;3;vendors;top
декор свадебных бутылок своими руками;3;vendors;top
свадебный декор шарами;3;vendors;top
свадебный декор флористика;3;vendors;top
торт свадебный 2026 декор;3;vendors;top
свадебный декор бохо;3;vendors;top
оформление шампанского на свадьбу своими руками;3;vendors;top
современные оформление свадьбы;3;vendors;top
оформление потолка на свадьбу;3;vendors;top
оформление стола на свадьбу своими руками;3;vendors;top
оформление беседки на свадьбу;3;vendors;top
авито оформление свадеб;3;vendors;top
оформление на хрустальную свадьбу;3;vendors;top
оформление свадеб флористы;3;vendors;top
услуги оформления свадеб;3;vendors;top
оформление серебряных свадеб;3;vendors;top
оформление места жениха и невесты на свадьбу;3;vendors;top
свадьба 90х оформление;3;vendors;top
капкейки на свадьбу оформление фото;3;vendors;top
оформление свадьбы белыми цветами;3;vendors;top
оформление корзины на свадьбу;3;vendors;top
оформление дома на свадьбу;3;vendors;top
свадьба на улице оформление;3;vendors;top
оформление свадеб цвета фото;3;vendors;top
оформление свадеб цветами фото;3;vendors;top
свадьба в стиле 90 х оформление;3;vendors;top
оформление банкетного зала на свадьбу 2024;3;vendors;top
оформление зоны молодоженов на свадьбу;3;vendors;top
оформление свадьбы ижевск;3;vendors;top
оформление стульев на свадьбу;3;vendors;top
оформление шарами свадьбы цены;3;vendors;top
свадебный организатор тверь;3;vendors;top
помощник свадебного организатора;3;vendors;top
обязанности свадебного организатора;3;vendors;top
свадебный организатор что входит в обязанности;3;vendors;top
свадебный организатор ижевск;3;vendors;top
свадебное агентство воронеж;3;vendors;top
март агентство свадебное;3;vendors;top
свадебное агентство самара;3;vendors;top
свадебное агентство иваново;3;vendors;top
феерик свадебное агентство;3;vendors;top
свадебное агентство прожектор;3;vendors;top
feerique свадебное агентство;3;vendors;top
уральские пельмени свадебное агентство дурова;3;vendors;top
свадебное агентство пермь;3;vendors;top
свадебное агентство момент;3;vendors;top
darcy свадебное агентство;3;vendors;top
нужен ли диджей на свадьбу;3;vendors;top
плейлист диджея на свадьбу;3;rest;top
карточки для диджея на свадьбу;3;rest;top
сколько получают диджеи на свадьбах;3;rest;top
купить свадебный торт в санкт петербурге;3;vendors;top
торт свадебный в виде колец;3;vendors;top
торт свадебный одноярусный украшенный;3;vendors;top
свадебный торт 1.5 кг;3;vendors;top
прямоугольный свадебный торт с живыми цветами;3;vendors;top
свадебные торты сыктывкар;3;vendors;top
свадебный торт лавандовый;3;vendors;top
самый большой свадебный торт;3;vendors;top
свадебные торты 2025;3;vendors;top
свадебный торт в стиле минимализм;3;vendors;top
как украсить свадебный торт цветами;3;vendors;top
свадебный торт на свадьбу купить;3;vendors;top
свадебный торт омск;3;vendors;top
свадебный торт с фальшярусом;3;vendors;top
свадебный торт иркутск;3;vendors;top
классический свадебный торт;3;vendors;top
идеи свадебного торта 2026;3;vendors;top
свадебный торт екатеринбург;3;vendors;top
футаж свадебный торт;3;vendors;top
оформление прямоугольный торт свадебный;3;vendors;top
свадебный торт один ярус фото;3;vendors;top
белковые свадебные торты;3;vendors;top
свадебный торт в русском стиле;3;vendors;top
латвийский свадебный торт;3;vendors;top
сколько весит свадебный торт на 50 человек;3;vendors;top
отзыв на свадебный торт;3;vendors;top
свадебный торт 4 яруса;3;vendors;top
сколько стоит килограмм свадебного торта;3;vendors;top
рецепт свадебного торта в домашних условиях;3;vendors;top
свадебный одноярусный торт 2026 фото;3;vendors;top
расчет свадебного торта на количество гостей;3;vendors;top
горящий свадебный торт;3;vendors;top
свадебный торт белый с бусинами;3;vendors;top
сколько стоит 1 кг свадебного торта;3;vendors;top
стоимость свадебного торта на 40 человек;3;vendors;top
сколько весит свадебный торт на 30 человек;3;vendors;top
торт полено свадебный;3;vendors;top
сколько примерно стоит свадебный торт;3;vendors;top
свадебный бенто торт на свадьбу;3;vendors;top
свадебный торт на 25 человек сколько кг;3;vendors;top
торт свадебный 25 кг;3;vendors;top
свадебные торты питер;3;vendors;top
цветок из вафельной бумаги на свадебный торт;3;vendors;top
свадебный торт на английском;3;vendors;top
вытянутый свадебные торты;3;vendors;top
шикарные свадебные торты;3;vendors;top
свадебный торт в виде сердца;3;vendors;top
свадебный торт упал;3;vendors;top
длинный свадебный торт с вафельной бумагой;3;vendors;top
рецепт бисквита для свадебного торта;3;vendors;top
аренда подставки для свадебного торта;3;vendors;top
свадебный торт с голубями;3;vendors;top
свадебные пирожные вместо торта;3;vendors;top
свадебные торты на свадьбу 2026;3;vendors;top
свадебный торт двухъярусный на заказ;3;vendors;top
сколько стоит заказать свадебный торт;3;vendors;top
визажист на свадьбу спб;3;vendors;top
услуги визажиста на свадьбу;3;vendors;top
как выглядит выездная регистрация;3;vendors;top
выездная регистрация брака в туле цена;3;vendors;top
выездная регистрация псков;3;vendors;top
выездная регистрация в нижнем;3;vendors;top
свадьба без выездной регистрации;3;vendors;top
выездная регистрация астрахань;3;vendors;top
выездная регистрация как делать;3;vendors;top
выездная регистрация неофициальная;3;vendors;top
выездная регистрация брака рыбинск;3;vendors;top
выездная регистрация кострома;3;vendors;top
аренда арки для выездной регистрации;3;vendors;top
выездная регистрация без загса;3;vendors;top
что лучше выездная регистрация или загс;3;vendors;top
выездная регистрация старый оскол;3;vendors;top
фотозона для выездной регистрации;3;vendors;top
выездная регистрация брака ейск;3;vendors;top
выездная регистрация брака липецк;3;vendors;top
можно ли зарегистрировать брак на выездной регистрации;3;vendors;top
как происходит выездная регистрация брака пошагово;3;vendors;top
салют на выездной регистрации;3;vendors;top
выход жениха на выездной регистрации музыка;3;vendors;top
выездная регистрация брака челябинск;3;vendors;top
сколько стоит выездная регистрация брака в челябинске;3;vendors;top
выездная регистрация брака владивосток;3;vendors;top
выездная регистрация владивосток;3;vendors;top
выездная регистрация сценарий для ведущего;3;vendors;top
арка для выездной регистрации своими руками;3;vendors;top
выездная регистрация брака в спб;3;vendors;top
выездная регистрация брака геленджик;3;vendors;top
выездная регистрация геленджик;3;vendors;top
выездная регистрация загс цены;3;vendors;top
выездная регистрация своими руками;3;vendors;top
стоимость выездной регистрации загс;3;vendors;top
выездная регистрация брака на природе;3;vendors;top
банкетные залы с выездной регистрацией;3;vendors;top
банкетный зал с выездной регистрацией;3;vendors;top
можно ли расписаться на выездной регистрации;3;vendors;top
выездная регистрация питер;3;vendors;top
оформление зоны выездной регистрации;3;vendors;top
выездная регистрация брака владикавказ;3;vendors;top
выездная регистрация владикавказ;3;vendors;top
сколько стоит выездная регистрация брака в екатеринбурге;3;vendors;top
выездная регистрация пушкин;3;vendors;top
чек лист подготовки к свадьбе по пунктам;3;info;top
сценарий шуточного юбилея свадьбы;3;info;top
свадебные сценарии для свадьбы;3;info;top
сценарий для золотой свадьбы для ведущего;3;vendors;top
сценарий свадьбы дома современный;3;info;top
сценарий свадьбы коротко;3;info;top
сценарий свадьбы летний;3;info;top
тамада сценарий свадьбы современный;3;vendors;top
сценарий коралловой свадьбы;3;info;top
пример сценария на свадьбу;3;info;top
свадьба сценарий проведения для ведущего;3;vendors;top
сценарии свадьбы в современном стиле;3;info;top
мальчик девочка сценарий на свадьбе;3;info;top
готовый сценарий свадьбы с музыкой;3;vendors;top
серпантин идей сценарий свадьбы;3;info;top
сценарий свадьбы серпантин;3;info;top
сценарий свадьбы 6 часов;3;info;top
жемчужная свадьба сценарий в домашних;3;info;top
сценарий жемчужной свадьбы в домашних условиях;3;info;top
сценарий свадьбы самостоятельно без тамады;3;vendors;top
сценарий свадьба в малиновке;3;info;top
необычные сценарии свадьбы;3;info;top
сценарий золотой свадьбы кругу семьи;3;info;top
красивый сценарий свадьбы;3;info;top
веселая свадьба без тамады сценарий;3;vendors;top
девичник свадьба сценарий;3;info;top
сценарий на золотую свадьбу родителям в домашних;3;info;top
сценарий юбилея свадьбы 40;3;info;top
сценарий проведения юбилея свадьбы;3;info;top
церемония свадьбы сценарий;3;info;top
сценарий на второй день свадьбы медсестры;3;info;top
сценарий на свадьбу со стороны невесты;3;info;top
сценарий свадьбы без родителей;3;info;top
удачные дни для свадьбы в сентябре;3;info;top
свадьбы в сентябре 2025;3;info;top
какой месяц самый лучший для свадьбы;3;info;top
лучшие месяцы для свадьбы 2027;3;info;top
идея для маленькой свадьбы;3;capacity;top
идеи для свадьбы дома;3;info;top
креативные идеи для свадеб;3;info;top
идеи для свадьбы на природе;3;venue-type;top
идеи для небольшой свадьбы;3;capacity;top
современные идеи для свадьбы;3;info;top
второй день свадьбы в деревенском стиле;3;info;top
образы на свадьбу в стиле бохо;3;info;top
свадьба в стиле лав из;3;info;top
свадьба в венецианском стиле;3;info;top
свадьба в римском стиле;3;info;top
свадьба в итальянском стиле с лимонами;3;info;top
торт в русском стиле на свадьбу;3;vendors;top
свадьба в красно белом стиле;3;info;top
свадьба в изумрудном стиле;3;info;top
свадьба в стиле днд;3;info;top
свадьба в руском народном стиле;3;info;top
описание стилей свадьбы;3;info;top
свадьба в стиле 60 х годов;3;info;top
стиль 60 свадьбы;3;info;top
свадьба в дворянском стиле;3;info;top
свадьба в стиле великий гэтсби;3;info;top
4 свадьбы в осеннем стиле;3;info;top
богемный стиль свадьбы;3;info;top
свадьба в стиле 70;3;info;top
свадьба в стиле 90 х vs квадросвадьба;3;info;top
свадьбы в стиле сказок русских;3;info;top
гламурный стиль свадьбы;3;info;top
свадьба в черном стиле гости фото;3;info;top
проведение свадьбы в русском стиле;3;info;top
свадьба в русском стиле декор;3;vendors;top
свадьба в итальянском стиле одежда для гостей;3;info;top
стиль 90х женский на свадьбу;3;info;top
какой выбрать стиль свадьбы;3;info;top
свадьба в стиле острые козырьки фото;3;info;top
образ на свадьбу в русском стиле;3;info;top
европейский стиль одежды на свадьбу;3;info;top
свадьба в русском стиле меню;3;info;top
свадьба в стиле тотал блэк;3;info;top
свадьба в чувашском стиле;3;info;top
свадьба в стиле вестерн;3;info;top
свадьба в современном стиле традиции;3;info;top
свадьба в вампирском стиле 4 свадьбы;3;info;top
свадьба в стиле деревня дураков;3;info;top
4 свадьбы свадьба в русском стиле;3;info;top
свадьба в стиле бриджертонов;3;info;top
природный стиль свадьбы;3;info;top
свадьба в сицилийском стиле;3;info;top
деревенская свадьба в стиле 90;3;info;top
4 свадьбы в стиле бохо;3;info;top
свадьба в дагестанском стиле;3;info;top
свадьба в стиле гранж;3;info;top
стиль свадьбы бордо;3;info;top
свадьба в стиле рапунцель;3;info;top
свадьба в стиле вдв;3;info;top
4 свадьбы деревенский стиль;3;info;top
рустикальный стиль свадьбы;3;info;top
свадьба в русском стиле что одеть;3;info;top
план рассадки гостей на свадьбе своими руками;3;info;top
дизайн рассадки гостей на свадьбе;3;info;top
площадки для свадьбы пенза;3;core;top
банкетные залы новосибирска для свадьбы;3;venue-type;top
банкетный зал для свадьбы новосибирск;3;venue-type;top
как провести камерную свадьбу;3;capacity;top
банкетное меню на свадьбу на 20 человек;3;venue-type;top
стоимость банкета на свадьбу на 1 человека;3;capacity;top
сколько стоит свадебный торт на 30 человек;3;vendors;top
свадьба в стиле рустик фото;3;info;top
свадьба организация и проведение мероприятия;3;core;top
отзыв тамаде на свадьбе;3;vendors;top
тамада на свадьбу уфа;3;vendors;top
сценарий тамады на свадьбу с современными;3;vendors;top
тамада на свадьбу саратов;3;vendors;top
программа для тамады на свадьбу;3;vendors;top
тамада музыка на свадьбу;3;vendors;top
нужен тамада на свадьбу;3;vendors;top
нужна ли тамада на свадьбе;3;vendors;top
слова тамады на свадьбе текст;3;vendors;top
заказать тамаду на свадьбу;3;vendors;top
тамада на свадьбу ростов;3;vendors;top
тамада на свадьбу воронеж;3;vendors;top
фотоаппарат для свадебного фотографа;3;vendors;top
bahh tee свадебный фотограф текст;3;vendors;top
свадебный фотограф текст bahh;3;vendors;top
бах ти свадебный фотограф;3;vendors;top
артур погосян свадебный фотограф;3;vendors;top
свадебный фотограф артур;3;vendors;top
свадебный фотограф после сво;3;vendors;top
свадебный фотограф нижний;3;vendors;top
свадебный фотограф нижний новгород;3;vendors;top
свадебный фотограф пушкин;3;vendors;top
начинающие свадебные фотографы;3;vendors;top
свадебный фотограф сызрань;3;vendors;top
лучшие свадебные фотографы россии;3;vendors;top
свадебный фотограф россия;3;vendors;top
город свадебный фотограф;3;vendors;top
свадебный фотограф калининград;3;vendors;top
рейтинг свадебных фотограф;3;vendors;top
свадебный фотограф иркутск;3;vendors;top
свадьба от свадебный фотограф;3;vendors;top
обучение свадебный фотограф;3;vendors;top
свадебный фотограф новороссийск;3;vendors;top
баннер свадебный для фотосессии;3;vendors;top
фотосессия в эрмитаже стоимость свадебная;3;vendors;top
описание свадебной фотосессии;3;vendors;top
свадебная фотосессия с зонтом;3;vendors;top
позы для свадебной фотосессии на природе;3;vendors;top
свадебная зона для фотосессии;3;vendors;top
свадебная фотосессия двоих;3;vendors;top
летний сад свадебная фотосессия;3;vendors;top
промт в ии для создания свадебной фотосессии;3;vendors;top
свадебная фотосессия в парке зарядье;3;vendors;top
свадебная фотосессия в парке галицкого;3;vendors;top
свадебная фотосессия самара;3;vendors;top
места для свадебной фотосессии в питере;3;vendors;top
смешная свадебная фотосессия;3;vendors;top
таблички для свадебной фотосессии;3;vendors;top
оранжерея таврического сада свадебная фотосессия;3;vendors;top
пляжная свадебная фотосессия;3;vendors;top
свадебная фотосессия в ресторане турандот;3;vendors;top
свадебная фотосессия с шарами;3;vendors;top
необычные места для свадебной фотосессии;3;vendors;top
сколько нужно времени на свадебную фотосессию;3;vendors;top
пинтерест свадебная фотосессия;3;vendors;top
топ свадебных видеографов;3;vendors;top
арка полукруглая свадебная;3;rest;top
оформление свадебной арки своими руками;3;vendors;top
как собрать свадебную арку;3;info;top
президиум свадебный арка;3;rest;top
свадебная арка пинтерест;3;rest;top
свадебная арка с жемчугом;3;rest;top
свадебная арка своими руками пошаговая инструкция;3;rest;top
фотозона и президиум на свадьбу;3;vendors;top
фотозона на свадьбу с инициалами;3;vendors;top
фотозоны на свадьбу из фатина;3;vendors;top
нужна ли фотозона на свадьбе;3;vendors;top
фотозона на золотую свадьбу;3;vendors;top
фразы на фотозону на свадьбу;3;vendors;top
фотозона невесты на свадьбу;3;vendors;top
варианты фотозоны на свадьбу;3;vendors;top
фотозона на свадьбу белая;3;vendors;top
букет невесты в стиле гэтсби;3;vendors;top
букет невесты заказать нижний новгород;3;vendors;top
почему невеста бросает букет;3;vendors;top
букет невесты кто покупает и дарит;3;vendors;top
букет невесты купить магазин;3;vendors;top
букет невесты реклама;3;vendors;top
букет невесты фрезии и розы;3;vendors;top
букет невесты в бордовых тонах;3;vendors;top
букет невесты из белых ромашек;3;vendors;top
как держать букет невесты;3;vendors;top
букет невесты вино;3;vendors;top
белый вытянутый букет невесты;3;vendors;top
букет невесты из роз и гвоздик;3;vendors;top
сколько роз должно быть в букете невесты;3;vendors;top
букет невесты северодвинск;3;vendors;top
туалетная вода букет невесты;3;vendors;top
искусственный свадебный букет невесты;3;vendors;top
букет невесты в итальянском стиле;3;vendors;top
фото свадебных букетов для невесты из живых;3;vendors;top
букет для возрастной невесты;3;vendors;top
невеста бросает букет а жених;3;vendors;top
как должен выглядеть букет невесты;3;vendors;top
букет невесты пионы эвкалипт;3;vendors;top
как правильно засушить букет невесты;3;vendors;top
если букет невесты упал на пол;3;vendors;top
букет невесты чтобы не завял;3;vendors;top
нужен ли букет невесты на свадьбу;3;vendors;top
букет невесты выборг;3;vendors;top
букет невесты перевязка;3;vendors;top
букет невесты череповец;3;vendors;top
как красиво разыграть букет невесты;3;vendors;top
почему нельзя кидать букет невесты;3;vendors;top
свадебный букет для невесты свисающий;3;vendors;top
сколько стоит букет невесты из живых;3;vendors;top
сколько стоит букет невесты из живых цветов;3;vendors;top
букет невесты из живых роз;3;vendors;top
букет невесты с оксипеталумом;3;vendors;top
букет невесты воздушный;3;vendors;top
каллы в букете невесты значение;3;vendors;top
букет невесты из белых лилий;3;vendors;top
чем заменить бросание букета невесты;3;vendors;top
букет невесты фотографии;3;vendors;top
букет невесты бюджетный вариант;3;vendors;top
заказать букет невесты пенза;3;vendors;top
букет невесты геленджик;3;vendors;top
букет невесты из эустомы роз эвкалипта;3;vendors;top
оформить красиво букет невесты;3;vendors;top
свадебный букет невесты белые цветы;3;vendors;top
как подписать фото с букетом невесты;3;vendors;top
букет невесты из каллов;3;vendors;top
диантус и роза букет невесты;3;vendors;top
когда жених вручает букет невесте;3;vendors;top
букет невесты с оранжевыми георгинами;3;vendors;top
подружка невесты поймала букет;3;vendors;top
букет для невесты фото большой;3;vendors;top
букет невесты без роз;3;vendors;top
какие цветы самые стойкие для букета невесты;3;vendors;top
какие цветы стойкие для букета невесты;3;vendors;top
может ли невеста оставить букет себе;3;vendors;top
букет невесты должен дарить жених;3;vendors;top
букет невесты темно синий;3;vendors;top
как хранить букет невесты;3;vendors;top
кто должен забирать букет невесты;3;vendors;top
букет от братьев невесты;3;vendors;top
букет невесты алый;3;vendors;top
букет невесты пнг;3;vendors;top
букет невесты белгород;3;vendors;top
букет невесты из диантусов и эвкалипта;3;vendors;top
свадебный букет невесты кимры;3;vendors;top
букет невесты с сиреневыми цветами;3;vendors;top
сладкий букет невесты;3;vendors;top
букет невесты пеларгония фото и описание;3;vendors;top
букет невесты в бело зеленых тонах;3;vendors;top
букет невесты в зеленых тонах;3;vendors;top
букет невесты с длинными лентами;3;vendors;top
букет невесты альстромерии и гипсофилы;3;vendors;top
букет невесты бело сине голубой;3;vendors;top
как сжигать букет невесты;3;vendors;top
букет невесты в сентябре;3;vendors;top
букет цветов невесты свадебные своими руками;3;vendors;top
свадебный букет для невесты своими руками;3;vendors;top
букет невесты ярославль купить;3;vendors;top
букет невесты гвоздика и эвкалипт;3;vendors;top
букет невесты эвкалипт гвоздика эустома;3;vendors;top
гвоздики и эвкалипт букет невесты;3;vendors;top
кино кто поймал букет невесты;3;vendors;top
букет невесты рисунок;3;vendors;top
кто должен оплачивать букет невесты;3;vendors;top
букет невесты из атласных роз;3;vendors;top
портбукетница как собрать букет невесты;3;vendors;top
заказать арку из цветов на свадьбу;3;rest;top
на свадьбе музыка цветы вокруг;3;vendors;top
на свадьбе музыка цветы вокруг друзей;3;vendors;top
на свадьбе цветы вокруг друзей счастливых;3;rest;top
какие цветы можно дарить на свадьбу молодоженам;3;rest;top
сколько цветов можно дарить на свадьбу;3;rest;top
белые цветы на свадьбу можно дарить;3;rest;top
можно ли дарить белые цветы на свадьбу;3;rest;top
какие цветы дарят на свадьбу невесте родственники;3;rest;top
цветы на свадьбу молодоженам фото;3;rest;top
какие цветы обычно дарят на свадьбу;3;rest;top
что принести на свадьбу вместо цветов;3;info;top
цветы на свадьбу для детей;3;rest;top
какие цветы дарят на фаянсовую свадьбу;3;rest;top
какие цветы принято дарить на свадьбу молодоженам;3;rest;top
букет цветов на никелевую свадьбу;3;vendors;top
букетик цветов на свадьбу;3;vendors;top
арка из живых цветов на свадьбу цена;3;rest;top
цветы на медную свадьбу;3;rest;top
президиум на свадьбу бордовый;3;rest;top
президиум на свадьбу аренда;3;price;top
изумрудные президиумы на свадьбу;3;rest;top
президиум молодых на свадьбу;3;rest;top
фото президиума на свадьбу молодоженам;3;rest;top
фуршет на свадьбу на английской набережной;3;rest;top
как рассчитать фуршет на свадьбу;3;info;top
велком зона на свадьбе фуршет;3;rest;top
бармен на свадьбу цена;3;rest;top
кондитерская свадебные караваи;3;vendors;top
купить свадебный каравай в спб цены;3;rest;top
свадебный каравай с трещиной;3;rest;top
размер свадебного каравая;3;rest;top
свадебный каравай традиции и обряды;3;info;top
свадебный каравай традиции и обряды для молодоженов;3;info;top
каким должен быть свадебный каравай;3;rest;top
как печь свадебный каравай;3;info;top
куда девают свадебный каравай;3;rest;top
каравай свадебный санкт петербург;3;rest;top
на чем подают свадебный каравай;3;rest;top
азербайджанские музыканты на свадьбу;3;vendors;top
популярные артисты на свадьбу;3;vendors;top
пригласить на свадьбу артистов цена;3;vendors;top
дневной салют на свадьбу цена;3;vendors;top
постановка свадебного танца спб;3;rest;top
постановка свадебного танца воронеж;3;rest;top
что входит в обязанности координатора на свадьбе;3;vendors;top
распорядитель в свадебном обряде;3;rest;top
выездной регистратор на свадьбу цена;3;geo;top
аренда машины на свадьбу воронеж;3;price;top
машина на свадьбу воронеж;3;rest;top
кавказская свадьба на машинах;3;rest;top
забронировать машину на свадьбу;3;rest;top
аренда машин на свадьбу уфа;3;price;top
машина на свадьбу уфа;3;rest;top
триколор на машины на свадьбу;3;rest;top
аренда машины на свадьбу спб с водителем;3;price;top
свадебная арка лепестками;3;rest;top
свадебная фотосессия липецк;3;vendors;top
рестораны у воды для свадеб;3;venue-type;top
пятигорск рестораны для свадьбы;3;venue-type;top
рестораны для свадьбы анапа;3;venue-type;top
рестораны для свадьбы ижевск;3;venue-type;top
расчет банкетного меню на 1 человека;3;venue-type;top
банкетное меню на 15 человек пример;3;venue-type;top
грин парк банкетное меню;3;venue-type;top
банкетное меню на новый год;3;venue-type;top
горячие блюда на банкетное меню;3;venue-type;top
банкетное меню бона;3;venue-type;top
банкетное меню спб;3;venue-type;top
банкетное меню ресторанов стоимость;3;venue-type;top
юна банкетное меню;3;venue-type;top
банкетное меню рестораны петербурга;3;venue-type;top
банкетный меню 50 человек;3;venue-type;top
банкетное меню ярославль;3;venue-type;top
свадебное банкетное меню;3;venue-type;top
банкетное меню для ресторана примеры готовые;3;venue-type;top
банкетное меню ресторана примеры;3;venue-type;top
банкетное меню симферополь;3;venue-type;top
банкетные залы калуга для свадьбы;3;venue-type;top
банкетный зал для свадьбы тамбов;3;venue-type;top
банкетные залы для свадеб волгоград;3;venue-type;top
банкетные залы для свадьбы ростов;3;venue-type;top
банкетный зал для свадьбы пятигорск;3;venue-type;top
банкетный зал для свадьбы белгород;3;venue-type;top
как пройти уровень свадебное фото;3;info;top
ужасные свадебные фото;3;rest;top
мусульманская свадебный фото;3;rest;top
свадебные фото роналдо;3;rest;top
свадебные фото в очках;3;rest;top
свадебные фото церковь;3;rest;top
фразы к свадебным фото;3;rest;top
свадебный стол с едой фото оформление;3;vendors;top
не бойся сынок мама рядом свадебное фото;3;rest;top
как подписать свадебное фото дочери;3;info;top
промт для оживления свадебных фото;3;rest;top
свадебные приглашения с фото;3;info;top
как выглядит свадебное фото;3;info;top
свадебный кортеж фото;3;rest;top
свадебные фото 2010;3;rest;top
rusty lake roots прохождение свадебное фото;3;rest;top
свадебные фото эстетика;3;rest;top
свадебный букет из французских роз фото;3;vendors;top
свадебные фото в дождь;3;rest;top
свадебные фото в горах;3;rest;top
фон для свадебного фото для фотошопа;3;rest;top
как сделать свадебное фото в ии;3;info;top
свадебное фото с мамой;3;rest;top
плохие свадебные фото;3;rest;top
мелания трамп свадебные фото;3;rest;top
свадебное фото трампа;3;rest;top
чб фото свадебная;3;rest;top
свадебные фото работы;3;rest;top
елизавета 2 свадебные фото;3;rest;top
шаман свадебные фото;3;rest;top
юлия свадебные фото;3;rest;top
фиалка свадебные цветы фото и описание;3;rest;top
свадебные фото нарисованные;3;rest;top
свадебное фото в городе;3;rest;top
свадебные фото ольги;3;rest;top
музыка под свадебные фото;3;vendors;top
свадебная прогулка фото;3;rest;top
свадебные рамки онлайн вставить фото;3;rest;top
цитата под свадебное фото;3;rest;top
ани лорак свадебные фото;3;rest;top
свадебные фото за 40;3;rest;top
свадебные фото ню;3;rest;top
сделать свадебное фото с помощью ии;3;rest;top
16 свадебных фото;3;rest;top
красивые фото свадебных пар;3;rest;top
фото свадебные пары красивые;3;rest;top
дуа липа свадебные фото;3;rest;top
промт для свадебного фото ии;3;rest;top
свадебные фото на берегу;3;rest;top
свадебный редактор фото;3;rest;top
белые свадебные торты фото;3;vendors;top
принцесса диана свадебное фото;3;rest;top
как подписать свадебное фото с мужем;3;info;top
муж и жена фото свадебные;3;rest;top
как красиво подписать свадебное фото;3;info;top
свадебное фото казани;3;rest;top
фото свадебных локонов;3;rest;top
свадебный конверт фото;3;rest;top
сделать из обычного фото свадебное;3;rest;top
валерия свадебные фото;3;rest;top
свадебное фото 21;3;rest;top
свадебное фото валерии;3;rest;top
сон свадебные фото;3;rest;top
виктория сеничева и буся свадебное фото;3;rest;top
лучшие даты для свадьбы в ноябре 2026;3;info;top
самые счастливые даты свадьбы;3;info;top
цифра 7 в дате свадьбы;3;rest;top
дата свадьбы киркорова;3;rest;top
дата свадьбы киркорова и пугачевой;3;rest;top
три года дата свадьбы какая;3;rest;top
можно ли изменить дату свадьбы;3;rest;top
самые лучшие даты для свадьбы в 2026;3;rest;top
дата свадьбы 27.02 2027;3;rest;top
как дата свадьбы влияет на брак;3;info;top
популярные даты для свадьбы в 2027;3;rest;top
17.06 2027 дата свадьбы;3;rest;top
4 свадьбы новый сезон 2026 дата выхода;3;info;top
рассчитать год свадьбы по дате рождения;3;rest;top
свадьба харламова и ковальчук дата;3;rest;top
вычислить дату свадьбы;3;rest;top
дата свадьбы дорама с русской;3;rest;top
июль свадьба дата 2026;3;info;top
дата свадьбы гарри и меган маркл;3;rest;top
дата свадьбы принцессы дианы;3;rest;top
свадьба маркл и гарри дата;3;rest;top
свадьба меган маркл и принца дата;3;rest;top
обряд с назначением даты свадьбы;3;info;top
рассчитать дату свадьбы 2027;3;rest;top
благоприятные даты для свадьбы в ноябре 2026;3;info;top
рассчитать день свадьбы по дате рождения;3;rest;top
24.07 2027 дата для свадьбы;3;rest;top
красивые даты для свадьбы в августе 2026;3;info;top
на какие даты свадьбы положены выплаты;3;info;top
кейт миддлтон дата свадьбы;3;rest;top
дата свадьбы 07.08 2026;3;rest;top
сон дата свадьбы;3;rest;top
09.09 2026 дата для свадьбы;3;rest;top
как подобрать дату свадьбы астрология;3;info;top
7 августа дата свадьбы;3;info;top
дата свадьбы кейт и уильяма;3;rest;top
снится дата свадьбы;3;rest;top
дата свадьбы япония;3;rest;top
самые красивые даты для свадьбы в 2027;3;info;top
дата свадьбы 22 августа 2026;3;info;top
плздоавдяерия с днем бракосочетания;3;rest;top
с днем бракосочетания трогательные слова;3;rest;top
с днем бракосочетания взрослых;3;rest;top
с днем бракосочетания 17;3;rest;top
поздровлнлеление с днем бракосочетания;3;rest;top
с днем бракосочетания дмитрий;3;rest;top
с днем бракосочетания дочки;3;rest;top
юбка для свадебного стола белая;3;rest;top
свадебный стол без гостей;3;capacity;top
что должно стоять на свадебном столе;3;info;top
как сшить юбку для свадебного стола;3;info;top
свадебный стол гирлянда;3;rest;top
расстановка свадебных столов;3;rest;top
гортензии свадебный стол;3;rest;top
свадебный стол в деревне;3;rest;top
вино на свадебный стол;3;rest;top
драпировка свадебного стола;3;rest;top
канапе на свадебный стол;3;rest;top
как закрепить цветы на свадебном столе;3;info;top
свадебные блюда на стол на свадьбу;3;rest;top
какие блюда на свадебный стол;3;rest;top
блюда на свадебный стол в домашних условиях;3;rest;top
свадебные салфетки для стола;3;rest;top
свадебный стол в узбекистане;3;rest;top
свадебный стол змейка;3;rest;top
свадебный фуршетный стол своими руками;3;rest;top
меню на свадебный стол на 25 человек;3;capacity;top
нарезки на свадебный стол;3;rest;top
оформление свадебного стола на природе;3;vendors;top
видео свадебные 18;3;rest;top
как красиво подписать свадебное видео;3;info;top
свадебное видео пример;3;rest;top
фоновая музыка для свадебного видео;3;vendors;top
начало свадебного видео;3;rest;top
свадебные моменты видео;3;rest;top
видео свадебные 2023;3;rest;top
музыка для свадебного видео без авторских прав;3;vendors;top
свадебные прогулки видео;3;rest;top
турецкие свадебные видео;3;rest;top
видео свадебных традиций;3;info;top
видео свадебных обрядов;3;rest;top
свадебная церемония выход жениха;3;rest;top
свадебная церемония в японии;3;rest;top
свадебная церемония регистрация;3;vendors;top
свадебная церемония за границей;3;rest;top
история свадебных церемоний;3;rest;top
официальная свадебная церемония;3;rest;top
свадебная церемония бракосочетания;3;rest;top
кто проводит свадебную церемонию;3;rest;top
свадебная церемония на выезде;3;rest;top
аренда для церемонии свадебной;3;price;top
свадебная церемония ученого рю 2021;3;rest;top
wedding day sexxx;3;rest;top
ice princess wedding day;3;rest;top
a man on his wedding day;3;rest;top
congratulations wedding day;3;rest;top
happy wedding day ru;3;rest;top
skillet happy wedding day;3;rest;top
zeitun wedding day гидрофильное масло;3;rest;top
fugler wedding day;3;rest;top
wedding day sex video;3;rest;top
свадебный образ с корсетом;3;rest;top
свадебные образы невесты стили;3;info;top
вечерний свадебный образ;3;rest;top
свадебный образ с джинсами;3;rest;top
свадебный образ беременной;3;rest;top
свадебный образ принцесса;3;rest;top
свадебный образ спб;3;rest;top
ии свадебный образ;3;rest;top
свадебный образ на роспись без торжества;3;rest;top
свадебные парные образы;3;rest;top
создать свадебный образ;3;rest;top
свадебный образ для мамы невесты;3;rest;top
красивый свадебный образ;3;rest;top
приснилась свадьба сестры родной;3;rest;top
приснилась свадьба родителей;3;rest;top
приснилась свадьба коллеги;3;rest;top
приснилась плохая свадьба;3;rest;top
приснилось сорвавшаяся свадьба;3;rest;top
почему приснилась свадьба;3;info;top
приснилось видеть свадьбу;3;rest;top
приснилась свадьба отца;3;rest;top
приснилась свадьба сына;3;rest;top
приснилась собственная свадьба мужчине;3;rest;top
приснилось что на свадьбе женихом;3;info;top
приснилась свадьба сестры двоюродной;3;rest;top
приснилась чья то свадьба;3;rest;top
приснилось свадьба и похороны;3;rest;top
создать сайт для свадебного приглашения;3;info;top
конструктор свадебных приглашений сайтов;3;info;top
свадебный сайт конструктор;3;rest;top
как происходит церемония бракосочетания;3;info;top
как происходит церемония бракосочетания в загсе;3;info;top
официальная церемония бракосочетания;3;rest;top
церемония бракосочетания в загсе 1;3;rest;top
можно ли провести повторную церемонию бракосочетания;3;core;top
выездная церемония бракосочетания загсы;3;rest;top
оформление свадебных бокалов своими руками;3;vendors;top
идеи свадебных бокалов;3;info;top
свадебные бокалы своими руками идеи;3;info;top
цена свадебных бокалов;3;rest;top
свадьба бальзаминова отрывок;3;rest;top
кто написал свадьба бальзаминова автор;3;rest;top
островский свадьба бальзаминова;3;rest;top
кино свадьба бальзаминова;3;rest;top
свадьба бальзаминова читать;3;rest;top
свадебная коллекция виктория сикрет;3;rest;top
свадебная заставка фон;3;rest;top
свадебный букет на белом фоне;3;vendors;top
свадебная рамка для фотошопа на прозрачном фоне;3;rest;top
свадебный фон темный;3;rest;top
баннер свадебный фон;3;rest;top
лавандовая свадьба фото;3;rest;top
свадебная клятва клавы коки;3;rest;top
свадебная клятва короткая;3;rest;top
свадебные клятвы на английском;3;rest;top
как написать свадебную клятву;3;info;top
свадебная клятва из игры престолов;3;rest;top
репетиция свадебной ночи;3;rest;top
будь моей невестой временно;3;rest;top
читать книгу невеста будешь моей;3;rest;top
притворись моей невестой бывшая;3;rest;top
моя бывшая будущая невеста келлер;3;rest;top
моя бывшая будущая невеста николь;3;rest;top
моя бывшая будущая невеста николь келлер;3;rest;top
николь келлер моя бывшая будущая невеста слушать;3;rest;top
одежда для свадебных бутылок;3;rest;top
свадебные бутылки белые;3;rest;top
упаковка свадебные бутылки;3;rest;top
как завязать свадебные бутылки;3;info;top
свадебные бутылки 2026;3;rest;top
вивальди свадебный вальс;3;rest;top
свадебный вальс жениха и невесты;3;rest;top
ноты свадебного вальса;3;rest;top
мот мурашками слушать свадебный вальс;3;rest;top
евгений дога свадебный вальс;3;rest;top
свадебный вальс евгения доги;3;rest;top
салат свадебный вальс с курицей;3;rest;top
свадебный вальс на пианино;3;rest;top
история свадебных обрядов;3;rest;top
свадебные обряды мордвы;3;rest;top
5 свадебных обрядов;3;rest;top
свадебный обряд 5 букв;3;rest;top
свадебный обряд древней руси;3;rest;top
про свадебный обряд;3;rest;top
свадебный план 8;3;info;top
свадебный план сколько серий;3;info;top
свадебный кейп на плечи;3;rest;top
длинный кейп свадебный;3;rest;top
стиль свадеб описание;3;info;top
свадьба в стиле русских сказок;3;info;top
свадьба в стиле деревни дураков;3;info;top
какие традиции на свадьбе у азербайджанцев;3;info;top
продажа торта на свадьбе традиция;3;vendors;top
китайские традиции на свадьбе;3;info;top
кто одевает невесту на свадьбу традиция;3;info;top
свадьба на кавказе традиции;3;info;top
старинные традиции на свадьбе;3;info;top
традиция казаков на свадьбе;3;info;top
ингушские традиции на свадьбе;3;info;top
традиции на свадьбе в казахстане;3;info;top
что делают на девичнике перед свадьбой традиции;3;info;top
традиция бить посуду на свадьбе;3;info;top
традиции кабардинцев на свадьбе;3;info;top
традиции казахов на свадьбе;3;info;top
обязательные традиции на свадьбе;3;info;top
традиции на свадьбе сына;3;info;top
традиции на свадьбе для молодоженов и родителей;3;info;top
шишки на свадьбу традиция;3;info;top
казахские традиции на свадьбе;3;info;top
традиция с бокалами на свадьбе;3;info;top
татарские традиции на свадьбе и обычаи;3;info;top
хлеб соль на свадьбе традиция что означает;3;info;top
чувашские традиции на свадьбе;3;info;top
традиция на свадьбу что то голубое;3;info;top
украинские традиции на свадьбе;3;info;top
свадебные традиции древней руси;3;info;top
свадебные традиции в турции;3;info;top
свадебные традиции русского народа;3;info;top
свадебные традиции на кубани;3;info;top
армянские свадебные традиции и обычаи;3;info;top
свадебные традиции осетии;3;info;top
белорусские свадебные традиции;3;info;top
свадебные традиции в казахстане;3;info;top
свадебные традиции англии;3;info;top
свадебные традиции таджикистана;3;info;top
свадебные традиции и обычаи русских;3;info;top
свадебные традиции и ритуалы;3;info;top
свадебные традиции армян;3;info;top
свадебные традиции в россии список;3;info;top
казачьи свадебные традиции;3;info;top
испанские свадебные традиции;3;info;top
приглашение на свадебную вечеринку;3;info;top
свадебное приглашение пинтерест;3;info;top
tilda свадебное приглашение;3;info;top
размер свадебных приглашений;3;info;top
образец свадебного приглашения;3;info;top
распечатать свадебные приглашения;3;info;top
где создать приглашение на свадьбу;3;info;top
создать видео приглашение на свадьбу онлайн;3;info;top
создать бумажное приглашение на свадьбу;3;info;top
как провести свадьбу самостоятельно без тамады сценарий;3;vendors;top
как проводят свадьбу в загсе;3;info;top
сайт приглашение на свадьбу заказать;3;info;top
приглашение на свадьбу в виде сайта;3;info;top
как сделать сайт приглашение на свадьбу самому;3;info;top
сделать сайт онлайн приглашение на свадьбу;3;info;top
4 свадьбы в деревенском стиле;3;info;top
сценарий маленькой свадьбы без тамады;3;vendors;top
сценарий свадьбы без тамады весело;3;vendors;top
свадебное пригласительное пример;3;info;top
свадебные пригласительные на свадьбу;3;info;top
создать свадебный пригласительный;3;info;top
как сделать свадебный пригласительный;3;info;top
свадьба современный сценарий тамада;3;vendors;top
домашний торт на свадьбу своими руками;3;vendors;top
как украсить торт на серебряную свадьбу;3;vendors;top
торт на коралловую свадьбу фото;3;vendors;top
продажа первого куска торта на свадьбе;3;vendors;top
пряники на торт на свадьбу;3;vendors;top
готовить торты на свадьбу;3;vendors;top
торт на год со дня свадьбы;3;vendors;top
торт на год со свадьбы;3;vendors;top
какой должен быть торт на свадьбу;3;vendors;top
итальянский торт на свадьбу с ягодами;3;vendors;top
торт на шоколадную свадьбу;3;vendors;top
продают ли торт на свадьбе;3;vendors;top
торт 3 яруса на свадьбу;3;vendors;top
торт на рубиновую свадьбу фото;3;vendors;top
итальянский торт пирог на свадьбу;3;vendors;top
как рассчитывать торт на свадьбу;3;vendors;top
кто режет торт на свадьбе;3;vendors;top
надпись на торт в день свадьбы;3;vendors;top
кому отдают первый кусок торта на свадьбе;3;vendors;top
как разыграть торт на свадьбе;3;vendors;top
торт на свадьбу новосибирск;3;vendors;top
торт на свадьбу самара;3;vendors;top
торт молочная девочка на свадьбу;3;vendors;top
сколько торта заказывать на свадьбу;3;vendors;top
какие торты заказывают на свадьбу;3;vendors;top
как подать торт на свадьбу;3;vendors;top
как подают торт на свадьбе;3;vendors;top
торты на королевских свадьбах;3;vendors;top
торт на 45 свадьбы родителям;3;vendors;top
торты пирожные на свадьбу;3;vendors;top
как украсить торт на юбилей свадьбы;3;vendors;top
дизайн торта на год свадьбы;3;vendors;top
денежный торт на свадьбу своими руками;3;vendors;top
торт на свадьбу с лебедями;3;vendors;top
торт на юбилей золотой свадьбы;3;vendors;top
какой торт испечь на свадьбу;3;vendors;top
аукцион торта на свадьбе;3;vendors;top
торт на свадьбу вес на человека;3;vendors;top
какой вес торта на свадьбу;3;vendors;top
прямоугольный торт на 6 кг на свадьбу;3;vendors;top
торт на сапфировую свадьбу родителям;3;vendors;top
торт на оловянную свадьбу;3;vendors;top
свадебная фотосессия омск;3;vendors;top
свадебные фотосессии ростов;3;vendors;top
свадебная музыка звук;3;vendors;top
чеченские свадебные музыка;3;vendors;top
итальянская свадебная музыка;3;vendors;top
та самая свадебная музыка;3;vendors;top
музыка для первого свадебного танца молодоженов;3;vendors;top
лирическая свадебная музыка;3;vendors;top
армянская свадебная музыка танцевальная;3;vendors;top
музыка свадебные частушки;3;vendors;top
музыка для свадебной вечеринки;3;vendors;top
конец свадьбы финальная музыка свадебного дня расходятся;3;vendors;top
музыка для свадебной дискотеки;3;vendors;top
свадебный плейлист яндекс музыка;3;vendors;top
даргинская свадебная музыка;3;vendors;top
гагаузская свадебная музыка;3;vendors;top
выездная регистрация брака где провести;3;vendors;top
свадебные фотографии жениха и невесты красивые;3;vendors;top
как оформить свадебный альбом с фотографиями;3;vendors;top
свадебные фотографии роналду;3;vendors;top
свадебные фотографии с родителями;3;vendors;top
разбилась свадебная фотография;3;vendors;top
сгенерировать свадебную фотографию;3;vendors;top
снится свадебная фотография;3;vendors;top
фотографии свадебного торта;3;vendors;top
всратые свадебные фотографии;3;vendors;top
оригинальные свадебные фотографии;3;vendors;top
кринжовые свадебные фотографии;3;vendors;top
идеи для оформления свадебного альбома;3;vendors;top
оформление свадебного букета;3;vendors;top
рамки свадебные для оформления;3;vendors;top
идеи оформления свадебного зала;3;vendors;top
оформление свадебного фотоальбома;3;vendors;top
оформление свадебного кафе;3;vendors;top
оформление свадебных фужеров;3;vendors;top
вопросы свадебному ведущему;3;vendors;top
свадебный ведущий саранск;3;vendors;top
текст свадебного ведущего;3;vendors;top
свадебный ведущий кемерово;3;vendors;top
сколько стоит свадебный ведущий;3;vendors;top
декор свадебного торта 2026;3;vendors;top
свадебная фотозона своими руками в ресторане;3;vendors;top
свадебная фотозона сколько стоит;3;vendors;top
помощник декоратора на свадьбу;3;vendors;top
обучение на декоратора свадеб;3;vendors;top
организация свадеб россия;3;core;top
организация идеальной свадьбы;3;core;top
организация свадьбы брянск;3;core;top
свадебный зал версаль иерусалим;3;core;top
свадебный зал маракеш;3;core;top
свадебные залы краснодар;3;core;top
свадебный зал краснодар;3;core;top
дорогой свадебный зал;3;core;top
оформить свадебный зал;3;core;top
дизайн свадебных залов;3;core;top
свадебные залы дизайн;3;core;top
свадебный банкет цена на человека;3;core;top
ногти лето 2026 на свадьбу;3;rest;top
образ мамы жениха на свадьбе сына летом;3;rest;top
что надеть на свадьбу гостю летом 2026;3;info;top
образ на свадьбу к подруге осенью;3;info;top
можно ли играть свадьбу в мае;3;rest;top
свадьба в мае месяце;3;info;top
свадьба в июне 2026 благоприятные;3;info;top
свадьба в начале июня;3;info;top
благоприятный день свадьбы в июле;3;info;top
свадьба в июле 2026 благоприятные дни;3;info;top
в чем пойти на свадьбу в августе;3;info;top
свадьбы в орле 8 августа;3;info;top
удачные дни в октябре для свадьбы;3;info;top
второй день свадьбы на даче;3;rest;top
меню на свадьбу на даче;3;rest;top
свадьба в липецке кафе;3;venue-type;top
теракт в москве в кафе свадьба;3;venue-type;top
кафе для свадьбы в екатеринбурге;3;venue-type;top
дом 2 свадьба хорошевых;3;rest;top
дом у реки на свадьбу;3;rest;top
ледяной дом свадьба шута;3;rest;top
погода в доме переделанная на свадьбу;3;rest;top
свадьба в ледяном доме при анне иоанновне;3;rest;top
посетите свадьбу в доме гесперид;3;rest;top
свадьба дома узким кругом;3;rest;top
свадьба ромашовых из дома 2;3;rest;top
аренда коттеджа с банкетным залом;3;venue-type;top
аренда банкетного зала на 20 человек;3;venue-type;top
банкетный зал оренбург для юбилея недорого;3;venue-type;top
банкетный зал оренбург недорого;3;venue-type;top
банкетный зал эльсинор цена;3;venue-type;top
орион банкетный зал цена;3;venue-type;top
банкетные залы астрахань цены;3;venue-type;top
банкетный зал астрахань цены;3;venue-type;top
националь астрахань банкетный зал цены;3;venue-type;top
автомобиль на свадьбу цены;3;rest;top
как можно организовать свадьбу;3;info;top
как организовать маленькую свадьбу;3;capacity;top
как организовать свадьбу самостоятельно поэтапно список;3;info;top
как организовать свадьбу советы;3;info;top
как организовать мальчишник перед свадьбой;3;info;top
что нужно для свадьбы жениху;3;info;top
список для невесты на свадьбу что нужно;3;info;top
что нужно для подготовки к свадьбе список;3;info;top
что нужно для благословения на свадьбу;3;info;top
сколько гостей зовут на свадьбу;3;info;top
сколько гостей должно быть на свадьбе;3;info;top
сколько гостей было на свадьбе иды галич;3;info;top
свадебные площадки екб;2;core;top
свадебные площадки кемерово;2;core;top
свадебные площадки красноярск;2;core;top
свадебные площадки минск;2;core;top
свадебные площадки таганрог;2;core;top
свадебные площадки иркутск;2;core;top
свадебные площадки саратов;2;core;top
свадебные площадки екатеринбург;2;venue-type;top
свадебная площадка ульяновск;2;core;top
площадка для свадьбы особняк;2;venue-type;top
площадки для свадеб крым;2;core;top
бюджетные площадки для свадьбы спб;2;price;top
загородные площадки для проведения свадьбы;2;venue-type;top
площадка для свадеб липецк;2;core;top
площадка для свадьбы в калининграде;2;core;top
площадка для свадьбы ставрополь;2;core;top
площадки для свадьбы ленобласть;2;core;top
площадки йошкар олы для свадьбы;2;core;top
снять площадку москва для свадьбы;2;price;top
площадки для свадеб ростов;2;core;top
площадки для свадьбы петергоф;2;core;top
загородные площадки для свадьбы екатеринбург;2;venue-type;top
какие вопросы задать площадке для свадьбы;2;core;top
лучшие площадки для свадьбы в нижнем новгороде;2;core;top
места для проведения свадеб в нижегородской области;2;core;top
банкетное место для свадьбы;2;venue-type;top
место для проведения свадьбы спб;2;core;top
места для свадьбы в липецке;2;rest;top
место для свадьбы в абрау дюрсо;2;core;top
место для свадьбы рязань;2;core;top
места для проведения свадеб казань;2;core;top
места для свадьбы казань;2;rest;top
места для проведения свадеб краснодар;2;core;top
места для свадьбы за городом;2;rest;top
как называется место для свадьбы;2;info;top
где скромно отметить свадьбу;2;info;top
где отметить свадьбу в ижевске;2;info;top
где отметить свадьбу в крыму;2;info;top
где отметить свадьбу в курске;2;info;top
где отметить свадьбу в оренбурге;2;info;top
где отметить свадьбу ростов;2;info;top
где отметить свадьбу в великом новгороде;2;info;top
где отметить свадьбу в брянске;2;info;top
где отметить свадьбу иваново;2;info;top
где отметить свадьбу в балаково;2;info;top
где отметить свадьбу за городом;2;info;top
где отметить свадьбу с друзьями;2;info;top
где отметить свадьбу в луганске;2;info;top
банкетные залы новороссийск для свадьбы;2;venue-type;top
банкетный зал новороссийск для свадеб;2;venue-type;top
банкетные залы псков для свадьбы;2;venue-type;top
банкетный зал псков для свадьбы;2;venue-type;top
банкетные залы томска для свадьбы;2;venue-type;top
банкетный зал для свадьбы томск;2;venue-type;top
банкетные залы для небольшой свадьбы;2;venue-type;top
небольшой банкетный зал для свадьбы;2;venue-type;top
банкетные залы кемерово для свадьбы;2;venue-type;top
банкетный зал в грозном для свадьбы;2;venue-type;top
банкетный зал для свадьбы кафе;2;venue-type;top
банкетный зал для свадьбы кемерово;2;venue-type;top
кафе банкетные залы для свадеб;2;venue-type;top
банкетные залы в саратове для свадьбы;2;venue-type;top
банкетный зал для свадьбы саратов;2;venue-type;top
банкетные залы в омске для свадьбы;2;venue-type;top
банкетные залы для свадьбы владимир;2;venue-type;top
банкетный зал для свадьбы владимир;2;venue-type;top
банкетный зал для свадьбы в пензе;2;venue-type;top
банкетные залы для свадьбы ростов на дону;2;venue-type;top
банкетный зал для свадьбы ростов на дону;2;venue-type;top
банкетные залы астрахани для свадьбы;2;venue-type;top
банкетный зал для свадьбы астрахань;2;venue-type;top
лучшие банкетные залы москвы для свадьбы;2;venue-type;top
банкетный зал вологда для свадьбы;2;venue-type;top
вологда банкетные залы для свадьбы;2;venue-type;top
майкоп рестораны для свадьбы;2;venue-type;top
снять ресторан для свадьбы воронеж цпрв;2;venue-type;top
ресторан для свадьбы иркутск;2;venue-type;top
ресторан для свадьбы тюмень;2;venue-type;top
рестораны для свадеб махачкала;2;venue-type;top
какой ресторан выбрать для свадьбы;2;venue-type;top
рестораны во владимире для свадьбы;2;venue-type;top
рестораны для свадьбы спб с панорамным видом;2;venue-type;top
ресторан для свадьбы томск;2;venue-type;top
ресторан для свадьбы в туле;2;venue-type;top
аренда зала для свадьбы воронеж;2;price;top
свадебный банкет калининград;2;core;top
свадебный банкет челябинск;2;core;top
свадебный банкет санкт петербург;2;core;top
свадебный банкет тверь;2;core;top
свадебный банкет блюда;2;core;top
свадебный банкет the wedding banquet 2025;2;core;top
свадебные традиции на банкете;2;info;top
план свадебного банкета;2;info;top
свадебный банкет кейтеринг;2;core;top
где провести свадьбу в белгороде;2;info;top
где провести свадьбу в калужской области;2;info;top
золушка проводи меня на свадьбу марисса мейер;2;rest;top
как провести день свадьбы без тамады;2;vendors;top
как называется место где проводят свадьбу;2;info;top
где провести свадьбу киров;2;info;top
провести свадьбу киров;2;core;top
где провести свадьбу в воронеже;2;info;top
провести свадьбу в сочи;2;core;top
сколько стоит провести свадьбу в иркутске;2;price;top
где провести свадьбу в челябинске;2;info;top
провести свадьбу челябинск;2;core;top
где провести свадьбу в коломне;2;info;top
как проводят современные свадьбы;2;info;top
свадьба в кругу семьи как провести;2;info;top
где проводила свадьбу ида галич;2;info;top
как бюджетно провести свадьбу;2;price;top
как провести камерную свадьбу без ведущего;2;vendors;top
где проводить свадьбу в питере;2;info;top
кто проводит свадьбу в загсе;2;rest;top
провести свадьбу краснодар;2;core;top
где провести свадьбу в спб;2;info;top
провести свадьбу спб;2;core;top
где провести свадьбу владивосток;2;info;top
где провести свадьбу омск;2;info;top
где провести свадьбу ярославль;2;info;top
где провести свадьбу в тамбове;2;info;top
дом провести свадьба тамада;2;vendors;top
как провести свадьбу без тамады дома;2;vendors;top
где провести свадьбу в волгограде;2;info;top
за сколько дней до свадьбы проводят девичник;2;rest;top
самара провести свадьбу;2;core;top
слова как провести свадьба;2;info;top
организацией свадеб минск;2;core;top
организация свадеб армавир;2;core;top
организация мини свадьбы;2;core;top
организация свадьбы самара;2;core;top
организация свадеб тверь;2;core;top
организация свадьбы новосибирск;2;core;top
организация свадеб липецк;2;core;top
варианты организации свадьбы;2;core;top
организация свадьбы калининград;2;core;top
организация свадьбы омск;2;core;top
организация свадьбы челябинск;2;core;top
список дел для организации свадьбы;2;info;top
организация свадеб вологда;2;core;top
свадьба как в сумерках организация;2;info;top
организации идеальной свадьбы;2;core;top
организация свадьбы сочи;2;core;top
организация свадеб тула;2;core;top
как проходит организация свадьбы;2;info;top
организация свадьбы онлайн;2;core;top
марина кравец организация свадьбы;2;core;top
организация свадьбы казань;2;core;top
усадьбы для свадеб беларусь;2;venue-type;top
шатер для свадьбы пенза;2;venue-type;top
свадебный шатер купить для проведения свадеб;2;venue-type;top
шатер для свадьбы волгоград;2;venue-type;top
шатер для свадьбы казань;2;venue-type;top
дом коттедж для свадьбы;2;venue-type;top
снять коттедж для свадьбы новосибирск;2;venue-type;top
сниму коттедж посуточно для свадьбы;2;venue-type;top
свадьба на теплоходе в санкт петербурге;2;venue-type;top
свадьба на теплоходе петербург;2;venue-type;top
казань свадьба в лесу;2;venue-type;top
свадьба в оранжерее саду;2;venue-type;top
свадьба в оранжерее таврического сада;2;venue-type;top
свадьба в таврической оранжерея;2;venue-type;top
свадьба на природе видео;2;venue-type;top
свадьба на природе что приготовить на стол;2;venue-type;top
стиль свадьбы на природе;2;venue-type;top
арка на свадьбу на природе;2;venue-type;top
салат на свадьбу на природе;2;venue-type;top
свадьба на природе барнаул;2;venue-type;top
свадьба на природе ярославль;2;venue-type;top
сценарий свадьбы без тамады на природе;2;vendors;top
свадьба на природе пинтерест;2;venue-type;top
свадьба на природе волгоград;2;venue-type;top
свадьба на природе ижевск;2;venue-type;top
маленькая свадьба на природе;2;venue-type;top
где отпраздновать свадьбу на природе;2;venue-type;top
свадьба на 10 человек как организовать;2;capacity;top
банкетный залы на 10 человек свадьба;2;venue-type;top
свадьба на 10 человек спб;2;capacity;top
бюджетная свадьба на 20 человек;2;capacity;top
расчет алкоголя на свадьбу 30 человек;2;rest;top
расчет свадьбы на 30 человек;2;capacity;top
расстановка столов на свадьбу на 30 человек;2;capacity;top
свадьба без ведущего на 30 человек;2;vendors;top
средняя стоимость свадьбы на 50 человек;2;capacity;top
кафе на свадьбу 50 человек;2;venue-type;top
меню на свадьбу на 100 человек;2;capacity;top
камерная свадьба пермь;2;capacity;top
камерная свадьба ростов на дону;2;capacity;top
камерная свадьба 2026;2;capacity;top
камерная свадьба до скольки человек;2;capacity;top
камерная свадьба екатеринбург;2;venue-type;top
где отпраздновать камерную свадьбу;2;capacity;top
камерная свадьба концепция;2;capacity;top
камерная свадьба омск;2;capacity;top
как понять камерная свадьба;2;capacity;top
камерная свадьба почему так называется;2;capacity;top
оформление камерной свадьбы;2;vendors;top
маленькие мальчики на свадьбе;2;capacity;top
маленькая свадьба спб;2;capacity;top
маленькое кафе для маленькой свадьбы;2;venue-type;top
маленькая сестренка на свадьбе;2;capacity;top
свадьба в джинсах и футболках для двоих;2;capacity;top
свадьба для двоих спб;2;capacity;top
свадьба за городом воронеж;2;rest;top
свадьба за городом с размещением;2;rest;top
бюджетная свадьба в подмосковье под ключ;2;price;top
загородная свадьба краснодар;2;venue-type;top
недорогой стол на свадьбу;2;price;top
свадьба воронеж недорого;2;price;top
свадьба воронеж недорого кафе;2;venue-type;top
недорогая свадьба казань;2;price;top
видеограф на свадьбу недорого;2;vendors;top
свадьба под ключ недорого цены;2;price;top
хорошее красное вино на свадьбу недорогое;2;price;top
заказать кафе на свадьбу недорого;2;venue-type;top
свадьба в екатеринбурге недорого;2;venue-type;top
свадьба воронеж под ключ цена;2;price;top
свадьба под ключ в коттедже;2;venue-type;top
свадьба под ключ гомель;2;price;top
свадьба под ключ нижний новгород цены;2;price;top
свадьба под ключ сургут;2;price;top
свадьба под ключ кино;2;price;top
свадьба под ключ пермь;2;price;top
свадьба под ключ великий новгород;2;price;top
свадьба под ключ орел;2;price;top
свадьба на мальдивах под ключ;2;price;top
свадьба под ключ екатеринбург цена;2;venue-type;top
свадьба под ключ екатеринбург цена проекты;2;venue-type;top
свадьба под ключ ставрополь;2;price;top
свадьба под ключ саранск;2;price;top
средняя стоимость декора на свадьбу;2;vendors;top
замок бип свадьба стоимость;2;venue-type;top
стоимость свадьбы в санкт петербурге;2;price;top
гос пошлина загс свадьба стоимость;2;price;top
гос пошлина загс свадьба стоимость 2026;2;price;top
рассчитать стоимость свадьбы калькулятор;2;price;top
свадьба в гатчинском дворце стоимость;2;price;top
константиновский дворец свадьба стоимость;2;price;top
свадьба в армении стоимость;2;price;top
юсуповский дворец фотосессия свадьба стоимость;2;vendors;top
стоимость бюджетной свадьбы;2;price;top
свадьба 40 человек стоимость;2;price;top
свадьба екатеринбург стоимость;2;venue-type;top
оформление свадеб стоимость;2;vendors;top
сколько стоят услуги ведущего на свадьбу;2;vendors;top
сколько стоит отметить свадьбу в кафе;2;venue-type;top
сколько стоит выступление клавы коки на свадьбе;2;price;top
сколько стоит свадьба в иркутске;2;price;top
сколько стоит азамат мусагалиев на свадьбу;2;price;top
сколько стоит биштов на свадьбу;2;price;top
сколько стоит играть свадьбу;2;price;top
сколько стоит заказать егора крида на свадьбу;2;price;top
сколько стоит позвать на свадьбу ваню дмитриенко;2;price;top
сколько стоит выступление лазарева на свадьбе;2;price;top
сколько стоит кравц на свадьбу;2;price;top
сколько стоит позвать анну асти на свадьбу;2;price;top
сколько стоит позвать баскова на свадьбу;2;price;top
сколько стоит позвать тимати на свадьбу;2;price;top
сколько стоит свадьба пермь;2;price;top
сколько стоит заказать иванушек интернешнл на свадьбу;2;price;top
сколько стоит нанять фотографа на свадьбу;2;vendors;top
сколько стоит заказать лепса на свадьбу;2;price;top
сколько стоит кусок торта на свадьбе;2;vendors;top
сколько стоит пригласить мари краймбрери на свадьбу;2;price;top
сколько стоит свадьба в осетии;2;price;top
сколько стоит позвать лепса на свадьбу;2;price;top
сколько стоит заказать лазарева на свадьбу;2;price;top
сколько стоит свадьба в уфе;2;price;top
патимат расулова сколько стоит выступление на свадьбе;2;price;top
сколько стоила свадьба тейлор свифт;2;price;top
сколько стоят услуги декоратора на свадьбу;2;vendors;top
сколько стоит свадьба в питере;2;price;top
сколько стоит пригласить кристину на свадьбу;2;price;top
сколько стоит федук на свадьбу;2;price;top
сколько стоят белые голуби на свадьбу;2;rest;top
сколько стоит икона для свадьбы;2;price;top
сколько денег стоит дарить на свадьбу;2;rest;top
сколько стоят музыканты на свадьбу;2;vendors;top
сколько стоит заказать акмаля на свадьбу;2;price;top
сколько стоит арендовать ресторан на свадьбу;2;venue-type;top
сколько стоит оформление зала на свадьбу;2;vendors;top
сколько в среднем стоит организовать свадьбу;2;rest;top
сколько стоит дешевая свадьба;2;price;top
сколько стоит заказать гуфа на свадьбу;2;price;top
сколько стоит пригласить клаву коку на свадьбу;2;price;top
сколько стоит свадьба в липецке;2;price;top
сколько стоит свадьба покров и бабич;2;price;top
сколько стоит пригласить гуфа на свадьбу;2;price;top
сколько стоит пригласить иванушек интернешнл на свадьбу;2;price;top
сколько стоит свадьба в курске;2;price;top
сколько стоит пригласить лазарева на свадьбу;2;price;top
сколько стоит свадьба в чебоксарах;2;price;top
свадьба с фуршетом без банкета;2;core;top
свадьба без банкета только загс;2;core;top
табу для ведущего на свадьбе;2;vendors;top
ведущий на свадьбу донецк;2;vendors;top
ведущий на свадьбу рыбинск;2;vendors;top
нагиев ведущий на свадьбу цена;2;vendors;top
на сколько часов брать ведущего на свадьбу;2;vendors;top
сколько берет ведущий на свадьбу;2;vendors;top
сколько берут ведущие на свадьбу;2;vendors;top
ведущий и диджей на свадьбу спб;2;vendors;top
ведущий на свадьбу мичуринск;2;vendors;top
ведущий на свадьбу омск;2;vendors;top
ведущий на свадьбу павел;2;vendors;top
ведущий на свадьбу тульская область;2;vendors;top
ведущий на свадьбу череповец;2;vendors;top
илья сатир ведущий на свадьбу цена;2;vendors;top
роль для ведущего на свадьбе сценарий;2;vendors;top
сатир ведущий на свадьбу цена;2;vendors;top
ведущий на свадьбу корпоратив праздник;2;vendors;top
ведущие на свадьбу йошкар ола;2;vendors;top
ведущий на христианскую свадьбу;2;vendors;top
ведущая на свадьбу ольга;2;vendors;top
илья соболев ведущий на свадьбу;2;vendors;top
ведущий на золотую свадьбу;2;vendors;top
звездный ведущий на свадьбу;2;vendors;top
фон для ведущих на свадьбу;2;vendors;top
александр касаткин ведущий на свадьбу цена;2;vendors;top
ведущий на свадьбу иркутск;2;vendors;top
ведущий на свадьбу минск;2;vendors;top
зажигание семейного очага на свадьбе слова ведущего;2;vendors;top
отбивки на свадьбу для ведущего;2;vendors;top
ведущий на свадьбу луганск;2;vendors;top
в сальске ведущие на свадьбу;2;vendors;top
описание гостей для ведущего на свадьбу;2;vendors;top
описание гостей на свадьбу для ведущего примеры;2;vendors;top
ведущий на свадьбу красноярск;2;vendors;top
торт на свадьбе слова ведущего;2;vendors;top
как написать ведущему на свадьбу правильно;2;vendors;top
ведущий на свадьбу артем;2;vendors;top
ведущий на свадьбу пенза цена;2;vendors;top
фотографа отказались кормить на свадьбе;2;vendors;top
фотограф на свадьбу тюмень;2;vendors;top
фотограф на свадьбу тула;2;vendors;top
фотограф на свадьбу тверь;2;vendors;top
слова благодарности фотографу на свадьбе;2;vendors;top
фотограф и оператор на свадьбу;2;vendors;top
на сколько часов нужен фотограф на свадьбу;2;vendors;top
фотограф на свадьбу питер;2;vendors;top
как одеться фотографу на свадьбу;2;vendors;top
фотограф трахнул невесту на свадьбе;2;vendors;top
нужно ли кормить фотографа на свадьбе;2;vendors;top
фотограф на свадьбу спб;2;vendors;top
фотограф и видеооператор на свадьбу;2;vendors;top
благодарность видеографу на свадьбе;2;vendors;top
видеограф на свадьбу спб;2;vendors;top
изготовление свадебного декора;2;vendors;top
что нужно для свадебного декора;2;vendors;top
продажа свадебного декора;2;vendors;top
тюль для декора свадебный;2;vendors;top
аренда свадебного декора краснодар;2;vendors;top
свадебный декор авто;2;vendors;top
свадебный декор каркас;2;vendors;top
свадебный декор краснодар;2;vendors;top
свадебный декор курск;2;vendors;top
свадебный декор пятигорск;2;vendors;top
свадебный декор ресторана;2;vendors;top
свадебный декор своими руками идеи;2;vendors;top
декор свадебных стульев;2;vendors;top
свадебный декор форум;2;vendors;top
виды свадебного декора;2;vendors;top
свадебный черный декор;2;vendors;top
свадебный декор тверь;2;vendors;top
декор свадебных бокалов своими руками;2;vendors;top
свадебный декор самара;2;vendors;top
свадебный декор фотозоны;2;vendors;top
мелодрама про оформления свадьбы на твц;2;vendors;top
оформление круглой арки на свадьбу;2;vendors;top
оформление свадьбы ростов;2;vendors;top
оформление стен на свадьбу;2;vendors;top
оформление свадьбы 2026 тренды;2;vendors;top
оформление свадьбы новосибирск;2;vendors;top
свадьба в белом цвете оформление;2;vendors;top
цветовое оформление свадьбы;2;vendors;top
бело зеленое оформление свадьбы;2;vendors;top
оформление авто на свадьбу;2;vendors;top
свадьба оформление помещения;2;vendors;top
оформление зала на свадьбу 2026;2;vendors;top
заказать оформление свадьбы;2;vendors;top
оформление конверта на свадьбу;2;vendors;top
оформление кафе на свадьбу;2;vendors;top
договор оформления свадьбы;2;vendors;top
оформление бумажной свадьбы;2;vendors;top
оформление свадьбы банкет;2;vendors;top
оформление свадьбы в стиле рустик;2;vendors;top
оформление синей свадьбы;2;vendors;top
черное оформление свадьбы;2;vendors;top
оформление баннера на свадьбу;2;vendors;top
классическое оформление свадьбы;2;vendors;top
бежевое оформление свадьбы;2;vendors;top
оформление банкетного зала на свадьбу цены;2;vendors;top
оформление выездной регистрации на свадьбу на улице;2;vendors;top
уличное оформление свадеб;2;vendors;top
школа свадебных организаторов;2;vendors;top
свадебный организатор саратов;2;vendors;top
анастасия нестерова свадебный организатор;2;vendors;top
свадебный организатор софья;2;vendors;top
свадебный организатор челябинск;2;vendors;top
свадебный организатор пермь;2;vendors;top
день свадебного организатора;2;vendors;top
нужен свадебный организатор;2;vendors;top
что делает свадебный организатор;2;vendors;top
договор свадебного организатора;2;vendors;top
свадебный организатор воронеж;2;vendors;top
свадебное агентство череповец;2;vendors;top
свадебное агентство псков;2;vendors;top
свадьберри свадебное агентство;2;vendors;top
свадебное агентство love;2;vendors;top
свадебное агентство краснодар;2;vendors;top
свадебное агентство смоленск;2;vendors;top
свадебное агентство томск;2;vendors;top
свадебные агентства ростов;2;vendors;top
bonweddings свадебное агентство;2;vendors;top
договор со свадебным агентством;2;vendors;top
свадебное агентство услуга;2;vendors;top
свадебное агентство пхукет;2;vendors;top
заказать кавер группу на свадьбу;2;vendors;top
услуги диджея на свадьбу;2;rest;top
диджей на свадьбу спб;2;vendors;top
калькулятор свадебного торта;2;vendors;top
свадебные торты прямоугольные с вафельной бумагой;2;vendors;top
свадебный торт 2026 минимализм;2;vendors;top
свадебный торт круглый большой;2;vendors;top
свадебный торт новосибирск;2;vendors;top
свадебный торт с черникой;2;vendors;top
торт свадебный гендер пати;2;vendors;top
салют свадебный торт;2;vendors;top
свадебный торт владикавказ;2;vendors;top
свадебный торт на заказ владикавказ;2;vendors;top
переноска для свадебного торта;2;vendors;top
свадебный торт одноярусный большой;2;vendors;top
свадебный торт с ягодами фото;2;vendors;top
свадебный торт красный бархат двухъярусный;2;vendors;top
торт свадебный фисташковый;2;vendors;top
свадебный торт с кремовыми цветами;2;vendors;top
простое оформление свадебного торта;2;vendors;top
нежный свадебный торт;2;vendors;top
самая популярная начинка для свадебного торта;2;vendors;top
свадебные торты астрахань;2;vendors;top
свадебный торт бохо;2;vendors;top
свадебный торт хохлома;2;vendors;top
сколько надо свечей на свадебный торт;2;vendors;top
свадебный торт в стиле ламбет;2;vendors;top
свадебный торт с орхидеями;2;vendors;top
фотография свадебного торта;2;vendors;top
какого размера должен быть свадебный торт;2;vendors;top
расчет веса свадебного торта;2;vendors;top
2 х ярусный свадебный торт;2;vendors;top
длинный свадебный торт со свечами;2;vendors;top
как собрать свадебный прямоугольный торт;2;vendors;top
купить стол свадебный для торта;2;vendors;top
оформление свадебного торта вафельной бумагой;2;vendors;top
свадебные торты 10кг;2;vendors;top
свадебный торт из 90;2;vendors;top
свадебный торт с бусинками;2;vendors;top
свадебный торт с рисовой бумагой;2;vendors;top
свадебный торт стерлитамак;2;vendors;top
торт свадебный в виде свечи;2;vendors;top
украсить прямоугольный свадебный торт;2;vendors;top
французский свадебный торт;2;vendors;top
свадебный торт новороссийск;2;vendors;top
свадебный торт воронеж;2;vendors;top
торт свадебный 4кг;2;vendors;top
прямоугольный торт свадебный с бусинами;2;vendors;top
свадебный торт квадратный одноярусный;2;vendors;top
ставят ли свечи на свадебный торт;2;vendors;top
торт свадебный в голубом цвете;2;vendors;top
заказ свадебного торта фото;2;vendors;top
свадебный торт белгород;2;vendors;top
торт свадебный интересный;2;vendors;top
поднос для свадебного торта;2;vendors;top
дизайн свадебного торта 2 яруса;2;vendors;top
как резать свадебный торт;2;vendors;top
свадебный торт в длину;2;vendors;top
торты свадебные топ;2;vendors;top
свадебный торт александра;2;vendors;top
свадебный торт александров;2;vendors;top
свадебный торт квадратный фото;2;vendors;top
стоимость свадебного торта на 30 человек;2;vendors;top
уронили свадебный торт;2;vendors;top
договор на свадебный торт;2;vendors;top
свадебный торт брянск;2;vendors;top
свадебный торт киров;2;vendors;top
вынос свадебного торта на свадьбе;2;vendors;top
вынос свадебного торта на свадьбе музыка;2;vendors;top
меренговый свадебный торт;2;vendors;top
рецепт вкусного свадебного торта;2;vendors;top
свадебный торт 1 ярусный;2;vendors;top
свадебный торт ульяновск;2;vendors;top
свадебный торт волгоград;2;vendors;top
свадебный торт с фальш ярусом и подсветкой;2;vendors;top
как перевозить свадебный торт;2;vendors;top
большие свадебные торты цены;2;vendors;top
свадебный торт с жемчужинами;2;vendors;top
свадебные торты тюмень;2;vendors;top
дизайн свадебного торта прямоугольный;2;vendors;top
свадебный торт маленький одноярусный;2;vendors;top
свадебный торт с голубикой;2;vendors;top
свадебный торт с живыми цветами двухъярусный;2;vendors;top
торт свадебный с шарами;2;vendors;top
свадебный торт тверь;2;vendors;top
лягушки на торте как сделать свадебные;2;vendors;top
свадебные торты липецк;2;vendors;top
сколько стоит свадебный торт на 60 человек;2;vendors;top
свадебный торт краснодар;2;vendors;top
свадебный торт с бусами;2;vendors;top
проба свадебного торта;2;vendors;top
свадебный торт в форме сердца;2;vendors;top
свадебный торт пирог с ягодами;2;vendors;top
бенто торт свадебный дизайн;2;vendors;top
свадебный торт с кружевом;2;vendors;top
как можно украсить свадебный торт;2;vendors;top
оформление свадебного торта в домашних условиях;2;vendors;top
свадебный торт с эустомой;2;vendors;top
свадебный торт фото двухъярусный на свадьбу 2026;2;vendors;top
торты 2026 свадебные квадратные;2;vendors;top
свадебный стилист нижний новгород;2;vendors;top
свадебный стилист санкт петербург;2;vendors;top
студия свадебных стилистов;2;vendors;top
визажист на свадьбу цена;2;vendors;top
визажист на свадьбу самара;2;vendors;top
выездная регистрация брака иваново;2;vendors;top
выездная регистрация брака новороссийск;2;vendors;top
каркас для выездной регистрации;2;vendors;top
выездная регистрация минск;2;vendors;top
выездная регистрация брака калуга;2;vendors;top
выездная регистрация новосибирск;2;vendors;top
выездная регистрация брака в крыму;2;vendors;top
выездной регистрации крым;2;vendors;top
как оформляется выездная регистрация;2;vendors;top
выездная регистрация брака комсомольск;2;vendors;top
выездная регистрация ижевск;2;vendors;top
выездная регистрация почему;2;vendors;top
выездная регистрация саранск;2;vendors;top
можно ли официально расписаться на выездной регистрации;2;vendors;top
выездная регистрация брака нижний новгород;2;vendors;top
сколько стоит выездная регистрация брака в липецке;2;vendors;top
сколько стоит выездная регистрация в липецке;2;vendors;top
выездная регистрация брака казань;2;vendors;top
если выездная регистрация куда подавать заявление;2;vendors;top
как организовывается выездная регистрация;2;vendors;top
как организовывается выездная регистрация брака;2;vendors;top
как организуется выездная регистрация;2;vendors;top
выездная регистрация тольятти;2;vendors;top
выездная регистрация уфа;2;vendors;top
выездная регистрация стулья;2;vendors;top
стол для выездной регистрации;2;vendors;top
свидетельство для выездной регистрации;2;vendors;top
трогательная выездная регистрация;2;vendors;top
выездная регистрация брака пенза;2;vendors;top
выездная регистрация оренбург;2;vendors;top
выездная регистрация молодых;2;vendors;top
бланк для выездной регистрации;2;vendors;top
выездная регистрация свадьбы сценарий;2;vendors;top
выездная регистрация брака чебоксары;2;vendors;top
клятва жениха на выездную регистрацию;2;vendors;top
выездная регистрация сделок;2;vendors;top
сколько стоит выездная регистрация брака в орле;2;vendors;top
выездная регистрация брака краснодар стоимость;2;vendors;top
выездная регистрация краснодар стоимость;2;vendors;top
свадебная регистрация выездная фото;2;vendors;top
свадебные арки для выездной регистрации фото;2;vendors;top
дорожка для выездной регистрации;2;vendors;top
трибуна для выездной регистрации;2;vendors;top
столик для выездной регистрации;2;vendors;top
выездная регистрация у воды;2;vendors;top
выездная регистрация краснодарский край;2;vendors;top
чек лист невесты в подготовке к свадьбе;2;info;top
примерный бюджет на свадьбу;2;rest;top
как рассчитать бюджет на свадьбу;2;info;top
самый большой бюджет в 4 свадьбы;2;rest;top
калькулятор бюджета свадьбы;2;rest;top
бюджет свадьбы таблица;2;rest;top
4 свадьбы с большим бюджетом;2;rest;top
средний бюджет свадьбы в россии;2;rest;top
встреча молодых на свадьбе сценарий;2;info;top
встреча молодых с караваем на свадьбе сценарий;2;info;top
встреча с караваем на свадьбе сценарий;2;info;top
2й день свадьбы сценарий;2;info;top
сценарий для неопытной тамады на свадьбу;2;vendors;top
веселый сценарий свадьбы дома;2;info;top
выкуп жениха на свадьбе сценарий;2;info;top
найти сценарий на свадьбу;2;info;top
программа на свадьбу сценарий для тамады;2;vendors;top
юбилей свадьбы 20 сценарий;2;info;top
программа проведения свадьбы сценарий для ведущего;2;vendors;top
торт свадьба сценарий;2;vendors;top
сценарий свадьба славянская;2;info;top
сценарий свадьбы 2000;2;info;top
сценарий свадьбы в славянском стиле;2;info;top
сценарий юбилейной свадьбы;2;info;top
русская традиционная свадьба сценарий;2;info;top
свадьба дома сценарий для самых близких;2;info;top
сценарий традиционной свадьбы;2;info;top
сценарий розовой свадьбы;2;info;top
сценарий мероприятие свадьба;2;info;top
сценарий молодежной свадьбы;2;info;top
сценарий для девичника перед свадьбой;2;info;top
сценарий сельской свадьбы;2;info;top
сценарий свадьбы дочери;2;info;top
легкий сценарий для свадьбы;2;info;top
сценарий второй день свадьбы для ведущей;2;vendors;top
сценарий чувашской свадьбы;2;info;top
сценарий свадьбы слова родителей;2;info;top
сценарий веселый второго дня свадьбы;2;info;top
сценарий второй день свадьбы весело;2;info;top
купить готовый сценарий свадьбы;2;info;top
сценарий свадьбы на 25 человек;2;capacity;top
сценарий изумрудной свадьбы в домашних условиях;2;info;top
красивый сценарий свадьбы для тамады;2;vendors;top
начало свадьбы сценарий для тамады красивое;2;vendors;top
необычные сценарии свадьбы для тамады;2;vendors;top
свадьба сценарий для тамады красивое и необычное;2;vendors;top
свадьба сценарий красивое и необычное начало;2;info;top
готовый сценарий небольшой свадьбы;2;capacity;top
сценарий первого дня свадьбы;2;info;top
свадьба проведение праздника сценарий;2;info;top
сценарий квеста на свадьбу;2;info;top
сценарий свадьбы в домашних условиях смешные;2;info;top
сценарий свадьбы с родственниками;2;info;top
сценарий цыганки на свадьбу;2;info;top
26 сентября свадьба в ираке;2;info;top
свадьба в сентябре мир космоса;2;info;top
как одеться на свадьбу в сентябре мужчине;2;info;top
идеи для скромной свадьбы;2;info;top
идеи для 2 дня свадьбы;2;info;top
идеи для свадьбы летом;2;info;top
идеи для фотозоны на свадьбу;2;vendors;top
интересные идеи для свадьбы для гостей;2;info;top
идеи для рассадки гостей на свадьбе;2;info;top
свадьба в стиле 80 90х;2;info;top
свадьба в стиле 90 х что надеть;2;info;top
свадьба в дачном стиле свадьба в замке;2;info;top
свадьба в новогоднем стиле;2;info;top
свадьба в стиле 2010;2;info;top
свадьба в стиле тиффани;2;info;top
свадьба в стиле рококо;2;info;top
свадьба в лимонном стиле;2;info;top
свадьбы в стиле ню;2;info;top
свадьба в колхозном стиле;2;info;top
одеться на свадьбу стиль кэжуал;2;info;top
свадьба в стиле гжель;2;info;top
свадьба в стиле 2000х;2;info;top
4 свадьбы свадьба в стиле комиксов;2;info;top
свадьба в шоколадном стиле;2;info;top
интересные стили свадьбы;2;info;top
образ на свадьбу в морском стиле;2;info;top
свадьба в испанском стиле;2;info;top
свадьба в стиле 00 х;2;info;top
свадьба в стиле 00 х годов;2;info;top
свадьба в стиле 70 х годов;2;info;top
свадьба в стиле хиппи;2;info;top
свадьба в стиле 90 00;2;info;top
свадьба в арабском стиле;2;info;top
свадьба в стиле стендап вечеринки vs;2;info;top
популярные стили свадьбы;2;info;top
пригласительные на свадьбу в стиле 90 х;2;info;top
свадьба в стиле гетсби;2;info;top
4 свадьбы свадьба в стиле бдсм;2;info;top
свадьба в бежевом стиле;2;info;top
стиль свадьбы клавы коки;2;info;top
4 свадьбы выпуск в стиле 90;2;info;top
дофаминовый стиль свадьбы;2;info;top
стили интерьера свадьба;2;info;top
стиль свадьбы а ля рус;2;info;top
свадьба в стиле арт деко;2;info;top
свадьба в старорусском стиле на современный лад;2;info;top
дискотека в стиле свадьбы;2;info;top
свадьба в стиле минимализм vs ассирийская свадьба;2;info;top
свадьба в стиле фуршет;2;info;top
свадьба в стиле блэк тай;2;info;top
романтический стиль свадьбы;2;info;top
свадьба в стиле крестного отца;2;info;top
стиль на свадьбу паре;2;info;top
свадьба в стиле китч манга;2;info;top
свадьба в деревенском стиле vs пожарная;2;info;top
свадьба в стиле сафари;2;info;top
свадьба стиль гламур;2;info;top
как делать рассадку гостей на свадьбе;2;info;top
как правильно делать рассадку гостей на свадьбе;2;info;top
плакат для рассадки гостей на свадьбе;2;info;top
сгенерировать рассадку гостей на свадьбу;2;info;top
карточки рассадки гостей на свадьбе онлайн;2;info;top
рассадка гостей на свадьбе буквой п;2;info;top
как правильно сделать рассадку гостей на свадьбе;2;info;top
виды рассадки гостей на свадьбе;2;info;top
электронная рассадка гостей на свадьбу;2;info;top
как делается рассадка гостей на свадьбе;2;info;top
авито площадка для свадьбы;2;core;top
необычные площадки для свадьбы;2;core;top
ресторан для свадьбы новосибирск;2;venue-type;top
организация свадьбы ярославль;2;core;top
таблица для организации свадьбы;2;core;top
снится организация свадьбы;2;core;top
свадебный торт на 5 кг фото;2;vendors;top
выездная регистрация брака тюмень;2;vendors;top
свадьба в старинном стиле;2;info;top
тамада на свадьбу минск;2;vendors;top
что говорить тамаде на свадьбе;2;vendors;top
сценарий на свадьбу с тамадой дома;2;vendors;top
сценарий свадьбы на дому без тамады;2;vendors;top
зажжение семейного очага на свадьбе текст тамады;2;vendors;top
святослав ещенко тамада на свадьбе;2;vendors;top
тамада на свадьбу тула;2;vendors;top
свадебный воркшоп для фотографов;2;vendors;top
свадебный фотограф рязань;2;vendors;top
свадебный фотограф волгоград;2;vendors;top
свадебный фотограф ногинск;2;vendors;top
как написать свадебному фотографу;2;vendors;top
средняя цена свадебного фотографа;2;vendors;top
свадебный фотограф алматы;2;vendors;top
свадебный фотограф ольга;2;vendors;top
свадебный фотограф вологда;2;vendors;top
слова свадебный фотограф;2;vendors;top
подпись для фотографа для свадебных фото;2;vendors;top
свадебный фотограф рилсмейкер;2;vendors;top
свадебный фотограф уфа;2;vendors;top
свадебный фотограф самара;2;vendors;top
лучшие свадебные фотографы мира;2;vendors;top
свадебный фотограф пост;2;vendors;top
свадебный фотограф волжский;2;vendors;top
свадебный фотограф обнинск;2;vendors;top
свадебный фотограф иваново;2;vendors;top
свадебный фотограф минск;2;vendors;top
свадебный фотограф анапа;2;vendors;top
свадебный фотограф курган;2;vendors;top
свадебный фотограф слушать;2;vendors;top
свадебная фотосессия эротическая;2;vendors;top
свадебная фотосессия с гостями;2;vendors;top
где можно устроить свадебную фотосессию;2;vendors;top
свадебные фотосессии зимой в питере;2;vendors;top
идеи для свадебной фотосессии осенью;2;vendors;top
идеи для свадебной фотосессии летом;2;vendors;top
свадебная фотосессия владимир;2;vendors;top
свадебная фотосессия в поле;2;vendors;top
свадебная фотосессия в стиле 18 века;2;vendors;top
свадебная фотосессия в ульяновске;2;vendors;top
свадебная фотосессия ростов;2;vendors;top
сколько стоит свадебная фотосессия в эрмитаже;2;vendors;top
свадебная фотосессия на катере;2;vendors;top
свадебная фотосессия сочи;2;vendors;top
свадебная фотосессия в абхазии;2;vendors;top
сделать свадебную фотосессию ии;2;vendors;top
локации для свадебной фотосессии екатеринбург;2;vendors;top
свадебная фотосессия под ключ;2;vendors;top
академия штиглица санкт петербург фотосессия свадебная;2;vendors;top
фон для свадебного фотосессии;2;vendors;top
дворцы для свадебной фотосессии спб;2;vendors;top
особняк брусницыных свадебная фотосессия;2;vendors;top
свадебная фотосессия симферополь;2;vendors;top
свадебная фотосессия на яхте;2;vendors;top
свадебная фотосессия в горах;2;vendors;top
фотосессия семейная свадебная;2;vendors;top
дом архитектора свадебная фотосессия;2;vendors;top
видеосъемка свадеб во владивостоке;2;rest;top
чертеж свадебной арки;2;rest;top
арка свадебная на улице;2;rest;top
варианты свадебных арок;2;rest;top
свадебная арка из шариков;2;rest;top
красивая свадебная арка;2;rest;top
арка свадебная сердце;2;rest;top
как крепить ткань к арке свадебной;2;info;top
свадебная арка красная;2;rest;top
свадебная арка из сухоцветов;2;rest;top
арки для свадебной церемонии фото;2;rest;top
какие ткани используют для свадебных арок;2;rest;top
как самим сделать фотозону на свадьбу;2;vendors;top
фотозона для свадьбы на улице;2;vendors;top
как оформить фотозону своими руками на свадьбу;2;vendors;top
фотозона на свадьбу с бусами;2;vendors;top
фотозона на свадьбу нальчик;2;vendors;top
бежевая фотозона на свадьбу;2;vendors;top
фотозона на свадьбу с именами;2;vendors;top
букет невесты аудиокнига слушать онлайн;2;vendors;top
букет невесты белые эустомы и белые альстромерии;2;vendors;top
букет невесты из бригады;2;vendors;top
букет невесты из оранжевых роз;2;vendors;top
букет невесты курск купить;2;vendors;top
букет невесты лилии и розы;2;vendors;top
букет невесты своими руками пошагово;2;vendors;top
букет невесты слушать онлайн;2;vendors;top
букет невесты челябинск купить;2;vendors;top
букеты невесты лето 2026;2;vendors;top
ваза для букета невесты;2;vendors;top
винтажный букет невесты;2;vendors;top
пеларгония букет невесты отзывы;2;vendors;top
что кидает невеста на свадьбе кроме букета;2;vendors;top
элегантный букет невесты;2;vendors;top
букет невесты 25 см;2;vendors;top
каким должен быть букет невесты на свадьбу;2;vendors;top
букет невесты из белых альстромерий;2;vendors;top
букет невесты с висюльками;2;vendors;top
букет невесты эустома с гипсофилой;2;vendors;top
замужняя девушка поймала букет невесты;2;vendors;top
букет невесты 2026 розовый;2;vendors;top
букет невесты в сине голубых тонах;2;vendors;top
букет невесты в синих тонах;2;vendors;top
букет невесты из живых цветов небольшой;2;vendors;top
букет невесты молочного цвета;2;vendors;top
букет невесты черно белый;2;vendors;top
веточки в букет невесты;2;vendors;top
самый дешевый букет невесты;2;vendors;top
букет невесты фрезия с гипсофилой;2;vendors;top
где делают букет невесты;2;vendors;top
можно ли выкидывать свадебный букет невесты засохший;2;vendors;top
свадебный букет для невесты какие цветы;2;vendors;top
дубликат букета невесты;2;vendors;top
какого размера должен быть букет невесты;2;vendors;top
букет невесты из белых орхидей;2;vendors;top
поймала букет невесты и умерла;2;vendors;top
какие цветы нельзя в букет невесты;2;vendors;top
бюджетный букет невесты своими руками;2;vendors;top
букет цветов для невесты от гостей;2;vendors;top
зачем нужен букет невесты на свадьбе;2;vendors;top
зефирный букет для невесты;2;vendors;top
поверья букет невесты;2;vendors;top
букет невесты в народном стиле;2;vendors;top
букет невесты на осень;2;vendors;top
букет для невесты от подруги;2;vendors;top
букет невесты белые каллы и красные розы;2;vendors;top
букет невесты в русском стиле;2;vendors;top
букет невесты в форме сердца;2;vendors;top
букет невесты до 5000;2;vendors;top
букет невесты ижевск;2;vendors;top
букет невесты из белых диантусов;2;vendors;top
букет невесты из зефира;2;vendors;top
букет невесты из кенийской розы;2;vendors;top
букет невесты из одуванчиков;2;vendors;top
букет невесты из роз кения;2;vendors;top
букет невесты из сухоцветов фото;2;vendors;top
букет невесты из трех роз;2;vendors;top
букет невесты купить в ростове;2;vendors;top
букет невесты купить сургут;2;vendors;top
букет невесты куст;2;vendors;top
букет невесты нежно голубой;2;vendors;top
букет невесты новосибирск;2;vendors;top
букет невесты новосибирск купить;2;vendors;top
букет невесты приносит жених;2;vendors;top
букет невесты пшеница;2;vendors;top
букет невесты референс;2;vendors;top
букет невесты рязань купить;2;vendors;top
букет невесты с герберами;2;vendors;top
букет невесты с герберой;2;vendors;top
букет невесты с каллами 2026;2;vendors;top
букет невесты с ленточками;2;vendors;top
букет невесты с лилией и каллами;2;vendors;top
букет невесты с ракушками;2;vendors;top
букет невесты с сертификатами;2;vendors;top
букет невесты саранск;2;vendors;top
букет невесты сургут;2;vendors;top
букет невесты таганрог;2;vendors;top
букет невесты тюмень купить;2;vendors;top
букет невесты ульяновск;2;vendors;top
букет невесты цветной;2;vendors;top
букет невесты чебоксары;2;vendors;top
заказать свадебный букет невесты в воронеже;2;vendors;top
замена букета невесты;2;vendors;top
зимний букет невесты;2;vendors;top
как интересно разыграть букет невесты;2;vendors;top
какие сейчас популярны букеты невесты;2;vendors;top
комнатный цветок букет невесты;2;vendors;top
кто приносит букет невесты;2;vendors;top
может ли жених видеть букет невесты;2;vendors;top
обязательно ли бросать букет невесты на свадьбе;2;vendors;top
обязательно ли невесте бросать букет;2;vendors;top
озон букет невесты;2;vendors;top
свадебный букет для невесты из хризантем;2;vendors;top
свадебный букет невесты отзывы;2;vendors;top
сколько нужно цветов для букета невесты;2;vendors;top
традесканция букет невесты;2;vendors;top
французские белые розы букет невесты;2;vendors;top
огромный букет для невесты;2;vendors;top
в какой момент невеста кидает букет;2;vendors;top
шикарный букет невесты;2;vendors;top
букет невесты с красными антуриумами;2;vendors;top
букет невесты бордовые пионы;2;vendors;top
букет невесты из бусин мастер класс;2;vendors;top
букет невесты из красных кустовых роз;2;vendors;top
букет невесты из эустомы цена;2;vendors;top
букет невесты композиция;2;vendors;top
букет невесты принцессы дианы;2;vendors;top
букет невесты с фаленопсисом;2;vendors;top
идеи как разыграть букет невесты;2;vendors;top
можно ли невесте быть без букета;2;vendors;top
свадебный букет невесты из альстромерия;2;vendors;top
свадебный букет невесты фото из роз;2;vendors;top
кидать букет невесты откуда традиция;2;vendors;top
из каких цветов сделать букет невесты;2;vendors;top
букет невесты из калл розовых;2;vendors;top
как подписать фото с пойманным букетом невесты;2;vendors;top
букет невесты купить минск;2;vendors;top
как обыграть букет невесты;2;vendors;top
как собрать букет невесты из калл;2;vendors;top
музыка под букет невесты;2;vendors;top
свадебный букет для невесты в корзине;2;vendors;top
ярко розовый букет невесты;2;vendors;top
дарение букета невеста;2;vendors;top
букет невесты 2027 тренд;2;vendors;top
букет невесты с фиолетовыми цветами;2;vendors;top
букет невесте в стиле 90 х;2;vendors;top
букет невесты 90;2;vendors;top
букет невесты необычный оригинальный;2;vendors;top
букет невесты из 5 роз;2;vendors;top
букет невесты муром;2;vendors;top
букет невесты растрепыш;2;vendors;top
гипсофилы цветы букет невесты;2;vendors;top
букет невесты 26;2;vendors;top
букет невесты из гипсофилы фото свадебные;2;vendors;top
букет для невесты лучше живые или искусственные;2;vendors;top
букет невесты 2026г;2;vendors;top
букет невесты из кустовых розочек;2;vendors;top
букет невесты купить в самаре;2;vendors;top
букет невесты магнитогорск;2;vendors;top
букет невесты можно ли хранить дома;2;vendors;top
пеларгония юзис букет невесты фото;2;vendors;top
современный букет невесты фото;2;vendors;top
музыка для букета невесты;2;vendors;top
купить букет невесты на авито;2;vendors;top
букет невесты кремовая эустома;2;vendors;top
голубой букет невесты маленький;2;vendors;top
букет невесты с матиолой;2;vendors;top
красивые свадебные букеты для невесты;2;vendors;top
букет невесте на свадьбу от подруги;2;vendors;top
букет для невесты из конфет;2;vendors;top
букет невесты из 7 калл;2;vendors;top
букет невесты мода 2026;2;vendors;top
букет невесты петрозаводск;2;vendors;top
клетка для букета невесты;2;vendors;top
эустома с альстромерией букет невесты;2;vendors;top
пинтерест букет невесты бело розовые;2;vendors;top
букет невесты готовый;2;vendors;top
аккуратный букет невесты;2;vendors;top
букет невесты 2026 осень;2;vendors;top
букет невесты архангельск;2;vendors;top
букет невесты с золотом;2;vendors;top
миниатюрный букет невесты;2;vendors;top
букет невесты в стиле рустик;2;vendors;top
букет невесты п;2;vendors;top
какие цветы должны быть в букете невесты;2;vendors;top
нужно ли хранить букет невесты;2;vendors;top
букет невесты привозит жених;2;vendors;top
что значит букет невесты дублер;2;vendors;top
летний букет невесты;2;vendors;top
букет невесты символ;2;vendors;top
обязательно ли невесте букет в загсе;2;vendors;top
когда дарится букет невесты;2;vendors;top
букет невесты ковров;2;vendors;top
из каких цветов собрать букет невесты;2;vendors;top
букет невесты обязательно должен быть;2;vendors;top
как правильно собрать букет невесты;2;vendors;top
куда девать пойманный букет невесты;2;vendors;top
невеста бросает букет лови;2;vendors;top
букет полевых цветов на свадьбу;2;vendors;top
нежный букет цветов на свадьбу;2;vendors;top
какое количество цветов дарят на свадьбу;2;rest;top
количество цветов на свадьбу;2;rest;top
какие цветы дарят на серебряную свадьбу жене;2;rest;top
белые цветы на свадьбу название;2;rest;top
венок из живых цветов на свадьбу декор;2;vendors;top
модные букеты цветов на свадьбу;2;vendors;top
какие цветы дарить сестре на свадьбу;2;rest;top
коалы цветы на свадьбу;2;rest;top
декоративные цветы на свадьбу;2;vendors;top
какие цветы дарят на бумажную свадьбу;2;rest;top
какие цветы лучше брать на свадьбу;2;rest;top
какие цветы можно купить на свадьбу;2;rest;top
цветы на свадьбу для невесты купить;2;rest;top
много цветов на свадьбе;2;rest;top
двухъярусный торт на свадьбу с цветами;2;vendors;top
оформление живыми цветами на свадьбу;2;vendors;top
торт двухъярусный на свадьбу с живыми цветами;2;vendors;top
какие самые красивые цветы на свадьбу;2;rest;top
обязательно ли покупать цветы на свадьбу;2;rest;top
нужно ли приходить на свадьбу с цветами;2;rest;top
какие цветы дарят на агатовую свадьбу;2;rest;top
задник для президиума на свадьбу;2;rest;top
президиум на свадьбу круглый;2;rest;top
президиум это простыми словами на свадьбу;2;rest;top
скатерть для президиума на свадьбу;2;venue-type;top
президиум на свадьбу зеленый;2;geo;top
зона президиума на свадьбе;2;rest;top
свадебные торты на заказ фото;2;vendors;top
торт на заказ на свадьбу цена;2;vendors;top
блюда для фуршета на свадьбу;2;rest;top
фуршет на свадьбу на улице;2;rest;top
фуршет на свадьбу меню;2;rest;top
фуршет на свадьбу дома у невесты;2;rest;top
коктейль бар на свадьбу;2;rest;top
брянск свадебный каравай купить;2;rest;top
свадебный каравай брянск;2;rest;top
свадебный каравай калуга;2;rest;top
свадебный каравай и шишки;2;rest;top
виды свадебных караваев;2;rest;top
свадебный каравай текст;2;rest;top
свадебный обряд с караваем;2;rest;top
красивые свадебные каравай;2;rest;top
свадебный каравай видео от рецепты вкусных блюд;2;rest;top
сколько весит свадебный каравай;2;rest;top
рушник свадебный под каравай;2;rest;top
можно ли делиться свадебным караваем;2;rest;top
музыка на свадебный каравай;2;vendors;top
русские музыканты на свадьбу;2;vendors;top
живая музыка на свадьбу цена;2;vendors;top
артисты на свадьбу екатеринбург;2;vendors;top
выступление артистов на свадьбе екатеринбург;2;vendors;top
каких артистов пригласить на свадьбу;2;vendors;top
холодный салют на свадьбу;2;vendors;top
сколько стоит постановка свадебного танца;2;price;top
стоимость постановки свадебного танца;2;price;top
авито постановка свадебного танца;2;rest;top
пробный образ для невесты;2;rest;top
зачем координатор на свадьбе;2;vendors;top
зачем нужен координатор на свадьбе;2;vendors;top
задачи координатора на свадьбе;2;vendors;top
распорядитель в свадебном обряде 6 букв;2;rest;top
машина на свадьбу донецк;2;rest;top
машина на свадьбу тула;2;rest;top
украсить машину на свадьбу фатином;2;rest;top
машина на свадьбу владимир;2;rest;top
название машин на свадьбу;2;rest;top
нужно ли украшать машину на свадьбу;2;rest;top
когда сигналят машины на свадьбе;2;info;top
машина на свадьбу краснодар;2;rest;top
ленты на машину на свадьбу фото;2;rest;top
как сделать банты на машину на свадьбу;2;info;top
легковая машина на свадьбу;2;rest;top
машина на свадьбу иваново;2;rest;top
где заказать машину на свадьбу;2;info;top
как сейчас наряжают машины на свадьбу;2;info;top
как украсить машину на свадьбу жениха;2;info;top
какие подрядчики нужны на свадьбе;2;rest;top
свадебная фотосессия в ростове на дону;2;vendors;top
подпись к свадебной фотосессии;2;vendors;top
ресторан майкоп для свадьбы;2;venue-type;top
евразия банкетное меню;2;venue-type;top
как рассчитать банкетное меню на 15 человек;2;venue-type;top
меню банкетного фуршета;2;venue-type;top
банкетное меню нормы;2;venue-type;top
банкетное меню краснодар;2;venue-type;top
панорама банкетное меню;2;venue-type;top
рестораны банкетное меню краснодар;2;venue-type;top
парк меню банкетный зал;2;venue-type;top
токио банкетное меню;2;venue-type;top
токио сити банкетное меню;2;venue-type;top
сказка банкетное меню;2;venue-type;top
банкетное меню калуга;2;venue-type;top
банкетное меню омск;2;venue-type;top
стоимость банкетного меню на 1 человека;2;venue-type;top
банкетное меню фон;2;venue-type;top
банкетное меню на 16 человек;2;venue-type;top
банкетные меню в ресторанах калининграда;2;venue-type;top
примерное банкетное меню;2;venue-type;top
банкетное меню челябинск;2;venue-type;top
банкетное меню ресторанов санкт петербурга;2;venue-type;top
банкетное меню санкт петербург;2;venue-type;top
банкетное меню в кафе с ценами;2;venue-type;top
банкетное меню саратов;2;venue-type;top
банкетное меню летом;2;venue-type;top
банкетное меню рязань;2;venue-type;top
как правильно составить банкетное меню;2;venue-type;top
шато банкетное меню;2;venue-type;top
банкетное меню аврора;2;venue-type;top
калькулятор банкетного меню онлайн;2;venue-type;top
империя банкетное меню;2;venue-type;top
тануки банкетное меню;2;venue-type;top
банкетный зал в омске для свадьбы;2;venue-type;top
банкетные залы для свадеб астрахань;2;venue-type;top
банкетные залы петербурга для свадьбы;2;venue-type;top
банкетный зал для свадьбы санкт петербург;2;venue-type;top
санкт петербург банкетный залы для свадьбы;2;venue-type;top
снять коттедж для свадьбы в новосибирске;2;venue-type;top
красивые фото девушек свадебные;2;rest;top
свадебное фото андрей;2;rest;top
свадебные фото 2000 х;2;rest;top
свадебные фото 2000 х годов;2;rest;top
свадебные фото курск;2;rest;top
свадебные фото курск цены;2;rest;top
свадебные фото общие;2;rest;top
свадебный букет фото из гортензии;2;vendors;top
фото необычных свадебных пар;2;rest;top
подставить свадебное фото;2;rest;top
энн хэтэуэй свадебные фото;2;rest;top
свадебные фото 2025 с гостями;2;info;top
свадебные фото в пастельных тонах;2;rest;top
сделать свадебное фото через ии;2;rest;top
венчания свадебная церковь фото;2;rest;top
свадебное белье фото;2;rest;top
свадебное фото без людей;2;rest;top
свадебное фото венчание;2;rest;top
свадебные фото на яхте;2;venue-type;top
слова к свадебному фото;2;rest;top
свадебные капкейки фото;2;rest;top
музыка для свадебных фото;2;vendors;top
свадебные фото в кабриолете;2;rest;top
свадебные фото челябинск;2;rest;top
кукла на свадебной машине фото;2;rest;top
дочь газманова свадебные фото;2;rest;top
королева елизавета свадебные фото;2;rest;top
невесты 90 х годов свадебное фото;2;rest;top
странные свадебные фото;2;rest;top
невесты 40 фото свадебное;2;rest;top
подпись к свадебным фото в инстаграм;2;rest;top
свадебная лестница фото;2;rest;top
свадебное торжество фото;2;rest;top
свадебный мейкап фото;2;rest;top
финская свечи свадебные фото;2;rest;top
фото свадебных букетов из гладиолусов;2;vendors;top
цветы для свадебного букета названия и фото;2;vendors;top
бутоньерки свадебные фото;2;rest;top
свадебные фото иркутск;2;rest;top
генератор свадебных фото;2;rest;top
красивые подписи к свадебным фото;2;rest;top
свадебные фото ростов на дону;2;rest;top
фото свадебных тортиков;2;vendors;top
свадебное фото николаев;2;rest;top
свадебное фото брюнеток;2;rest;top
свадебные плакаты фото;2;rest;top
свадебные фото в кафе;2;venue-type;top
бесплатные свадебные фоторамки вставить фото;2;rest;top
фоторамка свадебная вставить фото;2;rest;top
фоторамки свадебные вставить фото онлайн;2;rest;top
описание свадебного фото для ии;2;rest;top
оформить свадебные фото;2;rest;top
свадебный чак чак фото;2;rest;top
совместные свадебные фото;2;rest;top
места для свадебных фото спб;2;rest;top
муслим магомаев и тамара синявская свадебные фото;2;rest;top
оформление свадебного стола жениха и невесты фото;2;vendors;top
пион свадебные цветы фото;2;rest;top
свадебные засветы фото;2;rest;top
свадебные фото саратов;2;rest;top
свадебный букет из эустомы и эвкалипта фото;2;vendors;top
дизайн ногтей фото свадебные;2;rest;top
свадебные фото 60;2;rest;top
что написать на свадебном фото;2;info;top
свадебное фото тверь;2;rest;top
свадебные фото в эрмитаже;2;rest;top
тилан блондо свадебные фото;2;rest;top
свадебные фото на закате;2;rest;top
каллы свадебные цветы фото;2;rest;top
свадебные фото липецка;2;rest;top
как подписать свадебное фото подруги;2;info;top
свадебные фото анастасии мишиной;2;rest;top
свадебные фото летом;2;rest;top
свадебные фото мишиной;2;rest;top
свадебные фото навки;2;rest;top
букетик небольшие свадебные фото;2;vendors;top
свадебный фото краснодар;2;rest;top
узнать год свадьбы по дате рождения;2;rest;top
бородина свадьба дата;2;rest;top
как рассчитать дату свадьбы капустин;2;info;top
свадьба бородиной дата;2;rest;top
михаил дорохов свадьба вслепую дата рождения;2;rest;top
просчитать дату свадьбы;2;rest;top
дата свадьбы 22.08 2026;2;rest;top
26.06 2026 дата свадьбы;2;rest;top
самая большая дата свадьбы;2;rest;top
благоприятные даты для свадьбы в июле;2;info;top
почему некоторые даты свадеб не отмечаются;2;info;top
какие даты свадьбы отмечают по годам;2;info;top
06.06 2026 дата свадьбы;2;rest;top
06.06 2026 дата свадьбы что означает;2;info;top
08.08 2027 дата для свадьбы;2;rest;top
в какие даты лучше играть свадьбу;2;rest;top
дата свадьбы чарльза и камиллы;2;rest;top
как выбрать дату свадьбы в 2026;2;info;top
как узнать дату свадьбы если забыл;2;info;top
рассчитать дату свадьбы 2026;2;rest;top
красивые даты для свадьбы 26;2;info;top
число даты свадьбы 6;2;info;top
11.11 дата свадьбы;2;rest;top
что означают 7 в дате свадьбы;2;info;top
лучшая дата для свадьбы июнь 2027;2;info;top
дата свадьбы 05.09 2026;2;rest;top
благоприятные даты свадеб астрология;2;info;top
дата свадьбы игра;2;rest;top
высчитать дату свадьбы;2;rest;top
за сколько можно выбрать дату свадьбы;2;rest;top
4 свадьба дата выхода серий;2;rest;top
27.08 2027 дата для свадьбы;2;rest;top
свадьба агаты муцениеце и петра дранги дата;2;rest;top
красивые даты для свадьбы 2031;2;info;top
какая дата считается датой свадьбы;2;rest;top
красивые даты для свадьбы декабрь 2026;2;info;top
дата свадьбы 2022;2;rest;top
павел прилучный и зепюр брутян дата свадьбы;2;rest;top
29.08 2026 дата для свадьбы;2;rest;top
12.12 2026 дата свадьбы;2;rest;top
дата свадьбы 2023;2;rest;top
выплаты на юбилейные даты свадьбы;2;info;top
дата два года свадьбы;2;rest;top
дата свадьбы 35;2;rest;top
когда дата свадьбы твоя;2;info;top
красивые даты свадьбы в июле;2;info;top
с днем бракосочетания доченьки;2;rest;top
с днем бракосочетания ваших детей;2;rest;top
с днем бракосочетания сестренка;2;rest;top
с днем бракосочетания любимой внучки;2;rest;top
как пишется с днем бракосочетания;2;info;top
с днем бракосочетания дорогие мои;2;rest;top
свадебный набор на стол молодоженов;2;rest;top
как красиво украсить свадебный стол;2;info;top
свадебные квадратные столы;2;rest;top
гипсофила на свадебном столе;2;rest;top
свадебный стол накрыли на 70 рублей;2;rest;top
сервировка свадебного стола в домашних условиях;2;rest;top
свадебный стол на улице;2;rest;top
композиция на свадебный стол своими руками;2;rest;top
какие фрукты лучше на свадебный стол;2;rest;top
маленький букетики на свадебный стол;2;vendors;top
скатерть на свадебный стол жениха и невесты;2;venue-type;top
что ставят на свадебный стол;2;info;top
что готовят на свадебный стол;2;info;top
меню на свадебный стол на 50 человек;2;capacity;top
ресторан меню на свадебный стол;2;venue-type;top
подставки цветы на свадебном столе;2;rest;top
столы и стулья свадебные;2;rest;top
свадебный стол список;2;info;top
столы из эпоксидной смолы из свадебного букета;2;vendors;top
деревенский свадебный стол;2;rest;top
салаты на праздничный стол свадебные;2;rest;top
свадебный стол 90х;2;rest;top
как сшить скатерть на свадебный стол;2;venue-type;top
какие закуски на свадебный стол;2;rest;top
шампанское на свадебный стол;2;rest;top
показать свадебный стол;2;rest;top
свадебные столы в дагестане;2;rest;top
еврейские танцы видео свадебный;2;rest;top
видео свадебный замок;2;venue-type;top
видео свадебный замок ok ru;2;venue-type;top
видео ирина аллегрова свадебные цветы ok ru;2;rest;top
веселая музыка для свадебного видео;2;vendors;top
как сделать свадебный букет видео;2;vendors;top
свадебные частушки видео;2;rest;top
свадебные церемонии на мальдивах 2026;2;rest;top
свадебная церемония в корее;2;rest;top
начало свадебной церемонии;2;rest;top
торжественная свадебная церемония;2;rest;top
аренда яхты для свадебной церемонии на воде;2;venue-type;top
zeitun тоник для лица wedding day;2;rest;top
barbie wedding day 1990;2;rest;top
the wedding day divorce;2;rest;top
wedding day barbie;2;rest;top
the day before the wedding;2;rest;top
wedding day saint;2;rest;top
wedding day saint jhn;2;rest;top
wedding day saint jhn перевод;2;rest;top
zeitun wedding day маска отзывы;2;rest;top
wedding day photo;2;rest;top
как переводится wedding day на русский;2;info;top
wedding day sekis;2;rest;top
свадебный образ минимализм;2;rest;top
свадебный образ кейт миддлтон;2;rest;top
свадебный образ на руси;2;rest;top
свадебный образ с кокошником;2;rest;top
свадебный образ с пучком;2;rest;top
нежный свадебный образ;2;rest;top
свадебный образ купить;2;rest;top
готовые свадебные образы;2;rest;top
свадебные образы 2026 гостей;2;capacity;top
тренды свадебных образов 2026;2;info;top
свадебный образ 2027;2;rest;top
свадебный образ олеси иванченко;2;rest;top
промт для свадебного образа;2;rest;top
свадебный образ 54 размер;2;rest;top
свадебный образ с вуалью;2;rest;top
создание свадебного образа;2;rest;top
черный свадебный образ;2;rest;top
мужской свадебный образ без пиджака;2;rest;top
свадебный образ бохо;2;rest;top
свадебный образ для полной невесты;2;rest;top
свадебный образ с короной;2;rest;top
приснился сон готовимся к свадьбе;2;rest;top
приснилось приглашение на свадьбу;2;info;top
приснилась чужая свадьба мужчине;2;rest;top
приснилось что свадьба не состоялась;2;info;top
приснилось что пригласили на свадьбу;2;info;top
приснилась свадьба бывшей подруги;2;rest;top
приснилась большая свадьба;2;rest;top
приснилась свадьба с четверга;2;rest;top
приснилась свадьба с четверга на пятницу;2;rest;top
приснилась свадьба умершего человека;2;rest;top
приснилась своя свадьба к чему это женщине;2;rest;top
приснился сон собственная свадьба;2;rest;top
что должно присниться к свадьбе;2;info;top
приснилась свадьба с любимым человеком;2;rest;top
приснилась твоя свадьба;2;rest;top
приснилось 2 свадьбы;2;rest;top
елецкий свадебный сайт официальный;2;rest;top
заказать свадебный сайт;2;rest;top
пример свадебного сайта приглашения;2;info;top
наборы свадебных бокалов;2;rest;top
свадебные свечи бокалы;2;rest;top
бокалы свадебные пинтерест;2;rest;top
бокалы свадебные расписные;2;rest;top
белые свадебные бокалы;2;rest;top
зачем свадебные бокалы;2;info;top
красивые даты для свадьбы в июле;2;info;top
свадьба бальзаминова сюжет;2;rest;top
свадьба по обмену 2011 онлайн;2;rest;top
свадьба по обмену содержание;2;rest;top
фон бежевый свадебный;2;rest;top
фон для свадебного слайд шоу;2;vendors;top
фон свадебный на свадьбе;2;rest;top
фоны свадебные для фотошопа красивые;2;rest;top
золотой свадебный фон;2;rest;top
фон свадебного зала;2;core;top
лавандовая свадьба сколько лет в браке;2;rest;top
свадебная клятва в загсе;2;rest;top
пример свадебной клятвы невесты;2;rest;top
свадебная брачная ночь у цыган;2;rest;top
1 свадебный ночь;2;rest;top
в первую ночь свадебного круиза;2;rest;top
ты будешь моя невеста тело;2;rest;top
сыграй мою невесту бывшая;2;rest;top
сыграй мою невесту бывшая ксения;2;rest;top
сыграй мою невесту бывшая ксения фави;2;rest;top
фави сыграй мою невесту бывшая;2;rest;top
бывшая невеста моего мужа читать онлайн;2;rest;top
читать бывшая невеста моего мужа;2;rest;top
аудиокнига чужая невеста босса ты будешь моей;2;rest;top
аудиокнига чужая невеста ты будешь моей;2;rest;top
дорама будь моей невестой;2;rest;top
теперь моя жена была невеста;2;rest;top
ты теперь моя невеста будем мужем;2;rest;top
дорогие молодожены это кто;2;rest;top
свадебные бутылки пинтерест;2;rest;top
краска для свадебных бутылок;2;rest;top
покраска свадебных бутылок;2;rest;top
этикетка на бутылку вина свадебная;2;rest;top
красивые свадебные бутылки;2;rest;top
свадебный вальс аллегрова;2;rest;top
элементы свадебного вальса;2;rest;top
вальс для свадебного танца молодоженов;2;rest;top
свадебные вальсы молодоженов;2;rest;top
вальс мендельсона слушать онлайн свадебный;2;rest;top
лучшие свадебные вальсы;2;rest;top
маковский свадебный обряд;2;rest;top
башкирский свадебный обряд;2;rest;top
текст свадебного обряда;2;rest;top
свадебный обряд сватовства;2;rest;top
свадебные обряды на руси названия и традиции;2;info;top
свадебный обряд татар;2;rest;top
1 свадебный обряд;2;rest;top
рукобитье свадебный обряд;2;rest;top
части свадебного обряда;2;rest;top
свадебные обряды сценарии;2;info;top
свадебный обряд семейный очаг;2;rest;top
казачий свадебный обряд;2;rest;top
свадебные обряды осетин;2;rest;top
свадебный обряд венчания;2;rest;top
свадебные обряды чувашей;2;rest;top
свадебный обряд россии;2;rest;top
свадебный обряд сканворд;2;rest;top
свадебный план лакорн 8;2;info;top
свадебный план лакорн сюжет;2;info;top
план свадебного вечера;2;info;top
план свадебного дня по часам;2;info;top
свадебный тайминг план пример;2;info;top
свадебный план лакорн все серии подряд;2;info;top
кейп с капюшоном свадебный;2;rest;top
кейп свадебный со стразами;2;rest;top
ателье свадебный подгон;2;rest;top
свадебное ателье брянск;2;rest;top
свадебное ателье воронеж;2;rest;top
свадебные перчатки айвори;2;rest;top
свадьба в стиле человека паука;2;info;top
популярные стили свадеб;2;info;top
стиль пары на свадьбу;2;info;top
быки на свадьбу традиция;2;info;top
русские народные традиции и обычаи на свадьбе;2;info;top
традиции на бумажную свадьбу;2;info;top
кубанские традиции на свадьбе;2;info;top
традиция битья бокалов на свадьбе;2;info;top
бурятские традиции на свадьбе;2;info;top
какие существуют традиции на свадьбе;2;info;top
какие традиции на второй день свадьбы;2;info;top
корейские традиции на свадьбе;2;info;top
традиции на турецкой свадьбе;2;info;top
мусульманские традиции на свадьбе;2;info;top
традиции в китае на свадьбу;2;info;top
бить тарелки на свадьбе чья традиция;2;info;top
необычные традиции на свадьбе;2;info;top
мордовские традиции на свадьбе;2;info;top
азербайджанские традиции и обычаи на свадьбе;2;info;top
основные традиции на свадьбе;2;info;top
ковер на свадьбу традиции;2;info;top
традиции осетин на свадьбе;2;info;top
какие традиции у армян на свадьбах;2;info;top
интересные традиции на свадьбе;2;info;top
традиции на свадьбе 2026;2;info;top
традиции русского народа на свадьбе;2;info;top
традиции таджиков на свадьбу;2;info;top
забивать кол на свадьбе традиция;2;info;top
свадебная традиция цыган;2;info;top
свадебные традиции с рушником;2;info;top
свадебная традиция казаков;2;info;top
свадебные традиции донских казаков;2;info;top
свадебные традиции ингушей;2;info;top
свадебные традиции чувашей;2;info;top
красивые свадебные традиции;2;info;top
таджикские свадебные традиции;2;info;top
аварские свадебные традиции;2;info;top
бурятские свадебные традиции;2;info;top
украинские свадебные традиции;2;info;top
свадебные традиции в узбекистане;2;info;top
свадебные традиции славян;2;info;top
свадебные быки традиция;2;info;top
народные свадебные традиции;2;info;top
русские народные свадебные традиции;2;info;top
свадебные обычаи и традиции в россии современные;2;info;top
как ответить на свадебное приглашение;2;info;top
авито свадебные приглашения;2;info;top
макет свадебного приглашения;2;info;top
изготовление свадебных приглашений;2;info;top
готовое свадебное приглашение;2;info;top
сгенерировать свадебное приглашение;2;info;top
приглашение на свадебные шашлыки;2;info;top
рамка для свадебного приглашения;2;info;top
онлайн редактор свадебные приглашения;2;info;top
сервис свадебных приглашений;2;info;top
мелодия для свадебного приглашения;2;info;top
электронное свадебное приглашение на свадьбу;2;info;top
промты для свадебного приглашения;2;info;top
weddingpost ru свадебные приглашения;2;info;top
приглашение на свадебный ужин;2;info;top
создать приглашение на день свадьбы;2;info;top
свадьба дома без тамады как провести;2;vendors;top
свадьба в челябинске где провести;2;info;top
где провела свадьбу ида галич;2;info;top
где провести свадьбу в питере;2;info;top
сайт приглашение на свадьбу купить;2;info;top
делаю сайты приглашения на свадьбу;2;info;top
второй день свадьбы веселый сценарий;2;info;top
конструктор свадебных пригласительных;2;info;top
размеры свадебных пригласительных;2;info;top
сценарий на 2й день свадьбы;2;info;top
двухъярусный торт на свадьбу купить;2;vendors;top
торт кот на свадьбе;2;vendors;top
торт на свадьбу 4 кг;2;vendors;top
торт на свадьбу кремовый;2;vendors;top
как продают кусок торта на свадьбе;2;vendors;top
торт прямоугольный на свадьбу белый;2;vendors;top
торты на свадьбу одноярусные красивые;2;vendors;top
трех ярусный торт на свадьбу;2;vendors;top
торт на свадьбу красно белый;2;vendors;top
бенто торт на серебряную свадьбу;2;vendors;top
большой торт с ягодами на свадьбу;2;vendors;top
кто покупает торт на свадьбу;2;vendors;top
оксана самойлова купила торт на свадьбе;2;vendors;top
подвесной торт на свадьбу;2;vendors;top
современный торт на свадьбу;2;vendors;top
стол для торта на свадьбу на колесиках;2;vendors;top
торт на бронзовую свадьбу;2;vendors;top
торт на свадьбу одноярусный с ягодами большой;2;vendors;top
торт на свадьбу 2026 длинный;2;vendors;top
торт наполеон на свадьбу;2;vendors;top
бенто торт на бумажную свадьбу;2;vendors;top
легкий торт на свадьбу;2;vendors;top
макет торта на свадьбу;2;vendors;top
кто купил торт на свадьбе иды галич;2;vendors;top
торт на рубиновую свадьбу родителям;2;vendors;top
торт на рубиновую свадьбу родителям фото;2;vendors;top
креативные торты на свадьбу;2;vendors;top
как выносят торт на свадьбе;2;vendors;top
фото торта на свадьбу 1 ярус;2;vendors;top
двухъярусный торт на свадьбу своими руками;2;vendors;top
как правильно продавать торт на свадьбе;2;vendors;top
торт на рубиновую свадьбу 40;2;vendors;top
торт на жестяную свадьбу;2;vendors;top
подача торта на свадьбе необычно;2;vendors;top
стильный торт на свадьбу;2;vendors;top
кому дают первый кусок торта на свадьбе;2;vendors;top
обязателен ли торт на свадьбе;2;vendors;top
торт в форме сердца на свадьбу;2;vendors;top
торт на свадьбу обязательно;2;vendors;top
мини торт на свадьбу;2;vendors;top
торт на фланелевую свадьбу;2;vendors;top
торт с жемчугом на свадьбу;2;vendors;top
вынос торта на свадьбе слова;2;vendors;top
заказать торт на свадьбу в спб;2;vendors;top
зачем покупают первый кусок торта на свадьбе;2;vendors;top
торт на заказ на свадьбу фото;2;vendors;top
торт на сапфировую свадьбу родителям фото;2;vendors;top
торт на сапфировую свадьбу фото;2;vendors;top
торты на жемчужную свадьбу 30;2;vendors;top
торты на свадьбу двухъярусные 2026;2;vendors;top
трехэтажный торт на свадьбу;2;vendors;top
свадебные фотосессии с гостями;2;vendors;top
свадебная фотосессия на мотоцикле;2;vendors;top
свадебные фотосессии в горах;2;vendors;top
свадебные фотосессии курск;2;vendors;top
свадебная музыка мемная;2;vendors;top
включи свадебную музыку;2;vendors;top
свадебная музыка без слов классика;2;vendors;top
свадебная музыка в загсе без слов классика;2;vendors;top
свадебная музыка мелодия;2;vendors;top
айди на свадебную музыку в рб;2;vendors;top
свадебная фоновая музыка без слов;2;vendors;top
музыка на свадебный финал;2;vendors;top
музыка для свадебного фуршета;2;vendors;top
татарская свадебная музыка;2;vendors;top
свадебный музыка 2;2;vendors;top
молдавская свадебная музыка веселая;2;vendors;top
свадебная музыка в загсе слушать;2;vendors;top
свадебная музыка название;2;vendors;top
еврейская свадебная музыка;2;vendors;top
лезгинка свадебная музыка;2;vendors;top
музыка украинские свадебные;2;vendors;top
выездная регистрация брака в анапе;2;vendors;top
надписи для свадебных фотографий;2;vendors;top
свадебные фотографии на природе;2;vendors;top
промт для создания свадебной фотографии;2;vendors;top
фотографии свадебного букета;2;vendors;top
свадебные фотографии 2000;2;vendors;top
фотографии свадебных цветов;2;vendors;top
смешные свадебные фотографии;2;vendors;top
оформление свадебного зала 2026;2;vendors;top
современное свадебное оформление;2;vendors;top
зеленое свадебное оформление;2;vendors;top
красивое свадебное оформление;2;vendors;top
примеры оформления свадебных фотоальбомов;2;vendors;top
свадебный ведущий рязань;2;vendors;top
свадебный ведущий тула;2;vendors;top
свадебный ведущий сергей;2;vendors;top
свадебный ведущий дмитрий;2;vendors;top
свадебный ведущий воронеж;2;vendors;top
ведущий свадебного вечера;2;vendors;top
сценарий свадебного вечера для ведущей;2;vendors;top
ведущий свадебного торжества;2;vendors;top
свадебный ведущий пенза;2;vendors;top
торт свадебный одноярусный рецепт;2;vendors;top
дом бракосочетания в нижнем новгороде малая покровская;2;rest;assoc
торт свадебный прямоугольный с вафельной бумагой;2;vendors;top
свадебный торт в стиле ламбет прямоугольный;2;vendors;top
дизайн свадебных тортов прямоугольный;2;vendors;top
свадебная фотозона из шаров;2;vendors;top
свадебная фотозона круглая;2;vendors;top
свадебные фотозоны недорогие;2;vendors;top
свадебные фотозоны идеи;2;vendors;top
декоратор на свадьбу ростов на дону;2;vendors;top
декоратор на свадьбу тула;2;vendors;top
площадка для свадеб крым;2;core;top
организация свадьбы минск;2;core;top
бизнес организации свадеб;2;core;top
организация свадеб калининград;2;core;top
организация свадеб сочи;2;core;top
атриум тверь свадебный зал;2;core;top
свадебные залы каспийске;2;core;top
свадебный зал каспийск;2;core;top
декорация свадебного зала;2;vendors;top
свадебный зал под ключ;2;price;top
свадебные залы тамбов;2;core;top
свадебный зал красный;2;core;top
свадебные залы самара;2;core;top
свадебный зал самара;2;core;top
свадебные банкетные залы спб;2;venue-type;top
свадебные залы спб;2;core;top
свадебный банкетный зал спб;2;venue-type;top
свадебный зал спб;2;core;top
свадебные залы екатеринбурга;2;venue-type;top
свадебный зал екатеринбург;2;venue-type;top
свадьба на 40 человек стоимость;2;capacity;top
свадьба под ключ недорого цена;2;price;top
свадьба зимой отзывы;2;info;top
свадьба зимой в сочи;2;info;top
свадьба зимой пинтерест;2;info;top
4 свадьбы зимой;2;info;top
мелодрама летом я предпочитаю свадьбу;2;rest;top
ресторан лето свадьба;2;venue-type;top
прикид на свадьбу мужской гость летом;2;info;top
планирую свадьбу летом;2;rest;top
одежда для мамы жениха на свадьбу летом;2;rest;top
образ на свадьбу к подруге летом;2;rest;top
образ мамы жениха на свадьбе летом 2026;2;rest;top
что надеть на свадьбу маме невесты летом;2;info;top
как одеться на свадьбу летом 2026;2;info;top
образ мамы жениха на свадьбе сына осенью;2;info;top
что одеть на свадьбу маме жениха осенью;2;info;top
как одеться на свадьбу женщине осенью;2;info;top
вечерний образ на свадьбу осенью;2;info;top
елена княжина случайная свадьба между нами весна;2;info;top
случайная свадьба между нами весна;2;info;top
случайная свадьба между нами весна княжина;2;info;top
свадьба в новогоднюю ночь;2;rest;top
давай сыграем свадьбу в мае;2;rest;top
делают ли свадьбы в мае;2;rest;top
благоприятные дни для свадьбы в июне 2027;2;info;top
свадьба в августе что значит;2;info;top
свадьба в августе отзывы;2;info;top
свадьба в октябре отзывы;2;info;top
свадьба будет в шикарном отеле на английском;2;venue-type;top
свадьба иды галич в осетии отель;2;venue-type;top
как отметить свадьбу на даче;2;info;top
свадьба в кафе красноярске;2;venue-type;top
свадьба в рязани кафе;2;venue-type;top
меню на свадьбу человек в кафе;2;venue-type;top
стоимость свадьбы в кафе;2;venue-type;top
свадьба дом екатеринбург;2;venue-type;top
свадьба во дворе частного дома;2;rest;top
дом для свадьбы пермь;2;venue-type;top
дом для свадьбы тюмень;2;venue-type;top
дом у моря геленджик свадьба;2;rest;top
тулинов дом свадьба;2;rest;top
дом для свадьбы грозный;2;venue-type;top
дом совы свадьба;2;rest;top
украсить стол на свадьбу дома;2;rest;top
надежда ермакова дом 2 свадьба;2;rest;top
аренда домов для проведения свадеб;2;price;top
банкетные залы на природе челябинск;2;venue-type;top
банкетный зал на природе челябинск;2;venue-type;top
аренда банкетного зала киров;2;venue-type;top
банкетный зал 20 человек недорого;2;venue-type;top
банкетный зал челябинск недорого;2;venue-type;top
недорогие банкетные залы челябинск;2;venue-type;top
банкетные залы казани цены;2;venue-type;top
банкетный зал казань цены;2;venue-type;top
рамина палас махачкала банкетный зал цены;2;venue-type;top
аль фирай махачкала банкетный зал цена;2;venue-type;top
банкетный зал маракеш махачкала цены;2;venue-type;top
лимузин заказать на свадьбу аренда;2;price;top
автомобиль на свадьбу спб;2;rest;top
автомобиль на свадьбу спб с водителем;2;rest;top
аренда автомобиля на свадьбу спб;2;price;top
аренда автомобиля с водителем спб на свадьбу;2;price;top
как организовать скромную свадьбу;2;info;top
как правильно организовать свадьбу самостоятельно;2;info;top
как называется человек который организовывает свадьбу;2;info;top
как организовать выкуп на свадьбу;2;info;top
как начать организовывать свадьбы;2;info;top
как самим организовать свадьбу с чего начать;2;info;top
свадьба в тайланде как организовать;2;info;top
что нужно организовать для свадьбы;2;info;top
что нужно подготовить для свадьбы;2;info;top
что нужно для свадьбы 2026;2;info;top
для чего нужна подвязка на свадьбе;2;rest;top
что нужно для свадьбы цены;2;info;top
что нужно для проведения свадьбы;2;info;top
сколько гостей было на свадьбе роналду;2;info;top
свадебная площадка небо;1;core;top
свадебные площадки геленджик;1;core;top
свадебные площадки ленинградской области;1;core;top
свадебные площадки на природе спб;1;venue-type;top
свадебные площадки рязанская область;1;core;top
вопросы для свадебной площадки;1;core;top
свадебные площадки кмв;1;core;top
свадебные площадки пенза;1;core;top
свадебные площадки тюмень;1;core;top
свадебные площадки челябинск;1;core;top
свадебные площадки иваново;1;core;top
свадебные площадки липецк;1;core;top
площадки для свадьбы с коттеджем;1;venue-type;top
площадка спб для камерной свадьбы;1;capacity;top
площадка для свадьбы красная поляна;1;core;top
площадки для камерных свадеб нижний новгород;1;capacity;top
площадки для проведения свадьбы воронеж;1;core;top
площадки для проведения свадьбы нижний новгород;1;core;top
площадки для проведения свадьбы сочи;1;core;top
площадки для проведения свадьбы спб;1;core;top
площадки для свадьбы екб;1;core;top
площадки для свадьбы иркутск;1;core;top
площадки для свадьбы краснодарский край;1;core;top
площадки для свадьбы челны;1;core;top
лучшие площадки для свадьбы в спб;1;core;top
загородные площадки для свадьбы воронеж;1;venue-type;top
площадка для проведения свадьбы на природе;1;venue-type;top
площадки для проведения свадьбы красноярск;1;core;top
площадки для свадьбы ростов на дону;1;core;top
площадки для свадьбы севастополь;1;core;top
площадка для свадьбы саранск;1;core;top
места для свадьбы нижний новгород;1;rest;top
места для фотосессии в спб на свадьбу;1;vendors;top
красивые места для свадьбы спб;1;rest;top
места для свадеб сочи;1;rest;top
места для свадьбы в калуге;1;rest;top
места для свадьбы в крыму;1;rest;top
место для свадьбы владивосток;1;core;top
место для свадьбы ульяновск;1;core;top
место на свадьбе для тех кто умер;1;rest;top
место для свадьбы в смоленске;1;core;top
идеальное место для свадьбы;1;core;top
места для свадеб тверь;1;rest;top
места для свадьбы саратов;1;rest;top
красивые места для церемонии свадьбы;1;rest;top
место для свадьбы минск;1;core;top
место для свадьбы ростов;1;core;top
места для свадьбы кострома;1;rest;top
место для проведения свадьбы саранск;1;core;top
ярославль места для свадьбы;1;rest;top
где отметить свадьбу в анапе;1;info;top
где отметить свадьбу в орле;1;info;top
камышин где отметить свадьбу;1;info;top
где отметить свадьбу в тамбове;1;info;top
где можно отметить свадьбу спб;1;info;top
где можно отметить второй день свадьбы;1;info;top
где отметить небольшую свадьбу;1;capacity;top
где отметить свадьбу в богородском округе;1;info;top
где отметить свадьбу в кирове;1;info;top
где отметить свадьбу в новокузнецке;1;info;top
где отметить свадьбу в уфе;1;info;top
где отметить свадьбу тольятти;1;info;top
где отмечать свадьбу екатеринбург;1;venue-type;top
кострома где отметить свадьбу;1;info;top
где отметить свадьбу в ставрополе;1;info;top
старый оскол где отметить свадьбу;1;info;top
где отметить 2 день свадьбы;1;info;top
где отметить свадьбу в ярославле;1;info;top
где отметить свадьбу ульяновск;1;info;top
где отметить свадьбу в липецке;1;info;top
где отметить свадьбу в нижнем тагиле;1;info;top
где отметить свадьбу в ростове на дону;1;info;top
где отметить свадьбу в симферополе;1;info;top
где отметить свадьбу в чебоксарах;1;info;top
банкетные залы для свадьбы уфа;1;venue-type;top
банкетные залы череповец для свадьбы;1;venue-type;top
банкетный зал для свадьбы уфа;1;venue-type;top
банкетный зал череповец для свадьбы;1;venue-type;top
банкетный зал для свадьбы петергоф;1;venue-type;top
петергоф банкетные залы для свадьбы;1;venue-type;top
петергоф лофт банкетный зал для свадьбы;1;venue-type;top
банкетные залы новокузнецк для свадеб;1;venue-type;top
банкетный зал новокузнецк для свадьбы;1;venue-type;top
банкетные залы иваново для свадьбы;1;venue-type;top
банкетный зал для свадьбы иваново;1;venue-type;top
банкетный зал для свадеб и корпоративов;1;venue-type;top
банкетный зал для свадьбы 25 человек;1;venue-type;top
банкетные залы для свадьбы иркутск;1;venue-type;top
банкетные залы севастополь для свадьбы;1;venue-type;top
банкетные залы сочи для свадьбы;1;venue-type;top
банкетный зал для свадьбы иркутск;1;venue-type;top
банкетный зал севастополь для свадьбы;1;venue-type;top
банкетный зал сочи для свадьбы;1;venue-type;top
банкетный зал челябинск для свадьбы недорого;1;venue-type;top
банкетные залы ессентуки для свадьбы;1;venue-type;top
банкетный зал ессентуки для свадеб;1;venue-type;top
банкетный зал для свадьбы дагестан;1;venue-type;top
банкетный зал для свадьбы таганрог;1;venue-type;top
красивые банкетные залы для свадеб москва;1;venue-type;top
банкетные залы для свадьбы брянск;1;venue-type;top
банкетные залы симферополь для свадьбы;1;venue-type;top
банкетный зал в тамбове для свадьбы;1;venue-type;top
банкетный зал для свадьбы брянск;1;venue-type;top
банкетный зал для свадьбы симферополь;1;venue-type;top
рейтинг банкетных залов для свадьбы;1;venue-type;top
ресторан для свадьбы киров;1;venue-type;top
ресторан для свадьбы центр спб;1;venue-type;top
ресторан для свадьбы череповец;1;venue-type;top
рестораны для проведения свадьбы тверь;1;venue-type;top
рестораны для свадьбы донецк;1;venue-type;top
ресторан для свадьбы ульяновск;1;venue-type;top
кафе рестораны нижнего для свадьбы;1;venue-type;top
орск рестораны для свадьбы;1;venue-type;top
ресторан для камерной свадьбы екатеринбург;1;venue-type;top
рестораны в чегеме для свадеб;1;venue-type;top
рестораны для свадеб ессентуки;1;venue-type;top
рестораны для свадьбы ставрополь;1;venue-type;top
рестораны екб для свадьбы;1;venue-type;top
алматы рестораны для свадьбы;1;venue-type;top
рестораны для свадьбы челябинск;1;venue-type;top
рестораны читы для свадьбы;1;venue-type;top
лучшие рестораны для свадьбы спб;1;venue-type;top
рестораны иваново для свадьбы;1;venue-type;top
рестораны для свадьбы челны;1;venue-type;top
рестораны набережные челны для свадьбы;1;venue-type;top
рестораны для свадьбы калининград;1;venue-type;top
рестораны спб для свадьбы на 10 человек;1;venue-type;top
аренда ресторана для свадьбы спб;1;venue-type;top
свадебный банкет на 15 человек;1;capacity;top
свадебный банкет во владимире;1;core;top
свадебный банкет видео;1;core;top
свадебный банкет омск;1;core;top
свадебные банкеты краснодар;1;core;top
свадебные банкеты пенза;1;core;top
свадебные банкеты саратов;1;core;top
свадебные банкеты тамбов;1;core;top
свадебный банкет липецк;1;core;top
сколько обычно длится свадебный банкет;1;core;top
свадебные банкеты уфа;1;core;top
сколько по времени длится свадебный банкет;1;core;top
во время свадебного банкета новая;1;core;top
свадебный банкет иркутск;1;core;top
свадебный банкет ростов;1;core;top
свадебный банкет тольятти;1;core;top
свадебный банкет самара;1;core;top
свадебные банкеты нижний;1;core;top
свадебный банкет белгород;1;core;top
свадебный банкет рязань;1;core;top
роналду будет проводить свадьбу;1;rest;top
свадьба как провести скромно;1;info;top
свадьба провести иваново;1;core;top
скромная свадьба идеи как провести;1;info;top
как называют человека который проводит свадьбы;1;info;top
что нужно чтобы провести свадьбу;1;info;top
как провести домашнюю свадьбу;1;info;top
как провести свадьбу в домашних условиях;1;info;top
провести золотую свадьбу родителям;1;core;top
как проводят свадьбы в россии сейчас;1;info;top
провести свадьбу казань;1;core;top
свадьба только с родителями как провести;1;info;top
базы отдыха проводящие свадьбы;1;rest;top
где провести свадьбу в барнауле;1;info;top
за сколько проводят девичник перед свадьбой;1;rest;top
как провести свадьбу недорого и необычно;1;price;top
камерная свадьба где можно провести;1;capacity;top
маленькая свадьба идеи как провести;1;capacity;top
можно ли провести свадьбу без ведущего;1;vendors;top
можно провести камерную свадьбу без ведущего;1;vendors;top
нагиев провести свадьбу;1;core;top
провести свадьбу барнаул;1;core;top
провести свадьбу на базе отдыха;1;core;top
ростов провести свадьбу;1;core;top
бывшая невеста проводит свадьбу;1;rest;top
где можно провести свадьбу в уфе;1;info;top
где провести свадьбу в уфе;1;info;top
провести свадьбу уфа;1;core;top
как проводят свадьбу в японии;1;info;top
где провести выездную свадьбу;1;info;top
где провести свадьбу в ульяновске;1;info;top
как провести лотерею на свадьбе;1;info;top
как проводят свадьбы в китае;1;info;top
где провести свадьбу тюмень;1;info;top
как провести семейную свадьбу;1;info;top
как провести семейный очаг на свадьбе;1;info;top
где провести свадьбу в пензе;1;info;top
как можно интересно провести свадьбу;1;info;top
в каком стиле можно провести свадьбу;1;info;top
где провести свадьбу в костроме;1;info;top
как зовут человека который проводит свадьбу;1;info;top
как провести свадьбу на даче;1;info;top
кафе где можно провести свадьбу;1;venue-type;top
организация свадеб псков;1;core;top
организация свадеб бюджетная;1;price;top
организация свадеб петербург;1;core;top
организация свадьбы в санкт петербурге;1;core;top
организация свадьбы фото;1;core;top
организация свадеб курск;1;core;top
организация свадеб саранск;1;core;top
однажды в россии организация свадьбы;1;core;top
организация свадеб краснодар;1;core;top
организация свадьбы организатор;1;vendors;top
организация свадьбы ростов на дону;1;core;top
организация свадьбы советы;1;info;top
организация обрядов свадеб юбилеев оквэд;1;core;top
transport fever 2 организация свадеб;1;core;top
виды организации свадьбы;1;core;top
организация свадьбы луганск;1;core;top
организация свадьбы ижевск;1;core;top
организация свадеб крым;1;core;top
благодарность за организацию свадьбы;1;core;top
камеди клаб марина кравец организация свадьбы;1;core;top
организации гомеля свадьбы;1;core;top
организация свадеб воронеж;1;core;top
организация свадьбы на речном;1;core;top
организация свадьбы самостоятельно пошаговая;1;core;top
полная организация свадьбы;1;core;top
лофты петергоф для свадьбы;1;venue-type;top
аренда лофта для свадьбы екатеринбург;1;venue-type;top
кобрино усадьба для свадьбы;1;venue-type;top
усадьба для свадьбы гомель;1;venue-type;top
усадьба для свадьбы минск;1;venue-type;top
арендовать особняк для свадьбы;1;venue-type;top
шатер для свадьбы калуга;1;venue-type;top
шатер воронеж для свадьбы;1;venue-type;top
шатер для свадьбы вместимостью до 100 человек;1;venue-type;top
шатер стерлитамак для свадьбы;1;venue-type;top
шатер для свадьбы летний;1;venue-type;top
шатер для свадьбы самара;1;venue-type;top
шатер своими руками для свадьбы;1;venue-type;top
шатры для свадьбы ижевск;1;rest;top
свадьба в шатре спб;1;rest;top
свадьба в шатре тула;1;rest;top
аренда коттеджа на сутки для свадьбы;1;venue-type;top
коттедж для свадьбы барнаул;1;venue-type;top
коттедж для свадьбы курск;1;venue-type;top
коттедж для свадьбы омск;1;venue-type;top
загородные коттеджи спб для свадьбы;1;venue-type;top
коттедж для свадьбы пенза;1;venue-type;top
аренда теплохода на свадьбу ульяновск;1;venue-type;top
свадьба в лесу оформление;1;vendors;top
свадьба в вырасти сад;1;rest;top
свадьба в краснодаре на природе;1;venue-type;top
свадьба на природе воронеж;1;venue-type;top
свадьба на природе екатеринбург;1;venue-type;top
свадьба на природе иваново;1;venue-type;top
свадьба на природе курск;1;venue-type;top
свадьба на природе ростов на дону;1;venue-type;top
в чем пойти на свадьбу на природе;1;venue-type;top
свадьба в карелии на природе;1;venue-type;top
свадьба на природе как называется;1;venue-type;top
свадьба на природе киров;1;venue-type;top
свадьба на природе пермь;1;venue-type;top
свадьба на природе ставрополь;1;venue-type;top
свадьба на природе что одеть;1;venue-type;top
саратов свадьба на природе;1;venue-type;top
свадьба на природе чебоксары;1;venue-type;top
оформление свадьбы на природе;1;vendors;top
летняя свадьба на природе;1;venue-type;top
свадьба на природе калининград;1;venue-type;top
где сыграть свадьбу на природе;1;venue-type;top
свадьба на природе липецк;1;venue-type;top
сценарий свадьбы на 15 20 человек;1;info;top
свадьба на 20 человек идеи;1;capacity;top
свадьба без ведущего на 20 человек;1;vendors;top
сколько сейчас стоит свадьба на 30 человек;1;capacity;top
средняя цена свадьбы на 30 человек;1;capacity;top
сколько выйдет свадьба на 30 человек;1;capacity;top
свадьба на 30 человек фото;1;capacity;top
сколько примерно стоит свадьба на 30 человек;1;capacity;top
сколько брать алкоголя на свадьбу 30 человек;1;rest;top
примерное меню на свадьбы 50 человек;1;rest;top
расстановка столов на свадьбу на 50 человек;1;capacity;top
аренда под камерную свадьбу;1;capacity;top
камерная свадьба брянск;1;capacity;top
камерная свадьба в краснодаре;1;capacity;top
камерная свадьба место проведения;1;capacity;top
камерная свадьба сочи;1;capacity;top
камерная свадьба чебоксары;1;capacity;top
камерная свадьба владимир;1;capacity;top
камерная свадьба фото;1;capacity;top
камерная свадьба пенза;1;capacity;top
камерная свадьба как развлечь гостей;1;capacity;top
залы для камерной свадьбы спб;1;capacity;top
камерная свадьба идеи для небольшой свадьбы;1;capacity;top
камерный зал спб для свадьбы;1;capacity;top
камерная свадьба в городце;1;capacity;top
свадьба маленьких цыган;1;capacity;top
маленькие стишки на свадьбу;1;capacity;top
букет невесты на свадьбу маленький фото;1;vendors;top
свадьба в питере для двоих стоимость;1;capacity;top
идеи свадьбы для двоих без торжества;1;capacity;top
свадьба за городом минск;1;rest;top
свадьба за городом самара;1;rest;top
свадьба за городом омск;1;rest;top
место проведения свадьбы за городом;1;core;top
свадьба за городом с размещением гостей;1;info;top
загородный дом для свадьбы екатеринбург;1;venue-type;top
леди диана загородный дом свадьба;1;venue-type;top
полицейский с рублевки 2 сезон свадьба;1;geo;top
образ на свадьбу в гости недорого;1;price;top
свадьба ростов недорого;1;price;top
как организовать недорогую свадьбу самостоятельно поэтапно;1;price;top
как организовать свадьбу самостоятельно недорого;1;price;top
как правильно организовать свадьбу самостоятельно поэтапно недорого;1;price;top
ресторан спб недорого свадьба;1;venue-type;top
свадьба самостоятельно недорого;1;price;top
машина на свадьбу с водителем спб недорого;1;price;top
свадьба недорого челябинск;1;price;top
заказ лимузина на свадьбу недорого;1;price;top
как устроить свадьбу недорого но красиво;1;price;top
свадьба пермь недорого;1;price;top
оформление свадьбы под ключ;1;vendors;top
свадьба под ключ вл владикавказе;1;price;top
свадьба под ключ иркутск;1;price;top
свадьба под ключ киров;1;price;top
свадьба под ключ крым;1;price;top
свадьба под ключ курск;1;price;top
свадьба под ключ новосибирск;1;price;top
свадьба под ключ пенза;1;price;top
свадьба под ключ пермь цены;1;price;top
свадьба под ключ тамбов;1;price;top
свадьба под ключ мелодрама;1;price;top
свадьба под ключ новороссийск;1;price;top
свадьба под ключ пятигорск;1;price;top
свадьба под ключ калининград;1;price;top
свадьба под ключ красноярск;1;price;top
свадьба под ключ хабаровск;1;price;top
свадьба под ключ мурманск;1;price;top
свадьба под ключ тула;1;price;top
свадьба под ключ тюмень;1;price;top
свадьба под ключ ярославль;1;price;top
стоимость свадьба краснодар;1;price;top
стоимость свадьбы в самаре;1;price;top
стоимость фотографа на свадьбу за час;1;vendors;top
стоимость свадьбы бородиной;1;price;top
минимальная стоимость свадьбы в москве;1;price;top
шато де талю свадьба стоимость;1;price;top
средняя стоимость свадьбы в спб;1;price;top
стоимость свадьбы в питере;1;price;top
стоимость свадьбы сколько стоит;1;price;top
замок гарибальди стоимость свадьбы;1;venue-type;top
песочное шоу на свадьбу стоимость;1;vendors;top
свадьба на 80 человек стоимость;1;capacity;top
стоимость каравая на свадьбу;1;price;top
стоимость свадьбы в тамбове;1;price;top
стоимость свадьбы ростов;1;price;top
сколько стоит выпустить голубей на свадьбе;1;price;top
сколько стоит джигурда на свадьбу;1;price;top
сколько стоит заказать мота на свадьбу;1;price;top
сколько стоит свадьба в брянске;1;price;top
сколько стоит свадьба тюмень;1;price;top
сколько стоит позвать филиппа киркорова на свадьбу;1;price;top
сколько стоит свадьба волгоград;1;price;top
сколько стоит шаман на свадьбу;1;price;top
сколько стоит свадьба в казани;1;price;top
меню на свадьбу сколько стоит;1;price;top
сколько стоила свадьба покров и бабича;1;price;top
сколько стоит выступление на свадьбе аркадия думикяна;1;price;top
сколько стоит выступление рианны на свадьбе;1;price;top
сколько стоит заказать мияги на свадьбу;1;price;top
сколько стоит заказать нагиева на свадьбу;1;price;top
сколько стоит заказать эльбруса джанмирзоева на свадьбу;1;price;top
сколько стоит позвать мота на свадьбу;1;price;top
сколько стоит позвать нагиева на свадьбу ведущим;1;vendors;top
сколько стоит пригласить акмаля на свадьбу;1;price;top
сколько стоит пригласить бтс на свадьбу;1;price;top
сколько стоит сайт приглашение на свадьбу;1;price;top
сколько стоит свадьба в китае;1;price;top
сколько стоит свадьба в ставрополе;1;price;top
сколько стоит свадьба ульяновск;1;price;top
сколько стоит сделать пригласительные на свадьбу;1;price;top
сколько стоит сыграть свадьбу в краснодаре;1;price;top
сколько стоит фотограф на свадьбу в спб;1;vendors;top
сколько стоят услуги флориста на свадьбу;1;vendors;top
сколько стоит алкоголь на свадьбу;1;price;top
сколько стоит аниматор на свадьбу;1;price;top
сколько стоит позвать лазарева на свадьбу;1;price;top
сколько стоит свадьба ани покров;1;price;top
сколько стоила свадьба литвина и адель;1;price;top
сколько стоит свадьба в красноярске;1;price;top
сколько стоила свадьба безоса;1;price;top
сколько стоит визажист на свадьбу;1;vendors;top
сколько стоит распечатать пригласительные на свадьбу;1;price;top
сколько стоит свадьба безоса;1;price;top
сколько стоит участие в 4 свадьбы;1;price;top
сколько стоит пригласить макку межиеву на свадьбу;1;price;top
сколько стоит пышная свадьба;1;price;top
минск сколько стоит свадьба;1;price;top
сколько стоит заказать автобус на свадьбу;1;price;top
сколько стоит минимальная свадьба;1;price;top
сатир сколько стоит позвать на свадьбу ведущим;1;vendors;top
сколько стоит выступление сосо павлиашвили на свадьбе;1;price;top
сколько стоит гузель уразова на свадьбу;1;price;top
сколько стоит позвать звезду на свадьбу;1;price;top
сколько стоит позвать светлакова на свадьбу;1;price;top
сколько стоит пригласить игнатия винтурова на свадьбу;1;price;top
сколько стоит свадьба в турции;1;price;top
сколько стоила свадьба маши руткис;1;price;top
сколько стоит пригласить сергея лазарева на свадьбу;1;price;top
сколько стоит самая дешевая свадьба;1;price;top
сколько стоит свадьба в орле;1;price;top
сколько стоит свадьба в твери;1;price;top
сколько стоит свадьба во владимире;1;price;top
андрис ведущий на свадьбах;1;vendors;top
ведущий на свадьбе армянин;1;vendors;top
ведущий на свадьбу брянск;1;vendors;top
ведущий на свадьбу вологда;1;vendors;top
ведущий на свадьбу питер;1;vendors;top
фоновая музыка для ведущих на свадьбу;1;vendors;top
кто был ведущим на свадьбе зубарева;1;vendors;top
арсений попов ведущий на свадьбу;1;vendors;top
ведущий на свадьбу волжский;1;vendors;top
услуги ведущего на свадьбу цена;1;vendors;top
ведущий на свадьбу конаково;1;vendors;top
ведущий на свадьбу брест;1;vendors;top
вступительное слово ведущего на свадьбе;1;vendors;top
текст на свадьбу для ведущего в загсе;1;vendors;top
ведущий на свадьбу хабаровск;1;vendors;top
слова которые говорит ведущий на свадьбе;1;vendors;top
ведущие балаково на свадьбу;1;vendors;top
ведущий на свадьбу в орле;1;vendors;top
ведущий на свадьбу владикавказ;1;vendors;top
ведущий на свадьбу гомель;1;vendors;top
ведущий на свадьбу екатеринбург;1;vendors;top
ведущий на свадьбу калининград;1;vendors;top
ведущий на свадьбу курган;1;vendors;top
ведущий на свадьбу спб цены;1;vendors;top
ведущий на свадьбу тамбов цена;1;vendors;top
ведущий на свадьбу цена ростов;1;vendors;top
ведущий на свадьбу что спрашивать;1;vendors;top
илья соболев ведущий на свадьбу цена;1;vendors;top
кавказский ведущий на свадьбу;1;vendors;top
как поблагодарить ведущего на свадьбе;1;vendors;top
речь ведущего на свадьбе церемония;1;vendors;top
ростов на дону ведущая свадьбы цена;1;vendors;top
чем отличается тамада от ведущего на свадьбе;1;vendors;top
шутки ведущего на свадьбе;1;vendors;top
самый популярный ведущий на свадьбу;1;vendors;top
анекдот про ведущего на свадьбе;1;vendors;top
ведущий на свадьбу тольятти;1;vendors;top
анкета гостей на свадьбу для ведущего;1;vendors;top
ведущий на свадьбе гарика харламова;1;vendors;top
ведущий на свадьбу барнаул;1;vendors;top
ведущий на свадьбу ижевск;1;vendors;top
ведущий на свадьбу оренбург;1;vendors;top
снятие фаты на свадьбе слова ведущего;1;vendors;top
ведущий на свадьбу могилев;1;vendors;top
ведущие на свадьбу обнинск;1;vendors;top
договор ведущего на свадьбу образец;1;vendors;top
топ 10 ведущих на свадьбу;1;vendors;top
ведущие на свадьбу елена;1;vendors;top
ведущий на свадьбу благовещенск;1;vendors;top
ведущий на свадьбу воронеж евгений;1;vendors;top
вынос торта на свадьбе слова ведущего;1;vendors;top
речь ведущего на свадьбе текст;1;vendors;top
фотограф на свадьбу краснодар;1;vendors;top
фотограф на свадьбу чебоксары;1;vendors;top
фотограф на свадьбу воронеж;1;vendors;top
репортажный фотограф на свадьбу;1;vendors;top
фотограф на свадьбу брянск;1;vendors;top
фотограф на свадьбу донецк;1;vendors;top
фотограф на свадьбу калининград;1;vendors;top
фотограф на свадьбу красноярск;1;vendors;top
что спросить у фотографа на свадьбу;1;vendors;top
фотограф на свадьбу во владимире;1;vendors;top
фотограф на свадьбу челябинск;1;vendors;top
фотограф на свадьбу орел;1;vendors;top
фотограф смоленск на свадьбу;1;vendors;top
фотограф удалил фото на свадьбе;1;vendors;top
фотограф на свадьбу курск;1;vendors;top
фотограф на свадьбу пенза;1;vendors;top
фотограф на свадьбу рязань;1;vendors;top
видеограф на свадьбу тюмень;1;vendors;top
что делает видеограф на свадьбе;1;vendors;top
видеограф на свадьбу липецк;1;vendors;top
видеограф на свадьбу краснодар;1;vendors;top
декор свадебного торта одноярусного;1;vendors;top
свадебный декор какой бывает;1;vendors;top
свадебный декор 2027;1;vendors;top
свадебный декор ростов;1;vendors;top
свадебный декор сочи;1;vendors;top
аренда свадебного декора воронеж;1;vendors;top
свадебный декор иваново;1;vendors;top
декор свадебного стола жениха и невесты;1;vendors;top
свадебный декор стола невесты;1;vendors;top
свадебный декор желтый;1;vendors;top
свадебный декор шатра;1;vendors;top
свадебный декор на автомобиль;1;vendors;top
оформление свадьбы свадебный декор;1;vendors;top
декор свадебного торта двухъярусного;1;vendors;top
свадебный декор с бусами;1;vendors;top
оформление гуся на свадьбу;1;vendors;top
оформление свадьбы синего цвета;1;vendors;top
оформление свадьбы синими цветами;1;vendors;top
лимонная свадьба оформление;1;vendors;top
оформление бутылки шампанского на свадьбу своими руками;1;vendors;top
оформление свадьбы летом;1;vendors;top
свадьба на улице летом оформление;1;vendors;top
оформление списка гостей на свадьбу;1;vendors;top
список на свадьбу оформление;1;vendors;top
дизайн свадьба оформление;1;vendors;top
оформление зала золотой свадьбы;1;vendors;top
оформление свадеб рязань;1;vendors;top
оформление свадьбы оренбург;1;vendors;top
оформление свадьбы сухоцветами;1;vendors;top
оформление свадьбы что нужно;1;vendors;top
свадьба во дворе частного дома оформление;1;vendors;top
торт на хрустальную свадьбу оформление;1;vendors;top
авито оформление зала на свадьбу;1;vendors;top
обучение оформление свадеб;1;vendors;top
сладкий стол на свадьбу оформление;1;vendors;top
оформление свадьбы буквами;1;vendors;top
оформление свадьбы спб;1;vendors;top
оформление свадьбы тамбов;1;vendors;top
оформление стола молодоженов на свадьбу своими руками;1;vendors;top
оформление фуршета на свадьбу;1;vendors;top
свадьба в итальянском стиле оформление;1;vendors;top
оформление свадьбы свечами;1;vendors;top
оформление торта на свадьбу одноярусный;1;vendors;top
оформление торта на серебряную свадьбу;1;vendors;top
оформление бокалов на свадьбу своими руками;1;vendors;top
оформление русской свадьбы;1;vendors;top
оформление свадеб курсы;1;vendors;top
оформление свадьбы в русском стиле;1;vendors;top
оформление свадьбы липецк;1;vendors;top
свадьба в стиле прованс оформление;1;vendors;top
свадьба на даче оформление своими руками;1;vendors;top
свадебный организатор новосибирск;1;vendors;top
лучший свадебный организатор;1;vendors;top
свадебные организаторы екатеринбург;1;vendors;top
свадебный организатор ирина червякова;1;vendors;top
свадебный организатор нижний;1;vendors;top
свадебный организатор нижний новгород;1;vendors;top
свадебный организатор самара;1;vendors;top
свадебный организатор спб;1;vendors;top
свадебный организатор ярославль;1;vendors;top
свадебный организатор краснодар;1;vendors;top
свадебный организатор калуга;1;vendors;top
чем отличается свадебный организатор от координатора;1;vendors;top
свадебное агентство калуга;1;vendors;top
мария кравец свадебное агентство;1;vendors;top
свадебное агентство липецк;1;vendors;top
свадебное агентство орел;1;vendors;top
свадебное агентство чебоксары;1;vendors;top
свадебные агентства екатеринбург;1;vendors;top
svadberry свадебное агентство;1;vendors;top
cheers свадебное агентство;1;vendors;top
свадебное агентство культура;1;vendors;top
feerique event свадебное агентство;1;vendors;top
март свадебное агентство тула;1;vendors;top
свадебные агентства ярославль;1;vendors;top
диджей на свадьбу екатеринбург;1;vendors;top
диджей сет на свадьбу;1;vendors;top
торт свадебный 8кг;1;vendors;top
аня покров торт свадебный;1;vendors;top
свадебные торты ставрополь;1;vendors;top
свадебный торт новинка;1;vendors;top
свадебный торт с белыми розами;1;vendors;top
свадебный торт с рисовыми парусами;1;vendors;top
свадебный торт состав;1;vendors;top
торт ссср свадебный;1;vendors;top
торты свадебные новые;1;vendors;top
фото свадебных тортов 2 яруса;1;vendors;top
чем покрыть свадебный торт;1;vendors;top
юлия клочкова свадебный торт;1;vendors;top
варианты свадебных тортов прямоугольник;1;vendors;top
свадебный торт смоленск;1;vendors;top
торт в стиле итальянского пирога свадебный описание;1;vendors;top
покрытие свадебного торта;1;vendors;top
слои свадебного торта;1;vendors;top
большой квадратный свадебный торт;1;vendors;top
паруса на свадебном торте;1;vendors;top
как украсить свадебный торт живыми цветами;1;vendors;top
какие начинки делают на свадебный торт;1;vendors;top
коробка под свадебный торт;1;vendors;top
свадебный торт на 2 кг фото;1;vendors;top
вынос свадебного торта сценарий;1;vendors;top
желтый свадебный торт;1;vendors;top
пятиярусный свадебный торт;1;vendors;top
свадебный двухэтажный торт;1;vendors;top
свадебный торт в стиле бохо;1;vendors;top
свадебный торт луганск;1;vendors;top
свадебный торт метровый;1;vendors;top
свадебный торт полина;1;vendors;top
свадебный торт с инжиром;1;vendors;top
свадебный торт с капкейками на свадьбу;1;vendors;top
свадебный торт с капкейками на свадьбу фото;1;vendors;top
фото свадебного торта с капкейками;1;vendors;top
свадебные торты бело золотой;1;vendors;top
торт молодым свадебный;1;vendors;top
бисквитный торт свадебный;1;vendors;top
декорирование свадебного торта;1;vendors;top
длинные свадебные торты фото;1;vendors;top
как подписать свадебный торт;1;vendors;top
не вэлл мой свадебный торт;1;vendors;top
свадебные торты 2 яруса с цветами;1;vendors;top
свадебные торты на заказ фото и цены;1;vendors;top
свадебные торты сиреневый;1;vendors;top
свадебный торт бисквитный двор;1;vendors;top
свадебный торт и трайфлы на свадьбу;1;vendors;top
свадебный торт макет;1;vendors;top
свадебный торт оригинальный небольшой;1;vendors;top
свадебный торт с бабочками;1;vendors;top
свадебный торт фото цена;1;vendors;top
сколько нужно свечей на свадебный торт;1;vendors;top
стоимость свадебного торта за кг;1;vendors;top
торт свадебный белый с ягодами;1;vendors;top
фото свадебных тортов белые;1;vendors;top
дизайн свадебного торта 1 ярус;1;vendors;top
как украсить свадебный торт вафельной бумагой;1;vendors;top
какой купить свадебный торт;1;vendors;top
оформление свадебного торта двухъярусного;1;vendors;top
свадебные торты владимир;1;vendors;top
свадебный торт в стаканчиках;1;vendors;top
свеча фонтан в свадебный торт;1;vendors;top
купить кусок свадебного торта;1;vendors;top
длинный свадебный торт сборка;1;vendors;top
свадебные торты чебоксары;1;vendors;top
свадебный торт на 100 человек;1;vendors;top
дизайны свадебных тортов одноярусных;1;vendors;top
простой свадебный торт одноярусный;1;vendors;top
подводка к свадебному торту;1;vendors;top
надпись на свадебном торте варианты;1;vendors;top
свадебный торт минск;1;vendors;top
шоу торт свадебный;1;vendors;top
свадебный торт на день рождения;1;vendors;top
гигантские свадебные торты;1;vendors;top
торт свадебный с ромашками;1;vendors;top
торт свадебный прямоугольный как сделать;1;vendors;top
литовский свадебный торт шакотис рецепт;1;vendors;top
свадебный торт самара;1;vendors;top
итальянский свадебный торт пирог рецепт;1;vendors;top
свадебные торты мастика фото;1;vendors;top
свадебные торты фото без;1;vendors;top
свадебный торт без мастики фото;1;vendors;top
фото свадебных тортов двухъярусных без мастики;1;vendors;top
свадебный торт 2009;1;vendors;top
как красиво украсить свадебный торт;1;vendors;top
свадебный торт ханты мансийск;1;vendors;top
винтажный свадебный торт;1;vendors;top
как сделать длинный свадебный торт;1;vendors;top
красивые свадебные торты одноярусные;1;vendors;top
приготовление свадебного торта в домашних условиях;1;vendors;top
свадебная традиция продавать торт;1;vendors;top
свадебные торты королевской семьи;1;vendors;top
свадебные торты одноярусные красивые фото;1;vendors;top
свадебный торт безе;1;vendors;top
свадебный торт откуда традиция;1;vendors;top
свадебный торт с бантиками;1;vendors;top
свадебный торт с именами;1;vendors;top
свадебный торт с пионами;1;vendors;top
свадебный торт с юмором;1;vendors;top
свадебный торт уроки;1;vendors;top
торт под заказ свадебный;1;vendors;top
торт свадебный фото 1 ярус;1;vendors;top
торты свадебные 2026 с капкейками;1;vendors;top
этаж свадебного торта;1;vendors;top
юлия смолл итальянский свадебный торт;1;vendors;top
свадебный стилист спб;1;vendors;top
выездная регистрация брака астрахань;1;vendors;top
выездная регистрация брака в брянске;1;vendors;top
выездная регистрация брака в калининграде;1;vendors;top
выездная регистрация брака севастополь;1;vendors;top
выездная регистрация курск;1;vendors;top
выездная регистрация севастополь;1;vendors;top
выездная регистрация сочи цена;1;vendors;top
выездная регистрация тюмень;1;vendors;top
выездная регистрация брака в минске;1;vendors;top
стоимость выездная регистрация брака в загсе;1;vendors;top
шлиссельбург выездная регистрация;1;vendors;top
как оформляется выездная регистрация брака;1;vendors;top
выездная регистрация брака кострома;1;vendors;top
выездная регистрация брака ижевск;1;vendors;top
выездная регистрация брака саратов;1;vendors;top
выездная регистрация брака тверь;1;vendors;top
выездная регистрация во владимире;1;vendors;top
выездная регистрация тверь;1;vendors;top
локации для выездной регистрации сочи;1;vendors;top
ресторан с выездной регистрации волгоград;1;vendors;top
сколько стоит выездная регистрация брака в саратове;1;vendors;top
сколько стоит выездная регистрация в рязани;1;vendors;top
сценарий выездной регистрации брака текст для ведущей;1;vendors;top
выездная регистрация волжский;1;vendors;top
текст для выездной регистрации брака трогательные;1;vendors;top
выездная регистрация 2025;1;vendors;top
выездная регистрация брака казань стоимость;1;vendors;top
аренда площадки для выездной регистрации;1;vendors;top
выездная регистрация брака в орле цены;1;vendors;top
выездная регистрация брака самара;1;vendors;top
выездная регистрация брака тамбов цена;1;vendors;top
выездная регистрация брака тольятти;1;vendors;top
выездная регистрация брака уфа;1;vendors;top
выездная регистрация на озере;1;vendors;top
выездная регистрация омск;1;vendors;top
выездная регистрация самара;1;vendors;top
выездная регистрация смоленск;1;vendors;top
сколько стоит выездная регистрация брака в уфе;1;vendors;top
выездная регистрация брака ярославль;1;vendors;top
выездная регистрация брака сценарий текст трогательный;1;vendors;top
проведение свадьбы с выездной регистрацией;1;vendors;top
идеи для выездной регистрации;1;vendors;top
свадьбы в области с выездной регистрацией;1;vendors;top
сервис выездной регистрации биометрии;1;vendors;top
выездная регистрация брака оренбург;1;vendors;top
выездная регистрация казань цена;1;vendors;top
белая выездная регистрация;1;vendors;top
выездная регистрация брака в питере;1;vendors;top
выездная регистрация слова ведущего;1;vendors;top
свадебные арки для выездной регистрации своими руками;1;vendors;top
тайминг свадебного дня по часам;1;info;top
как составить тайминг свадебного дня;1;info;top
свадьба клавы коки и димы масленникова бюджет;1;rest;top
таблица расчета бюджета свадьбы;1;rest;top
4 свадьбы бюджет 20 тысяч;1;rest;top
какой был самый большой бюджет свадьбы;1;rest;top
бюджет свадьбы онлайн калькулятор;1;rest;top
рассчитать бюджет свадьбы калькулятор онлайн;1;rest;top
рассчитать бюджет свадьбы онлайн;1;rest;top
второй день свадьбы обычаи и традиции сценарий;1;info;top
второй день свадьбы сценарий и обычай;1;info;top
программа на свадьбу сценарий для тамады современный;1;vendors;top
свадебные сценарии для небольшой свадьбы;1;capacity;top
свадебные сценарии для небольшой свадьбы для тамады;1;vendors;top
свадьба 15 человек сценарий;1;info;top
сценарий проведения сапфировой свадьбы;1;info;top
сценарий сапфировой свадьбы в домашних условиях;1;info;top
сценарий свадьбы в кругу друзей;1;info;top
сценарий серебряной свадьбы в кругу друзей;1;info;top
примерный сценарий свадьбы;1;info;top
смешные сценария для юбилея свадьбы;1;info;top
сценарий свадьбы для ведущего готовый текст;1;vendors;top
сценарий безалкогольной свадьбы;1;info;top
сценарий казахской свадьбы;1;info;top
сценарий классической свадьбы;1;info;top
сценарий православной свадьбы;1;info;top
сценарий хрустальной свадьбы;1;info;top
снятие фаты на свадьбе сценарий;1;info;top
юбилей свадьбы 25 сценарий;1;info;top
сценарий свадьбы с самого начала;1;info;top
готовый сценарий свадьбы без тамады дома;1;vendors;top
полный сценарий второго дня свадьбы;1;info;top
проведение свадьбы от начала до конца сценарий;1;info;top
сценарий второго дня свадьбы на даче;1;info;top
сценарий готовый свадьба для небольшой компании;1;capacity;top
сценарий казачьей свадьбы;1;info;top
сценарий небольшой свадьбы дома;1;capacity;top
сценарий проведения свадьбы начало;1;info;top
сценарий свадьба для небольшой компании дома;1;capacity;top
сценарий свадьбы тамады играми;1;vendors;top
варианты сценариев свадьбы;1;info;top
продажа торта на свадьбе сценарий;1;vendors;top
продажа торта на свадьбе сценарий для тамады;1;vendors;top
сценарий на свадьбу приветствие;1;info;top
сценарий тематической свадьбы;1;info;top
сценарий на юбилей свадьбы 35;1;info;top
сценарий второго дня свадьбы в русском стиле;1;info;top
сценарий обряда свадьбы;1;info;top
интересный веселый сценарий свадьбы;1;info;top
песочная церемония на свадьбе сценарий;1;info;top
сценарий банкета на свадьбу;1;info;top
сценарий серебряной свадьбы для тамады готовый полный;1;vendors;top
читать сценарий свадьбы;1;info;top
что надеть на свадьбу гостье в сентябре;1;info;top
образ на свадьбу к подруге в сентябре;1;info;top
идеи свадьбы в сентябре;1;info;top
свадьба в сентябре какую дату выбрать;1;info;top
август хороший месяц для свадьбы;1;info;top
идеи для свадьбы в деревне;1;info;top
идеи для фуршета на свадьбу;1;info;top
классные идеи для свадьбы;1;info;top
свадьба в классическом стиле дресс код;1;info;top
свадьба в русском стиле гжель;1;info;top
свадьба в стиле зож инь янь;1;info;top
стиль свадьбы 2026 рустик;1;info;top
свадьба вечеринка vs свадьба в стиле рок;1;info;top
свадьба в стиле дарк фэнтези;1;info;top
4 свадьбы свадьба в стиле крым наш;1;info;top
4 свадьбы в стиле инь янь;1;info;top
4 свадьбы в стиле олд мани;1;info;top
свадьба иды галич 2026 в стиле 90;1;info;top
свадьба в башкирском стиле;1;info;top
2 день свадьбы в стиле 90;1;info;top
4 свадьбы свадьба в стиле диско;1;info;top
второй день свадьбы какой стиль;1;info;top
свадьба в лавандовом стиле;1;info;top
свадьба в русском стиле что надеть;1;info;top
свадьба в стиле ведьм;1;info;top
свадьба в стиле дисней;1;info;top
свадьба в стиле игры престолов на байкале;1;info;top
свадьба в стиле человек паук;1;info;top
этно стиль свадьбы;1;info;top
свадьба в белорусском стиле;1;info;top
свадьба в стиле 20 х годов;1;info;top
свадьба в итальянском стиле фото;1;info;top
свободный стиль одежды для мужчин на свадьбу;1;info;top
дворянская свадьба vs свадьба в стиле голливуд;1;info;top
4 свадьбы в молодежном стиле;1;info;top
4 свадьбы свадьба в казачьем стиле;1;info;top
4 свадьбы свадьба в стиле стендап вечеринка;1;info;top
на свадьбу в национальном стиле;1;info;top
4 свадьбы в стиле дрейн;1;info;top
свадьба в стиле пляжной вечеринки;1;info;top
стиль свадьбы фрик;1;info;top
свадьба в стиле 40;1;info;top
таджикская свадьба vs свадьба в стиле гэтсби;1;info;top
свадьба в стиле бохо vs сказочная свадьба;1;info;top
свадьба в кубанском стиле;1;info;top
второй день свадьбы в русском народном стиле;1;info;top
приглашение на свадьбу в стиле 90 х;1;info;top
свадьба в азиатском стиле;1;info;top
свадьба в стиле рейв;1;info;top
свадьба в стиле русалочки;1;info;top
стиль свадьба в малиновке;1;info;top
бельгийский лес стиль свадьбы;1;info;top
манхва свадьба в стиле;1;info;top
манхва свадьба в стиле китч;1;info;top
свадьба в славянском стиле фото;1;info;top
свадьба в стиле 80 х годов;1;info;top
свадьба в стиле бомжей;1;info;top
свадьба в стиле гавайи;1;info;top
свадьба в стиле гавайской вечеринки;1;info;top
свадьба в стиле дикого запада;1;info;top
свадьба в стиле сопрано;1;info;top
стиль 90 х деревенская свадьба;1;info;top
стиль бохо свадьба одежда;1;info;top
что надеть на свадьбу в стиле 90;1;info;top
стиль бохо в одежде на свадьбу;1;info;top
рассадка гостей на свадьбе геншин снежная;1;info;top
план рассадки гостей на свадьбе конструктор;1;info;top
образец списка гостей на свадьбу для рассадки;1;info;top
рассадка гостей на свадьбе 40 человек;1;info;top
подставка для рассадки гостей на свадьбу;1;info;top
тамада на свадьбу 15 человек;1;vendors;top
тамада на свадьбу белгород;1;vendors;top
тамада на свадьбу г;1;vendors;top
тамаду на свадьбу самара;1;vendors;top
сколько зарабатывает тамада на свадьбе;1;vendors;top
тамада на свадьбу тюмень;1;vendors;top
тамада рязань цены на свадьбу;1;vendors;top
видео тамада зажигает на свадьбе;1;vendors;top
небольшой сценарий на свадьбу без тамады;1;vendors;top
приветствие гостей на свадьбе для тамады;1;vendors;top
тамада уфа на свадьбу цена;1;vendors;top
тамада на русской свадьбе;1;vendors;top
тамада на свадьбу екатеринбург;1;vendors;top
тамада на свадьбу липецк;1;vendors;top
свадебные фотографы дону;1;vendors;top
свадебный фотограф архангельск;1;vendors;top
свадебный фотограф котлас;1;vendors;top
свадебный фотограф ростов на дону;1;vendors;top
свадебный фотограф светлана;1;vendors;top
свадебный фотограф тула;1;vendors;top
свадебный фотограф челябинск;1;vendors;top
какие вопросы задать свадебному фотографу;1;vendors;top
свадебный фотограф bahh tee где послушать;1;vendors;top
свадебный фотограф дарья;1;vendors;top
свадебный фотограф тамбов;1;vendors;top
свадебный фотограф чебоксары;1;vendors;top
бахти свадебный фотограф текст;1;vendors;top
свадебный фотограф воронеж;1;vendors;top
свадебный фотограф майкоп;1;vendors;top
свадебный фотограф донецк;1;vendors;top
объектив свадебного фотографа;1;vendors;top
свадебный фотограф спб цены;1;vendors;top
свадебный фотограф спб цены за час;1;vendors;top
свадебный фотограф томск;1;vendors;top
свадебный фотограф цена за час;1;vendors;top
чек лист свадебного фотографа;1;vendors;top
договор свадебного фотографа образец;1;vendors;top
свадебный фотограф белгород;1;vendors;top
свадебный фотограф сочи;1;vendors;top
фотограф свадебный студия;1;vendors;top
свадебный фотограф кемерово;1;vendors;top
свадебный фотограф саранск;1;vendors;top
бахти свадебный фотограф слушать;1;vendors;top
свадебный фотограф магнитогорск;1;vendors;top
свадебный фотограф ульяновск;1;vendors;top
красивые места для свадебной фотосессии в спб;1;vendors;top
места для свадебной фотосессии в нижнем новгороде;1;vendors;top
места для свадебной фотосессии в спб;1;vendors;top
свадебная фотосессия в макдональдсе;1;vendors;top
свадебная фотосессия в театре;1;vendors;top
свадебная фотосессия ставрополь;1;vendors;top
свадебная фотосессия ярославль;1;vendors;top
ии описание свадебной фотосессии;1;vendors;top
как самому сделать свадебную стойку для фотосессий;1;vendors;top
места для свадебной фотосессии воронеж;1;vendors;top
места для свадебной фотосессии саратов;1;vendors;top
места для свадебной фотосессии уфа;1;vendors;top
свадебная прогулочная фотосессия;1;vendors;top
свадебная фотосессия в твери;1;vendors;top
свадебная фотосессия воронцовский дворец;1;vendors;top
свадебная фотосессия ижевск;1;vendors;top
свадебная фотосессия краснодар;1;vendors;top
свадебная фотосессия смоленск;1;vendors;top
свадебная фотосессия тюмень;1;vendors;top
свадебная фотосессия уфа;1;vendors;top
свадебная фотосессия через ии;1;vendors;top
свадебная фотосессия кринж;1;vendors;top
как подписать свадебную фотосессию;1;vendors;top
свадебная фотосессия в петергофе;1;vendors;top
свадебная фотосессия ораниенбаум;1;vendors;top
отзыв на свадебную фотосессию;1;vendors;top
промт для свадебной фотосессии нейросети;1;vendors;top
свадебная фотосессия нейросеть;1;vendors;top
простые свадебные фотосессии;1;vendors;top
особняк половцева свадебная фотосессия;1;vendors;top
как позировать на свадебной фотосессии;1;vendors;top
свадебная фотосессия в тайланде;1;vendors;top
свадебная фотосессия волгоград;1;vendors;top
локации для свадебной фотосессии крым;1;vendors;top
свадебная фотосессия владивосток;1;vendors;top
стильная свадебная фотосессия;1;vendors;top
места для свадебной фотосессии в крыму;1;vendors;top
свадебная фотосессия без свадьбы;1;vendors;top
свадебная фотосессия курск;1;vendors;top
свадебная фотосессия с мотоциклом;1;vendors;top
свадебная фотосессия чебоксары;1;vendors;top
студийная свадебная фотосессия;1;vendors;top
договор свадебного видеографа;1;vendors;top
свадебный видеограф новосибирск;1;vendors;top
оформление зала на золотую свадьбу;1;vendors;top
буквы на арку свадебную;1;rest;top
свадебная арка рисунок;1;rest;top
как делать свадебную арку;1;info;top
аренда свадебных арок краснодар;1;price;top
почему свадебная арка;1;info;top
свадебный арка заказать;1;rest;top
свадебная арка своими руками легко и просто;1;rest;top
арка свадебная волна;1;rest;top
свадебная арка из дерева своими руками;1;rest;top
фотозона на второй день свадьбы;1;vendors;top
фотозона с кубиками на свадьбу;1;vendors;top
декор на свадьбу своими руками фотозона;1;vendors;top
фотозона на свадьбу прокат;1;vendors;top
фотозона на свадьбу голубая;1;vendors;top
фотозона на юбилей свадьбы;1;vendors;top
фотозона на зимнюю свадьбу;1;vendors;top
фотозона с фотографией на свадьбу;1;vendors;top
красная фотозона на свадьбу;1;vendors;top
синяя фотозона на свадьбу;1;vendors;top
букет невесты белый с фиолетовым;1;vendors;top
букет невесты гвоздика альстромерия;1;vendors;top
букет невесты из фоамирана;1;vendors;top
букет невесты старый оскол;1;vendors;top
заказать букет невесты в спб;1;vendors;top
как называется букет невесты для бросания;1;vendors;top
как собирается букет невесты;1;vendors;top
как сохранить букет невесты на память;1;vendors;top
можно ли выбрасывать букет невесты;1;vendors;top
букет невесты из гортензии своими руками;1;vendors;top
букет невесты 90х;1;vendors;top
какой должен быть свадебный букет невесты;1;vendors;top
букет невесты обязательно отдавать;1;vendors;top
букет невесты белый с зеленью;1;vendors;top
букет невесты значение цветов;1;vendors;top
букет невесты какой должен быть живой;1;vendors;top
букет невесты на роспись без торжества;1;vendors;top
какой длины букет невесты;1;vendors;top
когда мама невесты дарит букет;1;vendors;top
свадебный букет невесты пионы и эвкалипт;1;vendors;top
свадебный букет невесты с розами и гипсофилами;1;vendors;top
цвет букета невесты значение;1;vendors;top
модный букет невесты на свадьбу;1;vendors;top
кто поймал букет невесты 2 сезон;1;vendors;top
букет на никах невесте;1;vendors;top
букет невесты в корзинке;1;vendors;top
букет невесты дербент;1;vendors;top
букет невесты желтые цветы;1;vendors;top
букет невесты из белых роз гвоздик;1;vendors;top
букет невесты из розовых гвоздик;1;vendors;top
букет невесты с водой;1;vendors;top
варианты розыгрыша букета невесты;1;vendors;top
как интересно разыграть букет невесты на свадьбе;1;vendors;top
как можно разыграть букет невесты;1;vendors;top
как сделать ленту на букет невесты;1;vendors;top
на никах нужен букет невесты;1;vendors;top
нужен ли букет на никах невесте;1;vendors;top
посудомойка на свадьбе поймала букет невесты;1;vendors;top
фото букетов цветов невесты из ромашек;1;vendors;top
букет невесты в осеннем стиле;1;vendors;top
букет невесты бордовые розы;1;vendors;top
букет невесты в ссср;1;vendors;top
букет невесты из альстромерии фото;1;vendors;top
букет невесты из роз и альстромерий;1;vendors;top
бюджет на букет невесты;1;vendors;top
состав букета невесты;1;vendors;top
букет невесты в форме сердечка;1;vendors;top
букет невесты сердечком;1;vendors;top
букет невесты из кал фото;1;vendors;top
букет невесты из орхидей фото;1;vendors;top
букет невесты с розовой гортензией;1;vendors;top
букет невесты трава;1;vendors;top
какие цветы предпочтительнее в букет невесты;1;vendors;top
кто должен ловить букет невесты;1;vendors;top
обязательно ли нужен букет невесты на свадьбе;1;vendors;top
свадебный букет для жениха и невесты;1;vendors;top
свадебный букет для невесты из лилий;1;vendors;top
свадебный букет для невесты простой;1;vendors;top
чистый букет невесты;1;vendors;top
юлия барановская поймала букет невесты;1;vendors;top
сколько стоит букет невесты из калл;1;vendors;top
букет невесты живые цветы 2026;1;vendors;top
пеларгония букет невесты описание сорта;1;vendors;top
пеларгония букет невесты фото и описание сорта;1;vendors;top
каллы букет невесты сумочкой;1;vendors;top
букет невесты кострома;1;vendors;top
букет невесты с красными элементами;1;vendors;top
букет невесты из 5 калл;1;vendors;top
букет невесты на свадьбу розовый;1;vendors;top
основа для букета невесты;1;vendors;top
кто должен покупать свадебный букет для невесты;1;vendors;top
кто поймал букет невесты по порядку;1;vendors;top
букет невесты 3000;1;vendors;top
бюджетный букет невесты на свадьбу;1;vendors;top
почему букет невесты такой дорогой;1;vendors;top
букет для невесты от друзей;1;vendors;top
букет невесты 2 янышева;1;vendors;top
букет невесты 5 букв;1;vendors;top
букет невесты pinterest;1;vendors;top
букет невесты из кустовых роз фото;1;vendors;top
букет невесты из эустомы своими руками;1;vendors;top
букет невесты нестандартный;1;vendors;top
букет невесты с синей лентой;1;vendors;top
букет невесты член;1;vendors;top
дорама где нищий поймал букет невесты;1;vendors;top
зачем ловят букет невесты;1;vendors;top
как сделать букет невесты из бусин;1;vendors;top
кто должен дарить букет невесты;1;vendors;top
кто поймал букет невесты содержание;1;vendors;top
можно ли букет невесты из сухоцветов;1;vendors;top
мужское счастье букет невесты;1;vendors;top
обязательно ли кидать букет невесты на свадьбе;1;vendors;top
популярные букеты для невесты;1;vendors;top
салат букет невесты;1;vendors;top
свадебный букет для невесты от гостей;1;vendors;top
сделать искусственный букет невесты;1;vendors;top
украли букет невесты;1;vendors;top
читать букет невесты;1;vendors;top
шкатулка из букета невесты;1;vendors;top
какие цветы дарят на топазовую свадьбу;1;rest;top
какие цветы нужно дарить на свадьбу;1;rest;top
композиция из цветов на свадьбу своими руками;1;rest;top
дарит ли отец невесты цветы на свадьбу;1;rest;top
цветы на машину на свадьбу своими руками;1;rest;top
букет цветов композиции на свадьбу;1;vendors;top
можно ли на свадьбу без цветов;1;rest;top
цветы в губке на свадьбу;1;rest;top
цветы в шляпной коробке на свадьбу;1;rest;top
цветы на свадьбу на груди;1;rest;top
букет из шаров на свадьбу вместо цветов;1;vendors;top
какие цветы дарят на юбилей свадьбы;1;rest;top
какие цветы на хрустальную свадьбу;1;rest;top
президиум на свадьбу с живыми цветами;1;rest;top
самые популярные цветы на свадьбу;1;rest;top
стойки для цветов на свадьбу на стол;1;rest;top
какие цветы дарят на гранатовую свадьбу;1;rest;top
цветы на потолке на свадьбу;1;rest;top
заказ цветы в коробке москва на свадьбу;1;geo;top
аренда искусственных цветов на свадьбу;1;price;top
деньги вместо цветов на свадьбу;1;rest;top
какие цветы дарят на свадьбу молодым;1;rest;top
какие цветы нельзя дарить на свадьбу молодоженам;1;rest;top
цветы на свадьбу невесте от мамы;1;rest;top
президиум на свадьбу пинтерест;1;rest;top
президиум на свадьбу из фатина своими руками;1;rest;top
примеры президиума на свадьбу;1;rest;top
кейтеринг на свадьбу спб;1;rest;top
фуршет на свадьбу своими руками фото;1;rest;top
фуршет на свадьбу своими руками что приготовить;1;info;top
заказать кэнди бар на свадьбу;1;rest;top
каравай свадебный луганск;1;rest;top
купить свадебный каравай в воронеже;1;rest;top
каравай свадебный с цветами;1;rest;top
рецепт свадебного каравая из дрожжевого теста;1;rest;top
свадебный каравай из дрожжевого теста;1;rest;top
санкт петербург свадебный каравай купить;1;rest;top
рецепт приготовления свадебного каравая в домашних условиях;1;rest;top
свадебный каравай своими руками оформление;1;vendors;top
сколько хранится свадебный каравай;1;rest;top
как печется свадебный каравай;1;info;top
рисунок свадебного каравая;1;rest;top
свадебный каравай красноярск;1;rest;top
свадебный каравай пермь;1;rest;top
свадебный каравай саратов;1;rest;top
чем можно заменить свадебный каравай;1;rest;top
купить свадебный каравай в твери;1;rest;top
встреча молодых с свадебным караваем;1;rest;top
заказать свадебный каравай в екатеринбурге;1;venue-type;top
заказать свадебный каравай в нижнем новгороде;1;rest;top
заказать свадебный каравай в спб;1;rest;top
каравай свадебный волгоград;1;rest;top
фото свадебного каравая с солонкой;1;rest;top
штолле свадебный каравай;1;rest;top
музыкант на свадьбе с ручной гармоникой;1;vendors;top
артисты на свадьбу липецк;1;vendors;top
артисты на свадьбу спб;1;vendors;top
артисты на свадьбу казань;1;vendors;top
артисты эстрады на свадьбе;1;vendors;top
файер шоу на свадьбу;1;vendors;top
дневной салют на свадьбу фото;1;vendors;top
дымный салют на свадьбу;1;vendors;top
салют из цветного дыма на свадьбу;1;vendors;top
как снимать салют на свадьбе;1;vendors;top
постановка свадебного танца в москве беляево;1;geo;top
постановка свадебного танца ярославль;1;rest;top
услуга постановка свадебного танца;1;rest;top
обучение на координатора свадеб;1;vendors;top
функции координатора на свадьбе;1;vendors;top
аренда машин на свадьбу брянск;1;price;top
бантики на ручки машины свадьба;1;rest;top
взорвали на свадьбу машину;1;rest;top
как оформить машину на свадьбу;1;info;top
машина на свадьбу ростов;1;rest;top
машины на свадьбу брянск;1;rest;top
машины на свадьбу ростов на дону;1;rest;top
фото наряженных машин на свадьбу;1;rest;top
аренда машины на свадьбу екатеринбург;1;venue-type;top
екатеринбург машину на свадьбу;1;venue-type;top
бантики на машину на свадьбу своими руками;1;rest;top
как украсить красную машину на свадьбу;1;info;top
машина на свадьбу тюмень;1;rest;top
машина с шариками на свадьбе украшенная;1;rest;top
свадьба в дагестане на машинах;1;rest;top
сколько машин украшают на свадьбу;1;rest;top
бутоньерки на свадьбу на машину;1;rest;top
машина на свадьбу луганск;1;rest;top
как сейчас украшают машины на свадьбу 2026;1;info;top
длинная машина на свадьбу как называется легковая;1;info;top
как украсить машину на свадьбу невесты;1;info;top
машина на свадьбу волгоград;1;rest;top
машина на свадьбу нижний;1;rest;top
машины на свадьбу нижний новгород;1;rest;top
машины на свадьбу ярославль;1;rest;top
открытые машины на свадьбу;1;rest;top
лимузин на свадьбу воронеж;1;rest;top
лимузин на свадьбу новосибирск;1;rest;top
слова благодарности подрядчикам на свадьбе;1;rest;top
чем кормят подрядчиков на свадьбе;1;rest;top
оригинальное название команды на свадьбе;1;rest;top
смешные названия команд на свадьбе;1;rest;top
как можно назвать команду на свадьбе;1;info;top
ресторан в баку для свадьбы;1;venue-type;top
ресторан в барвихе для свадьбы;1;venue-type;top
рестораны для свадеб алматы;1;venue-type;top
загородный ресторан для свадьбы москва;1;venue-type;top
рестораны в черкесске для свадеб;1;venue-type;top
банкетное меню донецк;1;venue-type;top
банкетное меню уфа;1;venue-type;top
виктория банкетное меню;1;venue-type;top
банкетное меню рецепты в домашних;1;venue-type;top
банкетное меню амакс;1;venue-type;top
банкетное меню пятигорск;1;venue-type;top
банкетное меню волгоград;1;venue-type;top
банкетное меню минск;1;venue-type;top
банкетное меню оренбург;1;venue-type;top
банкетное меню ресторанов спб;1;venue-type;top
банкетное меню ставрополь;1;venue-type;top
ника банкетное меню;1;venue-type;top
русская рыбалка банкетное меню;1;venue-type;top
угли банкетное меню;1;venue-type;top
банкетное меню великий новгород;1;venue-type;top
банкетное меню ресторана круча;1;venue-type;top
банкетное меню ростов;1;venue-type;top
очаг банкетное меню;1;venue-type;top
ресторан ростов с банкетным меню;1;venue-type;top
банкетное меню кавалли;1;venue-type;top
банкетное меню в домашних условиях;1;venue-type;top
банкетное меню казань;1;venue-type;top
банкетное меню на юбилей в домашних условиях;1;venue-type;top
банкетное меню нижний;1;venue-type;top
банкетное меню нижний новгород;1;venue-type;top
веранда банкетное меню;1;venue-type;top
как правильно заказать банкетное меню;1;venue-type;top
пхали хинкали банкетное меню;1;venue-type;top
шале банкетное меню;1;venue-type;top
как посчитать банкетное меню на человека;1;venue-type;top
околица банкетное меню;1;venue-type;top
европа банкетное меню;1;venue-type;top
как рассчитать банкетное меню на 1 человека;1;venue-type;top
мама мия банкетное меню;1;venue-type;top
мама мия тула банкетное меню;1;venue-type;top
банкетное меню воронеж;1;venue-type;top
банкетное меню кострома;1;venue-type;top
банкетное меню тверь;1;venue-type;top
мангал банкетное меню;1;venue-type;top
наши люди банкетное меню;1;venue-type;top
банкетные залы для небольших свадеб;1;venue-type;top
банкетный зал для свадьбы владимирская область;1;venue-type;top
свадебные кровати фото;1;rest;top
книга из свадебных фото;1;rest;top
макрон свадебные фото;1;rest;top
куплинов свадебные фото;1;rest;top
марианна газманова свадебные фото;1;rest;top
свадебное фото донецк;1;rest;top
свадебные фото архангельск;1;rest;top
свадебные фото в ноябре;1;info;top
свадебные фото марианны газмановой;1;rest;top
свадебные фото орел;1;rest;top
свадебный букет бородиной фото;1;vendors;top
свадебный лимузин фото;1;rest;top
свадебные фото в русском стиле;1;info;top
свадебная фото на белом фоне;1;rest;top
фиалка свадебные цветы фото и описание сорта;1;rest;top
свадебные деревья фото;1;rest;top
английское свадебное фото;1;rest;top
жених изменил пропустил свадебное фото;1;info;top
откровенные свадебные фото;1;rest;top
свадебная фото испанка;1;rest;top
свадебные фото в костроме;1;rest;top
свадебные фото на катере;1;venue-type;top
свадебные фото новосибирск;1;rest;top
свадебный букет из сухоцветов фото;1;vendors;top
свадебный педикюр фото;1;rest;top
свадебный фото минск;1;rest;top
снится свадебное фото;1;rest;top
свадебное фото уфа;1;rest;top
неудачные свадебные фото;1;rest;top
бригада свадебное фото;1;rest;top
как украсить свадебную машину своими руками фото;1;info;top
свадебное приглашение с детскими фото;1;info;top
свадебные фото захаровой в нью йорке;1;rest;top
свадебные фото мамы жениха;1;rest;top
свадебные фото марии захаровой в нью йорке;1;rest;top
свадебные фото на набережной;1;rest;top
свадебные фото сток;1;rest;top
свадебный букет из живых цветов фото;1;vendors;top
трусова свадебное фото;1;rest;top
необычный свадебный букет фото;1;vendors;top
сгенерировать свадебное фото с ии;1;rest;top
свадебные фото с бенгальскими огнями;1;rest;top
свадебные торты без мастики фото;1;vendors;top
свадебный торт мастика фото;1;vendors;top
букет из розовых роз свадебный фото;1;vendors;top
свадебные фото астрахань;1;rest;top
создание свадебных фото;1;rest;top
как подписать свадебное фото сына;1;info;top
красивые цитаты к свадебному фото;1;rest;top
разбилась свадебное фото;1;rest;top
свадебное фото таганрог;1;rest;top
свадебные авто фото;1;rest;top
свадебные быки фото;1;rest;top
свадебные фото навки и пескова;1;rest;top
свадебные фото оксаны;1;rest;top
свадебные фото юлии меньшовой;1;rest;top
свадебные фужеры для молодоженов фото;1;rest;top
свадебный стол в домашних условиях с фото;1;rest;top
фото меню свадебного стола;1;rest;top
фото свадебных быков;1;rest;top
6 августа дата свадьбы;1;info;top
дата свадьбы онлайн калькулятор;1;rest;top
день свадьба по расчету даты рождения;1;rest;top
свадьба бородиной и сердюкова дата;1;rest;top
счастливая дата для свадьбы в октябре;1;info;top
дата свадьбы 02.10 2026;1;rest;top
красивые даты свадьбы будущие;1;info;top
дата свадьбы тренд;1;info;top
как узнать дату свадьбы родителей;1;info;top
юбилейные даты свадеб по годам;1;info;top
20.06 2026 дата свадьбы;1;rest;top
дата свадьбы дорама япония;1;rest;top
07.09 2027 благоприятная дата для свадьбы;1;rest;top
08 08 2026 дата для свадьбы;1;rest;top
26 08 26 дата для свадьбы;1;rest;top
ближайшие красивые даты для свадьбы 2026;1;info;top
дата свадьбы 07072027;1;rest;top
дата свадьбы кейт миддлтон и принца уильяма;1;rest;top
дата свадьбы принца уильяма;1;rest;top
дата свадьбы принца уильяма и кейт;1;rest;top
дата свадьбы число 1;1;rest;top
за сколько можно забронировать дату свадьбы;1;rest;top
как выбрать дату свадьбы астрология;1;info;top
какая дата лучше всего подходит для свадьбы;1;rest;top
какая дата счастливая в свадьбе;1;rest;top
продать дату свадьбы;1;rest;top
самые красивые даты для свадьбы в 2026;1;info;top
дата свадьбы шамана;1;rest;top
джорджина родригес дата свадьбы;1;rest;top
шаман и мизулина дата свадьбы;1;rest;top
расчет благоприятной даты для свадьбы;1;rest;top
виды свадеб по датам;1;rest;top
4 свадьбы дата выхода серий 2026;1;rest;top
дата свадьбы гурама амаряна;1;rest;top
красивые даты для свадьбы в 2026 осенью;1;info;top
дата свадьбы совместимость;1;rest;top
идеальная дата свадьбы 2026;1;rest;top
анна щербакова дата свадьбы;1;rest;top
дата свадьбы анны щербаковой;1;rest;top
даты свадеб в мае;1;info;top
подбор даты свадьбы астрология;1;info;top
8 августа дата свадьбы;1;info;top
дата четыре года свадьбы;1;rest;top
красивые даты для свадьбы в июне;1;info;top
красивые счастливые даты свадьбы;1;info;top
купить дату на свадьбу;1;rest;top
названия юбилейных дат свадьбы;1;rest;top
три семерки в дате свадьбы;1;rest;top
у нас свадьба турецкий дата выхода;1;rest;top
с днем бракосочетания твоего сына;1;rest;top
стикер с днем бракосочетания;1;rest;top
с днем бракосочетания с юмором;1;rest;top
картина с днем бракосочетания;1;rest;top
с боакосо днем бракосочетания;1;rest;top
артем и алина с днем бракосочетания;1;rest;top
алина и максим с днем бракосочетания;1;rest;top
гифки с днем бракосочетания красивые;1;rest;top
с днем бракосочетания христианские;1;rest;top
с первым днем бракосочетания;1;rest;top
с юбилеем дня бракосочетания;1;rest;top
где должна сидеть невеста за свадебным столом;1;info;top
как выглядит свадебный стол;1;info;top
как крепить юбку на свадебный стол;1;info;top
меню на свадебный стол 10 человек;1;rest;top
как сервировать свадебный стол;1;info;top
холодные закуски на свадебный стол;1;rest;top
красивое оформление свадебного стола;1;vendors;top
напитки на свадебный стол;1;rest;top
свадебный стол буквой т;1;rest;top
свадебный стол екатеринбург;1;venue-type;top
как красиво нарезать арбуз на свадебный стол;1;info;top
свадебные столы накрытые красивые;1;rest;top
свадебные фоны столов;1;rest;top
свадебный стол в кафе;1;venue-type;top
дорожка для свадебного стола;1;rest;top
свадебный стол синяя скатерть;1;venue-type;top
бутерброды на свадебный стол;1;rest;top
свадебный стол на 20 человек;1;capacity;top
бусы на свадебный стол;1;rest;top
закуски на свадебный стол в летний период;1;info;top
имена на свадебный стол;1;rest;top
как оформить свадебный стол своими руками;1;info;top
конфеты на свадебный стол;1;rest;top
оформление свадебного стола для молодых;1;vendors;top
рецепты для свадебного стола;1;rest;top
фруктовая нарезка на свадебный стол;1;rest;top
видео свадебный ритуал зять и теща;1;rest;top
свадебные шишки видео;1;rest;top
фоновая музыка для свадебного видео без слов;1;vendors;top
свадебные драки видео;1;rest;top
свадебный фестиваль в москве 2026 видео;1;geo;top
подпись под свадебное видео;1;rest;top
см свадебное видео;1;rest;top
свадебные видео пинтерест;1;rest;top
свадебные виды видео;1;rest;top
смонтировать свадебное видео;1;rest;top
свадебная церемония в церкви;1;rest;top
сон свадебная церемония;1;rest;top
звук свадебной церемонии;1;rest;top
свадебная церемония в японии стоимость;1;price;top
музыка для свадебной церемонии без слов;1;vendors;top
свадебная церемония в тайланде на пхукете;1;rest;top
как проходит свадебная церемония в загсе;1;info;top
лакорн свадебная церемония;1;rest;top
лакорн свадебная церемония ученого рю;1;rest;top
свадебная церемония на природе;1;venue-type;top
что нужно для свадебной церемонии;1;info;top
wedding day seks;1;rest;top
wedding day songs;1;rest;top
wedding day story;1;rest;top
wedding days film;1;rest;top
wedding day music;1;rest;top
wedding day заставка;1;rest;top
wedding day пригласительные на свадьбу;1;info;top
zeitun wedding day молочко для тела;1;rest;top
wedding day dress to impress;1;rest;top
sex in wedding day;1;rest;top
wedding day перевести на русский;1;rest;top
свадебные образы подружек невесты;1;rest;top
свадебный образ для мужчины гостя;1;info;top
свадебный образ со шляпкой;1;rest;top
летние свадебные образы;1;info;top
мужские свадебные образы спб;1;rest;top
свадебный образ беременной невесты;1;rest;top
свадебный образ в стиле олд мани;1;info;top
свадебный образ ксении бородиной;1;rest;top
свадебный образ на английском;1;rest;top
свадебный образ екатеринбург;1;venue-type;top
свадебный образ жениха 2026 без пиджака;1;rest;top
свадебный образ с диадемой;1;rest;top
свадебный образ с кроссовками;1;rest;top
свадебный образ с распущенными волосами;1;rest;top
приснилась свадьба мужчины с другой;1;rest;top
приснилась свадьба детей;1;rest;top
приснилась свадьба моя к чему это мужчине;1;rest;top
приснилась свадьба незамужней девушке;1;rest;top
приснилась свадьба подруги замужней;1;rest;top
приснилась своя свадьба незамужней;1;rest;top
приснилась собственная свадьба незамужней;1;rest;top
приснилось гуляю на чужой свадьбе;1;rest;top
приснилась свадьба другого человека;1;rest;top
приснилась свадьба парня с другой;1;rest;top
приснилась подготовка к собственной свадьбе;1;info;top
приснилась свадьба с бывшим мужем;1;rest;top
свадебный сайт краснодар;1;rest;top
бесплатный конструктор свадебного сайта;1;rest;top
свадебные сайты спб;1;rest;top
свадебный сайт весна;1;info;top
свадебный эксперт сайт;1;rest;top
кто ведет церемонию бракосочетания;1;rest;top
церемония бракосочетания в загсе последовательность;1;rest;top
пацанки церемония бракосочетания;1;rest;top
выездная церемония бракосочетания сценарий;1;info;top
выездная церемония бракосочетания цена в спб;1;rest;top
торжественная церемония бракосочетания в загсе стоимость;1;price;top
церемония бракосочетания в загсе текст;1;rest;top
шуточная церемония бракосочетания;1;rest;top
музыка для церемонии бракосочетания;1;vendors;top
сколько времени идет церемония бракосочетания;1;rest;top
бракосочетание без церемонии;1;rest;top
свадебные бокалы на заказ;1;rest;top
свадебные бокалы с бусинами;1;rest;top
бокалы свадебные купить в туле;1;rest;top
как украсить свадебные бокалы своими руками;1;info;top
свадебные бокалы 2026;1;rest;top
свадебные бокалы ручной;1;rest;top
свадебные бокалы ручной работы;1;rest;top
свадьба бальзаминова кто написал произведение;1;rest;top
свадьба бальзаминова добрая добрая;1;rest;top
свадьба бальзаминова краткое содержание;1;rest;top
свадьба бальзаминова кадры;1;rest;top
свадьба по обмену иришка чики пики;1;rest;top
свадебные коллекции вивьен вествуд;1;rest;top
свадебная коллекция 2025;1;rest;top
фон для свадебных фотографий;1;vendors;top
голуби свадебные на прозрачном фоне;1;rest;top
пинтерест свадебный фон;1;rest;top
свадебный задний фон;1;rest;top
свадебный фон вектор;1;rest;top
свадебный фон для коллажа;1;rest;top
стильный свадебный фон;1;info;top
свадебный фон пустой;1;rest;top
черный свадебный фон;1;rest;top
торт декор на лавандовый свадьбу;1;vendors;top
свадьба в лавандовых цветах;1;rest;top
лавандовый образ на свадьбу;1;rest;top
свадебная клятва в загсе текст;1;rest;top
как составить свадебную клятву;1;info;top
смешные свадебные клятвы;1;rest;top
свадебные клятвы невесты очень трогательные;1;rest;top
свадебная клятва жениха текст;1;rest;top
свадебная ночь сюжет;1;rest;top
кино свадебная ночь;1;rest;top
свадебная ночь молодожена;1;rest;top
будь моей невестой колючка;1;rest;top
брат жениха будешь моей невестой;1;rest;top
невеста бывшего жениха моей сестры;1;rest;top
бывшая невеста моего мужа аудиокнига;1;rest;top
давай будем вместе стань моей невестой;1;rest;top
нежеланная невеста ты будешь моим мужем;1;rest;top
она была моей невестой жениться;1;rest;top
притворись моей невестой бывшая аудиокнига;1;rest;top
ты будешь моей невестой ты слушать;1;rest;top
ты была беременна моя невеста;1;rest;top
ты хочешь быть моей невестой;1;rest;top
молодожены это сколько по времени;1;rest;top
украшенные свадебные бутылки шампанского;1;rest;top
как оформить свадебные бутылки;1;info;top
бирка свадебная на бутылку;1;rest;top
свадебный самогон этикетка на бутылку;1;rest;top
этикетка на бутылку шампанского свадебная;1;rest;top
свадебная водка этикетка на бутылку;1;rest;top
свадебные бутылки быки;1;rest;top
подставка для свадебных бутылок шампанского;1;rest;top
свадебные бутылки в гипсе;1;rest;top
что написать на свадебной бутылке;1;info;top
сделать свадебные бутылки своими руками;1;rest;top
танцевать свадебный вальс;1;rest;top
николай басков свадебный вальс;1;rest;top
свадебный вальс николай;1;rest;top
свадебный вальс ноты для фортепиано;1;rest;top
свадебный вальс фортепиано;1;rest;top
свадебный вальс сваты;1;rest;top
вальс мельденсона свадебный;1;rest;top
свадебный вальс михаил михайлов;1;rest;top
свадебный вальс братск;1;rest;top
свадебный вальс mp3;1;rest;top
простой свадебный вальс;1;rest;top
студия свадебный вальс;1;rest;top
астра свадебный вальс;1;rest;top
вальс вагнера свадебный;1;rest;top
обычаи свадебного обряда;1;info;top
свадебные обряды мира;1;rest;top
старославянский свадебный обряд;1;rest;top
свадебные обряды презентация;1;rest;top
свадебные обряды фольклор;1;rest;top
свадебный обряд со свечами;1;rest;top
чувашские свадебные обряды;1;rest;top
азербайджанский свадебный обряд;1;rest;top
казахские свадебные обряды;1;rest;top
свадебный обряд благословения;1;rest;top
калмыцкие свадебные обряды;1;rest;top
музыкальные свадебные обряды;1;vendors;top
описание свадебных обрядов;1;rest;top
свадебные обряды башкир;1;rest;top
свадебные обряды калмыков;1;rest;top
свадебные русский народный обряд;1;rest;top
мусульманский свадебный обряд;1;rest;top
сговор свадебный обряд;1;rest;top
свадебные ритуалы обряды;1;rest;top
свадебный обряд современной свадьбы;1;rest;top
современные свадебные обряды;1;rest;top
свадебные обряды народов россии;1;rest;top
свадебные обряды россии традиции;1;info;top
свадебный обряд 5 букв сканворд;1;rest;top
свадебный обряд в старину;1;rest;top
церковный свадебный обряд;1;rest;top
манга свадебные планы;1;rest;top
свадебный план лакорн спецвыпуск;1;info;top
свадебный план лакорн любовь;1;info;top
свадьба в маленьком кафе;1;venue-type;top
свадебное ателье краснодар;1;rest;top
свадебное ателье самара;1;rest;top
свадебные ателье казань;1;rest;top
свадебное ателье цена;1;rest;top
ателье свадебное ульяновск;1;rest;top
свадебные перчатки для невесты без пальцев;1;rest;top
свадьба в стиле любовь и голуби;1;info;top
свадьба в стиле двухтысячных;1;info;top
свадьба в стиле свадьбы в малиновке;1;info;top
свадьба в стиле вархаммер;1;info;top
странные традиции на свадьбе;1;info;top
традиция зажигать семейный очаг на свадьбе;1;info;top
традиция на свадьбе с деньгами;1;info;top
узбекские традиции на свадьбе;1;info;top
красивые традиции на свадьбу;1;info;top
армянские традиции на свадьбе современные;1;info;top
свадебные традиции на свадьбе в россии современные;1;info;top
традиции аварцев на свадьбе;1;info;top
традиции в индии на свадьбе;1;info;top
традиции на свадьбе для родителей невесты;1;info;top
традиции на свадьбе загс;1;info;top
традиции татаров на свадьбе;1;info;top
традиция разбивать бокалы на свадьбе;1;info;top
традиция с шарами на свадьбу запускать;1;info;top
традиция свидетелей на свадьбе должны переспать;1;info;top
традиция сосать грудь матери на свадьбе;1;info;top
что делают на второй день свадьбы традиции;1;info;top
греческие традиции на свадьбе;1;info;top
традиции на свадьбу в турции;1;info;top
традиция про свидетелей на свадьбе;1;info;top
казахские обычаи и традиции на свадьбе;1;info;top
традиции на свадьбу в россии какие есть;1;info;top
как проходит традиция каравая на свадьбе;1;info;top
лезгинские традиции на свадьбе;1;info;top
православные традиции на свадьбе;1;info;top
кабардинские традиции на свадьбе;1;info;top
традиции на свадьбе для молодоженов в россии;1;info;top
традиции чувашей на свадьбе;1;info;top
традиция зажигать свечу на свадьбе;1;info;top
дружка и дружок на свадьбе традиции;1;info;top
немецкие традиции на свадьбе;1;info;top
традиции на свадьбе для молодоженов современные;1;info;top
традиция красть невесту на свадьбе;1;info;top
свадебная традиция казахов;1;info;top
свадебные традиции бурят;1;info;top
свадебные традиции в испании;1;info;top
кыргызские свадебные традиции;1;info;top
узбекские свадебные традиции для невесты;1;info;top
свадебные традиции в армении;1;info;top
английские свадебные традиции;1;info;top
свадебные традиции адыгов;1;info;top
дагестанские свадебные традиции;1;info;top
мусульманские свадебные традиции;1;info;top
осетинские свадебные традиции и обычаи;1;info;top
православные свадебные традиции;1;info;top
свадебные традиции беларусь;1;info;top
свадебные традиции мордвы;1;info;top
свадебные шишки традиция;1;info;top
турецкие свадебные традиции;1;info;top
свадебные традиции в грузии;1;info;top
российские свадебные традиции;1;info;top
новая свадебная традиция;1;info;top
свадебные традиции в корее;1;info;top
немецкие свадебные традиции;1;info;top
свадебные традиции скандинавии;1;info;top
смешные свадебные традиции;1;info;top
татарские свадебные обычаи и традиции;1;info;top
создать электронное свадебное приглашение;1;info;top
свадебные приглашения своими руками;1;info;top
современные свадебные приглашения;1;info;top
лучшие свадебные приглашения;1;info;top
генератор свадебных приглашений;1;info;top
генерация свадебного приглашения;1;info;top
свадебные приглашения фигма;1;info;top
свадебное приглашение пдф;1;info;top
шрифт для свадебных приглашений кириллица;1;info;top
свадебные приглашения спб;1;info;top
создать именное приглашение на свадьбу;1;info;top
создать макет приглашения на свадьбу;1;info;top
создать приглашение на свадьбу для печати;1;info;top
tilda создать приглашение на свадьбу;1;info;top
создать приглашение на свадьбу на русском;1;info;top
как провести скромно свадьбу;1;info;top
как провести золотую свадьбу родителей;1;info;top
сайт приглашение на свадьбу детский;1;info;top
авито сайт приглашение на свадьбу;1;info;top
музыка для сайта приглашения на свадьбу;1;vendors;top
готовый сайт приглашение на свадьбу;1;info;top
свадебные пригласительные бумажные;1;info;top
свадебные пригласительные варианты;1;info;top
электронные свадебные пригласительные на свадьбу;1;info;top
свадебные пригласительные онлайн создать;1;info;top
шуточный сценарий золотой свадьбы;1;info;top
сценарий на второй день свадьбы дома;1;info;top
как собрать 3х ярусный торт на свадьбу;1;vendors;top
какие сейчас модные торты на свадьбу;1;vendors;top
расчет веса торта на свадьбу;1;vendors;top
торт книга на свадьбу;1;vendors;top
торт на первый год свадьбы;1;vendors;top
торты на свадьбу кремом;1;vendors;top
трайфлы на свадьбу вместо торта;1;vendors;top
ярусный торт на свадьбу с ягодами;1;vendors;top
торт на свадьбу из вафельной бумаги;1;vendors;top
украсить торт на свадьбу в домашних;1;vendors;top
торт на медную свадьбу;1;vendors;top
торт на свадьбу волгоград;1;vendors;top
горящий торт на свадьбу;1;vendors;top
синие торты на свадьбу;1;vendors;top
торт на атласную свадьбу;1;vendors;top
итальянский торт пирог с ягодами на свадьбу;1;vendors;top
торт пирог с ягодами на свадьбу;1;vendors;top
торт на свадьбу квадратный одноярусный;1;vendors;top
дизайн торта на свадьбу одноярусные;1;vendors;top
круглый торт на свадьбу с ягодами;1;vendors;top
медовый торт на свадьбу;1;vendors;top
музыка для разрезания торта на свадьбе;1;vendors;top
музыка под вынос торта на свадьбе;1;vendors;top
надпись на торт на свадьбу молодоженам;1;vendors;top
пирожные на свадьбу вместо торта;1;vendors;top
плоский торт на свадьбу;1;vendors;top
прямоугольный торт на свадьбу рецепт;1;vendors;top
ренат агзамов торт на свадьбу;1;vendors;top
свадебный торт с пирожными на свадьбу;1;vendors;top
тележка для торта на свадьбу;1;vendors;top
торт из капкейков на свадьбу;1;vendors;top
торт на второй день свадьбы;1;vendors;top
торт на заказ на день свадьбы;1;vendors;top
торт на роспись свадьбы;1;vendors;top
торт на фаянсовую свадьбу;1;vendors;top
сколько кг торта заказывать на свадьбу;1;vendors;top
торт бородиной на свадьбе;1;vendors;top
торт круглый большой на свадьбу;1;vendors;top
торт на изумрудную свадьбу родителям;1;vendors;top
торт на перламутровую свадьбу;1;vendors;top
что значит первый кусок торта на свадьбе;1;vendors;top
длинный торт на свадьбу сборка;1;vendors;top
торт прямоугольной формы на свадьбу;1;vendors;top
трендовый торт на свадьбу прямоугольный;1;vendors;top
за сколько нужно заказывать торт на свадьбу;1;vendors;top
пробники тортов на свадьбу;1;vendors;top
дизайн торта на золотую свадьбу;1;vendors;top
красивая подача торта на свадьбе;1;vendors;top
торт на свадьбу озон;1;vendors;top
чем заменить торт на свадьбе;1;vendors;top
во сколько выносят торт на свадьбе;1;vendors;top
во сколько привозят торт на свадьбу;1;vendors;top
продажа торта на свадьбе аукцион;1;vendors;top
продажа торта на свадьбе аукцион слова;1;vendors;top
торт на свадьбе сценарий;1;vendors;top
торт на свадьбу киров;1;vendors;top
какой торт на свадьбу лучше выбрать;1;vendors;top
норма торта на 1 человека на свадьбе;1;vendors;top
торт на армянской свадьбе;1;vendors;top
муссовый торт на свадьбу;1;vendors;top
где можно заказать торты на свадьбу;1;vendors;top
как красиво подать торт на свадьбу;1;vendors;top
какой кусок торта продают на свадьбе;1;vendors;top
самый большой торт на свадьбе;1;vendors;top
торт на свадьбу с буквами;1;vendors;top
свадебная фотосессия в стиле ретро;1;vendors;top
арабская свадебная музыка;1;vendors;top
музыка для свадебного видеоролика;1;vendors;top
музыка для свадебного танца отца и дочери;1;vendors;top
самая популярная свадебная музыка;1;vendors;top
свадебная музыка для выхода невесты;1;vendors;top
свадебная музыка для росписи;1;vendors;top
музыка про свадебные;1;vendors;top
свадебная музыка дагестана;1;vendors;top
слушать свадебные веселые музыку веселые;1;vendors;top
кавказская свадебная музыка;1;vendors;top
музыка для свадебной презентации;1;vendors;top
свадебная музыка диджей;1;vendors;top
свадебная музыка на пианино по цифрам;1;vendors;top
свадебная тема музыка;1;vendors;top
слушать музыку свадебные цветы;1;vendors;top
свадебная музыка скрипка;1;vendors;top
свадебная музыка из сумерек;1;vendors;top
музыка для свадебного застолья;1;vendors;top
гагаузская музыка свадебная веселая;1;vendors;top
загс музыка вход свадебная;1;vendors;top
музыка для свадебных рилс 2026;1;vendors;top
музыка для свадебного вечера;1;vendors;top
дагестанская свадебная лезгинка музыка кавказа;1;vendors;top
свадебная музыка кавказа;1;vendors;top
алиса свадебная музыка;1;vendors;top
грустная свадебная музыка;1;vendors;top
свадебная музыка без слов слушать;1;vendors;top
свадебные цветы караоке со словами и музыкой;1;vendors;top
смешная свадебная музыка;1;vendors;top
как красиво подписать свадебную фотографию;1;vendors;top
красивая подпись к свадебной фотографии;1;vendors;top
свадебные фотографии идеи;1;vendors;top
сон свадебная фотография;1;vendors;top
свадебные фотографии в октябре;1;vendors;top
свадебные фотографии цены;1;vendors;top
упала свадебная фотография;1;vendors;top
надписи в свадебный альбом для фотографий;1;vendors;top
свадебные пары фотографии красивые;1;vendors;top
мастер класс по свадебной фотографии;1;vendors;top
свадебная фотография через ии;1;vendors;top
свадебные фотографии пинтерест;1;vendors;top
промт для обработки свадебной фотографии;1;vendors;top
свадебные фотографии жениха и невесты в загсе;1;vendors;top
свадебные фотографии черно;1;vendors;top
свадебный коллаж из фотографий онлайн;1;vendors;top
оформление свадебного альбома своими руками;1;vendors;top
авито свадебное оформление;1;vendors;top
оформление свадебного альбома примеры;1;vendors;top
свадебное оформление синее;1;vendors;top
свадебная фотокнига примеры оформления;1;vendors;top
фотокниги оформление свадебный;1;vendors;top
современное оформление свадебного зала;1;vendors;top
заказать свадебное оформление;1;vendors;top
красное свадебное оформление;1;vendors;top
свадебный ведущий красноярск;1;vendors;top
свадебный ведущий спб;1;vendors;top
какие вопросы задать свадебному ведущему;1;vendors;top
свадебный ведущий ростов;1;vendors;top
свадебный ведущий ростов на дону;1;vendors;top
свадебный ведущий донецк;1;vendors;top
стоимость свадебного ведущего;1;vendors;top
свадебный ведущий тюмень;1;vendors;top
свадебный ведущий тамбов;1;vendors;top
торт одноярусный свадебный красивый;1;vendors;top
свадебный торт на 60 человек сколько кг;1;vendors;top
как сделать свадебную фотозону своими руками;1;vendors;top
свадебная фотозона своими руками дома;1;vendors;top
свадебная фотозона в домашних условиях;1;vendors;top
как украсить свадебную фотозону;1;vendors;top
сколько зарабатывают декораторы на свадьбах;1;vendors;top
декоратор на свадьбу калуга;1;vendors;top
декоратор на свадьбу рязань;1;vendors;top
что делает декоратор на свадьбе;1;vendors;top
декоратор на свадьбу воронеж;1;vendors;top
декоратор на свадьбу челябинск;1;vendors;top
декоратор на свадьбу краснодар;1;vendors;top
сколько должен весить свадебный торт;1;vendors;top
сколько стоит свадебный торт на 20 человек;1;vendors;top
площадки для проведения свадьбы владимир;1;core;top
площадки для проведения свадьбы на природе;1;venue-type;top
площадки для свадьбы уфа;1;core;top
свадебные площадки ленинградская область;1;core;top
варианты организации свадеб;1;core;top
камеди клаб организация идеальная свадьба;1;core;top
камеди организации идеальной свадьбы;1;core;top
организация свадьбы воронеж;1;core;top
свадебные залы для свадьбы;1;core;top
свадебные залы сочи;1;core;top
свадебные залы уфа;1;core;top
свадебный зал для свадьбы;1;core;top
свадебный зал сочи;1;core;top
свадебный зал уфа;1;core;top
свадебные залы пятигорск;1;core;top
свадебный зал пятигорск;1;core;top
свадебные залы нижний новгород;1;core;top
свадебный зал нижний новгород;1;core;top
свадебные залы крым;1;core;top
свадебные залы ярославль;1;core;top
свадебный зал ижевск;1;core;top
свадебный зал ярославль;1;core;top
свадебные залы смоленск;1;core;top
свадебные залы чебоксары;1;core;top
свадебный зал чебоксары;1;core;top
свадебные залы курск;1;core;top
свадебные залы пенза;1;core;top
свадебный зал пенза;1;core;top
свадебный зал голубой;1;core;top
петровская свадебный зал;1;core;top
свадебные залы липецк;1;core;top
свадебный зал кафе;1;venue-type;top
свадебный зал липецк;1;core;top
сколько стоит сыграть свадьбу в питере;1;price;top
стоимость свадьбы на 80 человек;1;capacity;top
свадьба банкетные залы в пушкине;1;venue-type;top
свадьба в пушкино банкетные залы;1;venue-type;top
свадьба в екатерининском дворце в пушкине;1;venue-type;top
свадьба лиц не видно;1;rest;top
свадьба зимой гости;1;info;top
стол на свадьбу летом;1;rest;top
что надеть на свадьбу маме жениха летом;1;info;top
в чем идти на свадьбу летом девушке;1;rest;top
лето оформление свадеб;1;vendors;top
летом я предпочитаю свадьбу содержание;1;rest;top
свадьба на улице летом;1;rest;top
что приготовить летом на свадьбу;1;info;top
дизайн ногтей лето на свадьбу;1;rest;top
образ на свадьбу к подруге летом 2026;1;rest;top
в чем идти на свадьбу женщине летом;1;rest;top
как одеться жениху на свадьбу летом;1;info;top
свадьба на байкале летом;1;rest;top
свадьба в поле летом;1;rest;top
свадьба в поле летом со столиками;1;rest;top
свадьбы в цветах летом;1;rest;top
свадьба осенью отзывы;1;info;top
в чем идти на свадьбу 2026 осенью;1;info;top
почему в мае не делают свадьбу;1;info;top
свадьбу сыграем в середине мая текст;1;rest;top
свадьба в июне что значит;1;info;top
свадьба в июле что значит;1;info;top
даты в июле 2026 для свадьбы;1;info;top
свадьба в июле значение;1;info;top
что означает свадьба в августе;1;info;top
что одеть на свадьбу в августе;1;info;top
как одеться на свадьбу в августе;1;info;top
змеиные свадьбы в августе;1;info;top
фрукты на свадьбу в августе;1;info;top
что надеть на свадьбу в октябре 2026;1;info;top
свадьба в отеле сочи;1;venue-type;top
купить дачу на свадьбу;1;rest;top
свадьба в саратове кафе;1;venue-type;top
свадьба в кафе волгограда;1;venue-type;top
кафе для свадьбы в ростове;1;venue-type;top
кафе для свадьбы в ростове на дону;1;venue-type;top
свадьба в кафе на 15 человек;1;venue-type;top
дом для свадьбы рязань;1;venue-type;top
правила дома на свадьбу;1;info;top
дом невеста свадьба комната;1;rest;top
дом для проведения свадьбы саратов;1;core;top
дом для свадьбы ростов;1;venue-type;top
дом для свадьбы казань;1;venue-type;top
дом для свадьбы спб;1;venue-type;top
дом у моря кабардинка свадьба;1;rest;top
снять дом для свадьбы казань;1;venue-type;top
снять дом на 2 день свадьбы;1;price;top
снять дом на свадьбу пермь;1;price;top
шутовская свадьба в ледяном доме;1;rest;top
дом для свадьбы новосибирск;1;venue-type;top
потешная свадьба в ледяном доме;1;rest;top
свадьба дома на 15 человек;1;capacity;top
дом для второго дня свадьбы;1;rest;top
дом для свадьбы краснодар;1;venue-type;top
мой шумный дом свадьба;1;rest;top
дорама свадьба и дом;1;rest;top
свадьба в доме культуры;1;rest;top
якоби свадьба в ледяном доме;1;rest;top
аренда банкетного зала на 345 человек;1;venue-type;top
аренда банкетного зала тула;1;venue-type;top
петушки тула аренда банкетного зала;1;venue-type;top
аренда помещения под банкетный зал;1;venue-type;top
аренда банкетного зала новосибирск;1;venue-type;top
банкетные залы аренда новосибирск;1;venue-type;top
аренда банкетного зала вологда;1;venue-type;top
калининград аренда банкетного зала;1;venue-type;top
аренда банкетного зала курск;1;venue-type;top
банкетный зал спб недорого;1;venue-type;top
недорогие банкетные залы спб;1;venue-type;top
кафе банкетный зал недорого;1;venue-type;top
заказать банкетный зал на свадьбу цена;1;venue-type;top
банкетные залы каспийске цены;1;venue-type;top
банкетные залы новосибирск цены;1;venue-type;top
банкетный зал барзу в каспийске цена;1;venue-type;top
банкетный зал в каспийске цена;1;venue-type;top
банкетный зал жемчужина махачкала цена;1;venue-type;top
банкетный зал жемчужина цена;1;venue-type;top
банкетный зал новосибирск цены;1;venue-type;top
банкетный зал чебоксары цены;1;venue-type;top
эльсинор банкетный зал в махачкале цена;1;venue-type;top
банкетный зал краснодар цены;1;venue-type;top
европа банкетный зал в махачкале цена;1;venue-type;top
банкетный зал тамбов цены;1;venue-type;top
кредит на свадьбу в сбербанке калькулятор;1;rest;top
свадьба в кредит форум;1;rest;top
свадебный каравай рисунок;1;rest;top
свадебный каравай технология приготовления;1;rest;top
вертушки на свадьбу пиротехника;1;rest;top
пиротехника на свадьбу купить;1;rest;top
пиротехника на свадьбу фонтаны;1;rest;top
как организовать свадьбу на природе;1;venue-type;top
как правильно организовать свадьбу поэтапно;1;info;top
как правильно организовать свадьбу самостоятельно поэтапно;1;info;top
свадьба как организовать самостоятельно поэтапно недорогую;1;price;top
как организовать золотую свадьбу для родителей;1;info;top
роспись без свадьбы как организовать;1;info;top
свадьба на 15 человек как организовать;1;capacity;top
для чего нужна свидетельница на свадьбе;1;rest;top
что нужно для красивой свадьбы;1;info;top
что нужно для свадьбы документы;1;info;top
чек лист что нужно для свадьбы;1;info;top
что нужно покупать для свадьбы;1;info;top
что нужно для загса в день свадьбы;1;info;top
сколько сейчас гости дарят на свадьбу;1;info;top
как сэкономить на свадьбе актуальные советы;1;info;top