phrase;count;kind;seeds
актеры фото;237922;assoc;портфолио свадебного фотографа
сделать видео;158169;assoc;свадебный видеограф
видео как сделать;99316;assoc;свадебный видеограф
с годовщиной свадьбы;80254;assoc;свадебный каравай
давай поженимся;71017;assoc;свадебный организатор | свадебное агентство | свадебный распорядитель
бракосочетание;54214;assoc;свадебное агентство
памятники москвы;53511;assoc;декор свадьбы москва
фильм свадьба;53105;assoc;свадебный клип
домашние цветы;47976;assoc;цветы на свадьбу
стоматолог москва;46480;assoc;свадебный фотограф москва
свадьба картинки;41226;assoc;свадебная фотосессия | портфолио свадебного фотографа
церемония;39370;assoc;свадебный организатор
запись видео;33709;assoc;свадебный видеограф
подарок на свадьбу;33374;assoc;проектор на свадьбу
загсы москвы;30164;assoc;свадебный фотограф москва
желтые цветы;28356;assoc;цветы на свадьбу
букет невесты;27382;top;букет невесты
стиль это;26155;assoc;свадебный стилист
после свадьбы;23816;assoc;свадебный флорист
музыкальные группы;23765;assoc;музыканты на свадьбу
продакшн;23582;assoc;свадебный видеограф
визажист;23091;assoc;свадебный стилист
московское дело;22530;assoc;организатор свадьбы москва
запрет на выезд;21578;assoc;выездная регистрация под ключ
wedding;21216;assoc;свадебный организатор | свадебное агентство | свадебный распорядитель | подрядчики на свадьбу
праздники актеры;21009;assoc;артисты на свадьбу
актеры праздников;21009;assoc;артисты на свадьбу
поздравление со свадьбой;20821;assoc;цветы на свадьбу
лофт москва;20456;assoc;декор свадьбы москва
праздники фильм;20273;assoc;свадебный видеограф
декорация;20215;assoc;свадебный декор | оформление свадьбы
создание видео;18874;assoc;свадебный видеограф
свадьба видео;18556;assoc;свадебный видеограф | свадебный клип
съемка видео;18008;assoc;видеосъемка свадьбы
свадебный букет;17949;assoc;букет невесты | цветы на свадьбу | автобус для гостей на свадьбу
временная регистрация в москве;17459;assoc;ведущий свадьбы москва
команда москвы;17213;assoc;организатор свадьбы москва
жених и невеста;17119;assoc;свадебный каравай
вызов врача на дом;16315;assoc;выездной регистратор
тамада;15963;assoc;где найти ведущего на свадьбу
прокат авто;14760;assoc;машина на свадьбу
флористика;12818;assoc;свадебный флорист
давай поженимся 2026;12627;assoc;свадебное агентство | свадебный распорядитель
скорая помощь вызов;12591;assoc;выездной регистратор
бесплатные мероприятия в москве;12329;assoc;декор свадьбы москва
с годовщиной свадьбы картинки;11810;assoc;свадебная фотосессия
организация праздников;11795;assoc;свадебный организатор
флаг москвы;11733;assoc;декор свадьбы москва
фотосессия в москве;11244;assoc;свадебный фотограф москва
красивый букет цветов;10696;assoc;цветы на свадьбу
тост на свадьбу;10659;assoc;свадебный торт
свадебные фото;10423;assoc;фотограф на свадьбу | фотограф и видеограф на свадьбу | как выбрать фотографа на свадьбу
свадебный торт;10299;top+assoc;свадебный торт | аренда мебели для свадьбы
музыкальная интуиция;10290;assoc;музыканты на свадьбу
фестиваль это;9984;assoc;свадебный организатор
свадебные фильмы;9512;assoc;видеограф на свадьбу | видеосъемка свадьбы | лимузин на свадьбу | проектор на свадьбу
цыганская свадьба;9493;assoc;свадебный каравай
услуги по организации праздников;9444;assoc;свадебный организатор | свадебное агентство | свадебный распорядитель
сделать видео из фото;9089;assoc;фотограф и видеограф на свадьбу
видеомонтаж;8865;assoc;свадебный видеограф
свадебные песни;8865;assoc;бармен на свадьбу | кавер группа на свадьбу | музыканты на свадьбу | диджей на свадьбу | живая музыка на свадьбу | лимузин на свадьбу
свадебный костюм;8572;assoc;кавер группа на свадьбу
с днем свадьбы своими словами;8514;assoc;свадебный декор | свадебный флорист | свадебный каравай
мэрия москвы;7961;assoc;ведущий свадьбы москва
создать видео бесплатно;7633;assoc;свадебный видеограф
московская стоматология;7509;assoc;свадебный фотограф москва
стили свадьбы;7428;assoc;свадебный декор
свадьба пела;7159;assoc;постановка свадебного танца
букет на свадьбу;7099;assoc;цветы на свадьбу | транспорт для гостей на свадьбу
давай поженимся сегодняшний;6894;assoc;свадебный распорядитель
субподрядчик;6843;assoc;подрядчики на свадьбу
с годовщиной свадьбы своими словами;6721;assoc;свадебный декор | свадебный флорист | свадебный каравай
московский загс;6564;assoc;свадебный фотограф москва
ограничение на выезд;6401;assoc;ведущий выездной регистрации | выездная регистрация под ключ
торт на свадьбу;6202;assoc;свадебный торт | свадебный торт на заказ
свадебные цветы;6181;assoc;букет невесты | цветы на свадьбу
наращивание ресниц москва;6162;assoc;свадебный фотограф москва
свадебный салон москва;6135;assoc;декор свадьбы москва
18 лет свадьбы какая свадьба;6008;assoc;свадебный флорист
аукцион автомобилей;5801;assoc;машина на свадьбу
свадебный танец;5745;assoc;бармен на свадьбу | диджей на свадьбу | свет и звук на свадьбу | лимузин на свадьбу
московское долголетие официальный сайт москва;5652;assoc;свадебный фотограф москва
свадьбы не будет;5575;assoc;свадебный флорист
12 лет свадьбы какая свадьба;5538;assoc;свадебный каравай
с днем бракосочетания;5451;assoc;президиум на свадьбу | свадебный каравай | координатор на свадьбу
цветы на свадьбу;5450;assoc+top;букет невесты | цветы на свадьбу
8 лет какая свадьба;5333;assoc;ведущий на маленькую свадьбу
московский быт;5295;assoc;организатор свадьбы москва
фотосессия в студии;5161;assoc;как выбрать фотографа на свадьбу
подобрать прическу;5065;assoc;свадебный стилист
загс фото;5052;assoc;свадебный фотограф
мосгорсуд официальный сайт москва;5036;assoc;свадебный фотограф москва
свадебная фотосессия;4832;assoc+top;фотограф на свадьбу | свадебная фотосессия | фотозона на свадьбу | фотобудка на свадьбу | сколько стоит фотограф на свадьбу
цветок невеста;4788;assoc;букет невесты | цветы на свадьбу
музыкальные шоу;4782;assoc;музыканты на свадьбу
ах эта свадьба;4735;assoc;свадебный организатор | свадебное агентство | свадебный распорядитель
поздравление со свадьбой своими словами;4709;assoc;свадебный декор | свадебный флорист | свадебное агентство | свадебный распорядитель
дом музыки москва;4684;assoc;декор свадьбы москва
свадебные площадки;4613;assoc;команда на свадьбу
мелодии на гитаре;4485;assoc;музыканты на свадьбу
сценарий праздника;4383;assoc;шоу программа на свадьбу
бумажная свадьба;4315;assoc;свадебная арка
дизайн завод москва;4274;assoc;декор свадьбы москва
тикетленд ru москва;4205;assoc;декор свадьбы москва
свадебный марш;3985;assoc;кавер группа на свадьбу | диджей на свадьбу | живая музыка на свадьбу | свет и звук на свадьбу
прическа на свадьбу;3984;assoc;свадебная фотосессия
декор для дома;3958;assoc;оформление свадьбы
вызов принят;3807;assoc;ведущий выездной регистрации
свадебные прически;3766;assoc;фотозона на свадьбу
ведущий на свадьбу;3730;top;ведущий на свадьбу | ведущая на свадьбу
удаление зуба цена;3685;assoc;сколько стоит ведущий на свадьбу
цена удаления зуба;3685;assoc;сколько стоит фотограф на свадьбу
музыкальные конкурсы;3574;assoc;музыканты на свадьбу
благоприятные дни для стрижки волос;3533;assoc;прическа и макияж на свадьбу
август украшения;3519;assoc;свадебный декор
цвет цветов на свадьбу;3518;top;цветы на свадьбу
с юбилеем свадьбы;3431;assoc;проектор на свадьбу
смонтировать видео;3363;assoc;свадебный видеограф
свадебные украшения;3337;assoc;оформление свадьбы | оформление зала на свадьбу | оформление цветами свадьба | текстиль на свадьбу | визажист на свадьбу
мастер парикмахер;3336;assoc;свадебный стилист
машина на свадьбу;3315;top;машина на свадьбу
поздравление со свадьбой молодоженам;3292;assoc;свадебный клип
ивент агентство;3187;assoc;свадебный организатор
поздние цветы;3180;assoc;цветы на свадьбу
передача давай поженимся;3174;assoc;свадебное агентство | свадебный распорядитель
ах эта свадьба пела;3172;assoc;свадебный каравай
свадебный фотограф;3094;top+assoc;свадебный фотограф | фотозона на свадьбу | аренда шатра для свадьбы
праздник цветов;3093;assoc;цветы на свадьбу
чизкейк купить;3063;assoc;торт на свадьбу цена
торт на сковороде рецепт;2928;assoc;аренда посуды на свадьбу
не будь моей женой;2870;assoc;пробный образ невесты
свадебное путешествие;2859;assoc;фотограф и видеограф на свадьбу
московский росп;2828;assoc;стилист на свадьбу москва
украшения на свадьбу;2813;assoc;свадебный декор
с днем свадьбы картинки с пожеланиями;2805;assoc;проектор на свадьбу
ложный вызов;2763;assoc;выездной регистратор
фото и видеосъемка;2737;assoc;фотограф и видеограф на свадьбу
карта вызова скорой помощи;2734;assoc;выездная регистрация под ключ
музыкальная студия;2658;assoc;музыканты на свадьбу
салаты на праздничный стол рецепты;2657;assoc;фуршет на свадьбу
камерная свадьба;2582;assoc;свадебный видеограф
с годовщиной свадьбы картинки красивые;2538;assoc;свадебный декор
свадьбы по годам как называются;2528;assoc;свадебный организатор | свадебное агентство
свадебный стол;2526;assoc;оформление зала на свадьбу | оформление цветами свадьба | президиум на свадьбу | текстиль на свадьбу | кенди бар на свадьбу | кейтеринг на свадьбу | фуршет на свадьбу | бар на свадьбу
свадебная музыка;2523;assoc;бар на свадьбу | кавер группа на свадьбу | музыканты на свадьбу | диджей на свадьбу | скрипачка на свадьбу | свет и звук на свадьбу
подобрать прическу по фото;2490;assoc;как выбрать фотографа на свадьбу
ах эта свадьба пела и плясала;2480;assoc;свадебный флорист | свадебный распорядитель
свадебный каравай;2479;top;свадебный каравай
букет невесты купить;2456;top+assoc;букет невесты | свадебный торт на заказ | торт на свадьбу цена
печать фото москва;2449;assoc;свадебный фотограф москва
ффмо московской;2387;assoc;ведущий свадьбы москва | стилист на свадьбу москва | организатор свадьбы москва
свадебное агентство;2382;assoc+top;шоу программа на свадьбу | свадебное агентство | координатор на свадьбу | где найти ведущего на свадьбу | команда на свадьбу
музыка в авто;2377;assoc;машина на свадьбу
свадебные видео;2376;assoc;видеограф на свадьбу | видеосъемка свадьбы
мжм москва;2357;assoc;ведущий свадьбы москва
свадебная машина;2306;assoc;лимузин на свадьбу
саксофон скачать;2290;assoc;саксофонист на свадьбу
свадьба с приданым;2263;assoc;свадебный каравай
фото гитары;2255;assoc;свадебный фотограф
фотограф на свадьбу;2225;top+assoc;фотограф на свадьбу | свадебная фотосессия
мгюа москва;2219;assoc;свадебный фотограф москва
ивент это;2201;assoc;свадебный организатор
традиции на свадьбе;2200;assoc;свадебный каравай
виды причесок;2145;assoc;свадебный стилист
медовик купить;2138;assoc;свадебный торт на заказ | торт на свадьбу цена
свадебный букет для невесты;2118;top+assoc;букет невесты | автобус для гостей на свадьбу
свадьба светлячков;2087;assoc;цветы на свадьбу
фото с праздником;2052;assoc;фотограф на свадьбу
цветок на земле;2046;assoc;цветы на свадьбу
велобайк москва;2034;assoc;ведущий свадьбы москва | декор свадьбы москва
благоприятные дни для окрашивания волос;2015;assoc;прическа и макияж на свадьбу
торжественная музыка;2012;assoc;музыканты на свадьбу
горько на свадьбе;1983;assoc;свадебный торт
сбой вызова;1975;assoc;ведущий выездной регистрации
мод на декор;1973;assoc;оформление свадьбы
портрет по фото;1971;assoc;фотограф на свадьбу
16 лет свадьбы как называется;1971;assoc;свадебное агентство | свадебный распорядитель
фасадный декор;1967;assoc;оформление свадьбы
свадебный наряд;1962;assoc;текстиль на свадьбу
эротическая фотосессия;1944;assoc;свадебный фотограф
дизайн зала;1916;assoc;оформление свадьбы
исходящий вызов;1907;assoc;ведущий выездной регистрации | выездная регистрация под ключ
фотосессия в москве в студии;1897;assoc;свадебный фотограф москва
видеооператор;1892;assoc;свадебный видеограф
свадьба с приданным;1885;assoc;свадебный декор | свадебный флорист | свадебный каравай
ведущий мероприятий;1881;assoc;тамада на свадьбу
парикмахерская стиль;1868;assoc;прическа и макияж на свадьбу
жених и невеста песня;1855;assoc;живая музыка на свадьбу
поздравляю с бракосочетанием;1849;assoc;визажист на свадьбу
свадебная церемония;1848;assoc;тамада на свадьбу | видеосъемка свадьбы | президиум на свадьбу | фуршет на свадьбу | артисты на свадьбу | шоу программа на свадьбу | координатор на свадьбу | где найти ведущего на свадьбу | команда на свадьбу
самая безумная свадьба;1833;assoc;свадебный видеограф | свадебный флорист | свадебный каравай
свадебный макияж;1812;assoc;визажист на свадьбу
организация свадеб;1792;assoc;свадебный организатор | свадебное агентство
свадебные поздравления;1789;assoc;бармен на свадьбу | салют на свадьбу | лимузин на свадьбу
цветы для девушки;1777;assoc;букет невесты
агентство свои;1773;assoc;подрядчики на свадьбу
как снимать видео на телефон;1740;assoc;видеосъемка свадьбы
11 лет свадьбы как называется;1708;assoc;свадебный организатор
сделать видео из фото бесплатно;1690;assoc;фотограф и видеограф на свадьбу
decor dizayn;1684;assoc;оформление свадьбы
на свадьбу дарит цветы;1645;top;цветы на свадьбу
возложение цветов;1640;assoc;цветы на свадьбу
ас московского округа;1628;assoc;декор свадьбы москва | стилист на свадьбу москва | организатор свадьбы москва
камера для съемки видео;1623;assoc;видеосъемка свадьбы
букет невесты москва;1619;top;букет невесты
уничтожение документов с выездом;1611;assoc;ведущий выездной регистрации | выездная регистрация под ключ
дарите девушкам цветы;1610;assoc;букет невесты
кружевное свадебное платье;1585;assoc;аренда посуды на свадьбу
букет невесты фото;1582;top+assoc;букет невесты | фотобудка на свадьбу
музыка для свадьбы;1577;assoc;постановка свадебного танца
музыкальный продюсер;1574;assoc;музыканты на свадьбу
прокат свадебных платьев;1565;assoc;аренда шатра для свадьбы | аренда посуды на свадьбу
14 лет свадьбы как называется;1556;assoc;свадебное агентство
оформление свадьбы;1553;assoc+top;свадебный декор | оформление свадьбы
поздравление с днем свадьбы коротко;1551;assoc;салют на свадьбу
московская планировка;1545;assoc;организатор свадьбы москва
веселый праздник;1531;assoc;шоу программа на свадьбу
wedding day;1521;assoc;свадебный флорист | свадебный стилист | свадебный организатор | свадебное агентство | свадебный распорядитель | подрядчики на свадьбу
какие цветы на свадьбу;1518;top;цветы на свадьбу
пожелания молодоженам на свадьбу;1494;assoc;свадебная арка
короткое поздравление молодоженам;1482;assoc;лимузин на свадьбу
свадебная арка;1474;top+assoc;свадебная арка | фотозона на свадьбу | файер шоу на свадьбу
венчание это;1471;assoc;свадебный распорядитель
создание видео из фото;1463;assoc;фотограф и видеограф на свадьбу
декоративная ваза;1458;assoc;свадебный декор
джазовый оркестр;1440;assoc;музыканты на свадьбу
свадебный декор;1439;top+assoc;свадебный декор | оформление свадьбы | оформление зала на свадьбу | оформление цветами свадьба | текстиль на свадьбу | визажист на свадьбу
подобрать прическу по фото бесплатно;1422;assoc;как выбрать фотографа на свадьбу
вызов скорой с мобильного;1420;assoc;выездной регистратор
скорая вызов с мобильного;1420;assoc;выездной регистратор
поздравление с бракосочетанием своими словами;1417;assoc;свадебный каравай | визажист на свадьбу
торжественная церемония;1405;assoc;президиум на свадьбу
вкусный салат на праздничный стол рецепты;1391;assoc;фуршет на свадьбу
обручение;1391;assoc;подрядчики на свадьбу
тамада на свадьбу;1384;top;тамада на свадьбу
московский асц это;1384;assoc;стилист на свадьбу москва
свадебные фотографии;1383;assoc;фотограф на свадьбу | фотограф на свадьбу цена | видеограф на свадьбу | фотограф и видеограф на свадьбу | фотозона на свадьбу | оформление цветами свадьба | лимузин на свадьбу | фотобудка на свадьбу | проектор на свадьбу
смотреть фильм танцуй танцуй;1381;assoc;постановка свадебного танца
подписные издания москва;1376;assoc;ведущий свадьбы москва
выезд на встречку;1376;assoc;ведущий выездной регистрации | выездная регистрация под ключ
авто на прокат;1367;assoc;машина на свадьбу
открытка с днем бракосочетания;1365;assoc;фотобудка на свадьбу
белый букет невесты;1357;top;букет невесты
сколько стоит вставить зуб;1333;assoc;ведущий на свадьбу цена
свадебный образ;1306;assoc;прическа и макияж на свадьбу | стилист на свадьбу москва
день всех невлюбленных;1297;assoc;подрядчики на свадьбу
букет невесты на свадьбу;1289;top;букет невесты
свадебные традиции;1279;assoc;ведущий на свадьбу | ведущая на свадьбу | молодой ведущий на свадьбу | цветы на свадьбу | текстиль на свадьбу | кенди бар на свадьбу | бармен на свадьбу | бар на свадьбу | музыканты на свадьбу | скрипачка на свадьбу | артисты на свадьбу | машина на свадьбу | команда на свадьбу
фотограф ню;1268;assoc;love story фотосессия
сколько стоят обручальные кольца;1254;assoc;ведущий на свадьбу цена
красивые символы для оформления;1249;assoc;свадебный декор
танцевальная чума;1248;assoc;дым для первого танца
свадебный марш сериал;1226;assoc;аренда посуды на свадьбу
букет невесты 2026;1219;top;букет невесты
поздравление с бракосочетанием красивые;1216;assoc;видеограф на свадьбу | президиум на свадьбу | визажист на свадьбу
с бракосочетанием поздравления красивые;1216;assoc;президиум на свадьбу
московские сувениры;1207;assoc;декор свадьбы москва
шоу вызов;1190;assoc;выездной регистратор
свадебный зал;1178;assoc;оформление свадьбы | президиум на свадьбу | фуршет на свадьбу | бар на свадьбу | музыканты на свадьбу | команда на свадьбу
подобрать стрижку по фото;1172;assoc;как выбрать фотографа на свадьбу
сваты музыка;1167;assoc;музыканты на свадьбу
садовый декор;1165;assoc;оформление свадьбы
курсы флористики;1160;assoc;свадебный флорист
тенор саксофон;1154;assoc;саксофонист на свадьбу
пассифлора цветок;1139;assoc;цветы на свадьбу
давай поженимся 2025;1126;assoc;свадебный распорядитель
свадебный альбом;1117;assoc;фотобудка на свадьбу
свадебный угар;1114;assoc;видеограф на свадьбу | бар на свадьбу
вызов скорой помощи с мобильного;1110;assoc;выездной регистратор
скачать открытку с годовщиной свадьбы;1097;assoc;свадебный фотограф
поздравление со свадьбой молодоженам своими словами;1096;assoc;свадебный каравай
свадебный банкет;1095;assoc;тамада на свадьбу | оформление зала на свадьбу | президиум на свадьбу | фуршет на свадьбу | бар на свадьбу | команда на свадьбу
музыкальная академия;1090;assoc;музыканты на свадьбу
букеты цвет невесты;1084;top;букет невесты
давай поженимся ведущие;1063;assoc;свадебный организатор | свадебное агентство | свадебный распорядитель
сколько стоит удалить зуб мудрости;1047;assoc;фотограф на свадьбу цена
имиджмейкер;1047;assoc;свадебный стилист
секс на фотосессии;1022;assoc;свадебный фотограф
симавик отзывы;1013;assoc;отзывы о ведущем на свадьбу
танцевальная музыка скачать бесплатно;1010;assoc;постановка свадебного танца
фотозона на свадьбу;1009;assoc+top;свадебная фотосессия | фотозона на свадьбу
торт на годовщину свадьбы;1003;assoc;свадебный торт | свадебный торт на заказ
с бракосочетанием картинки;992;assoc;свадебный фотограф | свадебная фотосессия
какие цветы дарят на свадьбу;990;assoc+top;букет невесты | цветы на свадьбу
прокат велосипедов вднх;990;assoc;аренда шатра для свадьбы
песня не женюсь я не женюсь;989;assoc;пробный образ невесты
когда лучше стричь волосы;982;assoc;свадебный стилист
номер вызова скорой помощи;976;assoc;выездная регистрация под ключ
отбеливание зубов цена;970;assoc;сколько стоит фотограф на свадьбу
видеть себя в свадебном платье;969;assoc;визажист на свадьбу | прическа и макияж на свадьбу | пробный образ невесты
открытки с бракосочетанием красивые;965;assoc;фотограф и видеограф на свадьбу
сколько стоит венчание;964;assoc;организация свадьбы под ключ цена
сколько стоит зубной протез;948;assoc;ведущий на свадьбу цена
какая прическа мне подойдет;948;assoc;свадебный стилист
свадебные приглашения;942;assoc;ведущий на свадьбу | ведущая на свадьбу | тамада на свадьбу | ведущий на свадьбу недорого | молодой ведущий на свадьбу | кавер группа на свадьбу | диджей на свадьбу | визажист на свадьбу
ракушка для автомобиля;922;assoc;машина на свадьбу
свадебный костюм для невесты;906;assoc;текстиль на свадьбу | визажист на свадьбу | команда на свадьбу
студии для фотосессии в москве;903;assoc;свадебный фотограф москва
музыка под гитару;903;assoc;музыканты на свадьбу
свадебное платье напрокат;902;assoc;аренда шатра для свадьбы | аренда мебели для свадьбы
свадебная арк;900;top;свадебная арка
церемония бракосочетания;897;assoc;президиум на свадьбу | координатор на свадьбу
залоговые авто;892;assoc;машина на свадьбу
московское пароходство;890;assoc;организатор свадьбы москва
букет невесты купить в москве;889;top;букет невесты
таганский загс москвы;886;assoc;свадебный фотограф москва
услуги видеосъемки;884;assoc;свадебный видеограф
моды на мск;883;assoc;стилист на свадьбу москва
сколько стоит поставить пломбу;874;assoc;организация свадьбы под ключ цена
лимузин на свадьбу;874;top;лимузин на свадьбу
фата на свадьбу;867;assoc;свадебный торт
декор это;855;assoc;оформление свадьбы
свадебный кортеж;850;assoc;машина на свадьбу | лимузин на свадьбу
свидетельница на свадьбе;842;assoc;свадебная фотосессия
17 лет свадьбы поздравления;834;assoc;транспорт для гостей на свадьбу
стоимость развода;831;assoc;сколько стоит ведущий на свадьбу
чистка зубов стоимость;831;assoc;сколько стоит фотограф на свадьбу
114 фз о порядке въезда и выезда;828;assoc;ведущий выездной регистрации | выездная регистрация под ключ
украшение машины на свадьбу;823;top;машина на свадьбу
ведущий что где когда;809;assoc;свадебный организатор
сколько стоит венок;805;assoc;организация свадьбы под ключ цена
макияж невесты;795;assoc;визажист на свадьбу
видеть во сне свадебное платье;786;assoc;аренда мебели для свадьбы
ии фотосессия по фото;783;assoc;как выбрать фотографа на свадьбу
саксофон и гитара;780;assoc;саксофонист на свадьбу
стайлинг это;780;assoc;свадебный стилист
букет невесты из роз;775;top;букет невесты
свадебные бокалы;767;assoc;фотозона на свадьбу | кенди бар на свадьбу | кейтеринг на свадьбу | бармен на свадьбу | бар на свадьбу | аренда посуды на свадьбу
гостиная дизайн интерьера;757;assoc;оформление зала на свадьбу
песни под свадебный танец;755;assoc;бармен на свадьбу | кавер группа на свадьбу | диджей на свадьбу | живая музыка на свадьбу | скрипачка на свадьбу | файер шоу на свадьбу | свет и звук на свадьбу
свадебный танец под песню;755;assoc;свет и звук на свадьбу
первая годовщина свадьбы как называется;750;assoc;свадебный флорист
подбор стрижки по фото;750;assoc;как выбрать фотографа на свадьбу
33 годовщина свадьбы;743;assoc;транспорт для гостей на свадьбу
песня для молодоженов;740;assoc;живая музыка на свадьбу | лимузин на свадьбу
заказать букет невесты;739;top;букет невесты
пудра для укладки волос;732;assoc;прическа и макияж на свадьбу
свадебные конкурсы;729;assoc;тамада на свадьбу | ведущий на свадьбу недорого | молодой ведущий на свадьбу | ведущий на маленькую свадьбу | оформление зала на свадьбу | президиум на свадьбу | фуршет на свадьбу | музыканты на свадьбу | скрипачка на свадьбу | артисты на свадьбу | команда на свадьбу
как сделать красивую прическу;726;assoc;свадебный стилист
свадебный букет купить;720;assoc;торт на свадьбу цена
сколько стоит вырвать зуб;718;assoc;ведущий на свадьбу цена
декорация это;715;assoc;оформление свадьбы
установка брекетов цена;713;assoc;сколько стоит фотограф на свадьбу
свадебное оформление;711;assoc;координатор на свадьбу
благоприятные дни для покраски волос;708;assoc;прическа и макияж на свадьбу
свадебный каравай купить;706;top;свадебный каравай
свадебный фотограф москва;696;top;свадебный фотограф | свадебный фотограф москва
сколько стоит фотосессия;694;assoc;фотограф на свадьбу цена
свадебная коллекция;691;assoc;шоу программа на свадьбу | подрядчики на свадьбу
свадебная фотосессия в москве;687;top;свадебная фотосессия
выезд с прилегающей территории;687;assoc;ведущий выездной регистрации
сколько стоит сделать визу;684;assoc;организация свадьбы под ключ цена
свадебный фон;680;assoc;фотозона на свадьбу | диджей на свадьбу | живая музыка на свадьбу | саксофонист на свадьбу
букет невесты из калл;678;top;букет невесты
вызов экстренных служб;677;assoc;выездная регистрация под ключ
свадебные приметы;676;assoc;текстиль на свадьбу | бар на свадьбу
брачное агентство в москве;675;assoc;подрядчики на свадьбу
букет цветов на свадьбу;673;top;цветы на свадьбу
дворец свадеб;671;assoc;проектор на свадьбу
фото сына кабаевой;662;assoc;портфолио свадебного фотографа
букет на свадьбу в подарок молодоженам;656;assoc;свадебный торт на заказ
свадебные украшения на машину;654;assoc;оформление зала на свадьбу | оформление цветами свадьба | лимузин на свадьбу
свадебные песни слушать;649;assoc;живая музыка на свадьбу | файер шоу на свадьбу | аренда посуды на свадьбу
стоматология удивительных цен;641;assoc;сколько стоит ведущий на свадьбу
фуршетное меню;636;assoc;фуршет на свадьбу
16 лет какая свадьба как называется;635;assoc;свадебный организатор | свадебное агентство | свадебный распорядитель
скачать свадебную песню;635;assoc;свет и звук на свадьбу
цветочный базар;633;assoc;свадебный флорист
ии фотосессия по фото бесплатно;632;assoc;как выбрать фотографа на свадьбу
сколько стоит регистрация брака;627;assoc;фотограф на свадьбу цена
свадебные аксессуары;627;assoc;текстиль на свадьбу
свадебный клип;626;assoc+top;видеограф на свадьбу | видеосъемка свадьбы | свадебный клип
московский той терьер;618;assoc;стилист на свадьбу москва
фото жениха и невесты;616;assoc;свадебная фотосессия
жених и невеста фото;616;assoc;фотобудка на свадьбу
уничтожение документов в москве с выездом;614;assoc;ведущий выездной регистрации
выкуп невесты на свадьбе;612;assoc;свадебный каравай
визажист это;612;assoc;свадебный стилист
свадебный организатор;608;assoc+top;тамада на свадьбу | шоу программа на свадьбу | свадебный организатор | координатор на свадьбу | где найти ведущего на свадьбу
поздравление со свадьбой своими словами душевно;607;assoc;свадебный флорист
свадебная клятва;604;assoc;видеограф на свадьбу | фотограф и видеограф на свадьбу | скрипачка на свадьбу
зефир в шоколаде купить;604;assoc;торт на свадьбу цена
президиум на свадьбу;601;assoc+top;свадебный видеограф | президиум на свадьбу | свадебный каравай
свадебная ночь;598;assoc;текстиль на свадьбу | бар на свадьбу | скрипачка на свадьбу
какие цветы подарить девушке;594;assoc;букет невесты
стилистика это;589;assoc;свадебный стилист
подарить цветы на свадьбу;587;top;цветы на свадьбу
свадебные платья тренд 2026;584;assoc;аренда шатра для свадьбы
невеста будешь моей;579;assoc;свадебный стилист
как отключить переадресацию вызова;574;assoc;выездная регистрация под ключ
создать прайс;572;assoc;организация свадьбы под ключ цена
секс с фотографом;571;assoc;love story фотосессия
свадебный ведущий;568;assoc;кейтеринг на свадьбу | диджей на свадьбу | файер шоу на свадьбу
сколько стоит свадебное платье;563;assoc;торт на свадьбу цена
какой цвет цветов на свадьбу;562;top;цветы на свадьбу
вызов гаи;561;assoc;выездной регистратор
какие букеты невесты;560;top;букет невесты
свадебный торт москва;560;top;свадебный торт
11 лет какая свадьба как называется;548;assoc;свадебный организатор
свадебные бутылки;543;assoc;кенди бар на свадьбу | бармен на свадьбу | бар на свадьбу
свечи фейерверк;538;assoc;салют на свадьбу
свадебный торт на заказ;537;top+assoc;свадебный торт | свадебный торт на заказ | кейтеринг на свадьбу
с днем бракосочетания картинки;535;assoc;фотозона на свадьбу
картинка с днем бракосочетания;535;assoc;фотозона на свадьбу
рушник на свадьбу;533;assoc;свадебная арка
свадебный вальс;530;assoc;торт на свадьбу цена | кенди бар на свадьбу | бар на свадьбу | диджей на свадьбу | живая музыка на свадьбу | скрипачка на свадьбу | салют на свадьбу | транспорт для гостей на свадьбу
удаление зуба мудрости отзывы;525;assoc;отзывы о ведущем на свадьбу
свадебный фотограф екатеринбург;520;top;свадебный фотограф
открытка с бракосочетанием поздравления красивые;519;assoc;оформление цветами свадьба | лимузин на свадьбу
подарок на деревянную свадьбу;519;assoc;проектор на свадьбу
выезд из россии запретят;517;assoc;ведущий выездной регистрации | выездная регистрация под ключ
свадебный торт фото;515;top;свадебный торт
московский ювелир;513;assoc;декор свадьбы москва
уничтожение документов с выездом к заказчику;513;assoc;ведущий выездной регистрации | выездная регистрация под ключ
цыганские свадьбы видео;507;assoc;свадебный клип
кто поймал букет невесты;506;assoc+top;свадебный флорист | букет невесты
тамада и конкурсы интересные;499;assoc;ведущий и диджей на свадьбу | где найти ведущего на свадьбу
фильм свадьба с приданным;499;assoc;проектор на свадьбу
торт свадебный 2026;497;top;свадебный торт
гадание по фото;496;assoc;свадебный фотограф
мундштук для саксофона;494;assoc;саксофонист на свадьбу
открытки с днем бракосочетания красивые;491;assoc;оформление зала на свадьбу
свадебные тосты;486;assoc;салют на свадьбу
купить свадебный торт;484;top;свадебный торт
свадебный фотоальбом;484;assoc;фотобудка на свадьбу
ведущий на свадьбу москва;479;assoc;свадебный фотограф москва
стоимость завещания у нотариуса;473;assoc;сколько стоит фотограф на свадьбу
вырвать зуб цена;471;assoc;сколько стоит ведущий на свадьбу
свадебный танец жениха и невесты;467;assoc;бармен на свадьбу | транспорт для гостей на свадьбу
свадебный пучок;467;assoc;фотобудка на свадьбу
свадебные агентства москва;465;assoc;подрядчики на свадьбу
поздравление молодоженам короткое и красивое;461;assoc;прическа и макияж на свадьбу
сопоставьте вид промо с местом выкладки;458;assoc;подрядчики на свадьбу
московские мастера 2026;457;assoc;стилист на свадьбу москва
свадебный план;456;assoc;тамада на свадьбу | команда на свадьбу
куст с желтыми цветами;452;assoc;цветы на свадьбу
камерная свадьба это;452;assoc;свадебный организатор | свадебное агентство
одноярусный свадебный торт;451;top;свадебный торт
бейсик декор;447;assoc;оформление свадьбы
свадебное агентство москва;446;top;свадебное агентство
поздравляю с днем бракосочетания;445;assoc;президиум на свадьбу
аренда авто на свадьбу;445;assoc;свадебный торт на заказ
фото на документы цена;443;assoc;сколько стоит фотограф на свадьбу
на свадьбе без тамады;442;top;тамада на свадьбу
маленький букет невесты;442;top;букет невесты
как сделать видео из фотографий;435;assoc;фотограф и видеограф на свадьбу
уж замуж невтерпеж;435;assoc;пробный образ невесты
свадебный каравай рецепт;431;top;свадебный каравай
сколько стоит расписаться;428;assoc;организация свадьбы под ключ цена
группа компаний дело;417;assoc;подрядчики на свадьбу
фотограф на свадьбу екатеринбург;415;top;фотограф на свадьбу
живые букеты невест;415;top;букет невесты
стоимость обучения на стоматолога;412;assoc;сколько стоит фотограф на свадьбу
девочки танцуют мальчики кайфуют песня;411;assoc;дым для первого танца
цветы для букета невесты;409;top;букет невесты
дворец бракосочетания 1 в москве;407;assoc;подрядчики на свадьбу
фидер фото;407;assoc;портфолио свадебного фотографа
бутоньерка на свадьбу;406;assoc;свадебная арка
свадебный торт прямоугольный;402;top;свадебный торт
поздравления с бракосочетанием молодоженам;402;assoc;кейтеринг на свадьбу | диджей на свадьбу | визажист на свадьбу | машина на свадьбу | лимузин на свадьбу
свадебный торт кг;397;top;свадебный торт
выход жениха на свадьбе;397;assoc;транспорт для гостей на свадьбу
аренда машины на свадьбу;392;top;машина на свадьбу
свадебное ателье;389;assoc;видеограф на свадьбу
стоимость брачного договора;388;assoc;ведущий на свадьбу цена
брачный договор стоимость;388;assoc;фотограф на свадьбу цена
какая прическа мне подойдет по фото;387;assoc;как выбрать фотографа на свадьбу
букет невесты с доставкой;386;top;букет невесты
салют на свадьбу;382;top;салют на свадьбу
машина на свадьбу с водителем;381;top;машина на свадьбу
вместо цветов на свадьбу;380;top;цветы на свадьбу
фотосессия ххх;379;assoc;свадебный фотограф
свадебный шатер;378;assoc;торт на свадьбу цена
преимущества московской прописки;378;assoc;стилист на свадьбу москва
московская прописка преимущества;378;assoc;стилист на свадьбу москва
видеокамера для съемки видео;375;assoc;видеосъемка свадьбы
дарят ли цветы на свадьбу;372;top;цветы на свадьбу
тортик из печенья;372;assoc;свадебный торт | свадебный торт на заказ
смотреть фильм жених напрокат;371;assoc;аренда мебели для свадьбы
песня для молодоженов на свадьбу;369;assoc;свадебный торт | постановка свадебного танца
фотограф на свадьбу москва;367;top;фотограф на свадьбу
свадебные частушки;367;assoc;бармен на свадьбу
свадебный каравай москва;365;top;свадебный каравай
свадебная фотокнига;364;assoc;фотозона на свадьбу | фотобудка на свадьбу
заказать фото на памятник;363;assoc;сколько стоит фотограф на свадьбу
свадебная вечеринка;362;assoc;ведущий на свадьбу | ведущая на свадьбу | тамада на свадьбу | ведущий и диджей на свадьбу | кенди бар на свадьбу | фуршет на свадьбу | бар на свадьбу | кавер группа на свадьбу | скрипачка на свадьбу | артисты на свадьбу | шоу программа на свадьбу | координатор на свадьбу | команда на свадьбу
видеограф на свадьбу;362;top+assoc;видеограф на свадьбу | свадебный клип
свадебный стилист;354;top;свадебный стилист
свадебные цветы слушать;353;assoc;салют на свадьбу | аренда посуды на свадьбу
сколько стоит дизайн проект квартиры;353;assoc;организация свадьбы под ключ цена
как сделать красивый макияж;350;assoc;свадебный стилист
свадебное поздравление молодоженам;347;assoc;молодой ведущий на свадьбу | видеограф на свадьбу | цветы на свадьбу | бармен на свадьбу | диджей на свадьбу | живая музыка на свадьбу | транспорт для гостей на свадьбу | машина на свадьбу | лимузин на свадьбу | проектор на свадьбу
закуски к праздничному столу;347;assoc;фуршет на свадьбу
букет невесты из эустомы;346;top;букет невесты
свадебка;346;assoc;президиум на свадьбу
фон для фотосессии;345;assoc;свадебный фотограф
тамада это;343;assoc;свадебный организатор
приснилось свадебное платье;341;assoc;аренда посуды на свадьбу
фотосессия гимнасток;340;assoc;портфолио свадебного фотографа
можно букет невесты;337;top;букет невесты
декор дизайн официальный сайт;335;assoc;оформление свадьбы
свадебные украшения купить;334;assoc;ведущий на свадьбу недорого | оформление цветами свадьба | торт на свадьбу цена | сколько стоит ведущий на свадьбу
мот свадебная;331;assoc;кавер группа на свадьбу
ведущий на свадьбу в москве;329;top;ведущий на свадьбу | ведущая на свадьбу | ведущий свадьбы москва
скачать картинку с годовщиной свадьбы;328;assoc;свадебный фотограф
артисты на свадьбу;327;assoc+top;свадебная арка | артисты на свадьбу
конкурсы тамады на свадьбе;326;top;тамада на свадьбу
гордый тамада;324;assoc;ведущий на маленькую свадьбу | где найти ведущего на свадьбу
лимузин на свадьбу в москве;324;top;лимузин на свадьбу
свадебные туфли для невесты;322;assoc;визажист на свадьбу | прическа и макияж на свадьбу
не женюсь я не женюсь скачать;321;assoc;пробный образ невесты
букет невесты москва с доставкой;320;top;букет невесты
поздравление со свадьбой сестре;320;assoc;букет невесты
поздравление сестры со свадьбой;320;assoc;букет невесты
свадебное меню;319;assoc;ведущий на свадьбу | ведущая на свадьбу | кенди бар на свадьбу | кейтеринг на свадьбу | фуршет на свадьбу | бар на свадьбу
свадебный торт симс;319;top;свадебный торт
как вызвать дпс;314;assoc;выездной регистратор
вестник госрегистрации;314;assoc;ведущий выездной регистрации
винтажное свадебное платье;314;assoc;аренда посуды на свадьбу
места для свадебной фотосессии;311;top;свадебная фотосессия
fowlers виски отзывы;311;assoc;отзывы о ведущем на свадьбу
букет невесты из гипсофилы;310;top;букет невесты
свадебная мелодия;309;assoc;фотозона на свадьбу | кенди бар на свадьбу | бармен на свадьбу | бар на свадьбу | кавер группа на свадьбу | музыканты на свадьбу | диджей на свадьбу | живая музыка на свадьбу | скрипачка на свадьбу | аренда мебели для свадьбы | лимузин на свадьбу | проектор на свадьбу
букет невесты недорого;309;top;букет невесты
зеркало на свадьбу;309;assoc;проектор на свадьбу
танец молодоженов на свадьбе;307;assoc;свадебный торт | транспорт для гостей на свадьбу
фуршет на свадьбу;301;top;фуршет на свадьбу
локации для свадебной фотосессии;300;top;свадебная фотосессия
стаканы люминарк;299;assoc;аренда посуды на свадьбу
свадебная фотозона;299;assoc;фотобудка на свадьбу
кастрюли и ковши купить;297;assoc;аренда посуды на свадьбу
свадебный торт двухъярусный;296;top;свадебный торт
sk8 стиль;296;assoc;свадебный стилист
постановка свадебного танца;295;top;постановка свадебного танца
хороший тамада и конкурсы интересные;294;assoc;ведущий и диджей на свадьбу | где найти ведущего на свадьбу
букет невесты из пионов;294;top;букет невесты
отпарить свадебное платье;294;assoc;аренда посуды на свадьбу
диджей на свадьбу;292;top;диджей на свадьбу
свадебный марш фильм;290;assoc;файер шоу на свадьбу | салют на свадьбу | автобус для гостей на свадьбу
симс 4 свадебный торт;289;top;свадебный торт
свадьба в горах;287;assoc;свадебная арка
жена танцует стриптиз;287;assoc;постановка свадебного танца
какие цветы подарить на свадьбу;286;top;цветы на свадьбу
букет невесты красный;283;top;букет невесты
поздравление с бирюзовой свадьбой;283;assoc;салют на свадьбу
свадебный костюм для жениха;282;assoc;кавер группа на свадьбу
сколько букетов невесты;281;top;букет невесты
заказать свадебный торт;280;assoc+top;ведущий на свадьбу недорого | ведущий на свадьбу цена | свадебный торт | кенди бар на свадьбу | кейтеринг на свадьбу
букет невесты сериал;280;top;букет невесты
букетные цветы;279;assoc;букет невесты
калькулятор налога с продажи квартиры;278;assoc;ведущий на свадьбу цена
фотобус мск;278;assoc;свадебный фотограф москва
букет невесты где;278;top;букет невесты
симовик отзывы;278;assoc;отзывы о ведущем на свадьбу
букет невесты из живых цветов;276;top;букет невесты
музыканты на свадьбу;275;top;музыканты на свадьбу
цветы в подарок на свадьбу;274;top;цветы на свадьбу
украшение зала на свадьбу;271;assoc;свадебная арка
цветы на годовщину свадьбы;271;top;цветы на свадьбу
кто поймал букет невесты сериал;268;top;букет невесты
домашний свадебный каравай;266;top;свадебный каравай
wedding awards;265;assoc;фотограф и видеограф на свадьбу | артисты на свадьбу | координатор на свадьбу
за меня невеста отрыдает честно;263;assoc;подрядчики на свадьбу
конкурсы на свадьбу без тамады;262;top;тамада на свадьбу
свадебные треки;262;assoc;бармен на свадьбу | бар на свадьбу | кавер группа на свадьбу | диджей на свадьбу | живая музыка на свадьбу | скрипачка на свадьбу | файер шоу на свадьбу | транспорт для гостей на свадьбу
свадебный каравай в домашних условиях;261;top;свадебный каравай
свадебный центр вега;258;assoc;координатор на свадьбу
торт на свадьбу фото;256;assoc;свадебная фотосессия | свадебный торт | свадебный торт на заказ
букет невесты кустовые;255;top;букет невесты
букет невесты из белых роз;254;top;букет невесты
салаты на свадьбу;254;assoc;свадебный торт
свадебный образ невесты;254;assoc;прическа и макияж на свадьбу | стилист на свадьбу москва
декоратор на свадьбу;253;assoc;свадебный декор
заказать букет невесты москва;252;top;букет невесты
машину на свадьбу москва;252;top;машина на свадьбу
свадебный видеограф;251;assoc+top;фотограф на свадьбу | свадебный видеограф | видеосъемка свадьбы
свет для видеосъемки;251;assoc;видеограф на свадьбу
вызов дпс;250;assoc;выездной регистратор
салаты к праздничному столу;249;assoc;кейтеринг на свадьбу
выкуп невесты на свадьбе сценарий;249;assoc;свадебный каравай
свадебные букеты для невесты купить;248;top;букет невесты
6 лет брака какая свадьба;248;assoc;транспорт для гостей на свадьбу
референсы для фотосессии;248;assoc;портфолио свадебного фотографа
wedding post;247;assoc;свадебный флорист | свадебное агентство | как выбрать фотографа на свадьбу
как приготовить тортик;244;assoc;свадебный торт на заказ | торт на свадьбу цена
j8 автомобиль;242;assoc;машина на свадьбу
заказать свадебный каравай;240;top;свадебный каравай
букет невесты цена;239;top;букет невесты
сколько торта свадебного;239;top;свадебный торт
icloud цена;238;assoc;сколько стоит фотограф на свадьбу
где свадебную фотосессию;237;top;свадебная фотосессия
букет невесты 2026 тренды;236;top;букет невесты
веселые песни на свадьбу;234;assoc;свадебный клип | постановка свадебного танца
лучшие букеты невесты;234;top;букет невесты
песни для первого танца молодоженов;234;assoc;автобус для гостей на свадьбу
свадебный каравай купить в москве;233;top;свадебный каравай
флористика это;232;assoc;свадебный флорист
свадебные букеты для невесты фото;231;top;букет невесты
поздравить с бракосочетанием красиво;231;assoc;президиум на свадьбу
макияж и прическа на свадьбу;231;top;прическа и макияж на свадьбу
голубой букет невесты;228;top;букет невесты
тамада секс;227;assoc;ведущий на свадьбу | ведущая на свадьбу
как сделать красивый пучок на средние волосы;227;assoc;прическа и макияж на свадьбу
свадебный брючный костюм для невесты;226;assoc;фотозона на свадьбу | автобус для гостей на свадьбу
координатор на свадьбу;226;top;координатор на свадьбу
свадебная речь;225;assoc;ведущий на свадьбу | ведущая на свадьбу | тамада на свадьбу | молодой ведущий на свадьбу | видеограф на свадьбу | скрипачка на свадьбу
где свадебный торт;225;top;свадебный торт
стиль бохо свадьба;224;assoc;свадебная арка
украшение свадебного стола;223;assoc;оформление зала на свадьбу | оформление цветами свадьба | текстиль на свадьбу | кенди бар на свадьбу
свадебная прическа для невесты;223;assoc;фотозона на свадьбу
свадебные даты;223;assoc;президиум на свадьбу | шоу программа на свадьбу | команда на свадьбу
свадебный декоратор;222;assoc;оформление зала на свадьбу | оформление цветами свадьба
что подарить сестре на свадьбу;222;assoc;букет невесты
визажист на свадьбу;222;top;визажист на свадьбу
бригада песня на свадьбе;221;assoc;свадебный клип
кейтеринг на свадьбу;221;assoc+top;свадебный торт на заказ | кейтеринг на свадьбу
организатор свадеб москва;221;top;организатор свадьбы москва
подобрать стрижку по фотографии бесплатно;221;assoc;как выбрать фотографа на свадьбу
свадебный торт на человека;219;top;свадебный торт
фуршетные блюда;219;assoc;фуршет на свадьбу
сколько стоит печать фото;218;assoc;фотограф на свадьбу цена
свадебный каравай фото;217;assoc+top;фотозона на свадьбу | свадебный каравай
букет невесты купить в москве с доставкой;214;top;букет невесты
услуги фотосъемки;214;assoc;как выбрать фотографа на свадьбу
живые цветы на свадьбу;213;top;цветы на свадьбу
букет невесты из гвоздик;212;top;букет невесты
букет невесты из гвоздики;212;top;букет невесты
шитье седины окрашивание волос что это такое;211;assoc;прическа и макияж на свадьбу
певец на свадьбе фильм;208;assoc;свадебный клип
торт на золотую свадьбу;208;assoc;свадебный торт | свадебный торт на заказ
букеты невесты пионовидные;207;top;букет невесты
что подарить на свадьбу вместо цветов;207;top;цветы на свадьбу
рисунок на годовщину свадьбы;207;assoc;проектор на свадьбу
цветы на год свадьбы;206;top;цветы на свадьбу
ии для создания видео из фото;204;assoc;фотограф и видеограф на свадьбу
какие цветы дарить на свадьбу молодоженам;204;top;цветы на свадьбу
свадебный торт цена;204;top;свадебный торт
можно ли букет невесты;203;top;букет невесты
портретная фотосессия;203;assoc;портфолио свадебного фотографа
московская топливная ассоциация;202;assoc;ведущий свадьбы москва
макияж на свадьбу для невесты;202;assoc;свадебная фотосессия
свадебный разгром;199;assoc;бар на свадьбу | кавер группа на свадьбу
свеча фейерверк для торта;199;assoc;салют на свадьбу
выезд как пишется;198;assoc;ведущий выездной регистрации
хрустальная свадьба картинки;198;assoc;портфолио свадебного фотографа
букет невесты из гортензии;197;top;букет невесты
поздравление с днем свадьбы 15 лет;197;assoc;транспорт для гостей на свадьбу
свадебные пригласительные;196;assoc;фотозона на свадьбу | файер шоу на свадьбу
букет невесты приметы;196;top;букет невесты
картинка с бракосочетанием поздравление;196;assoc;фотобудка на свадьбу
букет невесты должен;195;top;букет невесты
печать фото 10х15 цена;195;assoc;сколько стоит фотограф на свадьбу
кавер группа на свадьбу;194;top;кавер группа на свадьбу
свадебный букет для невесты москва;193;top;букет невесты
фата свадебная купить;193;assoc;торт на свадьбу цена
украшения для невесты на свадьбу;192;assoc;свадебная фотосессия
дарим букет невесте;192;top;букет невесты
аренда лимузина на свадьбу;192;assoc+top;свадебный торт на заказ | лимузин на свадьбу
стиль рустик на свадьбе;191;assoc;свадебный декор
торт свадебный какой;191;top;свадебный торт
рецепт свадебного каравая в домашних;191;top;свадебный каравай
ооо московская верфь;191;assoc;организатор свадьбы москва
нарастить зуб цена;191;assoc;сколько стоит ведущий на свадьбу
украшение свадебного торта;190;top;свадебный торт
зачем мы женимся 2007;190;assoc;пробный образ невесты
свадебная лезгинка;190;assoc;свет и звук на свадьбу
рецепт свадебного каравая в домашних условиях;188;top;свадебный каравай
букеты цветов невесты фото;186;top;букет невесты
сколько стоит операция на позвоночник;185;assoc;фотограф на свадьбу цена
свадьба своими руками на машину;185;top;машина на свадьбу
свадебный макияж и прическа;182;assoc;визажист на свадьбу
поздравление с днем бракосочетания молодым;182;assoc;лимузин на свадьбу
букет невесты фото 2026;181;top;букет невесты
зачем мы женимся фильм 2007;181;assoc;пробный образ невесты
видео поздравление с днем свадьбы;180;assoc;свадебный клип
подобрать стрижку по фотографии бесплатно онлайн;180;assoc;как выбрать фотографа на свадьбу
видеосъемка свадьбы;178;top;видеосъемка свадьбы
свадебные шрифты;178;assoc;аренда мебели для свадьбы
свадебная фотосессия в студии;177;assoc+top;фотограф на свадьбу | свадебная фотосессия | фотограф и видеограф на свадьбу | как выбрать фотографа на свадьбу
свадебный плейлист;177;assoc;диджей на свадьбу | живая музыка на свадьбу | файер шоу на свадьбу | салют на свадьбу
бонбоньерки на свадьбу;176;assoc;букет невесты
нежный букет невесты;175;top;букет невесты
декор свадебного стола;174;top+assoc;свадебный декор | оформление зала на свадьбу | оформление цветами свадьба | кенди бар на свадьбу
где снимали фильм 12 стульев;173;assoc;аренда мебели для свадьбы
фотограф мем;172;assoc;love story фотосессия
свадебные украшения для невесты;172;assoc;оформление зала на свадьбу | оформление цветами свадьба | текстиль на свадьбу | визажист на свадьбу | машина на свадьбу
ситцевая свадьба это;172;assoc;свадебный флорист | свадебный каравай
как украсить машину на свадьбу;172;top;машина на свадьбу
президиум молодоженов;171;assoc;молодой ведущий на свадьбу
лавстори фильм 2022;170;assoc;love story фотосессия
белый свадебный торт;170;top;свадебный торт
красивые свадебные фотосессии;169;top;свадебная фотосессия
искусственный букет невесты;169;top;букет невесты
букеты подарить невесте;168;top;букет невесты
поймать букет невесты на свадьбе;168;top;букет невесты
сколько стоит ведущий на свадьбу;167;top;ведущий на свадьбу | ведущая на свадьбу | сколько стоит ведущий на свадьбу
свадебный букет невесты 2026;167;top+assoc;букет невесты | автобус для гостей на свадьбу
бар на свадьбе;166;top;бар на свадьбу
свадебный портал;166;assoc;машина на свадьбу
садовод свадебные платья фото и цены;166;assoc;сколько стоит фотограф на свадьбу
недорогие букеты невесты москва;165;top;букет невесты
фигурки на свадебный торт;164;top;свадебный торт
заказать лимузин на свадьбу;163;top;лимузин на свадьбу
свадебная вечеринка фильм;162;assoc;ведущий на свадьбу недорого | кенди бар на свадьбу | бар на свадьбу | файер шоу на свадьбу | проектор на свадьбу
невесте дарят цветы на свадьбу;162;top;цветы на свадьбу
свадебные комедии;162;assoc;бармен на свадьбу
свадебная фотосессия усадьба;161;top;свадебная фотосессия
позы для фото на море;161;assoc;love story фотосессия
тост для молодоженов на свадьбе;161;assoc;свадебный торт
сколько стоит вазэктомия;160;assoc;ведущий на свадьбу цена
купить сценарий фильма;160;assoc;организация свадьбы под ключ цена
свадьба светлячков читать;160;assoc;транспорт для гостей на свадьбу
какие цветы на годовщину свадьбы;159;top;цветы на свадьбу
невеста бросает букет;158;top;букет невесты
свадебный торт на свадьбу;158;top;свадебный торт
русские народные праздники;158;assoc;свадебный каравай
московская объединенная электросетевая компания;155;assoc;ведущий свадьбы москва
свадебный букет для невесты купить в москве;155;top;букет невесты
фиалка букет невесты;154;top;букет невесты
дерзко смотрит магическую битву 1 сезон;154;assoc;дым для первого танца
букет невесты самой;153;top;букет невесты
никуда не денешься влюбишься и женишься;153;assoc;пробный образ невесты
тормозные диски textar отзывы;153;assoc;отзывы о ведущем на свадьбу
фотосессия на день рождения девушке;152;assoc;свадебный фотограф
курсы видеографа;152;assoc;видеосъемка свадьбы
букет невесты бордовый;152;top;букет невесты
ленты на машину на свадьбу;152;top;машина на свадьбу
букет невесты смотреть;151;top;букет невесты
корзина цветов на свадьбу;151;top;цветы на свадьбу
песни для первого танца молодоженов на свадьбу;151;assoc;свадебный торт
цветы на свадьбу в подарок молодоженам;150;top;цветы на свадьбу
свадебный макияж для невесты;150;assoc;визажист на свадьбу
исходящий вызов это;150;assoc;выездная регистрация под ключ
тамада слушать;149;assoc;ведущий и диджей на свадьбу | где найти ведущего на свадьбу
raido moscow;148;assoc;ведущий свадьбы москва
гранатовая свадьба картинки;148;assoc;свадебная фотосессия
букет невесты своими руками;148;top;букет невесты
букет невесты из кустовых роз;148;top;букет невесты
top style moscow;148;assoc;стилист на свадьбу москва
свадебная газета;147;assoc;тамада на свадьбу | фотограф на свадьбу | видеосъемка свадьбы | текстиль на свадьбу | артисты на свадьбу | команда на свадьбу
еще он не сшит твой наряд подвенечный;147;assoc;пробный образ невесты
сколько стоит вырвать зуб мудрости;146;assoc;ведущий на свадьбу недорого
декор свадебного торта;146;top;свадебный декор | свадебный торт
как собрать букет невесты;146;top;букет невесты
давай поженимся 2026 сегодня;145;assoc;свадебный распорядитель
невеста кидает букет;144;top;букет невесты
фуршетные закуски на праздничный;144;assoc;фуршет на свадьбу
московское барокко;144;assoc;стилист на свадьбу москва
свадебный марш ноты;144;assoc;автобус для гостей на свадьбу
свадебный каравай рецепт фото;143;top;свадебный каравай
танцевальная лихорадка актеры;142;assoc;дым для первого танца
поймать букет невесты смотреть;141;top;букет невесты
свадебные торты 3;141;top;свадебный торт
бенто тортик купить;141;assoc;торт на свадьбу цена
перестали приходить уведомления в телеграмме;141;assoc;ведущий выездной регистрации
машина на свадьбу с водителем в москве;141;top;машина на свадьбу
лимузин на свадьбу с водителем;141;top;лимузин на свадьбу
сколько стоит покататься на воздушном шаре;140;assoc;фотограф на свадьбу цена
оформление свадебного стола;140;assoc;президиум на свадьбу | текстиль на свадьбу
свадебный фуршет;140;assoc;кенди бар на свадьбу | кейтеринг на свадьбу
медная сковорода купить;140;assoc;аренда посуды на свадьбу
видеосъемка как пишется;137;assoc;фотограф и видеограф на свадьбу
фуршетные закуски на праздничный стол;137;assoc;фуршет на свадьбу
песни для свадебного танца жениха и невесты;137;assoc;свет и звук на свадьбу
купить цветы на свадьбу;136;top;цветы на свадьбу
свадебная галерея;136;assoc;файер шоу на свадьбу
украшения на машину на свадьбу купить;136;top;машина на свадьбу
выездная церемония бракосочетания;135;assoc;тамада на свадьбу | видеограф на свадьбу | кейтеринг на свадьбу | фуршет на свадьбу | артисты на свадьбу | координатор на свадьбу | команда на свадьбу
оформление свадьбы цветами;135;top;оформление свадьбы | оформление цветами свадьба
royal wedding;135;assoc;свадебная арка | кейтеринг на свадьбу
аренда машины с водителем на свадьбу;135;top;машина на свадьбу
локации для свадебной фотосессии в москве;134;top;свадебная фотосессия
цветы на свадьбу фото;134;top;цветы на свадьбу
фуршетный стол на день рождения;134;assoc;фуршет на свадьбу
недорогой лимузин на свадьбу;134;top;лимузин на свадьбу
фотограф на свадьбу цена;133;top+assoc;фотограф на свадьбу | фотограф на свадьбу цена | свадебная фотосессия
свадебный альбом на заказ;133;assoc;фотограф на свадьбу цена | сколько стоит фотограф на свадьбу
секс после свадьбы видео;133;assoc;свадебный клип
оформление зала на свадьбу;133;top;оформление свадьбы | оформление зала на свадьбу
виски баллантайнс отзывы;131;assoc;отзывы о ведущем на свадьбу
какие цветы на свадьбу невесте;130;top;цветы на свадьбу
цвет свадебного торта;130;top;свадебный торт
лимузин на свадьбу с водителем москва;130;top;лимузин на свадьбу
свадебные песни 2026;129;assoc;живая музыка на свадьбу | салют на свадьбу | свет и звук на свадьбу | автобус для гостей на свадьбу
тамада на свадьбу сценарий;128;top;тамада на свадьбу
места для свадебной фотосессии в москве;128;top;свадебная фотосессия
ведущий на свадьбу цена;127;top;ведущий на свадьбу | ведущая на свадьбу | ведущий на свадьбу цена
фотосессия свадебная москва где;127;top;свадебная фотосессия
где купить букет невесты;127;top;букет невесты
автодор рассчитать стоимость поездки;127;assoc;организация свадьбы под ключ цена
команда на свадьбу;127;top;команда на свадьбу
симс 4 свадебный торт где;126;top;свадебный торт
свадебный торт с доставкой;126;top;свадебный торт
торт на свадьбу 2026;126;assoc;свадебный торт | свадебный торт на заказ
московская академия ск рф;126;assoc;стилист на свадьбу москва
фотограмма;125;assoc;фотограф на свадьбу
как сделать букет невесты;125;top;букет невесты
цветы на стол на свадьбу;125;top;цветы на свадьбу
итальянский свадебный торт;125;top;свадебный торт
длинный свадебный торт;125;top+assoc;свадебный торт | автобус для гостей на свадьбу
свадебный торт вафельная;125;top;свадебный торт
музыка для свадебного видео;125;assoc;аренда шатра для свадьбы
слова ведущего на свадьбе;124;top;ведущий на свадьбу | ведущая на свадьбу
love story фотосессия;124;top;love story фотосессия
свадебный букет из калл для невесты;124;top;букет невесты
свадебные торты 2026 тренды;124;top;свадебный торт
свадебный марш слушать;124;assoc;салют на свадьбу | свет и звук на свадьбу
свадебный танец 2026;124;assoc;аренда шатра для свадьбы
лимузин на свадьбу в москве недорого;124;top;лимузин на свадьбу
синий букет невесты;123;top;букет невесты
что делать с букетом невесты;123;top;букет невесты
с годовщиной бракосочетания;123;assoc;президиум на свадьбу | артисты на свадьбу | координатор на свадьбу
букеты невесты купить недорого;122;top;букет невесты
лучшие цветы на свадьбу;122;top;цветы на свадьбу
открытка с агатовой свадьбой;122;assoc;портфолио свадебного фотографа
фотосессия в свадебном платье;121;top;свадебная фотосессия
свадьба ню;121;assoc;свадебная фотосессия | постановка свадебного танца
букет невесты онлайн;121;top;букет невесты
moscow moscow ha ha ha;120;assoc;ведущий свадьбы москва
искусственные цветы на свадьбу;120;top;цветы на свадьбу
поздравить молодоженов с бракосочетанием;120;assoc;президиум на свадьбу | артисты на свадьбу | машина на свадьбу | фотобудка на свадьбу
свадебное агентство вакансии;120;top;свадебное агентство
сколько стоит газовая колонка в квартиру;119;assoc;ведущий на свадьбу цена
засветы на свадьбе;119;assoc;свадебная арка | транспорт для гостей на свадьбу
украшение цветами на свадьбу;119;top;цветы на свадьбу
маленькие свадебные букеты для невесты;118;top;букет невесты
свадебный каравай пошаговое;118;top;свадебный каравай
сколько стоит букет невесты;117;top;букет невесты
духи букет невесты;116;top;букет невесты
цветы для невесты на свадьбу;116;top;цветы на свадьбу
свадебный торт рецепт;116;top;свадебный торт
пошаговый рецепт свадебного каравая;116;top;свадебный каравай
музыка для свадебного клипа;115;top;свадебный клип
кто покупает букет невесты;115;top;букет невесты
букет невесты после;115;top;букет невесты
букет невесты из пионовидных роз;115;top;букет невесты
заказать букеты невесты с доставкой;115;top;букет невесты
свадебная вечеринка фильм 2003;115;assoc;файер шоу на свадьбу | свет и звук на свадьбу
аукцион номеров на авто;115;assoc;машина на свадьбу
где провести свадебную фотосессию;114;top;свадебная фотосессия
wed wed свадебный сервис;114;assoc;визажист на свадьбу | координатор на свадьбу | где найти ведущего на свадьбу
свадебные образы 2026;113;assoc;прическа и макияж на свадьбу
свадебное платье рыбка кружевное;113;assoc;аренда шатра для свадьбы
заказать машину на свадьбу;113;top;машина на свадьбу
вырвать зуб мудрости цена;112;assoc;ведущий на свадьбу недорого
аренда свадебного декора;112;top+assoc;свадебный декор | оформление цветами свадьба | свет и звук на свадьбу
украшения для организации праздников купить;112;assoc;свадебный декор
кто изображен на гербе москвы;112;assoc;декор свадьбы москва
букет невесты фото из живых;112;top;букет невесты
букет невесты доставка недорого;112;top;букет невесты
жарю ультрамальвин и танцую один;112;assoc;дым для первого танца
смотреть онлайн букет невесты;111;top;букет невесты
кто поймает букет невесты онлайн;111;top;букет невесты
букет невесты зеленоград;111;top;букет невесты
букет невесты фото из живых цветов;110;top;букет невесты
свадебный каравай своими руками;110;top;свадебный каравай
песни для свадьбы танцевальные;110;assoc;постановка свадебного танца
жена пореченкова фото;110;assoc;портфолио свадебного фотографа
свадебный фотограф цена;109;top;свадебный фотограф
кто поймал букет невесты смотреть онлайн;109;top;букет невесты
фуршетные закуски на праздничный стол рецепты;109;assoc;фуршет на свадьбу
злк декор;108;assoc;оформление свадьбы
букет невесты москва с доставкой недорого;108;top;букет невесты
платье невеста букет;108;top;букет невесты
букет 2020 невеста;108;top;букет невесты
кто поймал букет невесты 2020;108;top;букет невесты
кто поймал букет невесты 2020 сериал;108;top;букет невесты
букет невесты из лилий;107;top;букет невесты
букет невесты и бутоньерка;107;top;букет невесты
кто поймал букет невесты бесплатно;107;top;букет невесты
кусково свадебная фотосессия;106;top;свадебная фотосессия
кто поймает букет невесты смотреть бесплатно;106;top;букет невесты
свадебные традиции в россии;106;assoc;текстиль на свадьбу | команда на свадьбу
сколько стоит свадебный букет;105;assoc;ведущий на свадьбу цена | фотограф на свадьбу цена | торт на свадьбу цена
украшение свадебного зала;105;assoc;оформление цветами свадьба
свадебный торт москва с доставкой;105;top;свадебный торт
тамада магазин;105;assoc;где найти ведущего на свадьбу
стриптиз на свадьбе;104;assoc;постановка свадебного танца
outlaw moscow;104;assoc;организатор свадьбы москва
какие машины на свадьбу;104;top;машина на свадьбу
каравай свадебный рецепт пошаговый с фото;103;assoc+top;фотозона на свадьбу | свадебный каравай
сколько стоит свадебный торт;103;top;свадебный торт
марсель свадебная;103;assoc;бармен на свадьбу
свадебный каравай пошаговое фото;103;top;свадебный каравай
прайс на массаж;103;assoc;сколько стоит ведущий на свадьбу
свадебные песни список;102;assoc;тамада на свадьбу | артисты на свадьбу | шоу программа на свадьбу | где найти ведущего на свадьбу
букет невесты фильм;102;top;букет невесты
кто поймал букет невесты смотреть онлайн бесплатно;102;top;букет невесты
цветок на свадьбу жениху;102;top;цветы на свадьбу
свадебный образ жениха;102;assoc;прическа и макияж на свадьбу
свадебный генерал что означает;102;assoc;координатор на свадьбу
конкурсы на свадьбу для гостей без тамады;101;top;тамада на свадьбу
moscow show com;101;assoc;ведущий свадьбы москва | организатор свадьбы москва
свадебный торт на сколько человек;101;top;свадебный торт
букет в подарок невесте;100;top;букет невесты
ижорский глушитель отзывы;100;assoc;отзывы о ведущем на свадьбу
тамада на свадьбу москва;99;top;тамада на свадьбу
тамада на свадьбу цены;99;top;тамада на свадьбу
сколько стоит сделать дарственную на квартиру;99;assoc;ведущий на свадьбу цена
маленький букет невесты фото;99;top;букет невесты
свадебный торт заказ доставкой;99;top;свадебный торт
свадебный торт купить москва;99;top;свадебный торт
фотобудка на свадьбу;99;top;фотобудка на свадьбу
сценарий на свадьбу для ведущего;98;top;ведущий на свадьбу | ведущая на свадьбу
оформление стола на свадьбу;98;top;оформление свадьбы
свадебный организатор москва;98;top;свадебный организатор
шаман свадебные цветы;97;assoc;салют на свадьбу
свадебный разгром фильм 2011;97;assoc;автобус для гостей на свадьбу
отражатель для фотосъемки;96;assoc;фотограф на свадьбу
как создать видео из фотографий с музыкой;96;assoc;фотограф и видеограф на свадьбу
эустома букет невесты белый;96;top;букет невесты
букет невесты из ромашек;96;top;букет невесты
букет невесты купить в москве недорого;96;top;букет невесты
свадебный торт с цветами;96;top;свадебный торт
свадебные торты на заказ с доставкой;96;top;свадебный торт на заказ
свадебные агентства отзывы;96;top;свадебное агентство
аренда шатра для свадьбы;96;top;аренда шатра для свадьбы
аренда шатров для свадьбы;96;top;аренда шатра для свадьбы
аренда шатров шатры для свадьбы;96;top;аренда шатра для свадьбы
сколько стоит оформление завещания у нотариуса;95;assoc;фотограф на свадьбу цена
букет невесты рижская;95;top;букет невесты
какие цветы лучше на свадьбу;95;top;цветы на свадьбу
живая музыка на свадьбу;95;top;живая музыка на свадьбу
заказать лимузин на свадьбу в москве;95;top;лимузин на свадьбу
сколько стоит отдохнуть на мальдивах;94;assoc;фотограф на свадьбу цена
букет невесты стили;94;top;букет невесты
висколор отзывы;94;assoc;отзывы о ведущем на свадьбу
сколько стоит фотограф на свадьбу;93;top;фотограф на свадьбу | сколько стоит фотограф на свадьбу
свадебная арка купить;93;top;свадебная арка
букет подружки невесты;93;top;букет невесты
букет невесты после свадьбы;93;top;букет невесты
букет невесты из хризантем;93;top;букет невесты
цветы подарить на свадьбу молодоженам;93;top;цветы на свадьбу
снятие брекетов цена;93;assoc;сколько стоит фотограф на свадьбу
свадебная фотосессия дворцы;92;top;свадебная фотосессия
цвета оформления свадьбы;92;top;оформление свадьбы | оформление цветами свадьба
торт свадебный на заказ москва с доставкой;92;top;свадебный торт | свадебный торт на заказ
свадебный торт 2;92;top;свадебный торт
кольца на машину для свадьбы;92;top;машина на свадьбу
аренда одежды для фотосессии;91;assoc;свадебный фотограф
свадебная музыка в загсе;91;assoc;фотозона на свадьбу | диджей на свадьбу | свет и звук на свадьбу | аренда мебели для свадьбы | лимузин на свадьбу
где купить свадебный торт;91;top;свадебный торт
стайлинг для волос что это такое;91;assoc;свадебный стилист
сколько стоит подать заявление в загс;91;assoc;организация свадьбы под ключ цена
а потом приехали армяне;91;assoc;ведущий выездной регистрации
прокат машин на свадьбу;91;top;машина на свадьбу
фотозона на свадьбу своими руками;90;top;фотозона на свадьбу
сколько стоят услуги риэлтора при покупке квартиры;90;assoc;организация свадьбы под ключ цена
сколько стоит мелирование на длинные волосы;89;assoc;ведущий на свадьбу цена
свадебное поздравление молодоженам своими словами;89;assoc;молодой ведущий на свадьбу | видеограф на свадьбу | текстиль на свадьбу | скрипачка на свадьбу | артисты на свадьбу | лимузин на свадьбу | команда на свадьбу
бутоньерка на свадьбу для жениха;89;assoc;свадебная арка
свадебный торт самому;89;top;свадебный торт
свадебный торт с ягодами;89;top;свадебный торт
свадебный торт ярусный;89;top;свадебный торт
свадебная музыка без слов;89;assoc;скрипачка на свадьбу | свет и звук на свадьбу
свадебный алтарь;89;assoc;скрипачка на свадьбу
не женюсь я не женюсь текст;89;assoc;пробный образ невесты
как снять отек после удаления зуба мудрости;89;assoc;аренда шатра для свадьбы
киномания фотографии актеров;89;assoc;портфолио свадебного фотографа
пляжный фотограф сташевский;88;assoc;love story фотосессия
вместо букета невесты;88;top;букет невесты
букет невесты бело голубой;88;top;букет невесты
что значит букет невесты;87;top;букет невесты
торжественная музыка для награждения;87;assoc;музыканты на свадьбу
титул в московском;87;assoc;стилист на свадьбу москва
свадебная церемония ученого рю;87;assoc;координатор на свадьбу
свадебный букет из альстромерии;87;assoc;автобус для гостей на свадьбу
этот брак обязательно будет успешным;87;assoc;подрядчики на свадьбу
поздравления с бракосочетанием молодоженам своими словами;86;assoc;молодой ведущий на свадьбу | лимузин на свадьбу
какой букет подарить невесте;86;top;букет невесты
какие цветы дарят на годовщину свадьбы;86;top;цветы на свадьбу
свадебные бокалы для жениха и невесты;86;assoc;кенди бар на свадьбу | бар на свадьбу | живая музыка на свадьбу | скрипачка на свадьбу | фотобудка на свадьбу
сколько стоит лицензия на продажу алкоголя;86;assoc;организация свадьбы под ключ цена
фотограф на свадьбу на осень екатеринбург;85;top;фотограф на свадьбу
свадебная фотосессия в отеле;85;top;свадебная фотосессия
свадебная фотосессия в парке;85;top;свадебная фотосессия
декор для сада своими руками;85;assoc;оформление свадьбы
аренда свадебной арки;85;top;свадебная арка
смотреть сериал букет невесты;85;top;букет невесты
пришла повестка в реестр повесток что делать;85;assoc;ведущий выездной регистрации
прикольный тамада на свадьбе;84;top;тамада на свадьбу
ведущие давай поженимся фамилии;84;assoc;тамада на свадьбу
декордизайн;84;assoc;свадебный декор | оформление свадьбы
зеленый букет невесты;84;top;букет невесты
стили свадебных тортов;84;top;свадебный торт
свадебный каравай фото домашний;84;top;свадебный каравай
фото свадебного каравая в домашних условиях;84;top;свадебный каравай
она не вышла замуж текст;84;assoc;пробный образ невесты
сделать свадебную фотосессию;83;top;свадебная фотосессия
create design n decor;83;assoc;свадебный декор | оформление свадьбы
невеста без букета;83;top;букет невесты
букетик цветов картинка;83;assoc;букет невесты
белые цветы на свадьбу;83;top;цветы на свадьбу
самые свадебные торты;83;top;свадебный торт
moskow или moscow как правильно;83;assoc;организатор свадьбы москва
свадебный вальс мендельсона;83;assoc;автобус для гостей на свадьбу
фотосессия с лимонами;82;assoc;свадебный фотограф
свадьба нудистов;82;assoc;свадебная арка
букет невесты заказать в москве с доставкой;82;top;букет невесты
алегрова свадебные цветы;82;assoc;салют на свадьбу | автобус для гостей на свадьбу
смотреть сериал кто поймал букет невесты;81;top;букет невесты
букет невесты под;81;top;букет невесты
букет невесты 2026 тренды фото;81;top;букет невесты
что делать с пойманным букетом невесты;81;top;букет невесты
букет невесты дублер;81;top;букет невесты
где взять свадебный торт;81;top;свадебный торт
особенность московского говора;81;assoc;стилист на свадьбу москва
главная героиня хочет видеть меня невесткой;81;assoc;пробный образ невесты
аренда машин на свадьбу москва с водителем;81;top;машина на свадьбу
украшение машины на свадьбу своими руками;81;top;машина на свадьбу
конкурсы на свадьбу без тамады в узком;80;top;тамада на свадьбу
свадебная арка своими руками;80;top;свадебная арка
букет для невесты от родителей;80;top;букет невесты
букет невесты сиреневый;80;top;букет невесты
какого цвета букет невесты;80;top;букет невесты
свадебная фотосессия фото;79;top;свадебная фотосессия
необычный букет невесты;79;top;букет невесты
букет невесты традиции;79;top;букет невесты
протея букет невесты;79;top;букет невесты
букет невесты из фрезии;79;top;букет невесты
быть а не казаться на латыни;79;assoc;пробный образ невесты
заказ машины на свадьбу;79;top;машина на свадьбу
давай поженимся ведущие имена;78;assoc;тамада на свадьбу
букет невесты из калл купить;78;top;букет невесты
белый букет невесты фото;78;top;букет невесты
оформление свадебного торта;78;top;свадебный торт
свадебный торт сколько кг;78;top;свадебный торт
скачать танцевальные песни для гулянки;78;assoc;постановка свадебного танца
снять фотографа на свадьбу;77;top;фотограф на свадьбу
оформление свадьбы фото;77;top;оформление свадьбы
свадебная арка симс;77;top;свадебная арка
рижский рынок букет невесты;77;top;букет невесты
букет невесты из орхидей;77;top;букет невесты
сестры роуз свадебные цветы;77;assoc;букет невесты
дарят ли невесте цветы на свадьбу;77;top;цветы на свадьбу
как рассчитать торт на свадьбу;77;assoc;свадебный торт на заказ
жена мишустина фото;77;assoc;портфолио свадебного фотографа
аренда декора на свадьбу;76;assoc;свадебная арка | свадебный торт на заказ | проектор на свадьбу
что подарить на свадьбу вместо цветов молодоженам;76;top;цветы на свадьбу
свадебные торты на заказ в москве;76;top;свадебный торт | свадебный торт на заказ
свадебный каравай заказать в москве;76;top;свадебный каравай
букет невесты самим;75;top;букет невесты
свадебные торт домашние;75;top;свадебный торт
свадебный торт со;75;top;свадебный торт
кто такой тамада;75;assoc;где найти ведущего на свадьбу
букет невесты из георгин;73;top;букет невесты
стабилизированный букет невесты;73;top;букет невесты
букеты невесты почему;73;top;букет невесты
букет невесты подольск;73;top;букет невесты
букет цветов невесте на свадьбу;72;top;букет невесты | цветы на свадьбу
нужны ли цветы на свадьбу;72;top;цветы на свадьбу
какие цветы дарят на свадьбу невесте;72;top;цветы на свадьбу
свадебный торт своими руками;72;top;свадебный торт
дневной салют на свадьбу;72;top;салют на свадьбу
сколько свадебный фотограф;71;top;свадебный фотограф
букет невесты с жемчугом;71;top;букет невесты
мини бар на свадьбе;71;top;бар на свадьбу
свадебный каравай своими руками в домашних;71;top;свадебный каравай
свадебный каравай своими руками в домашних условиях;71;top;свадебный каравай
кавер группа на свадьбу москва;71;top;кавер группа на свадьбу
свадебное агентство воздух;71;top;свадебное агентство
свадебная резня фильм 2023;71;assoc;автобус для гостей на свадьбу
заказать недорогой лимузин на свадьбу;71;top;лимузин на свадьбу
силимар отзывы;71;assoc;отзывы о ведущем на свадьбу
смешной тамада на свадьбу;70;top;тамада на свадьбу
букет невесты из ранункулюсов;70;top;букет невесты
свадебный торт в домашних условиях;70;top;свадебный торт
свадебный торт невеста;70;top;свадебный торт
вес свадебного торта;70;top;свадебный торт
аренда лимузина на свадьбу в москве;70;top;лимузин на свадьбу
фотография руми;69;assoc;love story фотосессия
клип свадебные платья;69;top;свадебный клип
свадебный декор цвета;69;top;свадебный декор
букет невесты пинтерест;69;top;букет невесты
букет невесты с гипсофилой;69;top;букет невесты
на свадьбу дарят цветы гости;69;top;цветы на свадьбу
свадебный торт пирог;69;top;свадебный торт
караваи свадебные пошагово;69;top;свадебный каравай
оригинальный букет невесты;68;top;букет невесты
свадебный календарь;68;assoc;цветы на свадьбу
как украсить свадебный торт;68;top;свадебный торт
ezwed свадебное агентство;68;top;свадебное агентство
финкрот отписаться от платных услуг;68;assoc;организация свадьбы под ключ цена
ии фотосессия по фото бесплатно без регистрации;68;assoc;как выбрать фотографа на свадьбу
свадебная фотосессия зимой;67;top;свадебная фотосессия
букет невесты на свадьбу фото;67;top;букет невесты
кто покупает букет невесты на свадьбу;67;top;букет невесты
букет невесты из белой гвоздики;67;top;букет невесты
букет невесты из белых гвоздик;67;top;букет невесты
торт свадебный трехъярусный;67;top;свадебный торт
большой свадебный торт;67;top;свадебный торт
свадебные торты видео;67;top;свадебный торт
машина невесты на свадьбе;67;top;машина на свадьбу
машина жениха на свадьбе;67;top;машина на свадьбу
тамада на свадьбу стоит;66;top;тамада на свадьбу
фотограф и видеограф на свадьбу;66;top;фотограф на свадьбу | видеограф на свадьбу | фотограф и видеограф на свадьбу
позы для свадебных фотосессий;66;top;свадебная фотосессия
аварская свадьба;66;assoc;свадебная арка
коалы букет невесты;66;top;букет невесты
букет цветов для невесты свадебные;66;top;букет невесты
букет лета букет невесты;66;top;букет невесты
красивые цветы на свадьбу;66;top;цветы на свадьбу
красивый свадебный торт;66;top;свадебный торт
укладка волос средней длины на праздник;66;assoc;прическа и макияж на свадьбу
свадебные агентства wedding;66;top;свадебное агентство
заказать лимузин на свадьбу в москве недорого;66;top;лимузин на свадьбу
стоимость венчания в церкви;66;assoc;сколько стоит фотограф на свадьбу
конкурсы на свадьбу без тамады прикольные;65;top;тамада на свадьбу
оформление президиума на свадьбу;65;assoc+top;свадебный декор | оформление свадьбы | президиум на свадьбу
цветы на свадьбу от гостей;65;top;цветы на свадьбу
букет цветов на свадьбу фото;65;top;цветы на свадьбу
суть свадебного торта;65;top;свадебный торт
дарси свадебное агентство;65;top;свадебное агентство
свадебный марш на пианино;65;assoc;свет и звук на свадьбу
московский той терьер фото;64;assoc;свадебный фотограф москва
литовский свадебный торт;64;top;свадебный торт
свадебный торт жених невеста;64;top;свадебный торт
кравец свадебное агентство;64;top;свадебное агентство
wed wed свадебное агентство;64;top;свадебное агентство
аренда машины на свадьбу в москве;64;top;машина на свадьбу
сколько стоит тамада на свадьбу;63;top;тамада на свадьбу
светомузыка для домашних вечеринок купить;63;assoc;ведущий на свадьбу цена
фотограф на свадьбу на час;63;top;фотограф на свадьбу
фотограф на часы на свадьбу;63;top;фотограф на свадьбу
фильм кто поймал букет невесты;63;top;букет невесты
букет невесты и бутоньерка жениха;63;top;букет невесты
букет невесты из искусственных цветов;63;top;букет невесты
девушка поймала букет невесты;63;top;букет невесты
цветы в горшке на свадьбу;63;top;цветы на свадьбу
прикольные конкурсы для тамады на свадьбу;62;top;тамада на свадьбу
софтбокс для фотосъемки;62;assoc;love story фотосессия
декор свадьбы москва;62;top;декор свадьбы москва
свадебная арка фото;62;top;свадебная арка
простой букет невесты;62;top;букет невесты
где заказать букет невесты;62;top;букет невесты
букет невесты от жениха;62;top;букет невесты
букет невесты маленький нежный;62;top;букет невесты
осенний букет невесты;62;top;букет невесты
что можно подарить вместо цветов на свадьбу;62;top;цветы на свадьбу
дизайн свадебного торта;62;top;свадебный торт
осельтамивир отзывы врачей;62;assoc;отзывы о ведущем на свадьбу
видеограф на свадьбу в москве;61;top;видеограф на свадьбу
свадебный декор садовод;61;top;свадебный декор
букет невесты из кал;61;top;букет невесты
свадебный букет для невесты недорого;61;top;букет невесты
букет невесты самостоятельно;61;top;букет невесты
отдали букет невесты;61;top;букет невесты
букет цветов на свадьбу в подарок;61;top;цветы на свадьбу
доставка цветов на свадьбу;61;top;цветы на свадьбу
фото свадебного торта двухъярусного;61;top;свадебный торт
камеди свадебное агентство;61;top;свадебное агентство
выездные регистраторы;61;top;выездной регистратор
amures платья свадебные;61;assoc;аренда шатра для свадьбы
фотограф свадебной фотосессии;60;top;свадебный фотограф | свадебная фотосессия
стили свадьба оформление;60;top;оформление свадьбы
свадебный букет для невесты из гипсофилы;60;top;букет невесты
вынос свадебного торта;60;top;свадебный торт
свадебный торт 2026 фото;60;top;свадебный торт
не свадебное путешествие фильм 2015 актеры;60;assoc;автобус для гостей на свадьбу
сайт свадебных фотографов;59;top;свадебный фотограф
красивые свадебные фотосессии в москве;59;top;свадебная фотосессия
где провести свадебную фотосессию в москве;59;top;свадебная фотосессия
клип свадебные цветы;59;top;свадебный клип
свадебный декор москва;59;top;свадебный декор
свадебный декор купить;59;top;свадебный декор
какой букет невесты лучше;59;top;букет невесты
букет невесты из белых калл;59;top;букет невесты
родители дарят цветы на свадьбу;59;top;цветы на свадьбу
как украсить машину на свадьбу своими руками;59;top;машина на свадьбу
семовик отзывы худеющих;59;assoc;отзывы о ведущем на свадьбу
услуги фотографа на свадьбу;58;top;фотограф на свадьбу
свадебная фотосессия саду;58;top;свадебная фотосессия
фотостудия для свадебной фотосессии;58;top;свадебная фотосессия
песня для свадебного клипа;58;top;свадебный клип
нежные букеты невесты фото;58;top;букет невесты
букет невесты спб;58;top;букет невесты
цветы на свадьбу от родителей;58;top;цветы на свадьбу
цветы на руках на свадьбу;58;top;цветы на свадьбу
выбрать свадебный торт;58;top;свадебный торт
размер свадебного торта;58;top;свадебный торт
начинки для свадебного торта;58;top;свадебный торт
кейтеринг на свадьбу москва;58;top;кейтеринг на свадьбу
постановка свадебного танца в москве;58;top;постановка свадебного танца
букет невесты купить недорого с доставкой;57;top;букет невесты
букет невесты из сухоцветов;57;top;букет невесты
арка из цветов на свадьбу;57;top;цветы на свадьбу
букет цветов молодоженам на свадьбу;57;top;цветы на свадьбу
можно ли дарить цветы на свадьбу;57;top;цветы на свадьбу
фото свадебных тортов одноярусные;57;top;свадебный торт
свадебное агентство свадьба;57;top;свадебное агентство
аренда лимузин с водителем на свадьбу;57;top;лимузин на свадьбу
силдемакс отзывы;57;assoc;отзывы о ведущем на свадьбу
лучшая свадебная фотосессия;56;top;свадебная фотосессия
нужен ли невесте букет;56;top;букет невесты
кто поймал букет невесты сериал смотреть онлайн;56;top;букет невесты
онлайн сериал кто поймал букет невесты;56;top;букет невесты
букет невесты как разыграть;56;top;букет невесты
букет невесты красно белый;56;top;букет невесты
букет невесты из маленьких роз;56;top;букет невесты
букеты цветов невесты своими руками;56;top;букет невесты
букет на свадьбу какие цветы;56;top;цветы на свадьбу
подарить букет цветов на свадьбу;56;top;цветы на свадьбу
свадебные торты картинки;56;top;свадебный торт
культурно массовые мероприятия это;56;assoc;шоу программа на свадьбу
зачем вы девушки красивых любите текст;56;assoc;пробный образ невесты
тормозные диски sat отзывы;56;assoc;отзывы о ведущем на свадьбу
ведущие на свадьбу область;55;top;ведущий на свадьбу | ведущая на свадьбу
ведущий на свадьбу молодоженам;55;top;ведущий на свадьбу | ведущая на свадьбу
фотограф на свадьбу недорого;55;top;фотограф на свадьбу
идеи для свадебной фотосессии;55;assoc+top;фотограф на свадьбу | свадебная фотосессия | фотограф и видеограф на свадьбу
оформление свадьбы шарами;55;top;оформление свадьбы
свадебные букеты для невесты фото маленькие;55;top;букет невесты
каллы цветы букет невесты;55;top;букет невесты
дешевый букет невесты;55;top;букет невесты
букет невесты 2026 купить;55;top;букет невесты
букет невесты из диантусов;55;top;букет невесты
дарят ли цветы на свадьбу молодоженам;55;top;цветы на свадьбу
свадебный торт заказать москва;55;top;свадебный торт
мтс лайф купить билет на концерт;55;assoc;торт на свадьбу цена
ведущий на свадьбу москва цены;54;top;ведущий на свадьбу | ведущая на свадьбу | ведущий свадьбы москва | ведущий на свадьбу цена
вопросы ведущему на свадьбу;54;top;ведущий на свадьбу | ведущая на свадьбу
конкурсы за столом на свадьбе без тамады;54;top;тамада на свадьбу
никакого праздника видео;54;assoc;видеограф на свадьбу | видеосъемка свадьбы
лента на букет невесты;54;top;букет невесты
букет на свадьбу подарить невесте;54;top;букет невесты
букет невесты из красных роз;54;top;букет невесты
букет невесты из альстромерии;54;top;букет невесты
живые букеты цветов на свадьбу;54;top;цветы на свадьбу
какие цветы лучше дарить на свадьбу;54;top;цветы на свадьбу
готовые свадебные торты;54;top;свадебный торт
свадебный стилист москва;54;top;свадебный стилист
проектор на свадьбе;54;top;проектор на свадьбу
нужен ведущий на свадьбу;53;top;ведущий на свадьбу | ведущая на свадьбу
ведущий и диджей на свадьбу;53;top;ведущий на свадьбу | ведущая на свадьбу | ведущий и диджей на свадьбу | диджей на свадьбу
сценарий на свадьбу без тамады;53;top;тамада на свадьбу
красивые места для свадебной фотосессии;53;top;свадебная фотосессия
что значит поймать букет невесты;53;top;букет невесты
букет невесты из брокколи;53;top;букет невесты
нужен свадебный торт;53;top;свадебный торт
вкусы свадебных тортов;53;top;свадебный торт
сколько стоит салют на свадьбу;53;top;салют на свадьбу
суть идеального брака актеры;53;assoc;пробный образ невесты
заказать машину с водителем на свадьбу;53;top;машина на свадьбу
авито машина на свадьбу;53;top;машина на свадьбу
видео ведущих на свадьбах;52;top;ведущий на свадьбу | ведущая на свадьбу
свадебные конкурсы для гостей;52;assoc;ведущий на свадьбу | ведущая на свадьбу | молодой ведущий на свадьбу | ведущий на маленькую свадьбу | оформление зала на свадьбу | кенди бар на свадьбу | кавер группа на свадьбу | живая музыка на свадьбу | скрипачка на свадьбу
свадебный фотограф фото;52;top;свадебный фотограф
свадебные клипы скачать;52;top;свадебный клип
оформление свадеб москва;52;top;оформление свадьбы
аренда фотозоны на свадьбу;52;top;фотозона на свадьбу
свадебный фон для открытки;52;assoc;фотозона на свадьбу
букет невесты фиолетовый;52;top;букет невесты
букеты невесты белые купить;52;top;букет невесты
смотреть бесплатно сериал кто поймал букет невесты;52;top;букет невесты
свадебный букет для невесты нежный;52;top;букет невесты
стойкий букет невесты;52;top;букет невесты
купить букет цветов невесты;52;top;букет невесты
букет невесты из гладиолусов;52;top;букет невесты
цветы на золотую свадьбу;52;top;цветы на свадьбу
свадебный торт два;52;top;свадебный торт
свадебный торт мастика;52;top;свадебный торт
свадебный каравай рецепт пошагово;52;top;свадебный каравай
свадебный образ невесты 2026;52;assoc;прическа и макияж на свадьбу
свадебный фотограф стоит;51;top;свадебный фотограф
где свадебные арки;51;top;свадебная арка
свадебный флорист;51;top;свадебный флорист
букет на свадьбу от родителей невесты;51;top;букет невесты
букет невесты фиалка фото;51;top;букет невесты
букет невесты из белых пионов;51;top;букет невесты
букет невесты из роз и гипсофилы;51;top;букет невесты
какие цветы подарить на годовщину свадьбы;51;top;цветы на свадьбу
когда дарят цветы на свадьбе;51;top;цветы на свадьбу
ваза для цветов на свадьбу;51;top;цветы на свадьбу
нужно дарить цветы на свадьбу;51;top;цветы на свадьбу
какие цветы можно на свадьбу;51;top;цветы на свадьбу
где купить свадебный торт симс;51;top;свадебный торт
как сделать свадебный торт;51;top;свадебный торт
свадебная песня в загсе;51;assoc;файер шоу на свадьбу | салют на свадьбу
отзывы о семавик для похудения отзывы;51;assoc;отзывы о ведущем на свадьбу
ведущий человек на свадьбу;50;top;ведущий на свадьбу | ведущая на свадьбу
речь ведущего на свадьбе;50;top;ведущий на свадьбу | ведущая на свадьбу
фотосессия в свадебном платье в студии;50;top;свадебная фотосессия
свадебная фотосессия в царицыно;50;top;свадебная фотосессия
пионовидные розы белые букет невесты;50;top;букет невесты
zone букет невесты;50;top;букет невесты
букет невесты с эвкалиптом;50;top;букет невесты
розыгрыш букета невесты;50;top;букет невесты
букет невесты рязань;50;top;букет невесты
свадебный торт 6;50;top;свадебный торт
свадебный торт лучшее;50;top;свадебный торт
тесто на каравай свадебный;50;top;свадебный каравай
заказать артиста на свадьбу;50;top;артисты на свадьбу
купить салют на свадьбу;50;top;салют на свадьбу
актеры сватов фото и фамилии;50;assoc;портфолио свадебного фотографа
где сделать свадебную фотосессию;49;top;свадебная фотосессия
оформление бутылок на свадьбу;49;top;оформление свадьбы
оформление свадьбы своими руками;49;top;оформление свадьбы
как называется букет невесты;49;top;букет невесты
букет невесты отзыв;49;top;букет невесты
букет невесты каллы в москве;49;top;букет невесты
букет невесты обязательно;49;top;букет невесты
белые гипсофилы букет невесты;49;top;букет невесты
цветы на свадьбу открытки;49;top;цветы на свадьбу
цветы каллы на свадьбу;49;top;цветы на свадьбу
композиции из цветов на свадьбу;49;top;цветы на свадьбу
цветы на машину на свадьбу;49;top;цветы на свадьбу | машина на свадьбу
надпись на свадебный торт;49;top;свадебный торт
главная героиня хочет видеть меня своей невесткой;49;assoc;пробный образ невесты
заказ лимузина на свадьбу;49;top;лимузин на свадьбу
лимузин на свадьбу цена;49;top;лимузин на свадьбу
что дарят на фаянсовую свадьбу;49;assoc;проектор на свадьбу
букет цветов невесты москва;48;top;букет невесты
empire zone букет невесты;48;top;букет невесты
что делать с букетом невесты после;48;top;букет невесты
что делать с букетом невесты после свадьбы;48;top;букет невесты
букет невесты из каких цветов;48;top;букет невесты
букет невесты королев;48;top;букет невесты
свадебный букет невесты заказать;48;top;букет невесты
букет невесты калуга;48;top;букет невесты
бутылки на свадьбу цветами;48;top;цветы на свадьбу
какие цветы дарят на свадьбу родители;48;top;цветы на свадьбу
горохов музыкант на свадьбу;48;top;музыканты на свадьбу
салют на свадьбу цена;48;top;салют на свадьбу
цветной салют на свадьбу;48;top;салют на свадьбу
стилист визажист на свадьбу;48;top;визажист на свадьбу
открывай ворота приехала суета;48;assoc;выездной регистратор
эскорт новый вызов;48;assoc;выездная регистрация под ключ
сколько стоит отбеливание зубов у стоматолога;47;assoc;ведущий на свадьбу цена
букет для мамы невесты;47;top;букет невесты
букет невесты большой;47;top;букет невесты
заказать букет невесты недорого с доставкой;47;top;букет невесты
цветы на день свадьбы;47;top;цветы на свадьбу
где взять свадебный торт в симс;47;top;свадебный торт
кусок свадебного торта;47;top;свадебный торт
мкдц платные услуги;47;assoc;организация свадьбы под ключ цена
тамада на свадьбу москва цена;46;top;тамада на свадьбу
свадебная фотосессия в подмосковье;46;top;свадебная фотосессия
полевые букеты невесты;46;top;букет невесты
круглый букет невесты;46;top;букет невесты
какой должен быть букет невесты;46;top;букет невесты
букет невесты сумочка;46;top;букет невесты
украсить цветами на свадьбу;46;top;цветы на свадьбу
нужно ли дарить цветы на свадьбу;46;top;цветы на свадьбу
цветы молодым на свадьбу;46;top;цветы на свадьбу
букеты вместо цветов на свадьбу;46;top;цветы на свадьбу
свадебный торт 2 яруса;46;top;свадебный торт
радио саксофон;46;assoc;саксофонист на свадьбу
цена машины на свадьбу;46;top;машина на свадьбу
игры на свадьбу тамада;45;top;тамада на свадьбу
ии фотосессия свадебная;45;top;свадебная фотосессия
зачем невесте букет;45;top;букет невесты
виды букетов невесты;45;top;букет невесты
бросание букета невесты;45;top;букет невесты
кому дарить букет невесты;45;top;букет невесты
кто дарит букет невесты;45;top;букет невесты
приметы на свадьбу букет невесты;45;top;букет невесты
букеты невесты 2021;45;top;букет невесты
кто поймает букет невесты 2021;45;top;букет невесты
букет цветов для невесты свадебные живые;45;top;букет невесты
букет невесты пеларгония;45;top;букет невесты
декор президиума на свадьбу;45;top;президиум на свадьбу
где взять свадебный торт в симс 4;45;top;свадебный торт
блюда из рыбы на праздничный стол;45;assoc;кейтеринг на свадьбу
бармен на свадьбу;45;top;бармен на свадьбу
музыкант на свадьбе 7;45;top;музыканты на свадьбу
красивые фотографии примеры;45;assoc;как выбрать фотографа на свадьбу
московский ведущий на свадьбу;44;top;ведущий на свадьбу | ведущая на свадьбу
рассчитать налог с продажи квартиры калькулятор 2026;44;assoc;ведущий на свадьбу цена
свадебная фотосессия на природе;44;top;свадебная фотосессия
отель для свадебной фотосессии в москве;44;top;свадебная фотосессия
что изображено на гербе москвы;44;assoc;декор свадьбы москва
букет невесты пионы купить;44;top;букет невесты
какой букет дарят невесте;44;top;букет невесты
свадебный букет для невесты нежный маленький;44;top;букет невесты
купить букет для невесты доставка;44;top;букет невесты
свадебный букет из гортензии для невесты;44;top;букет невесты
скромный букет невесты;44;top;букет невесты
букет невесты из белых кустовых роз;44;top;букет невесты
оформление цветов на свадьбу;44;top;цветы на свадьбу
торт итальянский пирог свадебный;44;top;свадебный торт
торт свадебный круглый;44;top;свадебный торт
свадебный каравай где купить;44;top;свадебный каравай
саксофонист на свадьбу;44;top;саксофонист на свадьбу
свадебный организатор вакансии;44;top;свадебный организатор
свадебное агентство москва вакансии;44;top;свадебное агентство
название команды на свадьбе;44;top;команда на свадьбу
современная ведущая на свадьбу;43;top;ведущий на свадьбу | ведущая на свадьбу
ведущая тамада на свадьбу;43;top;ведущий на свадьбу | ведущая на свадьбу | тамада на свадьбу
ведущий на свадьбу московская область;43;top;ведущий на свадьбу | ведущая на свадьбу
сколько стоит свадебный фотограф;43;top;свадебный фотограф
свадебный фотограф екатеринбург цена;43;top;свадебный фотограф
турандот свадебная фотосессия;43;top;свадебная фотосессия
сколько стоит свадебная фотосессия;43;top;свадебная фотосессия
что означает букет невесты;43;top;букет невесты
букет невесты мытищи;43;top;букет невесты
заказать букет невесты в москве недорого;43;top;букет невесты
мини букет невесты;43;top;букет невесты
заказать цветы на свадьбу;43;top;цветы на свадьбу
цветы на свадьбу дочери;43;top;цветы на свадьбу
свадебный торт пинтерест;43;top;свадебный торт
первый свадебный торт;43;top;свадебный торт
свадебный каравай испечь в домашних;43;top;свадебный каравай
музыкант на свадьбу уральские;43;top;музыканты на свадьбу
машина гостей на свадьбу;43;top;машина на свадьбу
ведущий на камерную свадьбу;42;top;ведущий на свадьбу | ведущая на свадьбу
игры на свадьбе без тамады;42;top;тамада на свадьбу
студии для свадебной фотосессии в москве;42;top;свадебная фотосессия
свадебная арка из цветов;42;top;свадебная арка
бело зеленый букет невесты;42;top;букет невесты
букет невесты в загсе;42;top;букет невесты
как собрать букет невесты самостоятельно;42;top;букет невесты
букет невесты магазин;42;top;букет невесты
букет невесты из роз фото;42;top;букет невесты
букет невесты 2021 сериал;42;top;букет невесты
кто поймал букет невесты сериал 2021;42;top;букет невесты
красивый букет цветов на свадьбу;42;top;цветы на свадьбу
на свадьбу принято дарить цветы;42;top;цветы на свадьбу
подарить цветы на свадьбу невесте;42;top;цветы на свадьбу
платье с цветами на свадьбу;42;top;цветы на свадьбу
подарок на свадьбу вместо цветов;42;top;цветы на свадьбу
свадебные фигурки на торт жених и невеста;42;top;свадебный торт
свадебный торт на 40 человек;42;top;свадебный торт
свадебный торт 6 кг;42;top;свадебный торт
свадебный торт недорого;42;top;свадебный торт
все свое ношу с собой на латыни;42;assoc;пробный образ невесты
продать ооо с единственным учредителем сколько стоит;42;assoc;организация свадьбы под ключ цена
сколько стоит лимузин на свадьбу;42;top;лимузин на свадьбу
свадебная фотосессия цена;41;top;свадебная фотосессия
какой букет подарить на свадьбу невесте;41;top;букет невесты
свадебный букет для невесты фото маленький нежный;41;top;букет невесты
фото букет невесты свадебный нежный;41;top;букет невесты
букет невесты роза и эустома;41;top;букет невесты
модные букеты невесты 2026;41;top;букет невесты
обязательно ли букет невесты;41;top;букет невесты
букет невесты картинки;41;top;букет невесты
букет невесты на свадьбу из роз;41;top;букет невесты
надо дарить цветы на свадьбе;41;top;цветы на свадьбу
как украсить свадебную машину;41;assoc;оформление цветами свадьба | лимузин на свадьбу
симс 4 где купить свадебный торт;41;top;свадебный торт
торт свадебный с бумагой;41;top;свадебный торт
свечи на свадебный торт;41;top;свадебный торт
свадебный торт 5 кг;41;top;свадебный торт
музыкант на свадьбе 7 букв;41;top;музыканты на свадьбу
диджей на свадьбу москва;41;top;диджей на свадьбу
что такое тамада;41;assoc;где найти ведущего на свадьбу
лучший ведущий на свадьбу;40;top;ведущий на свадьбу | ведущая на свадьбу
видео тамады на свадьбе;40;top;тамада на свадьбу
свадебная фотосессия жениха;40;top;свадебная фотосессия
свадебная фотосессия летом;40;top;свадебная фотосессия
сорт букет невесты;40;top;букет невесты
букет невесты своими руками из живых;40;top;букет невесты
букет невесты своими руками из живых цветов;40;top;букет невесты
букет невесты 2021 смотреть;40;top;букет невесты
кто поймал букет невесты 2021 смотреть;40;top;букет невесты
свадебный букет для невесты цена;40;top;букет невесты
свадебный букет для невесты москва недорого;40;top;букет невесты
букет невесты электросталь;40;top;букет невесты
букет невесты стоимость;40;top;букет невесты
на свадьбе жениху дарят цветы;40;top;цветы на свадьбу
оригинальные цветы на свадьбу;40;top;цветы на свадьбу
свадебный стилист визажист;40;top;свадебный стилист
инстасамка с мужем фото;40;assoc;портфолио свадебного фотографа
сценарий на свадьбу для ведущего современный;39;top;ведущий на свадьбу | ведущая на свадьбу
лучший свадебный фотограф;39;top;свадебный фотограф
свадебная фотосессия осенью;39;top;свадебная фотосессия
платье на свадьбу для мамы жениха фото;39;assoc;свадебная фотосессия
золотая свадьба оформление;39;top;оформление свадьбы
оформление свадьбы золотом;39;top;оформление свадьбы
украшение свадебной арки;39;top;свадебная арка
свадебный букет невесты доставка;39;top;букет невесты
букет невесты из бисера;39;top;букет невесты
каскадный букет невесты;39;top;букет невесты
букет невесты люберцы;39;top;букет невесты
на свадьбу покупают цветы;39;top;цветы на свадьбу
букет цветов на свадьбу в подарок молодоженам;39;top;цветы на свадьбу
цветы на серебряную свадьбу;39;top;цветы на свадьбу
какие цветы дарят на свадьбу гости;39;top;цветы на свадьбу
президиум на свадьбу своими руками;39;top;президиум на свадьбу
виды свадебных тортов;39;top;свадебный торт
свадебный торт прямоугольный одноярусный;39;top;свадебный торт
свадебный торт с инициалами;39;top;свадебный торт
свадебный гимн;39;assoc;бармен на свадьбу | диджей на свадьбу | файер шоу на свадьбу
рецепт свадебного каравая своими руками;39;top;свадебный каравай
заказать машину на свадьбу в москве;39;top;машина на свадьбу
аренда фотобудки на свадьбу;39;top;фотобудка на свадьбу
текст ведущего на свадьбу;38;top;ведущий на свадьбу | ведущая на свадьбу
конструктор свадебных приглашений;38;assoc;молодой ведущий на свадьбу
свадебный фотограф на осень екатеринбурге;38;top;свадебный фотограф
джем декор;38;assoc;оформление свадьбы
белая свадебная арка;38;top;свадебная арка
два букета невесты;38;top;букет невесты
букет невесты из стабилизированных цветов;38;top;букет невесты
букет невесты из гипсофилы фото;38;top;букет невесты
цветы на свадьбу москва;38;top;цветы на свадьбу
родители дарят цветы на свадьбу молодоженам;38;top;цветы на свадьбу
красные цветы на свадьбу;38;top;цветы на свадьбу
как купить свадебный торт симс;38;top;свадебный торт
свадебный торт должен быть;38;top;свадебный торт
стоимость свадебного торта;38;top;свадебный торт
свадебный торт на 30 человек;38;top;свадебный торт
маленький свадебный торт;38;top;свадебный торт
музыкант на свадьбу уральские пельмени;38;top;музыканты на свадьбу
украшение машины на свадьбу 2026;38;top;машина на свадьбу
программа ведущего на свадьбу;37;top;ведущий на свадьбу | ведущая на свадьбу
конкурсы на свадьбы без тамады смешные;37;top;тамада на свадьбу
стили свадебных фотосессий;37;top;свадебная фотосессия
оформление свадьбы цена;37;top;оформление свадьбы
свисающий букет невесты;37;top;букет невесты
букет невесты на свадьбу белый;37;top;букет невесты
про букет невесты;37;top;букет невесты
букет невесты небольшой;37;top;букет невесты
букет невесты голубой цвет;37;top;букет невесты
букет невесты из калл фото;37;top;букет невесты
цветы на свадьбу в подарок какие;37;top;цветы на свадьбу
где цветы на свадьбу;37;top;цветы на свадьбу
готовые президиумы на свадьбу;37;top;президиум на свадьбу
простой свадебный торт;37;top;свадебный торт
топпер на свадебный торт;37;top;свадебный торт
делаем свадебный торт;37;top;свадебный торт
рецепт свадебного каравая в домашних условиях пошагово;37;top;свадебный каравай
квартирник это что за мероприятие;37;assoc;шоу программа на свадьбу
снять машину на свадьбу;37;top;машина на свадьбу
жених ведущий на свадьбе;36;top;ведущий на свадьбу | ведущая на свадьбу
ведущий свадьба вслепую на пятнице;36;top;ведущий на свадьбу | ведущая на свадьбу
слова тамады на свадьбе;36;top;тамада на свадьбу
договор свадебного фотографа;36;top;свадебный фотограф
услуги свадебного фотографа;36;top;свадебный фотограф
свадебный фотограф москва цены;36;top;свадебный фотограф | свадебный фотограф москва
клип аллегрова свадебные;36;top;свадебный клип
клип аллегровой свадебные цветы;36;top;свадебный клип
песня на свадьбу для молодых в подарок;36;assoc;свадебный клип
поймать букет невесты на свадьбе примета;36;top;букет невесты
букет невесты из белых кустов роз;36;top;букет невесты
букет невесты 2021 смотреть онлайн;36;top;букет невесты
букет невесты сериал 2021 смотреть онлайн;36;top;букет невесты
букет невесты купить зеленоград;36;top;букет невесты
букет невесты с розовыми;36;top;букет невесты
букет невесты варианты;36;top;букет невесты
описание букета невесты;36;top;букет невесты
букет невесты с протеей;36;top;букет невесты
букет невесты кто должен покупать;36;top;букет невесты
красны свадебный торт;36;top;свадебный торт
салат с фасолью на праздничный стол;36;assoc;кейтеринг на свадьбу
цена свадебного каравая;36;top;свадебный каравай
банты на машину на свадьбу;36;top;машина на свадьбу
свадьба тамада на второй день;35;top;тамада на свадьбу
свадебный тост короткий и красивый;35;assoc;ведущий на маленькую свадьбу
свадебный фотограф стоимость;35;top;свадебный фотограф
стоимость свадебной фотосессии;35;top;свадебная фотосессия
декор свадебного зала;35;top;свадебный декор
свадебный декор своими руками;35;top;свадебный декор
оформление торта на свадьбу;35;top;оформление свадьбы
оформление подарка на свадьбу;35;top;оформление свадьбы
фотозона на свадьбу купить;35;top;фотозона на свадьбу
букет невесты название;35;top;букет невесты
букет невесты москва белый;35;top;букет невесты
чем заменить букет невесты;35;top;букет невесты
2 букета невесты;35;top;букет невесты
букет невесты калининград;35;top;букет невесты
стойкие цветы для букета невесты;35;top;букет невесты
какие цветы дарят на свадьбу молодоженам родители;35;top;цветы на свадьбу
свадебный торт со свечами;35;top;свадебный торт
свадебный торт минимализм;35;top;свадебный торт
свадебный торт купить готовый;35;top;свадебный торт
рецепт свадебного каравая с узорами;35;top;свадебный каравай
рецепт теста на каравай свадебный;35;top;свадебный каравай
тамада что это;35;assoc;где найти ведущего на свадьбу
авито ведущий на свадьбу;34;top;ведущий на свадьбу | ведущая на свадьбу
видеооператор как пишется;34;assoc;свадебный видеограф | видеосъемка свадьбы
свадьба в августе приметы;34;assoc;свадебная арка
букет невесты на роспись;34;top;букет невесты
скраб букет невесты;34;top;букет невесты
дофаминовый букет невесты;34;top;букет невесты
букет для невесты на свадьбу 2026;34;top;букет невесты
свадебные букеты для невесты фото 2026;34;top;букет невесты
букет невесты щелково;34;top;букет невесты
букет невесты значение;34;top;букет невесты
обязательно ли цветы на свадьбу;34;top;цветы на свадьбу
цветы на свадьбу цена;34;top;цветы на свадьбу
украшение президиума на свадьбу;34;top;президиум на свадьбу
фото свадебных тортов на свадьбу;34;top;свадебный торт
свадебный торт с фальш ярусом;34;top;свадебный торт
шоколадный свадебный торт;34;top;свадебный торт
свадебный каравай традиции;34;top;свадебный каравай
пригласить артиста на свадьбу;34;top;артисты на свадьбу
машина времени на свадьбе;34;top;машина на свадьбу
ведущие фото на свадьбы;33;top;ведущий на свадьбу | ведущая на свадьбу
сколько стоит ведущий на свадьбу в москве;33;top;ведущий на свадьбу | ведущая на свадьбу | ведущий свадьбы москва | сколько стоит ведущий на свадьбу
ведущие на свадьбе галич;33;top;ведущий на свадьбу | ведущая на свадьбу
конкурсы на свадьбу дома без тамады;33;top;тамада на свадьбу
тамада на свадьбу дома;33;top;тамада на свадьбу
порно фотограф на свадьбе;33;top;фотограф на свадьбу
фотограф на свадьбу в москве недорого;33;top;фотограф на свадьбу
свадебное видео видеографа;33;top;свадебный видеограф
свадебный декор 2026;33;top+assoc;свадебный декор | оформление зала на свадьбу | оформление цветами свадьба
свадебная арка в симс 4;33;top;свадебная арка
цветочный букет невесты;33;top;букет невесты
свадебный букет для невесты белый;33;top;букет невесты
букет невесты из эустомы фото;33;top;букет невесты
какой букет невесты выбрать;33;top;букет невесты
купить букет цветов на свадьбу;33;top;цветы на свадьбу
обязательно дарить цветы на свадьбу;33;top;цветы на свадьбу
цветы мужу на годовщину свадьбы;33;top;цветы на свадьбу
приглашение на свадьбу цветы;33;top;цветы на свадьбу
свадебные торты без;33;top;свадебный торт
свадебный торт 1 кг;33;top;свадебный торт
торт свадебный 3 ярусный;33;top;свадебный торт
свадебный торт от палыча;33;top;свадебный торт
стол для свадебного торта;33;top;свадебный торт
что делает ведущий на свадьбе;32;top;ведущий на свадьбу | ведущая на свадьбу
ведущий на час на свадьбу;32;top;ведущий на свадьбу | ведущая на свадьбу
пригласите на свадьбу ведущая;32;top;ведущий на свадьбу | ведущая на свадьбу
стоимость ведущего на свадьбу;32;top;ведущий на свадьбу | ведущая на свадьбу
сколько стоит обвенчаться в церкви;32;assoc;фотограф на свадьбу цена
где устроить свадебную фотосессию;32;top;свадебная фотосессия
красивое оформление свадьбы;32;top;оформление свадьбы
где в симс свадебная арка;32;top;свадебная арка
букет невесты под платье;32;top;букет невесты
букет невесты из эустомы и эвкалипта;32;top;букет невесты
нежно розовый букет невесты;32;top;букет невесты
букет невесты розовые розы;32;top;букет невесты
букет невесты минимализм;32;top;букет невесты
букет невесты цена москва;32;top;букет невесты
букет невесты с антуриумом;32;top;букет невесты
поймала букет невесты на свадьбе что значит;32;top;букет невесты
выкинуть букет невесты;32;top;букет невесты
букет невесты красногорск;32;top;букет невесты
цветы на свадьбу в подарок молодоженам какие;32;top;цветы на свадьбу
какие цветы дарят на свадьбу молодоженам гости;32;top;цветы на свадьбу
квадратный свадебный торт;32;top;свадебный торт
размеры свадебного прямоугольного торта;32;top;свадебный торт
свадебный торт с вафельной бумагой;32;top;свадебный торт
необычные свадебные торты;32;top;свадебный торт
идеи свадебного торта;32;top;свадебный торт
музыка для свадебного торта;32;top;свадебный торт
как выбрать свадебный торт симс;32;top;свадебный торт
свадебный торт 3 яруса;32;top;свадебный торт
свадебный бенто торт;32;top;свадебный торт
встреча свадебным караваем;32;top;свадебный каравай
свадебный каравай пошагово с фото;32;top;свадебный каравай
свадебный каравай купить в москве от палыча;32;top;свадебный каравай
горохов музыкант на свадьбу уральские;32;top;музыканты на свадьбу
визажист на свадьбу на дом;32;top;визажист на свадьбу
прическа и макияж на свадьбу невесте;32;top;прическа и макияж на свадьбу
как называются машины на свадьбе;32;top;машина на свадьбу
нужен ли ведущий на свадьбу;31;top;ведущий на свадьбу | ведущая на свадьбу
свадебное приглашение онлайн создать бесплатно;31;assoc;ведущий на свадьбу недорого | оформление зала на свадьбу
петербург свадебная фотосессия;31;top;свадебная фотосессия
свадебная фотосессия в архангельском;31;top;свадебная фотосессия
свадебная фотосессия на море;31;top;свадебная фотосессия
круглая свадебная арка;31;top;свадебная арка
букет невесты лобня;31;top;букет невесты
букет невесты одинцово;31;top;букет невесты
бросок букета невесты;31;top;букет невесты
кинуть букет невесты;31;top;букет невесты
букет невесты петербург;31;top;букет невесты
букет невесты санкт петербург;31;top;букет невесты
цветы для невесты на свадьбу от гостей;31;top;цветы на свадьбу
комнатный цветок на свадьбу;31;top;цветы на свадьбу
обязательно ли дарить цветы на свадьбу;31;top;цветы на свадьбу
какого цвета цветы дарят на свадьбу;31;top;цветы на свадьбу
цена свадебного торта за кг;31;top;свадебный торт
кондитерская свадебные торты;31;top;свадебный торт
свадебный торт 2026 одноярусный;31;top;свадебный торт
свадебный торт своими руками в домашних;31;top;свадебный торт
свадебный торт своими руками в домашних условиях;31;top;свадебный торт
свадебные караваи рецепты с фото пошагово;31;top;свадебный каравай
ведущая выездной регистрации;31;top;ведущий выездной регистрации
взять машину на свадьбу;31;top;машина на свадьбу
фото машин на свадьбу;31;top;машина на свадьбу
ведущий на семейную свадьбу;30;top;ведущий на свадьбу | ведущая на свадьбу
ведущий на свадьбу недорого;30;top;ведущий на свадьбу | ведущая на свадьбу | ведущий на свадьбу недорого
ведущий на свадьбе танцы;30;top;ведущий на свадьбу | ведущая на свадьбу
ведущий на свадьбу илья;30;top;ведущий на свадьбу | ведущая на свадьбу
заказать ведущего на свадьбу;30;top;ведущий на свадьбу | ведущая на свадьбу
ведущий на свадьбу сергей;30;top;ведущий на свадьбу | ведущая на свадьбу
тамада на свадьбу второй день сценарий;30;top;тамада на свадьбу
отзыв свадебному фотографу;30;top;свадебный фотограф
свадебный видеограф москва;30;top;свадебный видеограф
музыка для свадебного клипа скачать;30;top;свадебный клип
магазин свадебного декора;30;top;свадебный декор
оформление декор свадеб;30;top;оформление свадьбы
букет невесты из гвоздик фото;30;top;букет невесты
обычный букет невесты;30;top;букет невесты
букет невесты в голубых тонах;30;top;букет невесты
букет невесты длинный;30;top;букет невесты
духи empire zone букет невесты;30;top;букет невесты
духи zone букет невесты;30;top;букет невесты
букет для невесты от гостей;30;top;букет невесты
букет невесты из лотосов;30;top;букет невесты
какие цветы подарить невесте на свадьбу;30;top;цветы на свадьбу
какие цветы подарить на свадьбу молодым;30;top;цветы на свадьбу
тайминг свадебного дня;30;assoc;президиум на свадьбу
свадебный торт 2 кг;30;top;свадебный торт
свадебный торт на 50 человек;30;top;свадебный торт
свадебный торт 10 кг;30;top;свадебный торт
торт с кольцами свадебный;30;top;свадебный торт
свадебный торт нижний;30;top;свадебный торт
свадебное нижнее белье для невесты;30;assoc;кенди бар на свадьбу
заказать фуршет на свадьбу;30;top;фуршет на свадьбу
свадебный костюм для жениха 2026;30;assoc;кавер группа на свадьбу
танцуй пока молодая девочка рая слушать;30;assoc;дым для первого танца
визажист на свадьбу москва;30;top;визажист на свадьбу
работа свадебным организатором;30;top;свадебный организатор
свадебное агентство москва боня;30;top;свадебное агентство
свадебный генерал это;30;assoc;координатор на свадьбу
первый машина на свадьбу;30;top;машина на свадьбу
монтаж сэндвич панелей расценка в смете;30;assoc;сколько стоит ведущий на свадьбу
стоимость фотографа на свадьбу;29;top;фотограф на свадьбу
свадебная фотосессия с арендой платья;29;top;свадебная фотосессия
букет невесты сколько должно быть;29;top;букет невесты
букет невесты из бусин;29;top;букет невесты
букет невесты железнодорожный;29;top;букет невесты
свадебные букеты для невесты маленькие из живых;29;top;букет невесты
букет невесты кольцо;29;top;букет невесты
современные букеты невесты;29;top;букет невесты
букет невесты в белых тонах;29;top;букет невесты
приметы цветов на свадьбу;29;top;цветы на свадьбу
как сделать цветы на свадьбу;29;top;цветы на свадьбу
как называются цветы на свадьбу;29;top;цветы на свадьбу
надо ли дарить цветы на свадьбу;29;top;цветы на свадьбу
что подарить на свадьбу вместо букета цветов;29;top;цветы на свадьбу
свадебные торты петербург;29;top;свадебный торт
диаметр свадебного торта;29;top;свадебный торт
свадебный торт 1 ярус;29;top;свадебный торт
формы свадебных тортов;29;top;свадебный торт
сколько нужно свадебного торта;29;top;свадебный торт
мастер классы свадебный торт;29;top;свадебный торт
торт на свадьбу цена;29;top;торт на свадьбу цена
как испечь свадебный каравай;29;top;свадебный каравай
сколько стоят артисты на свадьбу;29;top;артисты на свадьбу
свадебное агентство под;29;top;свадебное агентство
свадебные агентства под ключ;29;top;свадебное агентство
где купить украшения для машины на свадьбу;29;top;машина на свадьбу
прокат лимузина на свадьбу;29;top;лимузин на свадьбу
кто написал свадебный марш;28;assoc;тамада на свадьбу | артисты на свадьбу | координатор на свадьбу | команда на свадьбу
фон для свадебного приглашения;28;assoc;ведущий на свадьбу недорого | молодой ведущий на свадьбу | оформление цветами свадьба | кавер группа на свадьбу
свадебный фотограф видео;28;top;свадебный фотограф
примеры свадебных фотосессий;28;top;свадебная фотосессия
свадебный видеограф alexfilms воронеж и россия;28;top;свадебный видеограф
свадебный видеограф воронеж;28;top;свадебный видеограф
банкетные залы свадьбы оформление;28;top;оформление свадьбы
трендовые букеты невесты;28;top;букет невесты
букет невесты на свадьбу маленький;28;top;букет невесты
букет невесты из белой гортензии;28;top;букет невесты
к чему снится букет невесты;28;top;букет невесты
букет невесты из полевых цветов;28;top;букет невесты
букет невесты бежевый;28;top;букет невесты
видео с букетом невесты;28;top;букет невесты
букет невесты дорогой;28;top;букет невесты
свадебные цветы на свадьбу;28;top;цветы на свадьбу
свадебный торт двухъярусный на свадьбу;28;top;свадебный торт
свадебный торт раменское;28;top;свадебный торт
свадебный торт с живыми;28;top;свадебный торт
свадебный торт с живыми цветами;28;top;свадебный торт
свадебный торт на 4;28;top;свадебный торт
скачать песню свадебные цветы аллегрова;28;assoc;автобус для гостей на свадьбу
сколько машин на свадьбу;28;top;машина на свадьбу
украшение машины на свадьбу лентами;28;top;машина на свадьбу
сатир ведущий на свадьбу;27;top;ведущий на свадьбу | ведущая на свадьбу
ведущий 4 свадьбы на пятнице;27;top;ведущий на свадьбу | ведущая на свадьбу
ведущий свадьба в слепую на пятнице;27;top;ведущий на свадьбу | ведущая на свадьбу
сценарий на свадьбу для ведущего с конкурсами;27;top;ведущий на свадьбу | ведущая на свадьбу
оформление свадебного стола жениха и невесты;27;assoc;молодой ведущий на свадьбу | ведущий на маленькую свадьбу
сколько стоит фотограф на свадьбу в москве;27;top;фотограф на свадьбу | сколько стоит фотограф на свадьбу
где сделать свадебную фотосессию в москве;27;top;свадебная фотосессия
красивые локации для свадебной фотосессии;27;top;свадебная фотосессия
свадебная фотосессия в питере;27;top;свадебная фотосессия
букет для невесты на свадьбу от жениха;27;top;букет невесты
кто должен покупать букет невесты на свадьбу;27;top;букет невесты
сборка букета невесты;27;top;букет невесты
пеларгония букет невесты фото;27;top;букет невесты
русский букет букет невесты;27;top;букет невесты
букет невесты каллы с жемчугом;27;top;букет невесты
букет для невесты маленький из живых цветов;27;top;букет невесты
маленький букет цветов для невесты;27;top;букет невесты
коричневый букет невесты;27;top;букет невесты
букет невесты с голубыми цветами;27;top;букет невесты
как сохранить букет невесты;27;top;букет невесты
кто поймал букет невесты 3 серия;27;top;букет невесты
букет невесты каллы и эустома;27;top;букет невесты
что дарить на свадьбу вместо цветов;27;top;цветы на свадьбу
на свадьбу без цветов;27;top;цветы на свадьбу
принято ли дарить цветы на свадьбу;27;top;цветы на свадьбу
поздравления с бракосочетанием молодоженам своими словами красивые;27;assoc;текстиль на свадьбу
варианты свадебных тортов;27;top;свадебный торт
собрать свадебный торт;27;top;свадебный торт
свадебный торт голубой;27;top;свадебный торт
дегустация свадебных тортов;27;top;свадебный торт
свадебный торт фильм;27;top;свадебный торт
как выбрать свадебный торт в симс 4;27;top;свадебный торт
свадебный каравай на свадьбу;27;top;свадебный каравай
горохов музыкант на свадьбу пельмени;27;top;музыканты на свадьбу
уральские пельмени горохов музыкант на свадьбу;27;top;музыканты на свадьбу
в свадебном агентстве кравец моргунова;27;top;свадебное агентство
моргунова в свадебном агентстве;27;top;свадебное агентство
марина кравец свадебное агентство;27;top;свадебное агентство
арендовать машину на свадьбу;27;top;машина на свадьбу
украшать ли машину на свадьбу;27;top;машина на свадьбу
свадебные конкурсы для гостей прикольные без тамады;26;assoc;ведущий на свадьбу | ведущая на свадьбу | ведущий на свадьбу недорого | ведущий и диджей на свадьбу | молодой ведущий на свадьбу | ведущий на маленькую свадьбу | где найти ведущего на свадьбу
свадебные прически для невесты 2026;26;assoc;ведущий на свадьбу недорого | молодой ведущий на свадьбу
свадебный фотограф евгений;26;top;свадебный фотограф
свадебный фотограф евгения;26;top;свадебный фотограф
свадебный фотограф недорого;26;top;свадебный фотограф
свадебная фотосессия на улице;26;top;свадебная фотосессия
свадебная фотосессия бесплатно;26;top;свадебная фотосессия
свадебная фотосессия в загсе;26;top;свадебная фотосессия
свадебная фотосессия екатеринбург;26;top;свадебная фотосессия
свадебная церемония фильм 2010;26;assoc;видеограф на свадьбу
свадебный клип под;26;top;свадебный клип
клип где свадебные клипы;26;top;свадебный клип
оформление годовщины свадьбы;26;top;оформление свадьбы
оформление свадебной арки;26;top;свадебная арка
украсить свадебную арку;26;top;свадебная арка
черный букет невесты;26;top;букет невесты
свадебный букет для невесты из роз;26;top;букет невесты
букет невесты из роз и эвкалипта;26;top;букет невесты
букет невесты синего цвета;26;top;букет невесты
как сделать букет невесты своими руками;26;top;букет невесты
цветы жене на годовщину свадьбы;26;top;цветы на свадьбу
цветы на 10 лет свадьбы;26;top;цветы на свадьбу
кондитер свадебного торта;26;top;свадебный торт
свадебный торт с лебедями;26;top;свадебный торт
артисты на свадьбу цена;26;top;артисты на свадьбу
свадебное агентство marry;26;top;свадебное агентство
что делает координатор на свадьбе;26;top;координатор на свадьбу
можно ли отменить вызов скорой помощи;26;assoc;выездной регистратор
кортеж машин на свадьбу;26;top;машина на свадьбу
шары на машине свадьба;26;top;машина на свадьбу
машина на свадьбу на час;26;top;машина на свадьбу
машину на часы на свадьбу;26;top;машина на свадьбу
ведущий на свадьбу поздравления;25;top;ведущий на свадьбу | ведущая на свадьбу
цена фотографа на свадьбу за час;25;top;фотограф на свадьбу | фотограф на свадьбу цена
день свадебного фотографа;25;top;свадебный фотограф
ли свадебный фотограф;25;top;свадебный фотограф
свадебный фотограф даниил букреев;25;top;свадебный фотограф
найти свадебного фотографа;25;top;свадебный фотограф
сколько стоит составить брачный договор у нотариуса;25;assoc;фотограф на свадьбу цена
усадьба кусково свадебная фотосессия;25;top;свадебная фотосессия
свадебная фотосессия на вднх;25;top;свадебная фотосессия
свадебная фотосессия спб;25;top;свадебная фотосессия
референсы для свадебной фотосессии;25;top;свадебная фотосессия
свадебные фотосессии дома;25;top;свадебная фотосессия
усадьбы москвы для свадебной фотосессии;25;top;свадебная фотосессия
свадебный декор на машину;25;top;свадебный декор
свадебная арка для регистрации;25;top;свадебная арка
свадебные арки для выездной;25;top;свадебная арка
фотозона из шаров на свадьбу;25;top;фотозона на свадьбу
цветы заказать букет невесты;25;top;букет невесты
букет невесты розочки;25;top;букет невесты
букет невесты как правильно;25;top;букет невесты
букет в подарок невесте на свадьбу;25;top;букет невесты
букет невесты бело бордовый;25;top;букет невесты
букет невесты из калл купить в москве;25;top;букет невесты
живой букет невесты на свадьбу;25;top;букет невесты
красивые букеты для невесты;25;top;букет невесты
букет невесты эустома и гвоздика;25;top;букет невесты
букет цветов подарить невесте;25;top;букет невесты
букет невесты из эустомы и гипсофилы;25;top;букет невесты
кремовый букет невесты;25;top;букет невесты
как разыграть букет невесты на свадьбе;25;top;букет невесты
букет невесты нижний;25;top;букет невесты
букет невесты нижний новгород;25;top;букет невесты
купить букет невесты розы;25;top;букет невесты
букет невесты в отрадном;25;top;букет невесты
как завязать букет невесты;25;top;букет невесты
букет невесты мастер;25;top;букет невесты
букет невесты розового цвета;25;top;букет невесты
последний букет невесты;25;top;букет невесты
шикарный букет цветов на свадьбу;25;top;цветы на свадьбу
какие цветы купить на свадьбу;25;top;цветы на свадьбу
цветы для декора на свадьбу;25;top;цветы на свадьбу
какие цветы подарить на год свадьбы;25;top;цветы на свадьбу
свадебные торты зеленые;25;top;свадебный торт
нож для свадебного торта;25;top;свадебный торт
торт свадебный клавы коки;25;top;свадебный торт
сколько свадебного торта нужно на человека;25;top;свадебный торт
свадебный торт два яруса;25;top;свадебный торт
как рассчитать свадебный торт;25;top;свадебный торт
где заказать свадебный каравай;25;top;свадебный каравай
анастасия высоцкая саксофон скачать бесплатно mp3;25;assoc;саксофонист на свадьбу
германия свадебные агентства;25;top;свадебное агентство
красивые машины на свадьбу;25;top;машина на свадьбу
дым машина на свадьбу;25;top;машина на свадьбу
какие вопросы задать ведущему на свадьбу;24;top;ведущий на свадьбу | ведущая на свадьбу
тосты на свадьбу от ведущего;24;top;ведущий на свадьбу | ведущая на свадьбу
ведущий на свадьбу коломна;24;top;ведущий на свадьбу | ведущая на свадьбу
тамада на свадьбу 20 человек;24;top;тамада на свадьбу
конкурсы на свадьбу для тамады смешные;24;top;тамада на свадьбу
услуги тамады на свадьбу;24;top;тамада на свадьбу
готовый сценарий тамады на свадьбу;24;top;тамада на свадьбу
нужен фотограф на свадьбу;24;top;фотограф на свадьбу
свадебный фотограф авито;24;top;свадебный фотограф
свадебная фотосессия невесты;24;top;свадебная фотосессия
фотостудия для свадебной фотосессии москва;24;top;свадебная фотосессия
свадебный декор фото;24;top;свадебный декор
аренда свадебного декора москва;24;top;свадебный декор
рассадка свадьбе оформление;24;top;оформление свадьбы
свадебная арка макраме;24;top;свадебная арка
букет невесты розы с гипсофилой;24;top;букет невесты
купить букет невесты из эустомы;24;top;букет невесты
букет невесты воронеж;24;top;букет невесты
букет невесты карты;24;top;букет невесты
букет невесты с кружевом;24;top;букет невесты
как выглядит букет невесты;24;top;букет невесты
букет невесты на свадьбу живые цветы;24;top;букет невесты | цветы на свадьбу
букет невесты сумка;24;top;букет невесты
букет невесты слова;24;top;букет невесты
купить искусственный букет невесты;24;top;букет невесты
какие лучше подарить цветы на свадьбу;24;top;цветы на свадьбу
фото невест цветов на свадьбу;24;top;цветы на свадьбу
сколько цветов дарят на свадьбу;24;top;цветы на свадьбу
альтернатива цветам на свадьбу;24;top;цветы на свадьбу
какие цветы дарят жениху на свадьбе;24;top;цветы на свадьбу
президиум для молодоженов на свадьбу;24;top;президиум на свадьбу
текстиль на свадьбе;24;top;текстиль на свадьбу
лопатки для свадебного торта;24;top;свадебный торт
свадебный торт 2026 тренды фото;24;top;свадебный торт
свадебный торт медовик;24;top;свадебный торт
свадебные торты какие начинки;24;top;свадебный торт
закуски на свадебный стол;24;assoc;кенди бар на свадьбу | кейтеринг на свадьбу | фуршет на свадьбу
как украсить свадебный каравай;24;top;свадебный каравай
музыканты на свадьбу москва;24;top;музыканты на свадьбу
свадебные быки;24;assoc;живая музыка на свадьбу
услуги организации праздников и мероприятий;24;assoc;шоу программа на свадьбу | свадебный организатор | свадебное агентство | свадебный распорядитель
в свадебном агентстве кравец моргунова шальнов;24;top;свадебное агентство
машина на свадьбу с водителем цены;24;top;машина на свадьбу
атласная лента на машину на свадьбу;24;top;машина на свадьбу
белые машины на свадьбу;24;top;машина на свадьбу
ведущие на свадьбу александров;23;top;ведущий на свадьбу | ведущая на свадьбу
ведущий на свадьбу александр;23;top;ведущий на свадьбу | ведущая на свадьбу
ведущий на корпоратив свадьбы;23;top;ведущий на свадьбу | ведущая на свадьбу
меню на свадебный стол;23;assoc;ведущий на свадьбу недорого | ведущий на маленькую свадьбу | оформление зала на свадьбу | президиум на свадьбу | фуршет на свадьбу | бар на свадьбу
алмазное бурение расценка в смете;23;assoc;ведущий на свадьбу цена
фотограф свадебных платьев;23;top;свадебный фотограф
красивый отель для свадебной фотосессии;23;top;свадебная фотосессия
свадебная фотосессия в городе;23;top;свадебная фотосессия
свадебный декор екатеринбург;23;top;свадебный декор
оформление банкетного зала на свадьбу;23;top;оформление свадьбы | оформление зала на свадьбу
шаблоны оформления свадьбы;23;top;оформление свадьбы
оформление свадьбы 2026;23;top;оформление свадьбы
оформление фотозоны на свадьбу;23;top;оформление свадьбы | фотозона на свадьбу
банкетные залы на свадьбу оформление;23;top;оформление зала на свадьбу
арка для фотозоны на свадьбу;23;top;фотозона на свадьбу
букет невесты екатеринбург;23;top;букет невесты
сколько цветов в букете невесты;23;top;букет невесты
букет невесты раменское;23;top;букет невесты
гортензия сорт букет невесты;23;top;букет невесты
букет невесты во сне;23;top;букет невесты
кто поймал букет невесты куликова;23;top;букет невесты
букет невесты искусственный или живой;23;top;букет невесты
букет невесты из белых хризантем;23;top;букет невесты
куда девать букет невесты;23;top;букет невесты
букет невесты из лизиантуса;23;top;букет невесты
букет невесты тиффани;23;top;букет невесты
букет невесты шатура;23;top;букет невесты
каллы букет невесты заказать;23;top;букет невесты
букет невесты видное;23;top;букет невесты
букет невесты яркий;23;top;букет невесты
свадебный букет из калл для невесты фото;23;top;букет невесты
конкурс букет невесты;23;top;букет невесты
букет невесты с амарантом;23;top;букет невесты
букет невесты домодедово;23;top;букет невесты
кидать ли букет невесты;23;top;букет невесты
букет невесты актеры;23;top;букет невесты
кто поймал букет невесты актеры;23;top;букет невесты
значение цветов на свадьбу;23;top;цветы на свадьбу
аренда цветов на свадьбу;23;top;цветы на свадьбу
корзина цветов на свадьбу в подарок молодоженам;23;top;цветы на свадьбу
президиум на свадьбу купить;23;top;президиум на свадьбу
президиум на свадьбу фото;23;top;президиум на свадьбу
свадебный торт с трайфлами;23;top;свадебный торт
где можно купить свадебный торт;23;top;свадебный торт
как в симс 4 купить свадебный торт;23;top;свадебный торт
рушник для каравая свадебного;23;top;свадебный каравай
светское мероприятие это;23;assoc;шоу программа на свадьбу
постановка свадебного танца видео;23;top;постановка свадебного танца
фильм свадебное агентство;23;top;свадебное агентство
свадебная песня в загсе тутуту;23;assoc;аренда шатра для свадьбы
стойте машины на свадьбу;23;top;машина на свадьбу
аренда украшений на машину на свадьбу;23;top;машина на свадьбу
лента на машину на свадьбу своими руками;23;top;машина на свадьбу
свадьба на 20 человек без тамады;22;top;тамада на свадьбу
найти фотографа на свадьбу;22;top;фотограф на свадьбу
фотограф на свадьбу на день;22;top;фотограф на свадьбу
свадебная фотосессия в октябре;22;top;свадебная фотосессия
свадебная фотосессия в дождь;22;top;свадебная фотосессия
сколько длится свадебная фотосессия;22;top;свадебная фотосессия
видеограф на свадьбу цена;22;top;видеограф на свадьбу
свадебный декор арки;22;top;свадебный декор | свадебная арка
свадьба оформление комнаты;22;top;оформление свадьбы
свадебная арка для выездной регистрации;22;top;свадебная арка
букет невесты сколько серий;22;top;букет невесты
нежный букет цветов невесте;22;top;букет невесты
букет невесты должен ли;22;top;букет невесты
букет невесты тверь;22;top;букет невесты
красивый букет невесты фото;22;top;букет невесты
какой букет дарить на свадьбу невесте;22;top;букет невесты
букет невесты flowwow;22;top;букет невесты
букет невесты мастер класс;22;top;букет невесты
минималистичный букет невесты;22;top;букет невесты
отдают ли букет невесты;22;top;букет невесты
фиалка букет невесты фото и описание;22;top;букет невесты
фиалки описание букет невесты;22;top;букет невесты
купить букет для невесты в калуге;22;top;букет невесты
большие цветы на свадьбе;22;top;цветы на свадьбу
какие цветы можно подарить на свадьбу;22;top;цветы на свадьбу
цветы на подставке на свадьбу;22;top;цветы на свадьбу
приготовление свадебного торта;22;top;свадебный торт
свадебные торты недорого москва;22;top;свадебный торт
какой должен быть свадебный торт;22;top;свадебный торт
сборка свадебного торта;22;top;свадебный торт
многоярусный свадебный торт;22;top;свадебный торт
свадебный торт на 20 человек;22;top;свадебный торт
где заказать свадебный торт;22;top;свадебный торт
закуски на фуршет на свадьбу;22;top;фуршет на свадьбу
как испечь свадебный каравай в домашних условиях;22;top;свадебный каравай
тесто на каравай свадебный рецепт с фото;22;top;свадебный каравай
свадебный каравай как встречать;22;top;свадебный каравай
курсы свадебного организатора;22;top;свадебный организатор
свадебное агентство сериал;22;top;свадебное агентство
работа в свадебном агентстве;22;top;свадебное агентство
apriori married свадебное агентство;22;top;свадебное агентство
камеди клаб в свадебном агентстве;22;top;свадебное агентство
как нарядить машину на свадьбу;22;top;машина на свадьбу
ленточки на машины на свадьбу;22;top;машина на свадьбу
ведущий на свадьбу роман;21;top;ведущий на свадьбу | ведущая на свадьбу
ведущий на свадьбу рязань;21;top;ведущий на свадьбу | ведущая на свадьбу
свадебный фотограф песня;21;top;свадебный фотограф
где фотографы свадебные;21;top;свадебный фотограф
свадебная фотосессия в особняке;21;top;свадебная фотосессия
где можно сделать свадебную фотосессию;21;top;свадебная фотосессия
места для свадебной фотосессии в подмосковье;21;top;свадебная фотосессия
свадебная фотосессия в студии с арендой платья;21;top;свадебная фотосессия
фотосессия свадебная в студии с арендой;21;top;свадебная фотосессия
видеосъемка свадеб москве;21;top;видеосъемка свадьбы
декор свадебных бутылок;21;top;свадебный декор
авито свадебный декор;21;top;свадебный декор
рассадка гостей на свадьбе оформление;21;top;оформление свадьбы
арка свадебная деревянная;21;top;свадебная арка
авито свадебная арка;21;top;свадебная арка
фотозона на свадьбу 2026;21;top;фотозона на свадьбу
буквы на свадьбу на фотозону;21;top;фотозона на свадьбу
свадебные фанфары;21;assoc;фотозона на свадьбу | кенди бар на свадьбу | бармен на свадьбу | живая музыка на свадьбу | файер шоу на свадьбу | аренда шатра для свадьбы | автобус для гостей на свадьбу | фотобудка на свадьбу
букет невесты красные белые розы;21;top;букет невесты
кто поймал букет невесты сколько серий;21;top;букет невесты
свадебный букет невесты пинтерест;21;top;букет невесты
букет невесты нежные цвета;21;top;букет невесты
букет невесты аудиокнига;21;top;букет невесты
сколько букетов нужно невесте;21;top;букет невесты
что означает поймать букет невесты;21;top;букет невесты
где можно заказать букет невесты;21;top;букет невесты
букет невесты фрезия и эустома;21;top;букет невесты
букет невесты купить мытищи;21;top;букет невесты
букет невесты из лилий фото;21;top;букет невесты
букет для невесты от родителей жениха;21;top;букет невесты
желтый букет невесты;21;top;букет невесты
букет невесты из пионов и роз;21;top;букет невесты
букет невесты пушкино;21;top;букет невесты
мария куликова букет невесты;21;top;букет невесты
зачем нужен букет невесты;21;top;букет невесты
букет невесты в эпоксидной смоле;21;top;букет невесты
букет невесты с бордовыми цветами;21;top;букет невесты
какого цвета цветы подарить на свадьбу;21;top;цветы на свадьбу
покупают ли цветы на свадьбу;21;top;цветы на свадьбу
президиум на свадьбу 2026;21;top;президиум на свадьбу
самые красивые свадебные торты;21;top;свадебный торт
коробка для свадебного торта;21;top;свадебный торт
шоколадные фигурки на торт свадебный;21;top;свадебный торт
свадебный торт сердце;21;top;свадебный торт
овальный свадебный торт;21;top;свадебный торт
свадебный торт тирамису;21;top;свадебный торт
свадебный торт спб;21;top;свадебный торт
как украсить свадебный каравай в домашних условиях;21;top;свадебный каравай
музыкант на свадьбе 7 букв сканворд;21;top;музыканты на свадьбу
свадебная прическа стилист;21;top;свадебный стилист
курсы свадебного стилиста;21;top;свадебный стилист
отзыв свадебному организатору;21;top;свадебный организатор
камеди кравец свадебное агентство;21;top;свадебное агентство
свадебное агентство спб;21;top;свадебное агентство
comedy club в свадебном агентстве;21;top;свадебное агентство
comedy свадебное агентство;21;top;свадебное агентство
зачем машины на свадьбу;21;top;машина на свадьбу
наряд на машину на свадьбу;21;top;машина на свадьбу
цвет машины на свадьбу;21;top;машина на свадьбу
машину на свадьбу недорого;21;top;машина на свадьбу
бантики на машину на свадьбу;21;top;машина на свадьбу
прайс лист наращивание ресниц;21;assoc;сколько стоит фотограф на свадьбу
ведущие на свадьбе иды галич;20;top;ведущий на свадьбу | ведущая на свадьбу
татарские ведущие на свадьбу;20;top;ведущий на свадьбу | ведущая на свадьбу
ведущий на свадьбу дмитрий;20;top;ведущий на свадьбу | ведущая на свадьбу
ведущий на свадьбу дмитрий дмитриев;20;top;ведущий на свадьбу | ведущая на свадьбу
услуги ведущего на свадьбу;20;top;ведущий на свадьбу | ведущая на свадьбу
бывший свадебный фотограф;20;top;свадебный фотограф
область свадебный фотограф;20;top;свадебный фотограф
свадебный фотограф дмитрий;20;top;свадебный фотограф
свадебная фотосессия в ботаническом саду;20;top;свадебная фотосессия
свадебная фотосессия в музее;20;top;свадебная фотосессия
свадебная фотосессия в центре москвы;20;top;свадебная фотосессия
свадебная фотосессия 2026;20;top;свадебная фотосессия
фотосессия love story в минске;20;top;love story фотосессия
фотосессия в стиле love story;20;top;love story фотосессия
самая самая свадебный клип;20;top;свадебный клип
декор свадебного торта из вафельной бумаги;20;top;свадебный декор | свадебный торт
свадебный декор из вафельной бумаги;20;top;свадебный декор
свадебный декор искусственными цветами;20;top;свадебный декор
оформление на год свадьбы;20;top;оформление свадьбы
фотозона на свадьбу москва;20;top;фотозона на свадьбу
баннер для фотозоны на свадьбу;20;top;фотозона на свадьбу
букет невесты из белых цветов;20;top;букет невесты
букет невесты смешной;20;top;букет невесты
темный букет невесты;20;top;букет невесты
букет невесты оранжевый;20;top;букет невесты
дарят ли букеты на свадьбу невесте;20;top;букет невесты
букет невесты слушать;20;top;букет невесты
искусственный букет невесты можно;20;top;букет невесты
можно ли искусственный букет невесты;20;top;букет невесты
букет невесты собрать самому;20;top;букет невесты
букет невесты из живых цветов купить;20;top;букет невесты
авито букет невесты;20;top;букет невесты
свадебный букет невесте на свадьбу;20;top;букет невесты
букет невесты с лавандой;20;top;букет невесты
мария куликова кто поймал букет невесты;20;top;букет невесты
букет невесты дома;20;top;букет невесты
букет невесты в августе;20;top;букет невесты
цветы в горшках на свадьбу подарить;20;top;цветы на свадьбу
картинки цветов на свадьбу;20;top;цветы на свадьбу
цветы на 50 лет свадьбы;20;top;цветы на свадьбу
бутоньерка на свадьбу из живых цветов;20;top;цветы на свадьбу
стол президиум на свадьбу;20;top;президиум на свадьбу
торт в итальянском стиле свадебный;20;top;свадебный торт
свадебные торты 2026 прямоугольные;20;top;свадебный торт
свадебные торты мини;20;top;свадебный торт
готовит свадебный торт;20;top;свадебный торт
вкусные свадебные торты;20;top;свадебный торт
набор свадебных тортов;20;top;свадебный торт
прямоугольный длинный свадебный торт;20;top;свадебный торт
свадебный торт с малиной;20;top;свадебный торт
современные свадебные торты;20;top;свадебный торт
свадебный торт с капкейками;20;top;свадебный торт
свадебные недорогие торты с доставкой;20;top;свадебный торт
украшения для свадебного каравая;20;top;свадебный каравай
свадебные караваи на заказ;20;top;свадебный каравай
сколько стоит диджей на свадьбу;20;top;диджей на свадьбу
постановка свадебного танца цена;20;top;постановка свадебного танца
камеди клаб кравец свадебное агентство;20;top;свадебное агентство
лучшие свадебные агентства;20;top;свадебное агентство
безе свадебное агентство;20;top;свадебное агентство
свадебное агентство свадьба под ключ;20;top;свадебное агентство
фон для пригласительных на свадьбу;20;assoc;транспорт для гостей на свадьбу
купить кольца на машину на свадьбу;20;top;машина на свадьбу
свадьба на машинах видео;20;top;машина на свадьбу
прокат лимузинов в москве на свадьбу;20;top;лимузин на свадьбу
аренда лимузина на свадьбу цены;20;top;лимузин на свадьбу
ведущий четыре свадьбы на пятнице кто;19;top;ведущий на свадьбу | ведущая на свадьбу
ведущий музыкой на свадьбу;19;top;ведущий на свадьбу | ведущая на свадьбу
ведущий на юбилей свадьбы;19;top;ведущий на свадьбу | ведущая на свадьбу
сценарий для тамады на свадьбу с конкурсами;19;top;тамада на свадьбу
moscow московская ул 95 меню;19;assoc;ведущий свадьбы москва
фотограф и видеограф на свадьбу москва;19;top;фотограф на свадьбу | видеограф на свадьбу | фотограф и видеограф на свадьбу
фотограф на свадьбу в москве цена;19;top;фотограф на свадьбу | фотограф на свадьбу цена
бюджетный свадебный фотограф екатеринбург;19;top;свадебный фотограф
свадебный фотограф и видеограф;19;top;свадебный фотограф | свадебный видеограф
услуги свадебного фотографа екатеринбург;19;top;свадебный фотограф
красивые места для свадебной фотосессии в москве;19;top;свадебная фотосессия
фотосессия балашиха свадебная;19;top;свадебная фотосессия
свадебная фотосессия в эрмитаже;19;top;свадебная фотосессия
савой свадебная фотосессия;19;top;свадебная фотосессия
аренда для свадебной фотосессии;19;top;свадебная фотосессия
свадебная фотосессия нужна;19;top;свадебная фотосессия
свадебный декор екатеринбург арина;19;top;свадебный декор
купить свадебную арку с цветами;19;top;свадебная арка
букет невесты бохо;19;top;букет невесты
букет из гипсофилы на свадьбу для невесты;19;top;букет невесты
букет невесты химки;19;top;букет невесты
букет невесты купить в спб;19;top;букет невесты
букет невесты тула;19;top;букет невесты
дешевые букеты невесты тула;19;top;букет невесты
см букет невесты;19;top;букет невесты
органик освежающий скраб для лица букет невесты;19;top;букет невесты
букет невесты флаувау;19;top;букет невесты
букет невесты из кустовых роз и гипсофилы;19;top;букет невесты
букет невесты из мелких;19;top;букет невесты
букет невесты гладиолусы купить;19;top;букет невесты
букет невесты цвета должен быть;19;top;букет невесты
как подписать букет невесты;19;top;букет невесты
букет невесты откуда;19;top;букет невесты
как засушить букет невесты;19;top;букет невесты
букет невесты эустома белые розы;19;top;букет невесты
букет невесты из синих роз;19;top;букет невесты
букет невесты митино;19;top;букет невесты
букет невесты волгоград;19;top;букет невесты
кто ловит букет невесты;19;top;букет невесты
букет невесты из 9 калл;19;top;букет невесты
цветочный магазин букет невесты;19;top;букет невесты
какой букет цветов подарить на свадьбу;19;top;цветы на свадьбу
как украсить президиум на свадьбу;19;top;президиум на свадьбу
крем для свадебного торта;19;top;свадебный торт
свадебный торт подольск;19;top;свадебный торт
небольшой свадебный торт;19;top;свадебный торт
нож и лопатка для свадебного торта;19;top;свадебный торт
огромный свадебный торт;19;top;свадебный торт
свадебный торт фото трехъярусный;19;top;свадебный торт
свадебный торт на 50 человек сколько;19;top;свадебный торт
сколько стоит кг свадебного торта;19;top;свадебный торт
красивые свадебные торты фото;19;top;свадебный торт
азбука вкуса свадебный торт;19;top;свадебный торт
свадебный торт низкий;19;top;свадебный торт
три свадебных торта;19;top;свадебный торт
свадебный каравай видео;19;top;свадебный каравай
купи продай свеча;19;assoc;организация свадьбы под ключ цена
выездной регистратор брака;19;top;выездной регистратор
свадьба на красной машине;19;top;машина на свадьбу
ретро машина на свадьбу;19;top;машина на свадьбу
длинная машина на свадьбу;19;top;машина на свадьбу
машина напрокат на свадьбу;19;top;машина на свадьбу
машины на свадьбу прокат с водителем;19;top;машина на свадьбу
ведущий на свадьбу в москве с диджеем;18;top;ведущий на свадьбу | ведущая на свадьбу | ведущий свадьбы москва | диджей на свадьбу
ведущий на свадьбе медведевой;18;top;ведущий на свадьбу | ведущая на свадьбу
известные ведущие на свадьбу;18;top;ведущий на свадьбу | ведущая на свадьбу
секс с тамадой на свадьбе видео;18;top;тамада на свадьбу
бывшая тамада на свадьбе;18;top;тамада на свадьбу
фотограф на свадьбу фотосессия;18;top;фотограф на свадьбу
фотограф на свадьбу екатеринбург цена;18;top;фотограф на свадьбу | фотограф на свадьбу цена
видео фотограф на свадьбу;18;top;фотограф на свадьбу
свадебный фотограф на час;18;top;свадебный фотограф
свадебный фотограф москва недорого;18;top;свадебный фотограф | свадебный фотограф москва
фотограф свадебная фотография;18;top;свадебный фотограф
сколько длится свадебная фотосессия зимой;18;top;свадебная фотосессия
свадебная фотосессия в библиотеке;18;top;свадебная фотосессия
локации в москве для свадебной фотосессии летом;18;top;свадебная фотосессия
свадебная фотосессия ресторан;18;top;свадебная фотосессия
стоимость свадебного декора;18;top;свадебный декор
тренды свадебного декора;18;top;свадебный декор
оформление арки на свадьбу;18;top;оформление свадьбы
оформление торта на годовщину свадьбы;18;top;оформление свадьбы
световое оформление свадьбы;18;top;оформление свадьбы
симс 4 где свадебная арка;18;top;свадебная арка
фотозона на свадьбу фото;18;top;фотозона на свадьбу
к чему снится поймать букет невесты;18;top;букет невесты
свадебный букет невесты розовый;18;top;букет невесты
когда дарить букет невесте на свадьбе;18;top;букет невесты
маленький белый букет невесты;18;top;букет невесты
букет невесты дмитров;18;top;букет невесты
купит букет невесты бутоньерка;18;top;букет невесты
доставка цветов букет невесты;18;top;букет невесты
букет невесты из атласных;18;top;букет невесты
букет от мамы для невесты на свадьбу;18;top;букет невесты
идеи для букета невесты;18;top;букет невесты
букет невесты из чайных роз;18;top;букет невесты
букет невесты питер;18;top;букет невесты
букет невесты с цветом тиффани;18;top;букет невесты
букет невесты с гладиолусами;18;top;букет невесты
букет невесты каллы розы;18;top;букет невесты
букет невесты вертикальный;18;top;букет невесты
стильный букет невесты;18;top;букет невесты
букет невесты примеры;18;top;букет невесты
собрать букет невесты своими руками;18;top;букет невесты
букет невесты волгоград купить;18;top;букет невесты
чем заменить цветы на свадьбе;18;top;цветы на свадьбу
букет цветов на свадьбу от родителей;18;top;цветы на свадьбу
какой цветок в горшке подарить на свадьбу;18;top;цветы на свадьбу
вино вместо цветов на свадьбу;18;top;цветы на свадьбу
заказ цветов на свадьбу;18;top;цветы на свадьбу
венок из цветов на свадьбу;18;top;цветы на свадьбу
искусственные цветы на свадьбе можно ли;18;top;цветы на свадьбу
цветы на юбилей свадьбы;18;top;цветы на свадьбу
как называется свадебный торт;18;top;свадебный торт
свадебный торт порционный;18;top;свадебный торт
буквы на свадебный торт;18;top;свадебный торт
свадебный торт дмитров;18;top;свадебный торт
изготовление свадебных тортов;18;top;свадебный торт
заказать кейтеринг на свадьбу;18;top;кейтеринг на свадьбу
кэнди бар на свадьбу;18;top;бар на свадьбу
свадебный каравай своими руками фото;18;top;свадебный каравай
где можно купить свадебный каравай;18;top;свадебный каравай
свадебный каравай купить в люберцах;18;top;свадебный каравай
диджей на свадьбу цена;18;top;диджей на свадьбу
выступление артиста на свадьбе;18;top;артисты на свадьбу
прическа и макияж на свадьбу маме;18;top;прическа и макияж на свадьбу
свадебное агентство москва свадьба;18;top;свадебное агентство
comedy club в свадебном агентстве кравец;18;top;свадебное агентство
свадебные фотографии жениха и невесты;18;assoc;транспорт для гостей на свадьбу | фотобудка на свадьбу
можно ли украшать машину на свадьбу;18;top;машина на свадьбу
клип свадеб на машине;18;top;машина на свадьбу
ведущая на свадьбу ростов;17;top;ведущий на свадьбу | ведущая на свадьбу
свадебный тамады на свадьбу;17;top;тамада на свадьбу
заказать фотографа на свадьбу;17;top;фотограф на свадьбу
авито фотограф на свадьбу;17;top;фотограф на свадьбу
бахти свадебный фотограф;17;top;свадебный фотограф
свадебный фотограф из москвы даниил букреев;17;top;свадебный фотограф | свадебный фотограф москва
свадебная фотосессия порно;17;top;свадебная фотосессия
лучшие локации для свадебной фотосессии;17;top;свадебная фотосессия
клип девушка в свадебном платье;17;top;свадебный клип
свадебный декор на свадьбу;17;top;свадебный декор
сделать свадебный декор;17;top;свадебный декор
свадебный декор президиум;17;top;свадебный декор
белый свадебный декор;17;top;свадебный декор
фотозона на свадьбу в ресторане;17;top;фотозона на свадьбу
фотозона на свадьбу аренда москва;17;top;фотозона на свадьбу
букет для невесты на свадьбу каллы;17;top;букет невесты
букет невесты в бордовом цвете;17;top;букет невесты
букет невесты сирень;17;top;букет невесты
букет невесты смотреть фильм;17;top;букет невесты
смотреть фильм поймать букет невесты;17;top;букет невесты
свадебный букет для невесты из пионов;17;top;букет невесты
букет невесты из французских роз;17;top;букет невесты
букет невесты с синими цветами;17;top;букет невесты
как сделать букет невесты из живых;17;top;букет невесты
букет невесты купить красногорск;17;top;букет невесты
самые стойкие цветы для букета невесты;17;top;букет невесты
цветы для букета невесты названия;17;top;букет невесты
букет невесты с красными цветами;17;top;букет невесты
букет невесты в домашних условиях;17;top;букет невесты
как самому сделать букет невесты;17;top;букет невесты
как сделать букет невесты самой;17;top;букет невесты
букет для невесты на свадьбу купить;17;top;букет невесты
свадебный букет из калл для невесты значение;17;top;букет невесты
букет невесты с бутоньеркой в комплекте;17;top;букет невесты
юзис букет невесты;17;top;букет невесты
аромат букет невесты;17;top;букет невесты
букет невесты гвоздики и гипсофилы;17;top;букет невесты
букет невесты гипсофила и гвоздика;17;top;букет невесты
букет невесты фото из живых цветов маленький;17;top;букет невесты
маленький букет невесты фото живые;17;top;букет невесты
букет невесты из полимерной глины;17;top;букет невесты
букет невесты оставить себе;17;top;букет невесты
букет невесты белый с эвкалиптом;17;top;букет невесты
подписка на цветы на свадьбу;17;top;цветы на свадьбу
живые цветы на свадьбу на стол;17;top;цветы на свадьбу
вазы для цветов на свадьбу на стол;17;top;цветы на свадьбу
палитра цветов на свадьбу;17;top;цветы на свадьбу
цвета на свадьбу палитра цветов;17;top;цветы на свадьбу
в каких цветах идти на свадьбу;17;top;цветы на свадьбу
сделать цветы на свадьбу своими руками;17;top;цветы на свадьбу
свадебные торты замок;17;top;свадебный торт
смешной свадебный торт;17;top;свадебный торт
подача свадебного торта;17;top;свадебный торт
свадебное платье торт;17;top;свадебный торт
заказать свадебный торт с доставкой;17;top;свадебный торт
свадебный торт фото двухъярусный на свадьбу;17;top;свадебный торт
свадебные торты санкт петербург;17;top;свадебный торт
торт свадебный прямоугольный фото;17;top;свадебный торт
свадебные торты бархат;17;top;свадебный торт
свадебный торт красный бархат;17;top;свадебный торт
свадебный торт молочная девочка;17;top;свадебный торт
трендовый свадебный торт;17;top;свадебный торт
торт свадебный 2 ярусный;17;top;свадебный торт
расчет свадебного торта;17;top;свадебный торт
свадебный торт какой лучше;17;top;свадебный торт
свадебный каравай воронеж;17;top;свадебный каравай
каравай свадебный своими руками рецепт с фото;17;top;свадебный каравай
салют фонтан на свадьбу;17;top;салют на свадьбу
визажист на свадьбу москва на дом;17;top;визажист на свадьбу
макияж и прическа на свадьбу к подруге;17;top;прическа и макияж на свадьбу
свадебное агентство попаданки;17;top;свадебное агентство
камеди клаб свадебное агентство марина кравец;17;top;свадебное агентство
марина кравец камеди свадебное агентство;17;top;свадебное агентство
как крепить кольца на машину на свадьбу;17;top;машина на свадьбу
сколько стоит машина на свадьбу;17;top;машина на свадьбу
машина для молодоженов на свадьбу;17;top;машина на свадьбу
роль ведущего на свадьбе;16;top;ведущий на свадьбу | ведущая на свадьбу
работа ведущим на свадьбах;16;top;ведущий на свадьбу | ведущая на свадьбу
рейтинг ведущих на свадьбу;16;top;ведущий на свадьбу | ведущая на свадьбу
трезвый на свадьбе это он или тамада;16;top;тамада на свадьбу
услуги фотографа на свадьбу екатеринбург;16;top;фотограф на свадьбу
фотограф на свадьбу ростов;16;top;фотограф на свадьбу
свадебный фотограф серпухов;16;top;свадебный фотограф
свадебный фотограф анна;16;top;свадебный фотограф
красивые локации для свадебной фотосессии в москве;16;top;свадебная фотосессия
свадебная фотосессия на пляже;16;top;свадебная фотосессия
необычные свадебные фотосессии;16;top;свадебная фотосессия
видеограф воронеж на свадьбу;16;top;видеограф на свадьбу
декор свадебной свечи;16;top;свадебный декор
свадьба оформление тканью;16;top;оформление свадьбы
оформление рассадки на свадьбу шаблоны;16;top;оформление свадьбы
рассадка гостей на свадьбе оформление шаблоны;16;top;оформление свадьбы
оформление свадьбы бесплатно;16;top;оформление свадьбы
оформление свадьбы зона;16;top;оформление свадьбы
сделать свадебное приглашение онлайн бесплатно;16;assoc;оформление зала на свадьбу
эустома букет невесты розовые;16;top;букет невесты
где купить букет невесты москва;16;top;букет невесты
букет живой каллы невесты с жемчугом;16;top;букет невесты
букет невесты каллы живые;16;top;букет невесты
алиса букет невесты;16;top;букет невесты
свеча букет невесты;16;top;букет невесты
тата букет невесты;16;top;букет невесты
кто поймал букет невесты все серии;16;top;букет невесты
букет невесты серпухов;16;top;букет невесты
какой букет подарить невесте от родителей;16;top;букет невесты
букет невесты из атласных лент;16;top;букет невесты
сколько цветов должно быть в букете невесты;16;top;букет невесты
букет невесты дорама;16;top;букет невесты
лучшие цветы для букета невесты;16;top;букет невесты
мелодрама кто поймал букет невесты;16;top;букет невесты
какой букет для невесты на свадьбу;16;top;букет невесты
свадебный букет невесты сделать;16;top;букет невесты
букет невесты висячие;16;top;букет невесты
букет невесты на свадьбу цена;16;top;букет невесты
букет невесты из белых роз и гипсофилы;16;top;букет невесты
букет невесты книга;16;top;букет невесты
трендовый букет невесты 2026;16;top;букет невесты
классические букеты невесты;16;top;букет невесты
букет невесты на венчание;16;top;букет невесты
букет невесты на похоронах;16;top;букет невесты
разноцветный букет невесты;16;top;букет невесты
букет невесты ростов;16;top;букет невесты
букет невесты предложение;16;top;букет невесты
приснилось букет невесты;16;top;букет невесты
желтые цветы на свадьбу;16;top;цветы на свадьбу
цветы букеты на свадьбу цена;16;top;цветы на свадьбу
муж не подарил цветы на годовщину свадьбы;16;top;цветы на свадьбу
виды цветов на свадьбу;16;top;цветы на свадьбу
название цветов на свадьбу;16;top;цветы на свадьбу
арка из живых цветов на свадьбу;16;top;цветы на свадьбу
обязательно ли дарить цветы на свадьбу молодоженам;16;top;цветы на свадьбу
композиция из цветов на стол на свадьбу;16;top;цветы на свадьбу
цветы на 4 года свадьбы;16;top;цветы на свадьбу
какие цветы можно дарить на свадьбу;16;top;цветы на свадьбу
сколько стоят цветы на свадьбу;16;top;цветы на свадьбу
модный свадебный торт;16;top;свадебный торт
свадебный торт 30 кг;16;top;свадебный торт
церемония свадебного торта;16;top;свадебный торт
шакотис свадебный торт;16;top;свадебный торт
торт свадебный одноярусный с ягодами;16;top;свадебный торт
оформление торта свадебные фото;16;top;свадебный торт
свадебный торт прямоугольный с цветами;16;top;свадебный торт
свадебный торт молодоженам;16;top;свадебный торт
торт фисташка малина свадебный;16;top;свадебный торт
как украсить домашний свадебный торт;16;top;свадебный торт
как украсить свадебный торт в домашних условиях;16;top;свадебный торт
свадебный торт на заказ цена;16;top;свадебный торт | свадебный торт на заказ
свадебный торт калининград;16;top;свадебный торт
свадебный торт и невестка;16;top;свадебный торт
свадебный торт муж и невестка;16;top;свадебный торт
прямоугольный свадебный торт 3 кг;16;top;свадебный торт
свадебный торт с розами;16;top;свадебный торт
подложка для свадебного торта;16;top;свадебный торт
подставка для свадебного торта;16;top;свадебный торт
свадебный торт без мастики;16;top;свадебный торт
выездной бар на свадьбу;16;top;бар на свадьбу
свадебный хлеб каравай;16;top;свадебный каравай
организатор свадеб вакансии москва;16;top;организатор свадьбы москва
торжественная музыка для выхода на сцену;16;assoc;свет и звук на свадьбу
аренда шатра для свадьбы в подмосковье;16;top;аренда шатра для свадьбы
свадебный кортеж фильм 1997;16;assoc;транспорт для гостей на свадьбу
банки на машину свадьба;16;top;машина на свадьбу
красный сердце светлый для машины на свадьбу;16;top;машина на свадьбу
заказ машины на свадьбу в москве;16;top;машина на свадьбу
заеахать лимузин на свадьбу в подольске;16;top;лимузин на свадьбу
лимузин на свадьбу москва цены;16;top;лимузин на свадьбу
ведущие на свадьбу любовь;15;top;ведущий на свадьбу | ведущая на свадьбу
ведущий на свадьбу чебоксары;15;top;ведущий на свадьбу | ведущая на свадьбу
речь на свадьбу в загсе ведущая;15;top;ведущий на свадьбу | ведущая на свадьбу
кто был ведущим на свадьбе клавы коки;15;top;ведущий на свадьбу | ведущая на свадьбу
ведущий на свадьбу тула;15;top;ведущий на свадьбу | ведущая на свадьбу
средняя цена ведущего на свадьбу;15;top;ведущий на свадьбу | ведущая на свадьбу | ведущий на свадьбу цена
топ ведущих на свадьбу;15;top;ведущий на свадьбу | ведущая на свадьбу
армянский ведущий на свадьбу;15;top;ведущий на свадьбу | ведущая на свадьбу
ведущий на свадьбу ростов на дону;15;top;ведущий на свадьбу | ведущая на свадьбу
тамада на свадьбе порно;15;top;тамада на свадьбу
фотограф на свадьбу видное;15;top;фотограф на свадьбу
фотограф на свадьбу лучшие;15;top;фотограф на свадьбу
свадебный фотограф екатеринбурге евгений;15;top;свадебный фотограф
свадебный фотограф свердловская область;15;top;свадебный фотограф
свадебный фотограф мытищи;15;top;свадебный фотограф
свадебный фотограф екатерина;15;top;свадебный фотограф
особняк спиридонова свадебная фотосессия;15;top;свадебная фотосессия
свадебная фотосессия казань;15;top;свадебная фотосессия
площадка для фотосессии свадебная;15;top;свадебная фотосессия
юсуповский дворец свадебная фотосессия;15;top;свадебная фотосессия
сколько стоит видеограф на свадьбу;15;top;видеограф на свадьбу
оформление пригласительных на свадьбу;15;top;оформление свадьбы
оформление свадеб тона;15;top;оформление свадьбы
где взять свадебную арку;15;top;свадебная арка
металлическая свадебная арка;15;top;свадебная арка
фотозона на свадьбу дома;15;top;фотозона на свадьбу
как сделать фотозону на свадьбу;15;top;фотозона на свадьбу
букет невесты купить люберцы;15;top;букет невесты
empire zone букет невесты отзывы;15;top;букет невесты
связать букет невесты;15;top;букет невесты
букет невесты орехово зуево купить;15;top;букет невесты
букет невесты бело сиреневый;15;top;букет невесты
зачем невесте букет на свадьбу;15;top;букет невесты
форма букета невесты;15;top;букет невесты
букет невесты купить электросталь;15;top;букет невесты
букет невесты мк;15;top;букет невесты
букет невесты легкий;15;top;букет невесты
букет невесты без цветов;15;top;букет невесты
букет невесты москва из живых цветов;15;top;букет невесты
букет невесты из кустовой гвоздики;15;top;букет невесты
букет невесты из кустовых гвоздик;15;top;букет невесты
букет невесты покупает жених;15;top;букет невесты
букет невесты из белых фрезий;15;top;букет невесты
белые гладиолусы букет невесты;15;top;букет невесты
букет невесты розовые пионы;15;top;букет невесты
дарят ли цветы на свадьбу гости;15;top;цветы на свадьбу
букет цветов на годовщину свадьбы;15;top;цветы на свадьбу
на свадьбу с цветами приходят;15;top;цветы на свадьбу
белый президиум на свадьбу;15;top;президиум на свадьбу
свадебный торт с рюшами;15;top;свадебный торт
свадебный торт одноярусный длинный;15;top;свадебный торт
свадебные торты пирожные;15;top;свадебный торт
современные свадебные торты фото;15;top;свадебный торт
литовский свадебный торт шакотис;15;top;свадебный торт
подставка под свадебный торт;15;top;свадебный торт
белый одноярусный свадебный торт;15;top;свадебный торт
свадебный торт сникерс;15;top;свадебный торт
свадебный торт ламбет;15;top;свадебный торт
заказать недорогой свадебный торт;15;top;свадебный торт
как приготовить свадебный торт;15;top;свадебный торт
украшение свадебного торта вафельной бумагой;15;top;свадебный торт
seashell wedding свадебный салон;15;assoc;кенди бар на свадьбу
фуршет на свадьбу своими руками;15;top;фуршет на свадьбу
полотенце для свадебного каравая;15;top;свадебный каравай
позвать артиста на свадьбу;15;top;артисты на свадьбу
дневной салют на свадьбу купить;15;top;салют на свадьбу
заказать салют на свадьбу;15;top;салют на свадьбу
свадебный стилист с выездом москва;15;top;свадебный стилист
прическа и макияж на свадьбу гостье;15;top;прическа и макияж на свадьбу
свадебный организатор обучение;15;top;свадебный организатор
свадебные ивент агентства;15;top;свадебное агентство
свадебные агентства event;15;top;свадебное агентство
экспорт это ввоз или вывоз;15;assoc;ведущий выездной регистрации
машина на свадьбу для невесты и жениха;15;assoc+top;транспорт для гостей на свадьбу | машина на свадьбу
я уже пообещала машину сына на свадьбу;15;top;машина на свадьбу
машина на свадьбу бмв;15;top;машина на свадьбу
порно в машине на свадьбе;15;top;машина на свадьбу
украшения на машину на свадьбу подольск;15;top;машина на свадьбу
наклейки на машину свадьба;15;top;машина на свадьбу
как подарить машину на свадьбу;15;top;машина на свадьбу
найти машину на свадьбу;15;top;машина на свадьбу
свадебные машины на свадьбу;15;top;машина на свадьбу
аренда лимузина москва на свадьбу цены;15;top;лимузин на свадьбу
лимузин на свадьбу цена за час;15;top;лимузин на свадьбу
заказ лимузина в москве на свадьбу;15;top;лимузин на свадьбу
снять лимузин на свадьбу;15;top;лимузин на свадьбу
как выбрать ведущего на свадьбу;14;top;ведущий на свадьбу | ведущая на свадьбу
молодые ведущие на свадьбу;14;top;ведущий на свадьбу | ведущая на свадьбу | молодой ведущий на свадьбу
пара ведущих на свадьбу;14;top;ведущий на свадьбу | ведущая на свадьбу
ведущий на свадьбу дмитров;14;top;ведущий на свадьбу | ведущая на свадьбу
кормят ли ведущих на свадьбе;14;top;ведущий на свадьбу | ведущая на свадьбу
начинающий ведущий на свадьбу;14;top;ведущий на свадьбу | ведущая на свадьбу
ведущий на свадьбу спб;14;top;ведущий на свадьбу | ведущая на свадьбу
лучшие ведущие на свадьбу москва;14;top;ведущий на свадьбу | ведущая на свадьбу | ведущий свадьбы москва
2 ведущих на свадьбу;14;top;ведущий на свадьбу | ведущая на свадьбу
семейный очаг на свадьбе слова ведущего;14;top;ведущий на свадьбу | ведущая на свадьбу
песни тамады на свадьбах;14;top;тамада на свадьбу
веселый тамада на свадьбу;14;top;тамада на свадьбу
сколько стоит тамада на свадьбу в москве;14;top;тамада на свадьбу
тамада на свадьбе сценарий прикольный;14;top;тамада на свадьбу
конкурсы на свадьбу сценарий без тамады;14;top;тамада на свадьбу
как завершить свадебную церемонию в симс 4;14;assoc;молодой ведущий на свадьбу | ведущий на маленькую свадьбу
фото фотографа на свадьбе;14;top;фотограф на свадьбу
фотограф на свадьбу ростов на дону;14;top;фотограф на свадьбу
свадебный фотограф спб;14;top;свадебный фотограф
свадебный фотограф текст;14;top;свадебный фотограф
свадебный фотограф раменское;14;top;свадебный фотограф
фотограф свадебная съемка;14;top;свадебный фотограф
свадебный фотограф работы;14;top;свадебный фотограф
сколько стоит свадебный фотограф в москве;14;top;свадебный фотограф | свадебный фотограф москва
где устроить свадебную фотосессию в москве;14;top;свадебная фотосессия
свадебная фотосессия клавы коки;14;top;свадебная фотосессия
усадьба гребнево свадебная фотосессия отчет;14;top;свадебная фотосессия
свадебная фотосессия в санкт петербурге;14;top;свадебная фотосессия
свадебная фотосессия с лошадьми;14;top;свадебная фотосессия
усадьба архангельское свадебная фотосессия;14;top;свадебная фотосессия
видеосъемка на свадьбу цена;14;top;видеосъемка свадьбы
фото и видеосъемка на свадьбу;14;top;видеосъемка свадьбы
фотосессия и студия love story;14;top;love story фотосессия
песни под свадебный клип;14;top;свадебный клип
свадебные кольца декор;14;top;свадебный декор
свадебный декор 2026 тренды;14;top;свадебный декор
оформление зала на свадьбу своими руками;14;top;оформление свадьбы | оформление зала на свадьбу
оформление свадеб сколько стоит;14;top;оформление свадьбы
оформление документов для свадьбы;14;top;оформление свадьбы
оформление свадеб примеры;14;top;оформление свадьбы
оформление юбилея свадьбы;14;top;оформление свадьбы
свадебная арка из живых цветов;14;top;свадебная арка
красивая фотозона на свадьбу;14;top;фотозона на свадьбу
букет невесты откуда традиция;14;top;букет невесты
букет невесты выбросить;14;top;букет невесты
букет невесты из гипсофилы цена;14;top;букет невесты
букет невесты клин;14;top;букет невесты
букет невесты высота;14;top;букет невесты
букет невесты 2026 заказать;14;top;букет невесты
нужен ли в загс букет невесты;14;top;букет невесты
смотреть фильм бесплатно кто поймал букет невесты;14;top;букет невесты
фильм кто поймал букет невесты бесплатно;14;top;букет невесты
духи empire zone букет невесты отзывы;14;top;букет невесты
букет невесты 2026 года;14;top;букет невесты
букет невесты пермь;14;top;букет невесты
нужен ли букет невесты на роспись;14;top;букет невесты
как завязать ленту на букете невесты;14;top;букет невесты
поймала букет невесты отзывы;14;top;букет невесты
что означает букет невесты на свадьбе;14;top;букет невесты
букет невесты в рязани образцы;14;top;букет невесты
образцы букетов невесты;14;top;букет невесты
где в подольске купить букет невесты;14;top;букет невесты
бюджетный букет невесты;14;top;букет невесты
для чего нужен букет невесты;14;top;букет невесты
какой букет лучше на свадьбу для невесты;14;top;букет невесты
букет невесты маки;14;top;букет невесты
букет невесты из брокколи плохо или хорошо;14;top;букет невесты
какой букет кидает невеста;14;top;букет невесты
цветы на фарфоровую свадьбу;14;top;цветы на свадьбу
цветы на годовщину свадьбы 10 лет;14;top;цветы на свадьбу
букет цветов кыргызстан на свадьбу подарки;14;top;цветы на свадьбу
цветы на голову на свадьбу;14;top;цветы на свадьбу
букет цветов на золотую свадьбу;14;top;цветы на свадьбу
что попросить на свадьбу вместо цветов;14;top;цветы на свадьбу
живые цветы букеты на свадьбу фото;14;top;цветы на свадьбу
полевые цветы на свадьбу;14;top;цветы на свадьбу
цветы на свадьбу подруге;14;top;цветы на свадьбу
тренды в свадебных тортах;14;top;свадебный торт
свадебные торты популярные;14;top;свадебный торт
торт свадебный двухъярусный 2026;14;top;свадебный торт
агзамов свадебные торты;14;top;свадебный торт
свадебный торт агзамова;14;top;свадебный торт
выносят свадебный торт;14;top;свадебный торт
свадебный торт 90х;14;top;свадебный торт
свадебный торт фото одноярусный современный;14;top;свадебный торт
современный свадебный торт одноярусный;14;top;свадебный торт
свадебный торт с жемчугом;14;top;свадебный торт
свадебные торты золотой;14;top;свадебный торт
свадебные торты фото самые;14;top;свадебный торт
свадебный торт авито;14;top;свадебный торт
свадебный торт с бусинами;14;top;свадебный торт
свадебный торт какой выбрать;14;top;свадебный торт
торт свадебный добрынинский;14;top;свадебный торт
осенний свадебный торт;14;top;свадебный торт
выездной кейтеринг на свадьбу;14;top;кейтеринг на свадьбу
салат в креманках на праздничный стол;14;assoc;кейтеринг на свадьбу
приготовление свадебного каравая;14;top;свадебный каравай
свадебный каравай с лебедями;14;top;свадебный каравай
кавер группа на свадьбу цена;14;top;кавер группа на свадьбу
артисты на свадьбу москва;14;top;артисты на свадьбу
шоу программа на свадьбу;14;top;шоу программа на свадьбу
свадебный стилист одинцово;14;top;свадебный стилист
свадебное агентство организатор;14;top;свадебный организатор | свадебное агентство
свадебное агентство ксении;14;top;свадебное агентство
свадебное агентство москва под ключ;14;top;свадебное агентство
свадебное агентство москва свадьба под ключ;14;top;свадебное агентство
свадебный распорядитель;14;top;свадебный распорядитель
выездная регистрация регистратор;14;top;выездной регистратор
шарики на машину на свадьбу;14;top;машина на свадьбу
кольца на машину для свадьбы своими руками;14;top;машина на свадьбу
подарок на свадьбу машина;14;top;машина на свадьбу
украшение машин на свадьбу лентами атласными;14;top;машина на свадьбу
украшение машины на свадьбу фото;14;top;машина на свадьбу
заказ машины с водителем на свадьбу;14;top;машина на свадьбу
как украсить машину на свадьбу гостям;14;top;машина на свадьбу
как сделать украшение на машину на свадьбу;14;top;машина на свадьбу
фатин на машине свадьба;14;top;машина на свадьбу
г электросталь прокат машин на свадьбу;14;top;машина на свадьбу
подрядчики на свадьбе это;14;top;подрядчики на свадьбу
как зовут ведущего на свадьбе;13;top;ведущий на свадьбу | ведущая на свадьбу
ведущий на свадьбу домодедово;13;top;ведущий на свадьбу | ведущая на свадьбу
ведущий на свадьбу список;13;top;ведущий на свадьбу | ведущая на свадьбу
ведущие на свадьбу нижний;13;top;ведущий на свадьбу | ведущая на свадьбу
ведущий на свадьбу нижний новгород;13;top;ведущий на свадьбу | ведущая на свадьбу
свадьба тамада сценарий конкурсы на день;13;top;тамада на свадьбу
начинающий тамада на свадьбу;13;top;тамада на свадьбу
тамада на свадьбу в оренбурге;13;top;тамада на свадьбу
услуги фотографа на свадьбу цена;13;top;фотограф на свадьбу | фотограф на свадьбу цена
свадебный фотограф александр;13;top;свадебный фотограф
свадебный фотограф александров;13;top;свадебный фотограф
топ свадебных фотографов;13;top;свадебный фотограф
свадебные фотосессии фотограф екатеринбург;13;top;свадебный фотограф | свадебная фотосессия
сколько стоит госпошлина на заключение брака;13;assoc;фотограф на свадьбу цена
помещения для свадебной фотосессии;13;top;свадебная фотосессия
зимняя свадебная фотосессия;13;top;свадебная фотосессия
фотосессия в свадебных костюмах;13;top;свадебная фотосессия
свадебная фотосессия в ноябре;13;top;свадебная фотосессия
можно ли венчаться после свадьбы;13;assoc;свадебная фотосессия
свадебный декор без цветов;13;top;свадебный декор
сколько стоит свадебный декор;13;top;свадебный декор
студия свадебного декора;13;top;свадебный декор
декор свадебный из цветов на стол;13;top;свадебный декор
оформление свадьбы купить;13;top;оформление свадьбы
оформление бокалов на свадьбу;13;top;оформление свадьбы
оформление стола молодоженов на свадьбу;13;top;оформление свадьбы
цветочное оформление свадьбы;13;top;оформление свадьбы
оформление зала на свадьбу фото;13;top;оформление свадьбы | оформление зала на свадьбу
оформление голубой свадьбы;13;top;оформление свадьбы
оформление свадьбы город клин;13;top;оформление свадьбы
оформление зала на свадьбу цена;13;top;оформление свадьбы | оформление зала на свадьбу
где взять свадебную арку в симс;13;top;свадебная арка
какую ткань вешают на свадебную арку;13;top;свадебная арка
как украсить фотозону на свадьбу;13;top;фотозона на свадьбу
фотозона на годовщину свадьбы;13;top;фотозона на свадьбу
готовая фотозона на свадьбу;13;top;фотозона на свадьбу
букет невесте на свадьбу от гостей;13;top;букет невесты
букет невесты коломна;13;top;букет невесты
букет невесты купить на рижском рынке;13;top;букет невесты
букет невесты смоленск;13;top;букет невесты
купить букет невесты видное;13;top;букет невесты
когда жених дарит букет невесте;13;top;букет невесты
смотреть фильм онлайн поймать букет невесты;13;top;букет невесты
фильм букет невесты смотреть онлайн;13;top;букет невесты
фильм букет невесты смотреть онлайн бесплатно;13;top;букет невесты
фильм онлайн кто поймал букет невесты;13;top;букет невесты
купить букет невесты в чехове;13;top;букет невесты
аткинсон букет невесты;13;top;букет невесты
персиковый букет невесты;13;top;букет невесты
выкидывать ли букет невесты;13;top;букет невесты
из каких цветов делают букет невесты;13;top;букет невесты
букет невесты на свадьбу традиция;13;top;букет невесты
букет невесты голубые гортензии;13;top;букет невесты
букет невесты бело зеленый фото;13;top;букет невесты
девушка ловит букет невесты;13;top;букет невесты
букет невесты из маттиолы;13;top;букет невесты
букет цветов невесты свадебные фото;13;top;букет невесты
можно ли ловить букет невесты;13;top;букет невесты
букет невесты из гипсофилы и эвкалипта;13;top;букет невесты
детективы букет невесты;13;top;букет невесты
кто поймал букет невесты детектив;13;top;букет невесты
картины из букета невесты из эпоксидной смолы;13;top;букет невесты
букет на свадьбу невесте какие цветы;13;top;букет невесты | цветы на свадьбу
букет невесты из белых роз фото;13;top;букет невесты
что означает поймать букет невесты на свадьбе;13;top;букет невесты
показать букет невесты;13;top;букет невесты
букет невесты на свадьбу цветами фото;13;top;букет невесты | цветы на свадьбу
магазин природа подольск букет невесты;13;top;букет невесты
букет невесты из кустовой хризантемы и эвкалипт;13;top;букет невесты
букет невесты из хризантем кустовых;13;top;букет невесты
букет от отца невесте;13;top;букет невесты
свадебный букет для невесты из гипсофилы белой;13;top;букет невесты
какой комнатный цветок подарить на свадьбу;13;top;цветы на свадьбу
розовые цветы на свадьбу;13;top;цветы на свадьбу
родители невесты дарят цветы на свадьбу;13;top;цветы на свадьбу
композиции из живых цветов на свадьбу;13;top;цветы на свадьбу
маленький букет цветов на свадьбу;13;top;цветы на свадьбу
нужно ли дарить цветы на свадьбу молодоженам;13;top;цветы на свадьбу
свадебные торты 8 кг;13;top;свадебный торт
свадебный торт домашний украшение;13;top;свадебный торт
украшение свадебного торта в домашних условиях;13;top;свадебный торт
дорогой свадебный торт;13;top;свадебный торт
покажи свадебные торты;13;top;свадебный торт
свадебный торт прикольный;13;top;свадебный торт
пробники свадебных тортов;13;top;свадебный торт
свадебный торт с лягушками;13;top;свадебный торт
итальянский свадебный торт с ягодами;13;top;свадебный торт
свадебный торт коржи;13;top;свадебный торт
свадебный торт на свадьбу одноярусный;13;top;свадебный торт
кому первый кусок свадебного торта;13;top;свадебный торт
два шефа и свадебный торт;13;top;свадебный торт
два шефа и свадебный торт фильм;13;top;свадебный торт
свадебный торт 10 кг цена;13;top;свадебный торт
торт 40 кг свадебный;13;top;свадебный торт
высокий свадебный торт;13;top;свадебный торт
торт свадебный 2026 прямоугольный видео;13;top;свадебный торт
название свадебных тортов;13;top;свадебный торт
как в симс 4 заказать свадебный торт;13;top;свадебный торт
как заказать свадебный торт в симс;13;top;свадебный торт
свадебный торт в морском стиле;13;top;свадебный торт
свадебный торт двухъярусный с цветами;13;top;свадебный торт
свадебный торт калуга;13;top;свадебный торт
свадебный торт рафаэлло;13;top;свадебный торт
свадебный торт слова;13;top;свадебный торт
свадебный прямоугольный торт медовик размеры;13;top;свадебный торт
кейтеринг банкет на свадьбу;13;top;кейтеринг на свадьбу
как испечь свадебный каравай пошаговое;13;top;свадебный каравай
свадебный каравай мытищи;13;top;свадебный каравай
как приготовить свадебный каравай;13;top;свадебный каравай
кавер группа на свадьбу москва цена;13;top;кавер группа на свадьбу
постановка свадебного танца метро первомайская;13;top;постановка свадебного танца
образ на свадьбу макияж и прическа;13;top;прическа и макияж на свадьбу
ксения афанасьева свадебный организатор;13;top;свадебный организатор
wedoagency свадебное агентство;13;top;свадебное агентство
свадебное агентство любовь;13;top;свадебное агентство
ezwed свадебное агентство отзывы;13;top;свадебное агентство
свадебное агентство рейтинг;13;top;свадебное агентство
свадебное агентство darsy;13;top;свадебное агентство
фильм про свадебное агентство;13;top;свадебное агентство
свадебное агентство организация;13;top;свадебное агентство
организатор свадеб москва цена;13;top;организатор свадьбы москва
сколько стоит координатор на свадьбу;13;top;координатор на свадьбу
свадебная песня на пианино;13;assoc;свет и звук на свадьбу
транспорт на свадьбу для гостей;13;top;транспорт для гостей на свадьбу
автобус для гостей на свадьбу;13;top;автобус для гостей на свадьбу
украшают ли сейчас машины на свадьбу;13;top;машина на свадьбу
нужна машина на свадьбу;13;top;машина на свадьбу
арендовать лимузин на свадьбу;13;top;лимузин на свадьбу
на сколько заказывать лимузин на свадьбу;13;top;лимузин на свадьбу
сколько стоит заказать лимузин на свадьбу;13;top;лимузин на свадьбу
ведущий на свадьбу краснодар;12;top;ведущий на свадьбу | ведущая на свадьбу
песни ведущих на свадьбе;12;top;ведущий на свадьбу | ведущая на свадьбу
ведущий церемонии на свадьбу;12;top;ведущий на свадьбу | ведущая на свадьбу
алексей алексеев ведущий на свадьбу;12;top;ведущий на свадьбу | ведущая на свадьбу
ведущий на свадьбу алексей;12;top;ведущий на свадьбу | ведущая на свадьбу
отзыв о ведущем на свадьбе;12;top;ведущий на свадьбу | ведущая на свадьбу | отзывы о ведущем на свадьбу
ведущий на свадьбу подольск;12;top;ведущий на свадьбу | ведущая на свадьбу
илья сатир ведущий на свадьбу;12;top;ведущий на свадьбу | ведущая на свадьбу
услуги тамады на свадьбу цены;12;top;тамада на свадьбу
тамада на свадьбу недорого;12;top;тамада на свадьбу
фотограф на свадьбу москва цена за час;12;top;фотограф на свадьбу | фотограф на свадьбу цена
свадебный фотограф на свадьбу;12;top;фотограф на свадьбу
фотограф на свадьбу ростов на дону анна;12;top;фотограф на свадьбу
свадебный фотограф зеленоград;12;top;свадебный фотограф
майвед свадебный фотограф;12;top;свадебный фотограф
свадебный фотограф курск;12;top;свадебный фотограф
юлия свадебный фотограф;12;top;свадебный фотограф
профессиональный свадебный фотограф;12;top;свадебный фотограф
уральские пельмени свадебный фотограф;12;top;свадебный фотограф
свадебный фотограф новосибирск;12;top;свадебный фотограф
променяла фотосессию на секс;12;assoc;свадебный фотограф
свадебная фотосессия в пушкине;12;top;свадебная фотосессия
свадебные фотосессии идеи фото;12;top;свадебная фотосессия
видеосъемка цыганских свадеб;12;top;видеосъемка свадьбы
видеосъемка свадьбы сколько;12;top;видеосъемка свадьбы
смотреть клип свадебные;12;top;свадебный клип
свадебные клипы русские;12;top;свадебный клип
свадебный декор курсы;12;top;свадебный декор
оформление свадебного декора;12;top;свадебный декор
стили свадебного декора;12;top;свадебный декор
оформление машины на свадьбу;12;top;оформление свадьбы | машина на свадьбу
оформление бокалов и бутылок на свадьбу;12;top;оформление свадьбы
минимализм свадьба оформление;12;top;оформление свадьбы
оформление залов свадеб цветами;12;top;оформление свадьбы | оформление цветами свадьба
зеленое оформление свадьбы;12;top;оформление свадьбы
оформление свадьбы фотографиями;12;top;оформление свадьбы
свадебные арки фотозона;12;top;свадебная арка
где взять свадебную арку в симс 4;12;top;свадебная арка
как оформить арку свадебную;12;top;свадебная арка
авито свадебные арки купить;12;top;свадебная арка
фотозона на свадьбу цветы;12;top;фотозона на свадьбу | цветы на свадьбу
надпись на фотозону на свадьбу;12;top;фотозона на свадьбу
фотозона на свадьбу своими руками в ресторане;12;top;фотозона на свадьбу
каркас для фотозоны на свадьбу;12;top;фотозона на свадьбу
фотозона с зеркалом на свадьбу;12;top;фотозона на свадьбу
свадебный флорист краснодар;12;top;свадебный флорист
букет невесты в красном цвете;12;top;букет невесты
размер букета невесты;12;top;букет невесты
какой букет бросает невеста;12;top;букет невесты
куда девать букет невесты после свадьбы;12;top;букет невесты
можно кидать букет невесты;12;top;букет невесты
букет невесты 2026 пинтерест;12;top;букет невесты
букет невесты в стиле бохо;12;top;букет невесты
букет невесты с бусинками;12;top;букет невесты
букет на свадьбу на руку невесты;12;top;букет невесты
цветы для букета невесты названия и фото;12;top;букет невесты
букет невесты долгопрудный;12;top;букет невесты
можно ли отдавать букет невесты;12;top;букет невесты
свадебный букет невесты из гвоздик;12;top;букет невесты
свадебный букет для невесты минимализм;12;top;букет невесты
букет для невесты от папы;12;top;букет невесты
фиалка см букет невесты;12;top;букет невесты
передача букета невесты;12;top;букет невесты
букет невесты из альтермерит;12;top;букет невесты
букет невесты сочи;12;top;букет невесты
свадебный букет для невесты екатеринбург;12;top;букет невесты
традиция бросать букет невесты;12;top;букет невесты
красные каллы букет невесты;12;top;букет невесты
можно ли дарить букет невесты;12;top;букет невесты
букет невесты суеверия;12;top;букет невесты
какой букет дарит жених невесте;12;top;букет невесты
букет невесты срочно;12;top;букет невесты
янышева букет невесты;12;top;букет невесты
букет невесты белые розы зелень;12;top;букет невесты
свадебный букет невесты спб;12;top;букет невесты
букет невесты антуриум и каллы;12;top;букет невесты
букет невесты челябинск;12;top;букет невесты
оригинально разыграть букет невесты;12;top;букет невесты
букет невесты живые или искусственные цветы;12;top;букет невесты
букет невесты голубой купить;12;top;букет невесты
купить букет невесты каллы в зеленограде;12;top;букет невесты
букет невесты брянск;12;top;букет невесты
юзис букет невесты пеларгония;12;top;букет невесты
букет невесты из калл москва доставка;12;top;букет невесты
примета если поймать букет невесты;12;top;букет невесты
букет невесты пошагово;12;top;букет невесты
букет невесты из пионов и гипсофилы;12;top;букет невесты
корзина с цветами на свадьбу фото;12;top;цветы на свадьбу
можно ли дарить цветы на свадьбу невесте;12;top;цветы на свадьбу
какие цветы подарить молодоженам на свадьбу;12;top;цветы на свадьбу
открытки цветы на годовщину свадьбы;12;top;цветы на свадьбу
какие цветы подарить дочери на свадьбу;12;top;цветы на свадьбу
букет на свадьбу искусственные цветы;12;top;цветы на свадьбу
букет цветов из бригады на свадьбу;12;top;цветы на свадьбу
арка из искусственных цветов на свадьбу;12;top;цветы на свадьбу
какие цветы принято дарить на свадьбу;12;top;цветы на свадьбу
какие цветы на золотую свадьбу;12;top;цветы на свадьбу
готовые президиумы на свадьбу в москве;12;top;президиум на свадьбу
как украсить президиум на свадьбу своими руками;12;top;президиум на свадьбу
свадебный торт на 3 кг;12;top;свадебный торт
свадебный торт цена за 1 кг;12;top;свадебный торт
вес торта на 40 человек свадебного;12;top;свадебный торт
свадебный торт продается;12;top;свадебный торт
свадебные торты 2026 год;12;top;свадебный торт
свадебный торт 3х ярусный;12;top;свадебный торт
свадебный торт в стиле итальянского пирога;12;top;свадебный торт
где можно заказать свадебный торт;12;top;свадебный торт
вместо свадебного торта;12;top;свадебный торт
трехярусный свадебный торт;12;top;свадебный торт
итальянский свадебный торт рецепт;12;top;свадебный торт
свадебные торты на 25 человек;12;top;свадебный торт
обычные свадебные торты;12;top;свадебный торт
торт свадебный 2026 улуг в петербург;12;top;свадебный торт
свадебный торт на 4 кг;12;top;свадебный торт
свадебный дом торт;12;top;свадебный торт
свадебный торт в один ярус;12;top;свадебный торт
свадебный торт с инициалами и шариками двухярусный;12;top;свадебный торт
найти свадебный торт;12;top;свадебный торт
мастер класс по изготовлению свадебного торта;12;top;свадебный торт
сколько кг должен быть свадебный торт;12;top;свадебный торт
свадебный торт зеленоград;12;top;свадебный торт
где можно заказать свадебный каравай;12;top;свадебный каравай
солонка на каравай свадебный;12;top;свадебный каравай
как испечь свадебный каравай рецепт;12;top;свадебный каравай
секс свадебный стилист;12;top;свадебный стилист
образ невесты на свадьбу прическа и макияж;12;top;прическа и макияж на свадьбу
стилист на свадьбу москва;12;top;стилист на свадьбу москва
novo wed свадебное агентство;12;top;свадебное агентство
свадебное агентство веддинг;12;top;свадебное агентство
свадебное эвент агентство москва;12;top;свадебное агентство
свадебное агентство иды галич;12;top;свадебное агентство
проджект менеджер в свадебное агентство;12;top;свадебное агентство
свадебное агентство романа боярова;12;top;свадебное агентство
свадебные агентства премиум;12;top;свадебное агентство
александр ходолев свадебное агентство авито;12;top;свадебное агентство
арендовать машину на свадьбу с водителем;12;top;машина на свадьбу
машины на свадьбу большая;12;top;машина на свадьбу
ведущий на свадьбу россия;11;top;ведущий на свадьбу | ведущая на свадьбу
характеристика ведущего на свадьбу;11;top;ведущий на свадьбу | ведущая на свадьбу
dj ведущий на свадьбу немецкоговорящий;11;top;ведущий на свадьбу | ведущая на свадьбу
ведущий на свадьбе 6;11;top;ведущий на свадьбу | ведущая на свадьбу
ведущий на свадьбу русские;11;top;ведущий на свадьбу | ведущая на свадьбу
профи ру ведущий на свадьбу;11;top;ведущий на свадьбу | ведущая на свадьбу
готовый сценарий на свадьбу для ведущего;11;top;ведущий на свадьбу | ведущая на свадьбу
развлечения на свадьбу без ведущего;11;top;ведущий на свадьбу | ведущая на свадьбу
веселый ведущий на свадьбу;11;top;ведущий на свадьбу | ведущая на свадьбу
ведущий на свадьбу тамбов;11;top;ведущий на свадьбу | ведущая на свадьбу
ведущий на свадьбу пенза;11;top;ведущий на свадьбу | ведущая на свадьбу
ведущий на свадьбу иваново;11;top;ведущий на свадьбу | ведущая на свадьбу
ведущий на свадьбу воронеж;11;top;ведущий на свадьбу | ведущая на свадьбу
секс с тамадой на свадьбе порно видео;11;top;тамада на свадьбу
тосты на свадьбу для тамады;11;top;тамада на свадьбу
салат на праздник быстро и вкусно рецепты;11;assoc;ведущий на свадьбу недорого
фотограф на свадьбу домодедово;11;top;фотограф на свадьбу
сайт свадебный фотограф екатеринбург;11;top;свадебный фотограф
свадебный фотограф екатеринбург от 15000;11;top;свадебный фотограф
майвед сайт свадебных фотографов;11;top;свадебный фотограф
свадебный фотограф петербурга;11;top;свадебный фотограф
свадебный фотограф санкт;11;top;свадебный фотограф
свадебный фотограф санкт петербург;11;top;свадебный фотограф
свадебный фотограф новгород;11;top;свадебный фотограф
сколько зарабатывает свадебный фотограф;11;top;свадебный фотограф
осенняя свадебная фотосессия;11;top;свадебная фотосессия
гостиница для свадебной фотосессии;11;top;свадебная фотосессия
лучшие места для свадебной фотосессии;11;top;свадебная фотосессия
красивые отели для свадебной фотосессии в москве;11;top;свадебная фотосессия
свадебная фотосессия в метро;11;top;свадебная фотосессия
места для свадебной фотосессии казань;11;top;свадебная фотосессия
свадебные фотосессии в студии идеи;11;top;свадебная фотосессия
фото и видеосъемка свадьбы под ключ;11;top;видеосъемка свадьбы
фотосессия love story москва;11;top;love story фотосессия
свадебный клип видео;11;top;свадебный клип
свадебные аксессуары декор;11;top;свадебный декор
свадебный декор сухоцветы;11;top;свадебный декор
оформление зала на свадьбу шарами;11;top;оформление свадьбы | оформление зала на свадьбу
искусственные цветы на свадьбу оформление;11;top;оформление свадьбы | цветы на свадьбу | оформление цветами свадьба
оформление бутылки вина на свадьбу;11;top;оформление свадьбы
оформления зала цветами на свадьбу;11;top;оформление зала на свадьбу | цветы на свадьбу
свадебная арка из шаров;11;top;свадебная арка
свадебная арка из деревьев;11;top;свадебная арка
фотозона на свадьбу зеленая;11;top;фотозона на свадьбу
свадебная фотозона на свадьбу;11;top;фотозона на свадьбу
свадебный баннер для фотозоны на свадьбу;11;top;фотозона на свадьбу
как оформить фотозону на свадьбу;11;top;фотозона на свадьбу
как подписать пойманный букет невесты;11;top;букет невесты
букет невесты из эустомы и гвоздики;11;top;букет невесты
букет невесты на свадьбу москва;11;top;букет невесты
пионовидные кустовые розы букет невесты;11;top;букет невесты
букет невесты на заказ;11;top;букет невесты
невеста кидает букет а жених;11;top;букет невесты
свадебный букет из пионовидных роз для невесты;11;top;букет невесты
заказать букет на свадьбу для невесты;11;top;букет невесты
свадебный букет невесты синий;11;top;букет невесты
букет невесты с зеленью;11;top;букет невесты
букет цветов для невесты от родителей;11;top;букет невесты
свадебные букеты для невесты 2 или 1;11;top;букет невесты
когда невеста бросает букет на свадьбе;11;top;букет невесты
получить букет невесты;11;top;букет невесты
мастер класс букет невесты дублер;11;top;букет невесты
невесте можно каллы букет;11;top;букет невесты
букет невесты из пионов цена;11;top;букет невесты
букет невесты из калл с бусинами;11;top;букет невесты
маленький букет невесты из белых роз;11;top;букет невесты
букет невесты в белом цвете;11;top;букет невесты
подруга поймала букет невесты;11;top;букет невесты
отдай букет подруге невесты;11;top;букет невесты
какие цветы лучше для букета невесты;11;top;букет невесты
букет невесты с лентами для подружек;11;top;букет невесты
заказать букет для невесты егорьевск;11;top;букет невесты
букет невесты из статицы;11;top;букет невесты
цветок лилия букет невесты;11;top;букет невесты
букет невесты с ирисами;11;top;букет невесты
букет невесты на свадьбу искусственный;11;top;букет невесты
букет невесты для фотосессии;11;top;букет невесты
герань букет невесты;11;top;букет невесты
букет невесты в бежевых тонах;11;top;букет невесты
букет невесты из белых георгинов;11;top;букет невесты
фиалка сорт букет невесты;11;top;букет невесты
можно ли выкидывать букет невесты;11;top;букет невесты
букет невесты из белых гвоздик фото;11;top;букет невесты
букет невесты из гипсофилы фото разноцветные;11;top;букет невесты
олд мани букет невесты;11;top;букет невесты
роза вместо букета невесты;11;top;букет невесты
гортензия метельчатая букет невесты;11;top;букет невесты
букет для невесты от родителей фото;11;top;букет невесты
альтернатива букета невесты;11;top;букет невесты
букет невесты 2026 эустома;11;top;букет невесты
примета про букет невесты;11;top;букет невесты
как самой собрать букет невесты;11;top;букет невесты
букет невесты из гортензии и эустомы;11;top;букет невесты
букет невесты из мелких роз;11;top;букет невесты
какие цветы дарят на 50 лет свадьбы;11;top;цветы на свадьбу
в каких цветах нельзя на свадьбу;11;top;цветы на свадьбу
украшения из искусственных цветов на свадьбу;11;top;цветы на свадьбу
живые цветы на свадьбу цена;11;top;цветы на свадьбу
какие цветы подарить жене на годовщину свадьбы;11;top;цветы на свадьбу
зачем цветы на свадьбу;11;top;цветы на свадьбу
когда дарят цветы на свадьбе в загсе;11;top;цветы на свадьбу
цветы на свадьбу нежные;11;top;цветы на свадьбу
дарят ли цветы на годовщину свадьбы;11;top;цветы на свадьбу
какие цветы дарить на свадьбу дочери;11;top;цветы на свадьбу
голубые цветы на свадьбу;11;top;цветы на свадьбу
альтернатива букету цветов на свадьбу;11;top;цветы на свадьбу
цветы зеленые на свадьбу;11;top;цветы на свадьбу
цветы для молодоженов на свадьбу;11;top;цветы на свадьбу
какие цветы на фарфоровую свадьбу;11;top;цветы на свадьбу
президиум на свадьбе минимализм;11;top;президиум на свадьбу
как сделать президиум на свадьбу;11;top;президиум на свадьбу
как сделать президиум на свадьбу своими руками;11;top;президиум на свадьбу
президиум на свадьбу цена;11;top;президиум на свадьбу
аренда текстиля на свадьбу;11;top;текстиль на свадьбу
свадебные торты на годовщину;11;top;свадебный торт
свадебный муссовый торт;11;top;свадебный торт
как рассчитать вес свадебного торта;11;top;свадебный торт
торт полоска свадебный;11;top;свадебный торт
торт свадебный бело голубой;11;top;свадебный торт
свадебный торт муж и невестка дорама;11;top;свадебный торт
торт свадебный 2026 вафельная бумага;11;top;свадебный торт
сделать цветы из мастики на свадебный торт;11;top;свадебный торт
цветы на свадебный торт из мастики;11;top;свадебный торт
торт 30 см свадебный;11;top;свадебный торт
свадебные торты фото необычные;11;top;свадебный торт
продажа свадебного торта;11;top;свадебный торт
свадебный торт 5 ярусный;11;top;свадебный торт
свадебный торт нижний новгород;11;top;свадебный торт
свадебные торты фото самые красивые;11;top;свадебный торт
свадебный торт 28 см;11;top;свадебный торт
белый свадебный торт двухъярусный;11;top;свадебный торт
свадебный торт стихи;11;top;свадебный торт
свадебный торт на свадьбу трехъярусный;11;top;свадебный торт
свадебный торт на свадьбу трехъярусный фото;11;top;свадебный торт
свадебный торт одноярусный с кольцами;11;top;свадебный торт
анна кондитер она готовит свадебный торт;11;top;свадебный торт
свадебный торт самые вкусные;11;top;свадебный торт
свадебный торт от палыча цена;11;top;свадебный торт
бордовый свадебный торт;11;top;свадебный торт
свадебный торт на 40 человек сколько кг;11;top;свадебный торт
свадебный торт традиции;11;top;свадебный торт
свадебный торт человек паук;11;top;свадебный торт
ягодный свадебный торт;11;top;свадебный торт
оформление свадебного торта одноярусного;11;top;свадебный торт
про свадебный торт;11;top;свадебный торт
кейтеринг на свадьбу цены;11;top;кейтеринг на свадьбу
фуршет на свадьбу фото;11;top;фуршет на свадьбу
сдобный свадебный каравай;11;top;свадебный каравай
свадебный каравай с лебедями купить в москве;11;top;свадебный каравай
что делают со свадебным караваем;11;top;свадебный каравай
какой салют купить на свадьбу;11;top;салют на свадьбу
салют на свадьбу какой;11;top;салют на свадьбу
постановка свадебного танца в москве цена;11;top;постановка свадебного танца
свадебный стилист по украшениям;11;top;свадебный стилист
стилист визажист на свадьбу новокосино;11;top;визажист на свадьбу
визажист и парикмахер на свадьбу;11;top;визажист на свадьбу
смета расходов на проведение мероприятия образец;11;assoc;организация свадьбы под ключ цена
текст выездной регистрации для ведущего;11;top;ведущий выездной регистрации
аренда посуды на свадьбу;11;top;аренда посуды на свадьбу
машина на свадьбу спб;11;top;машина на свадьбу
украшение на ручки машины на свадьбу;11;top;машина на свадьбу
песни в машину на свадьбу;11;top;машина на свадьбу
украсить машину шарами на свадьбу;11;top;машина на свадьбу
клип едет на машине на свадьбу;11;top;машина на свадьбу
аренда колец на машину на свадьбу;11;top;машина на свадьбу
машина на свадьбу тамбов;11;top;машина на свадьбу
машина на свадьбу 90;11;top;машина на свадьбу
лимузин на свадьбу спб;11;top;лимузин на свадьбу
конкурс от ведущего на свадьбе;10;top;ведущий на свадьбу | ведущая на свадьбу
ведущий фотограф на свадьбу;10;top;ведущий на свадьбу | ведущая на свадьбу | фотограф на свадьбу
ведущий на свадьбу тверь;10;top;ведущий на свадьбу | ведущая на свадьбу
благодарность ведущему на свадьбе;10;top;ведущий на свадьбу | ведущая на свадьбу
ведущий на свадьбу михаил;10;top;ведущий на свадьбу | ведущая на свадьбу
ищем ведущего на свадьбу;10;top;ведущий на свадьбу | ведущая на свадьбу
как развлечь гостей на свадьбе без ведущего;10;top;ведущий на свадьбу | ведущая на свадьбу
встреча с ведущим на свадьбу;10;top;ведущий на свадьбу | ведущая на свадьбу
нужен ли ведущий на камерную свадьбу;10;top;ведущий на свадьбу | ведущая на свадьбу
анкета для ведущего на свадьбу;10;top;ведущий на свадьбу | ведущая на свадьбу
характеристики гостей для ведущего на свадьбе;10;top;ведущий на свадьбу | ведущая на свадьбу
вопросы ведущему на свадьбу при первой встрече;10;top;ведущий на свадьбу | ведущая на свадьбу
ведущий на свадьбу максим максимов;10;top;ведущий на свадьбу | ведущая на свадьбу
dj ведущий на свадьбу русский немецкий;10;top;ведущий на свадьбу | ведущая на свадьбу
ведущий на свадьбу в гагарине;10;top;ведущий на свадьбу | ведущая на свадьбу
ведущий на свадьбу панов роман;10;top;ведущий на свадьбу | ведущая на свадьбу
как называется ведущий на свадьбе;10;top;ведущий на свадьбу | ведущая на свадьбу
ведущий на свадьбу коломна башаратов илья фото;10;top;ведущий на свадьбу | ведущая на свадьбу
шоу ведущий на свадьбу;10;top;ведущий на свадьбу | ведущая на свадьбу
текст тамады на свадьбе;10;top;тамада на свадьбу
готовые сценарии на свадьбу без тамады;10;top;тамада на свадьбу
тамада на свадьбу юбилей;10;top;тамада на свадьбу
невеста на свадьбе изменяет мужу с фотографом;10;top;фотограф на свадьбу
фотограф на свадьбу подмосковье;10;top;фотограф на свадьбу
свадебный фотограф 2026;10;top;свадебный фотограф
свадебный фотограф тверь;10;top;свадебный фотограф
загс свадебный фотограф;10;top;свадебный фотограф
свадебный фотограф екб;10;top;свадебный фотограф
известный свадебный фотограф;10;top;свадебный фотограф
нужен свадебный фотограф;10;top;свадебный фотограф
где в спб проводить свадебную фотосессию;10;top;свадебная фотосессия
где можно провести свадебную фотосессию;10;top;свадебная фотосессия
свадебная фотосессия в отеле савой;10;top;свадебная фотосессия
свадебная фотосессия в сокольниках;10;top;свадебная фотосессия
свадебный видеограф санкт петербург;10;top;свадебный видеограф
денис и юлия свадебный клип;10;top;свадебный клип
билан свадебный клип;10;top;свадебный клип
декор свадебного стола своими руками;10;top;свадебный декор
свадебный декор зеленый;10;top;свадебный декор
оформление под свадьбу;10;top;оформление свадьбы
оформление свадьбы на 15 человек;10;top;оформление свадьбы
бохо оформление свадеб;10;top;оформление свадьбы
свадьба оформление белое;10;top;оформление свадьбы
пинтерест оформление свадьбы;10;top;оформление свадьбы
красивое оформление подарка на свадьбу;10;top;оформление свадьбы
оформление шампанского на свадьбу;10;top;оформление свадьбы
свадебные арки 2026;10;top;свадебная арка
свадебная арка квадратная;10;top;свадебная арка
свадебная арка москва;10;top;свадебная арка
свадебная арка в симс 3;10;top;свадебная арка
как сделать свадебную арку;10;top;свадебная арка
фотозона на свадьбу авито;10;top;фотозона на свадьбу
чем заменить букет невесты на свадьбе;10;top;букет невесты
как разыграть букет невесты на свадьбе оригинально;10;top;букет невесты
цветы в букете невесты приметы;10;top;букет невесты
букет невесты в перово;10;top;букет невесты
какого цвета должен быть букет невесты;10;top;букет невесты
букет невесты должен быть живой;10;top;букет невесты
букет невесты из гортензии фото;10;top;букет невесты
вязаный букет невесты;10;top;букет невесты
букет невесты купить в лобне;10;top;букет невесты
букет невесте от тети;10;top;букет невесты
букет невесты белые нежные;10;top;букет невесты
букет невесты доставка москва лотусы белые;10;top;букет невесты
актеры сериала кто поймал букет невесты;10;top;букет невесты
букет невесты маленький нежный современный;10;top;букет невесты
букет невесты с черными каллами;10;top;букет невесты
где покупать букет невесты;10;top;букет невесты
букет невесты бородиной;10;top;букет невесты
букет невесты розы хризантемы;10;top;букет невесты
классический букет невесты фото;10;top;букет невесты
букет невесты в марте;10;top;букет невесты
букет невесты из гвоздик и фрезий;10;top;букет невесты
купить стабилизированный букет невесты;10;top;букет невесты
букет невесты с красным акцентом;10;top;букет невесты
букет невесты дизайн;10;top;букет невесты
букет невесты из белых гвоздик с эвкалиптом;10;top;букет невесты
свадебный букет для невесты зеленоград купить;10;top;букет невесты
набор карт букет невесты;10;top;букет невесты
авторский букет невесты;10;top;букет невесты
нежный скромный букет невесты;10;top;букет невесты
альстромерий цветы букет невесты;10;top;букет невесты
свадебный букет для невесты коломна;10;top;букет невесты
лесной букет для невесты;10;top;букет невесты
каллы букет невесты цена;10;top;букет невесты
букет невесты воронеж купить;10;top;букет невесты
букет невесты в коричневых тонах;10;top;букет невесты
fler букет невесты;10;top;букет невесты
как собрать букет невесты из эустомы;10;top;букет невесты
букет невесты 2000;10;top;букет невесты
букет невесте в подарок фото;10;top;букет невесты
какие цветы дарят на серебряную свадьбу;10;top;цветы на свадьбу
цветы на рубиновую свадьбу;10;top;цветы на свадьбу
поздравления на свадьбу цветы;10;top;цветы на свадьбу
цветы для украшения зала на свадьбу;10;top;цветы на свадьбу
букет цветов на свадьбу своими руками;10;top;цветы на свадьбу
украшение на машину на свадьбу цветами;10;top;цветы на свадьбу | машина на свадьбу
искусственные цветы декор на свадьбу;10;top;цветы на свадьбу
корзинка с цветами на свадьбу;10;top;цветы на свадьбу
какие цветы на 15 лет свадьбы;10;top;цветы на свадьбу
цветы на 15 лет свадьбы;10;top;цветы на свадьбу
какой комнатный цветок подарить на годовщину свадьбы;10;top;цветы на свадьбу
цветы на бронзовую свадьбу;10;top;цветы на свадьбу
украсить бутылку шампанского на свадьбу цветами;10;top;цветы на свадьбу
букеты цветов на свадьбу в корзине;10;top;цветы на свадьбу
надписи на президиуме на свадьбу;10;top;президиум на свадьбу
сколько килограммов свадебный торт;10;top;свадебный торт
пеку свадебные торты;10;top;свадебный торт
свадебный торт бисквит;10;top;свадебный торт
высоты свадебные торты;10;top;свадебный торт
свадебные торты 20 кг;10;top;свадебный торт
плоский свадебный торт;10;top;свадебный торт
недорогой свадебный торт на заказ;10;top;свадебный торт | свадебный торт на заказ
свадебный торт на 15 человек;10;top;свадебный торт
свадебный торт гипсофила;10;top;свадебный торт
самая удивительная подача свадебного торта;10;top;свадебный торт
торт свадебный двухъярусный купить;10;top;свадебный торт
свадебный сет тортов;10;top;свадебный торт
свадебный торт на озоне;10;top;свадебный торт
свадебный торт с порциями для гостей;10;top;свадебный торт
стол для свадебного торта на колесах;10;top;свадебный торт
рисунки свадебный торт;10;top;свадебный торт
как украсить свадебный торт своими руками;10;top;свадебный торт
свадебный торт 5кг;10;top;свадебный торт
игра свадебные торты;10;top;свадебный торт
задувают свечи на свадебном торте;10;top;свадебный торт
как сделать свадебный торт в домашних условиях;10;top;свадебный торт
оригинальный свадебный торт;10;top;свадебный торт
скачать свадебные торты;10;top;свадебный торт
черные свадебные торты;10;top;свадебный торт
фуршет на свадьбу заказать москва;10;top;фуршет на свадьбу
свадебный каравай что говорить;10;top;свадебный каравай
печем свадебный каравай;10;top;свадебный каравай
купить свадебный каравай в туапсе;10;top;свадебный каравай
купить свадебный каравай в бронницах;10;top;свадебный каравай
цветной салют на свадьбу цена;10;top;салют на свадьбу
свадебный стилист обучение;10;top;свадебный стилист
макияж и прическа на свадьбу маме жениха;10;top;прическа и макияж на свадьбу
apriori married свадебное агентство отзывы;10;top;свадебное агентство
свадебное агентство навсегда;10;top;свадебное агентство
небо свадебное агентство;10;top;свадебное агентство
воздух веддинг свадебное агентство;10;top;свадебное агентство
выездной регистратор на свадьбу;10;top;выездной регистратор
украшения шарами машину на свадьбу;10;top;машина на свадьбу
свадьба на черных машинах;10;top;машина на свадьбу
черная машина на свадьбу;10;top;машина на свадьбу
бьют машины на свадьбе;10;top;машина на свадьбу
как украсить машину на свадьбу лентами;10;top;машина на свадьбу
нанять машину на свадьбу;10;top;машина на свадьбу
прокат украшений на машину на свадьбу;10;top;машина на свадьбу
лучшие машины на свадьбу;10;top;машина на свадьбу
ведущий на свадьбу раменское;9;top;ведущий на свадьбу | ведущая на свадьбу
сценарий на свадьбу без ведущего;9;top;ведущий на свадьбу | ведущая на свадьбу
ведущий на свадьбу средняя цена в москве;9;top;ведущий на свадьбу | ведущая на свадьбу | ведущий свадьбы москва | ведущий на свадьбу цена
популярный ведущий на свадьбу;9;top;ведущий на свадьбу | ведущая на свадьбу
сколько стоит ведущий на свадьбу в среднем;9;top;ведущий на свадьбу | ведущая на свадьбу | сколько стоит ведущий на свадьбу
характеристика гостей на свадьбу для ведущего примеры;9;top;ведущий на свадьбу | ведущая на свадьбу
ведущий на свадьбу 20 человек;9;top;ведущий на свадьбу | ведущая на свадьбу
ведущий на годовщину свадьбы;9;top;ведущий на свадьбу | ведущая на свадьбу
свадебный ведущий на свадьбу;9;top;ведущий на свадьбу | ведущая на свадьбу
что говорит ведущий на свадьбе;9;top;ведущий на свадьбу | ведущая на свадьбу
как найти ведущего на свадьбу;9;top;ведущий на свадьбу | ведущая на свадьбу
ургант ведущий на свадьбе;9;top;ведущий на свадьбу | ведущая на свадьбу
речь тамады на свадьбе;9;top;тамада на свадьбу
авито тамада на свадьбу;9;top;тамада на свадьбу
прикольный сценарий на свадьбу без тамады;9;top;тамада на свадьбу
тамада на серебряную свадьбу;9;top;тамада на свадьбу
развлечения на свадьбу без тамады;9;top;тамада на свадьбу
развлечения на свадьбу для гостей без тамады;9;top;тамада на свадьбу
развлечения тамады на свадьбу;9;top;тамада на свадьбу
ym lagom moscow rus что это;9;assoc;ведущий свадьбы москва
свадебный каравай фото для встречи молодых;9;assoc+top;ведущий на маленькую свадьбу | свадебный каравай
фотограф на свадьбу загс;9;top;фотограф на свадьбу
отзывы фотографу на свадьбе;9;top;фотограф на свадьбу
фотограф на свадьбу одинцово;9;top;фотограф на свадьбу
фотографа на свадьбу свердловская область;9;top;фотограф на свадьбу
фотограф на свадьбу вакансии;9;top;фотограф на свадьбу
фотограф на свадьбу зеленоград;9;top;фотограф на свадьбу
фотограф на свадьбу на екатеринбургсентябрь;9;top;фотограф на свадьбу
свадебный фотограф полный день;9;top;свадебный фотограф
свадебный семейный фотограф;9;top;свадебный фотограф
свадебный фотограф сергей;9;top;свадебный фотограф
свадебный фотограф подольск;9;top;свадебный фотограф
свадебный фотограф портфолио;9;top;свадебный фотограф | портфолио свадебного фотографа
свадебный фотограф в москве для репортажа;9;top;свадебный фотограф | свадебный фотограф москва
свадебный фотограф в москве и подмосковье;9;top;свадебный фотограф | свадебный фотограф москва
как выбрать свадебного фотографа;9;top;свадебный фотограф
самый свадебный фотограф;9;top;свадебный фотограф
найти свадебного фотографа в екатеринбурге;9;top;свадебный фотограф
свадебный фотограф ект;9;top;свадебный фотограф
свадебная фотосессия в стиле груз 200;9;top;свадебная фотосессия
свадебная фотосессия груз 200;9;top;свадебная фотосессия
свадебная фотосессия в студии идеи фото;9;top;свадебная фотосессия
свадебная фотосессия студия фото;9;top;свадебная фотосессия
фотосессия на речном вокзале свадебная;9;top;свадебная фотосессия
референсы для свадебной фотосессии на природе;9;top;свадебная фотосессия
свадебная фотосессия на мальдивах;9;top;свадебная фотосессия
свадебная фотосессия на набережной;9;top;свадебная фотосессия
макияж для свадебной фотосессии;9;top;свадебная фотосессия
свадебная фотосессия в стамбуле;9;top;свадебная фотосессия
парная свадебная ии фотосессия;9;top;свадебная фотосессия
современные свадебные фотосессии;9;top;свадебная фотосессия
свадебная фотосессия осень екатеринбург;9;top;свадебная фотосессия
бесплатные свадебные клипы;9;top;свадебный клип
клип аллегровой свадебные цветы лепс и аллегрова;9;top;свадебный клип
самая самая свадебный клип 2020;9;top;свадебный клип
свадебный декор бу авито;9;top;свадебный декор
прокат свадебного декора;9;top;свадебный декор
свадебный декор и цветы;9;top;свадебный декор
ткань для свадебного декора;9;top;свадебный декор
пион декор свадебные аксессуары;9;top;свадебный декор
свадебный декор в александрове;9;top;свадебный декор
аренда свадебного декора стойки;9;top;свадебный декор
оформления свадеб тренд;9;top;оформление свадьбы
оформление розовой свадьбы;9;top;оформление свадьбы
стиль бохо оформление свадьбы;9;top;оформление свадьбы
оформление жемчужной свадьбы;9;top;оформление свадьбы
оформление свадеб букетами;9;top;оформление свадьбы
декор на свадьбу в аренду москва;9;top;декор свадьбы москва
цветочные свадебные арки;9;top;свадебная арка
композиции свадебные на арку;9;top;свадебная арка
арка чехов свадебная;9;top;свадебная арка
где в симс 3 свадебная арка;9;top;свадебная арка
свадебная арка цена;9;top;свадебная арка
традиция кидать букет невесты;9;top;букет невесты
букет невесты айвори;9;top;букет невесты
красивые цветы букет невесты цветы;9;top;букет невесты
букет невесты жуковский;9;top;букет невесты
маленький букет невесты из пионов;9;top;букет невесты
девушка с букетом невесты;9;top;букет невесты
букет невесты богатые сабы;9;top;букет невесты
букет невесты из белой гортензии в москве;9;top;букет невесты
стол из букета невесты;9;top;букет невесты
чем отличается букет невесты от обычного букета;9;top;букет невесты
история букета невесты;9;top;букет невесты
букет невесты сборный;9;top;букет невесты
актуальные букет невесты;9;top;букет невесты
букет для невесты сергиев посад;9;top;букет невесты
свадебный букет для невесты купить в спб;9;top;букет невесты
самый красивый букет невесты;9;top;букет невесты
букет невесты зеленоград эустома эвкалипт эустома диантус;9;top;букет невесты
почему кидают букет невесты;9;top;букет невесты
букет невесты из тюльпанов;9;top;букет невесты
букет невесты в сиреневых тонах;9;top;букет невесты
букет невесты приметы и суеверия;9;top;букет невесты
кто забирает букет невесты;9;top;букет невесты
можно ли кидать букет невесты;9;top;букет невесты
букет невесты из астр;9;top;букет невесты
букет невесты в микрофоне;9;top;букет невесты
средняя стоимость букета невесты;9;top;букет невесты
второй букет невесты;9;top;букет невесты
свадебный букет челябинск для невесты;9;top;букет невесты
золотой букет невесты;9;top;букет невесты
букет невесты розы охара;9;top;букет невесты
бело розовые розы букет невесты;9;top;букет невесты
амуаж букет невесты;9;top;букет невесты
букет невесты с бусами;9;top;букет невесты
букет невесты синий с белым;9;top;букет невесты
ручка для букета невесты;9;top;букет невесты
клава кока букет невесты;9;top;букет невесты
какой букет невесты живой или искусственный;9;top;букет невесты
где можно заказать букет цветов для невесты;9;top;букет невесты
слайд шоу свадебные букеты для невест;9;top;букет невесты
букет невесты из ромашек купить;9;top;букет невесты
букет невесты из сухоцветов купить;9;top;букет невесты
какие цветы подходят для букета невесты;9;top;букет невесты
цветы подходящие для букета невесты;9;top;букет невесты
свадебный букет для невесты из ромашек;9;top;букет невесты
букет невесты 2026 оригинальный;9;top;букет невесты
букет невесты в бело красных тонах;9;top;букет невесты
букет невесты в красных тонах;9;top;букет невесты
букет невесты с ягодами;9;top;букет невесты
букет невесты аудиокнига слушать;9;top;букет невесты
букет невесты мытищи купить недорого фото;9;top;букет невесты
плутовка электросталь букет невесты;9;top;букет невесты
букет невесты 2000х;9;top;букет невесты
кто поймал букет невесты сериал смотреть лордфильм;9;top;букет невесты
креативный букет невесты;9;top;букет невесты
букет невесты из искусственных цветов можно;9;top;букет невесты
можно ли букет невесты из искусственных цветов;9;top;букет невесты
букет невесты с розовыми цветами;9;top;букет невесты
букет невесты форум;9;top;букет невесты
приметы цвета букета невесты;9;top;букет невесты
какие цветы дарят невесте на свадьбу родители;9;top;цветы на свадьбу
какие букеты цветов дарят на свадьбу;9;top;цветы на свадьбу
лучший букет цветов на свадьбу;9;top;цветы на свадьбу
цветы на 20 лет свадьбы;9;top;цветы на свадьбу
цветы на свадьбу в турции;9;top;цветы на свадьбу
какие цветы покупать на свадьбу;9;top;цветы на свадьбу
букет на золотую свадьбу из живых цветов;9;top;цветы на свадьбу
подставка под цветы на свадьбу;9;top;цветы на свадьбу
бутылка вина вместо цветов на свадьбу;9;top;цветы на свадьбу
букет на серебряную свадьбу из живых цветов;9;top;цветы на свадьбу
алкоголь вместо цветов на свадьбу;9;top;цветы на свадьбу
торты на свадьбу с цветами;9;top;цветы на свадьбу
цветы на свадьбу друга;9;top;цветы на свадьбу
нужно ли покупать цветы на свадьбу;9;top;цветы на свадьбу
цветы в коробке на свадьбу;9;top;цветы на свадьбу
цветы на свадьбу роза;9;top;цветы на свадьбу
купить цветы в подарок на свадьбу;9;top;цветы на свадьбу
букет цветов картинки на свадьбу;9;top;цветы на свадьбу
сочетание цветов на свадьбу;9;top;цветы на свадьбу
цветы на свадьбу недорого;9;top;цветы на свадьбу
какие цветы дарят на 10 лет свадьбы;9;top;цветы на свадьбу
красивый президиум на свадьбу;9;top;президиум на свадьбу
свадебные торты рената агзамова;9;top;свадебный торт
свадебный торт ренат агзамов;9;top;свадебный торт
свадебный торт рената;9;top;свадебный торт
ингредиенты для свадебного торта;9;top;свадебный торт
какие свадебные торты в тренде;9;top;свадебный торт
какие свадебные торты сейчас в тренде;9;top;свадебный торт
свадебный торт фрукты;9;top;свадебный торт
свадебные торты сердечком;9;top;свадебный торт
прямоугольный свадебный торт с ягодами;9;top;свадебный торт
песня для свадебного торта;9;top;свадебный торт
свадебный торт шрек;9;top;свадебный торт
свадебный торт со светодиодами;9;top;свадебный торт
сколько весит свадебный торт;9;top;свадебный торт
свадебный торт три яруса;9;top;свадебный торт
как подается свадебный торт;9;top;свадебный торт
начинка для свадебного торта какую выбрать;9;top;свадебный торт
итальянские свадебные торты мода август 2026 года;9;top;свадебный торт
как рассчитать количество свадебного торта;9;top;свадебный торт
как рассчитать свадебный торт на гостей;9;top;свадебный торт
свадебный торт как рассчитать на количество гостей;9;top;свадебный торт
красивые двухъярусные свадебные торты;9;top;свадебный торт
литовский свадебный торт шакотис фото;9;top;свадебный торт
музыка для выноса свадебного торта;9;top;свадебный торт
образцы свадебных тортов;9;top;свадебный торт
кейтеринг на свадьбу московская область;9;top;кейтеринг на свадьбу
фуршет на свадьбу дома;9;top;фуршет на свадьбу
бар с карликами на свадьбу;9;top;бар на свадьбу
мини бар с карликами на свадьбу;9;top;бар на свадьбу
сигаретный бар на свадьбу;9;top;бар на свадьбу
свадебный каравай рецепт и украшение;9;top;свадебный каравай
свадебный каравай рецепт и украшение своими руками;9;top;свадебный каравай
свадебный каравай украшения своими руками;9;top;свадебный каравай
купить полотенце для свадебного каравая;9;top;свадебный каравай
свадебный каравай от палыча отзывы;9;top;свадебный каравай
свадебный каравай спб;9;top;свадебный каравай
каравай свадебный купить в жуковском;9;top;свадебный каравай
свадебный каравай в раменском;9;top;свадебный каравай
сколько стоит свадебный каравай;9;top;свадебный каравай
свадебный каравай как встречать молодых;9;top;свадебный каравай
свадебный каравай как встречать молодых что говорить;9;top;свадебный каравай
купить свадебный каравай в алтуфьево;9;top;свадебный каравай
испечь свадебный каравай на полках;9;top;свадебный каравай
образцы свадебных караваев на палках;9;top;свадебный каравай
свадебный каравай как правильно встречать гостей;9;top;свадебный каравай
свадебный каравай на палке;9;top;свадебный каравай
свадебный пирог каравай;9;top;свадебный каравай
сколько стоит цветной салют на свадьбу;9;top;салют на свадьбу
свадебный стилист на дом;9;top;свадебный стилист
регина свадебный стилист визажист;9;top;свадебный стилист
свадебный стилист цена;9;top;свадебный стилист
визажист на свадьбу москва на дом недорого;9;top;визажист на свадьбу
визажист и прическа на свадьбу;9;top;визажист на свадьбу
сколько стоит свадебный организатор;9;top;свадебный организатор
сайты свадебных агентств;9;top;свадебное агентство
сериал про свадебное агентство;9;top;свадебное агентство
свадебные агентства топ;9;top;свадебное агентство
агентство свадебный день;9;top;свадебное агентство
агентство название свадебный;9;top;свадебное агентство
выездная регистрация под ключ;9;top;выездная регистрация под ключ
украшение на машину на свадьбу тихорецк;9;top;машина на свадьбу
главная машина на свадьбе;9;top;машина на свадьбу
как называется длинная машина на свадьбу;9;top;машина на свадьбу
лента на машину на свадьбу купить;9;top;машина на свадьбу
как красиво украсить машину на свадьбу;9;top;машина на свадьбу
ведущий на свадьбу иван;8;top;ведущий на свадьбу | ведущая на свадьбу
ведущий на праздник свадьбу;8;top;ведущий на свадьбу | ведущая на свадьбу
нагиев ведущий на свадьбу;8;top;ведущий на свадьбу | ведущая на свадьбу
ведущая на свадьбу москва недорого;8;top;ведущий на свадьбу | ведущая на свадьбу | ведущий на свадьбу недорого
ведущие на свадьбе дагестан;8;top;ведущий на свадьбу | ведущая на свадьбу
евгений ведущий на свадьбах;8;top;ведущий на свадьбу | ведущая на свадьбу
как называют ведущего на свадьбе;8;top;ведущий на свадьбу | ведущая на свадьбу
ведущий на свадьбу петербург;8;top;ведущий на свадьбу | ведущая на свадьбу
ведущий на свадьбу санкт петербург;8;top;ведущий на свадьбу | ведущая на свадьбу
где искать ведущего на свадьбу;8;top;ведущий на свадьбу | ведущая на свадьбу
что делать на свадьбе без ведущего;8;top;ведущий на свадьбу | ведущая на свадьбу
ведущий на свадьбу казань;8;top;ведущий на свадьбу | ведущая на свадьбу
первый тост на свадьбе от ведущего;8;top;ведущий на свадьбу | ведущая на свадьбу
веселые конкурсы на свадьбе для тамады;8;top;тамада на свадьбу
веселые конкурсы на свадьбу без тамады;8;top;тамада на свадьбу
поздравление на свадьбу тамады;8;top;тамада на свадьбу
тамада на свадьбу приколы;8;top;тамада на свадьбу
сценарий на второй день свадьбы без тамады;8;top;тамада на свадьбу
сценарий на день свадьбы без тамады;8;top;тамада на свадьбу
поющая тамада на свадьбу;8;top;тамада на свадьбу
что делает тамада на свадьбе;8;top;тамада на свадьбу
недорогой ведущий свадьба москва;8;top;ведущий свадьбы москва
сколько стоит вырвать зуб в платной стоматологии;8;assoc;ведущий на свадьбу цена
фотограф раменское на свадьбу;8;top;фотограф на свадьбу
фотограф на свадьбу секс;8;top;фотограф на свадьбу
нужен ли фотограф на свадьбу;8;top;фотограф на свадьбу
фотографа на свадьбу осенние даты екатеринбург;8;top;фотограф на свадьбу
bahh tee свадебный фотограф;8;top;свадебный фотограф
свадебный фотограф bahh;8;top;свадебный фотограф
лучшие свадебные фотографы москвы;8;top;свадебный фотограф | свадебный фотограф москва
свадебный фотограф смоленск;8;top;свадебный фотограф
курсы свадебного фотографа;8;top;свадебный фотограф
my wed сайт свадебных фотографов;8;top;свадебный фотограф
свадебный фотограф питер;8;top;свадебный фотограф
свадебный фотограф щербинка;8;top;свадебный фотограф
свадебный фотограф скачать;8;top;свадебный фотограф
мне позвонит свадебный фотограф рассказ;8;top;свадебный фотограф
академия штиглица свадебная фотосессия;8;top;свадебная фотосессия
штиглица свадебная фотосессия;8;top;свадебная фотосессия
свадебная фотосессия 2000;8;top;свадебная фотосессия
свадебная фотосессия в коломенском;8;top;свадебная фотосессия
свадебная фотосессия в измайловском кремле;8;top;свадебная фотосессия
промт для ии свадебная фотосессия;8;top;свадебная фотосессия
свадебная фотосессия на котельнической набережной;8;top;свадебная фотосессия
свадебная фотосессия в сентябре;8;top;свадебная фотосессия
аптекарский огород свадебная фотосессия;8;top;свадебная фотосессия
свадебная фотосессия зимой в москве;8;top;свадебная фотосессия
парки для свадебной фотосессии в москве;8;top;свадебная фотосессия
лучшие отели для свадебной фотосессии;8;top;свадебная фотосессия
свадебный фотосессия воронеж;8;top;свадебная фотосессия
топ отелей для свадебной фотосессии;8;top;свадебная фотосессия
когда нужна свадебная фотосессия в студии;8;top;свадебная фотосессия
свадебная фотосессия в сафисе;8;top;свадебная фотосессия
свадебная фотосессия в турции;8;top;свадебная фотосессия
нужен видеограф на свадьбу;8;top;видеограф на свадьбу
авито видеограф на свадьбу;8;top;видеограф на свадьбу
артем сергеевич видеограф свадебный краснодар;8;top;свадебный видеограф
свадебный видеограф краснодар;8;top;свадебный видеограф
свадебный видеограф цена;8;top;свадебный видеограф
видеосъемка свадьбы стоимость;8;top;видеосъемка свадьбы
фото для пранка в сторис;8;assoc;love story фотосессия
свадебные мелодии для свадебного клипа;8;top;свадебный клип
свадебный декор картинки;8;top;свадебный декор
торт свадебный белый декор;8;top;свадебный декор | свадебный торт
декор свадебных платьев;8;top;свадебный декор
свадебный декор на стол купить;8;top;свадебный декор
простой свадебный декор;8;top;свадебный декор
свадебный декор мастер класс;8;top;свадебный декор
свадебные украшения декор;8;top;свадебный декор
декор свадебного шампанского;8;top;свадебный декор
свадебный декор живыми цветами;8;top;свадебный декор
комната невесты оформление на свадьбу;8;top;оформление свадьбы
оформление регистрации свадьбы;8;top;оформление свадьбы
оформление свадьбы воздушными шарами;8;top;оформление свадьбы
оформление бутылки на свадьбу своими руками;8;top;оформление свадьбы
идеи для оформления свадьбы;8;top;оформление свадьбы
оформление велком зоны на свадьбе;8;top;оформление свадьбы
оформление праздников свадеб;8;top;оформление свадьбы
свадьба в стиле бохо фото оформление;8;top;оформление свадьбы
как прикрепить цветы к свадебной арке;8;top;свадебная арка
свадебная арка с фатином;8;top;свадебная арка
сколько стоит свадебная арка;8;top;свадебная арка
свадебная арка с бусами;8;top;свадебная арка
как закрепить живые цветы на свадебной арке;8;top;свадебная арка
аренда свадебной арки москва;8;top;свадебная арка
свадебная арка стойка;8;top;свадебная арка
арка для свадебной церемонии;8;top;свадебная арка
украшение свадебной арки своими руками;8;top;свадебная арка
круглая фотозона на свадьбу;8;top;фотозона на свадьбу
фотозона на свадьбу сердце;8;top;фотозона на свадьбу
фотозона из ткани на свадьбу;8;top;фотозона на свадьбу
флорист свадебные букеты;8;top;свадебный флорист
букет невесты для женщины;8;top;букет невесты
букет невесты флокс;8;top;букет невесты
оформление букета невесты;8;top;букет невесты
букет невесты на 50 лет свадьбы;8;top;букет невесты
букет невесты бело персиковый;8;top;букет невесты
кто выбирает букет невесты;8;top;букет невесты
модные букеты для невесты;8;top;букет невесты
букет невесты из папоротника;8;top;букет невесты
букет невесты в розовых тонах;8;top;букет невесты
букет невесты когда вручают;8;top;букет невесты
когда кидают букет невесты на свадьбе;8;top;букет невесты
букет невесты в виде сумочки;8;top;букет невесты
бирюзовый букет невесты;8;top;букет невесты
сколько стоит свадебный букет для невесты;8;top;букет невесты
приснилось что поймала букет невесты;8;top;букет невесты
какой букет цветов подарить невесте;8;top;букет невесты
букет невесты из пионовидных роз фото;8;top;букет невесты
букет невесты цветы спб;8;top;букет невесты
альтернатива бросания букета невесты;8;top;букет невесты
свадебный букет невесты из белых роз;8;top;букет невесты
букет невесты должен быть из живых цветов;8;top;букет невесты
свадебный букет невесте красный;8;top;букет невесты
букет невесты липецк;8;top;букет невесты
букет невесты 2026 в фиолетовых тонах;8;top;букет невесты
скачать букет невесты;8;top;букет невесты
необычные свадебные букеты для невесты;8;top;букет невесты
почему нельзя брать букет невесты;8;top;букет невесты
букет невесты белый с розовым;8;top;букет невесты
букет невесты красноармейск московская область;8;top;букет невесты
букет невесты упал;8;top;букет невесты
поймать букет невесты во сне к чему;8;top;букет невесты
интересный букет невесты;8;top;букет невесты
что символизирует букет невесты;8;top;букет невесты
песня на букет невесты;8;top;букет невесты
как самостоятельно сделать букет невесты;8;top;букет невесты
букет невесты рядом;8;top;букет невесты
букет невесты с незабудками;8;top;букет невесты
составляем букет невесты;8;top;букет невесты
чем заменить бросок букета невесты;8;top;букет невесты
парфюм букет невесты;8;top;букет невесты
кто поймал букет невесты 1 серия;8;top;букет невесты
как выбрать букет невесты на свадьбу;8;top;букет невесты
букет невесты раскидистый;8;top;букет невесты
букеты для невест салоны;8;top;букет невесты
букет невесты из ромашек фото;8;top;букет невесты
как высушить букет невесты;8;top;букет невесты
букет невесты янышева книга продолжение;8;top;букет невесты
букет невесты фото пинтерест;8;top;букет невесты
букет невесты своими руками из ленты;8;top;букет невесты
свадебный букет подарить невесте;8;top;букет невесты
кто дарит свадебный букет невесте;8;top;букет невесты
букет невесты из лизиантуса белого;8;top;букет невесты
словила букет невесты;8;top;букет невесты
букет невесты светлый;8;top;букет невесты
цветы на свадьбу на одежду;8;top;цветы на свадьбу
цветы на столы гостей на свадьбу;8;top;цветы на свадьбу
президиум на свадьбу цветы;8;top;цветы на свадьбу | президиум на свадьбу
почему на свадьбу дарят цветы;8;top;цветы на свадьбу
дарят ли желтые цветы на свадьбу;8;top;цветы на свадьбу
надо ли дарить цветы на свадьбу молодоженам;8;top;цветы на свадьбу
венок из живых цветов на свадьбу;8;top;цветы на свадьбу
в какой момент на свадьбе дарят цветы;8;top;цветы на свадьбу
букет цветов на свадьбу дочери;8;top;цветы на свадьбу
какие цветы дарят на 31 годовщину свадьбы;8;top;цветы на свадьбу
какие цветы нельзя дарить на свадьбу;8;top;цветы на свадьбу
вместо цветов на свадьбу подарите бутылку;8;top;цветы на свадьбу
юбка на президиум на свадьбу;8;top;президиум на свадьбу
как красиво украсить президиум на свадьбе;8;top;президиум на свадьбу
президиум на свадьбу своими руками дешево;8;top;президиум на свадьбу
свадебный торт с крем чизом;8;top;свадебный торт
свадебный торт сколько грамм на человека;8;top;свадебный торт
свадебный торт 3кг;8;top;свадебный торт
кусочек свадебного торта;8;top;свадебный торт
свадебный торт двухъярусный с ягодами;8;top;свадебный торт
дегустационный набор тортов свадебный;8;top;свадебный торт
вкусные начинки для свадебного торта;8;top;свадебный торт
модные свадебные торты 2026;8;top;свадебный торт
сколько стоит свадебный торт на 50 человек;8;top;свадебный торт
оформление свадебного торта одноярусного фото;8;top;свадебный торт
симс 3 свадебный торт;8;top;свадебный торт
свадебный торт описание;8;top;свадебный торт
минималистичный свадебный торт;8;top;свадебный торт
столик для свадебного торта;8;top;свадебный торт
кремовый свадебный торт;8;top;свадебный торт
свадебный торт мытищи;8;top;свадебный торт
свадебный торт три шоколада;8;top;свадебный торт
торт свадебный белый прямоугольный;8;top;свадебный торт
свадебный торт история;8;top;свадебный торт
свадебные торты королев;8;top;свадебный торт
свадебные торты королева тортов;8;top;свадебный торт
свадебный торт на 3 кг фото;8;top;свадебный торт
одноэтажный свадебный торт;8;top;свадебный торт
муж изменяет с невесткой свадебный торт дорама;8;top;свадебный торт
украшения своими руками свадебный торт;8;top;свадебный торт
приметы свадебного торта;8;top;свадебный торт
свадебный торт на 20 человек сколько;8;top;свадебный торт
красивые свадебные торты двухъярусные фото;8;top;свадебный торт
дегустационный сет свадебных тортов;8;top;свадебный торт
симс 4 свадебный торт код;8;top;свадебный торт
торт свадебная тематика;8;top;свадебный торт
курс по свадебным тортам;8;top;свадебный торт
свадебные торты картинки фото;8;top;свадебный торт
кенди бар на свадьбу;8;top;кенди бар на свадьбу | бар на свадьбу
свадебный каравай купить в спб;8;top;свадебный каравай
свадебный каравай после свадьбы;8;top;свадебный каравай
заказать свадебный каравай в рязани;8;top;свадебный каравай
свадебный каравай рязань;8;top;свадебный каравай
выпечка свадебных караваев;8;top;свадебный каравай
где заказать свадебный каравай в москве;8;top;свадебный каравай
каравай свадебный простой;8;top;свадебный каравай
свадебный каравай простой рецепт;8;top;свадебный каравай
тесто для украшения свадебного каравая;8;top;свадебный каравай
свадебный каравай заказать в дубне;8;top;свадебный каравай
армянские музыканты на свадьбу;8;top;музыканты на свадьбу
нужен диджей на свадьбу;8;top;диджей на свадьбу
сколько стоит пригласить артиста на свадьбу;8;top;артисты на свадьбу
сколько стоит заказать артиста на свадьбу;8;top;артисты на свадьбу
веерный салют на свадьбу;8;top;салют на свадьбу
свадебный стилист визажист москва;8;top;свадебный стилист
макияж и прическа на свадьбу москва;8;top;прическа и макияж на свадьбу
макияж и прическа на свадьбу цена;8;top;прическа и макияж на свадьбу
как стать свадебным организатором;8;top;свадебный организатор
свадебное агентство попаданки читать онлайн бесплатно;8;top;свадебное агентство
свадебные агентства онлайн;8;top;свадебное агентство
свадебное агентство ксении афанасьевой;8;top;свадебное агентство
свадебное агентство дарси отзывы;8;top;свадебное агентство
открыть свадебное агентство;8;top;свадебное агентство
свадебное агентство сочи;8;top;свадебное агентство
свадебное агентство организация свадеб;8;top;свадебное агентство
для двоих свадебное агентство;8;top;свадебное агентство
обязанности координатора на свадьбе;8;top;координатор на свадьбу
украшения на машину на свадьбу авито;8;top;машина на свадьбу
как крепить украшения на машину на свадьбу;8;top;машина на свадьбу
украшения на машину на свадьбу озон;8;top;машина на свадьбу
машина привязана на свадьбу;8;top;машина на свадьбу
взять машину в аренду на свадьбу;8;top;машина на свадьбу
машина друзей на свадьбе;8;top;машина на свадьбу
секс на свадьбе в машине;8;top;машина на свадьбу
кукла на машину на свадьбу;8;top;машина на свадьбу
украшение ручек машины на свадьбу своими руками;8;top;машина на свадьбу
дым машина на свадьбу аренда;8;top;машина на свадьбу
аренда машины на свадьбу спб;8;top;машина на свадьбу
лимузин карета на свадьбу;8;top;лимузин на свадьбу
лимузин хаммер на свадьбу;8;top;лимузин на свадьбу
стоимость лимузина на свадьбу;8;top;лимузин на свадьбу
конкурсы на свадьбу с проектором;8;top;проектор на свадьбу
ведущий на свадьбу сергиев посад;7;top;ведущий на свадьбу | ведущая на свадьбу
как написать ведущему на свадьбу;7;top;ведущий на свадьбу | ведущая на свадьбу
лучший ведущий на свадьбу ростов на дону;7;top;ведущий на свадьбу | ведущая на свадьбу
что делает ведущий на свадьбе геев;7;top;ведущий на свадьбу | ведущая на свадьбу
план ведущего на свадьбу;7;top;ведущий на свадьбу | ведущая на свадьбу
вступление на свадьбу для ведущего;7;top;ведущий на свадьбу | ведущая на свадьбу
что подарить ведущему на свадьбе;7;top;ведущий на свадьбу | ведущая на свадьбу
средняя стоимость ведущего на свадьбу;7;top;ведущий на свадьбу | ведущая на свадьбу
ведущий на свадьбу кирилл;7;top;ведущий на свадьбу | ведущая на свадьбу
ведущий на свадьбу чехов;7;top;ведущий на свадьбу | ведущая на свадьбу
ведущий на выездную свадьбу;7;top;ведущий на свадьбу | ведущая на свадьбу
конкурс на свадьбу без ведущего;7;top;ведущий на свадьбу | ведущая на свадьбу
поющая ведущий на свадьбу;7;top;ведущий на свадьбу | ведущая на свадьбу
ведущий и саксофонист на свадьбу;7;top;ведущий на свадьбу | ведущая на свадьбу | саксофонист на свадьбу
сценарий тамады на свадьбу смешной;7;top;тамада на свадьбу
тамада в оренбурге на казахскую свадьбу;7;top;тамада на свадьбу
трах на свадьбе с конкурсами от тамады;7;top;тамада на свадьбу
танец тамады на свадьбе;7;top;тамада на свадьбу
найти тамаду на свадьбу;7;top;тамада на свадьбу
тамада на армянской свадьбе;7;top;тамада на свадьбу
тамада на свадьбу на татарском;7;top;тамада на свадьбу
фотограф и видеограф на свадьбу екатеринбург;7;top;фотограф на свадьбу | видеограф на свадьбу | фотограф и видеограф на свадьбу
фотограф на свадьбу ект;7;top;фотограф на свадьбу
фотографы коломна на свадьбу;7;top;фотограф на свадьбу
фотограф на свадьбу найму;7;top;фотограф на свадьбу
фотографа не покормили на свадьбе;7;top;фотограф на свадьбу
профи ру фотограф на свадьбу;7;top;фотограф на свадьбу
фотограф на свадьбу истра;7;top;фотограф на свадьбу
вопросы фотографу на свадьбу;7;top;фотограф на свадьбу
заказ фотографа на свадьбу;7;top;фотограф на свадьбу
великие свадебные фотографы;7;top;свадебный фотограф
свадебный фотограф великий новгород;7;top;свадебный фотограф
юлия гаранина великий новгород свадебный фотограф;7;top;свадебный фотограф
свадебный фотограф вакансии;7;top;свадебный фотограф
свадебный фотограф владимир;7;top;свадебный фотограф
порно свадебный фотограф;7;top;свадебный фотограф
как стать свадебным фотографом;7;top;свадебный фотограф
свадебный фотограф стиль;7;top;свадебный фотограф
свадебный фотограф мария;7;top;свадебный фотограф
свадебный фотограф андрей;7;top;свадебный фотограф
фотограф на свадебную прогулку;7;top;свадебный фотограф
свадебный фотограф видеограф москва;7;top;свадебный фотограф | свадебный фотограф москва | свадебный видеограф
свадебный фотограф железнодорожный;7;top;свадебный фотограф
свадебное фотограф алексей;7;top;свадебный фотограф
вопросы свадебному фотографу;7;top;свадебный фотограф
свадебный фотограф фильм;7;top;свадебный фотограф
свадебный фотограф в коломне;7;top;свадебный фотограф
свадебный фотограф калуга;7;top;свадебный фотограф
свадебная фотосессия 18;7;top;свадебная фотосессия
свадебная прогулка фотосессия;7;top;свадебная фотосессия
фотосессия свадебных фотографий;7;top;свадебная фотосессия
свадебная фотосессия после свадьбы;7;top;свадебная фотосессия
свадебная фотосессия дубровицы;7;top;свадебная фотосессия
свадебная фотосессия в парке горького;7;top;свадебная фотосессия
свадебная пара фотосессия;7;top;свадебная фотосессия
фотосессия свадебных пар;7;top;свадебная фотосессия
маршруты свадебной фотосессии;7;top;свадебная фотосессия
видеограф на свадьбу екатеринбург;7;top;видеограф на свадьбу
видеографы коломна на свадьбу;7;top;видеограф на свадьбу
свадебный видеограф раменское;7;top;свадебный видеограф
цыганские свадьбы цыганская видеосъемка город;7;top;видеосъемка свадьбы
свадебные цветы песня клип;7;top;свадебный клип
свадебные клипы 2010;7;top;свадебный клип
свадебный клип игорь ольга 2010;7;top;свадебный клип
свадебный клип бродяга;7;top;свадебный клип
клип где девушка в свадебном платье;7;top;свадебный клип
клипы где девушка в свадебном;7;top;свадебный клип
клип песни в свадебном платье;7;top;свадебный клип
ангелина стречина в свадебном платье в клипе;7;top;свадебный клип
скачать бесплатно свадебный клип;7;top;свадебный клип
где купить свадебный декор;7;top;свадебный декор
свадебный декор волгоград;7;top;свадебный декор
свадебный торт съедобный декор;7;top;свадебный декор | свадебный торт
искусственные цветы для декора свадебного торта белые;7;top;свадебный декор | свадебный торт
простой декор свадебного торта;7;top;свадебный декор | свадебный торт
оформление президиума молодоженов на свадьбу;7;top;оформление свадьбы | президиум на свадьбу
оформление выездной свадьбы;7;top;оформление свадьбы
оформление свадьбы красный;7;top;оформление свадьбы
варианты оформления свадеб;7;top;оформление свадьбы
оформление плана рассадки на свадьбу;7;top;оформление свадьбы
план оформления свадьбы;7;top;оформление свадьбы
план рассадки гостей на свадьбе оформление;7;top;оформление свадьбы
бордовая свадьба оформление;7;top;оформление свадьбы
оформление свадьбы живыми;7;top;оформление свадьбы
оформление свадьбы живыми цветами;7;top;оформление свадьбы | оформление цветами свадьба
оформление зала на свадьбу цена москва;7;top;оформление свадьбы | оформление зала на свадьбу
оформление президиума на свадьбу минимализм;7;top;оформление свадьбы | президиум на свадьбу
арка свадебная без цветов;7;top;свадебная арка
свадебная арка на свадьбу;7;top;свадебная арка
каркас для свадебной арки;7;top;свадебная арка
свадебная арка из фатина;7;top;свадебная арка
где найти свадебную арку;7;top;свадебная арка
свадебная арка размеры;7;top;свадебная арка
свадебная арка из ткани;7;top;свадебная арка
где купить свадебные арки;7;top;свадебная арка
свадебная арка на заказ;7;top;свадебная арка
картинки фотозон на свадьбу;7;top;фотозона на свадьбу
фотозона на свадьбу 2026 своими руками;7;top;фотозона на свадьбу
фотозона на день свадьбы;7;top;фотозона на свадьбу
фотозона на 15 лет свадьбы;7;top;фотозона на свадьбу
фотозона на серебряную свадьбу;7;top;фотозона на свадьбу
кто дарит букет невесты невесте на свадьбу;7;top;букет невесты
цветок букет невесты садовый;7;top;букет невесты
заказать букет невесты с бонбоньеркой в москве;7;top;букет невесты
букет невесты в тренде;7;top;букет невесты
букет невесты в ногинске;7;top;букет невесты
букет невесты астрахань;7;top;букет невесты
букет невесты белый розовый зеленый антуриум;7;top;букет невесты
букет невесты эмпаер зон;7;top;букет невесты
герань букет невесты фото;7;top;букет невесты
коалы с розовыми цветами букет невесты;7;top;букет невесты
легкий букет невесты с лианой каскадный;7;top;букет невесты
букет невесты из калл в светлогорске;7;top;букет невесты
букет невесты 2026 картинки;7;top;букет невесты
техника сборки каскадного букета невесты;7;top;букет невесты
самый модный букет невесты;7;top;букет невесты
букет в сундуке невесты;7;top;букет невесты
эс букет невесты каллы;7;top;букет невесты
букет на свадьбу от родителей невесты купить;7;top;букет невесты
букет невесты 2026 купить в москве;7;top;букет невесты
букет невесте от отца из белых роз;7;top;букет невесты
букет невесты модный в 2026 году;7;top;букет невесты
букет прикрепляемый к платью невесты;7;top;букет невесты
какой букет невесты модный в 2026 году;7;top;букет невесты
когда жених дарит букет невесте на свадьбу;7;top;букет невесты
бело лиловый букет невесты;7;top;букет невесты
букет невесты недорого екатеринбург;7;top;букет невесты
букет невесты в дмитрове купить;7;top;букет невесты
букет невесты из бордовых гвоздик;7;top;букет невесты
дублер букета невесты зачем;7;top;букет невесты
купить букет невесты в городе клин;7;top;букет невесты
букет невесты свадебный стабилизированный;7;top;букет невесты
букет невесты от свекрови;7;top;букет невесты
кто должен купить букет невесты;7;top;букет невесты
букет для взрослой невесты;7;top;букет невесты
букет для невесты на свадьбу из лент;7;top;букет невесты
букет невесты бело голубой фото;7;top;букет невесты
зеленоград заказать букет невесты;7;top;букет невесты
букет невесты 2027;7;top;букет невесты
букет невесты тверь протея;7;top;букет невесты
букет невесты анемоны;7;top;букет невесты
букет невесты на свадьбу каллы фото;7;top;букет невесты
букет невесты из ранункулюсов фото;7;top;букет невесты
букет невесты с яблоками;7;top;букет невесты
букет невесты рустик;7;top;букет невесты
кто поймал букет невесты на свадьбе медведевой;7;top;букет невесты
букет невесты дублер купить;7;top;букет невесты
букет невесты в октябре;7;top;букет невесты
букет невесты из подсолнухов;7;top;букет невесты
букет невесты шар;7;top;букет невесты
кто ловит букет невесты на свадьбе;7;top;букет невесты
букет каллы для невесты недорого;7;top;букет невесты
букет невесты ростов на дону;7;top;букет невесты
можно ли купить на рижском букет невесты;7;top;букет невесты
порно транс девушка поймала букет невесты;7;top;букет невесты
свадебный букет из калл для невесты недорого;7;top;букет невесты
букет невесты и бутоньерка цена;7;top;букет невесты
цитата про букет невесты;7;top;букет невесты
букет невесты обнинск;7;top;букет невесты
букет невесты каллы и орхидеи;7;top;букет невесты
букет невесты 2026 с жемчугом;7;top;букет невесты
букет невесты кактус;7;top;букет невесты
букет дублер невесты на свадьбу;7;top;букет невесты
букет невесты киров;7;top;букет невесты
поджигание цветка вместо букета невесты;7;top;букет невесты
где купить свадебный букет невесты;7;top;букет невесты
букет невесты в корзине;7;top;букет невесты
букет невесты 2026 в сергиевом посаде;7;top;букет невесты
букет невесты в желто зеленом стиле;7;top;букет невесты
букет из живых цветов невесты рязань;7;top;букет невесты
букет невесты самара;7;top;букет невесты
правда кто поймал букет невесты выйдет замуж;7;top;букет невесты
что значит отдать букет невесты;7;top;букет невесты
вытянутый букет для невесты;7;top;букет невесты
букет невесты и бутоньерка жениха купить;7;top;букет невесты
букет невесты из ландышей;7;top;букет невесты
букет невесты из белых гладиолусов;7;top;букет невесты
кто поймал букет невесты сериал сколько серий;7;top;букет невесты
сериал кто поймал букет невесты сколько;7;top;букет невесты
свадебный букет для невесты из эустомы;7;top;букет невесты
букет невесты фото с коалами;7;top;букет невесты
растение букет невесты;7;top;букет невесты
букет невесты бургунди;7;top;букет невесты
букет невесты фуксия;7;top;букет невесты
букет невесты на свадьбу как сделать;7;top;букет невесты
букет невесты саратов;7;top;букет невесты
что кидать невесте вместо букета;7;top;букет невесты
для чего нужен букет дублер для невесты;7;top;букет невесты
как собрать букет невесты из роз;7;top;букет невесты
хрустальный букет невесты;7;top;букет невесты
букет невесты купить обухово ногинский район;7;top;букет невесты
букет невесты под короткое платье;7;top;букет невесты
маленький букет невесты простой;7;top;букет невесты
роза вайт охара букет невесты;7;top;букет невесты
мужчина поймал букет невесты;7;top;букет невесты
букет невесты бордо;7;top;букет невесты
букет невесты стихи;7;top;букет невесты
парень поймал букет невесты;7;top;букет невесты
как высушить букет невесты после свадьбы;7;top;букет невесты
как собрать букет невесты самостоятельно фото;7;top;букет невесты
как собрать букет невесты самостоятельно фото пошагово;7;top;букет невесты
какие бывают букеты невесты;7;top;букет невесты
букет невесты из орхидей купить;7;top;букет невесты
дублер букета невесты м к;7;top;букет невесты
что дарят на свадьбу вместо цветов молодоженам;7;top;цветы на свадьбу
арка на свадьбу своими руками из цветов;7;top;цветы на свадьбу
букет из цветов и конфет на свадьбу;7;top;цветы на свадьбу
какие цветы лучше дарить на свадьбу молодоженам;7;top;цветы на свадьбу
дарят ли сейчас цветы на свадьбу;7;top;цветы на свадьбу
пригласительный на свадьбу цветы;7;top;цветы на свадьбу
цветы для украшения стола на свадьбу;7;top;цветы на свадьбу
возложение цветов на свадьбе;7;top;цветы на свадьбу
какой цветок дарят на свадьбу в горшке;7;top;цветы на свадьбу
какие цветы дарят на 20 лет свадьбы;7;top;цветы на свадьбу
цветы на 11 лет свадьбы;7;top;цветы на свадьбу
цветы на топазовую свадьбу;7;top;цветы на свадьбу
цветы каллы на свадьбу бордовые;7;top;цветы на свадьбу
букет цветов на свадьбу в подарок фото;7;top;цветы на свадьбу
какие цветы дарят на 7 лет свадьбе;7;top;цветы на свадьбу
сколько цветов дарят на годовщину свадьбы;7;top;цветы на свадьбу
цветок на пиджак на свадьбу;7;top;цветы на свадьбу
какие цветы подарить на свинцовую свадьбу;7;top;цветы на свадьбу
сколько стоят живые цветы на свадьбу;7;top;цветы на свадьбу
какие цветы дарят на деревянную свадьбу;7;top;цветы на свадьбу
какие цветы подарить на 10 лет свадьбы;7;top;цветы на свадьбу
прокат цветов на свадьбу;7;top;цветы на свадьбу
ободок из цветов на свадьбу;7;top;цветы на свадьбу
цветы на ситцевую свадьбу;7;top;цветы на свадьбу
какие цветы дарят на золотую свадьбу;7;top;цветы на свадьбу
какие цветы дарят невесте на свадьбу гости;7;top;цветы на свадьбу
президиум на свадьбу купить тверь;7;top;президиум на свадьбу
торты свадебные из шоколада;7;top;свадебный торт
торт свадебный прямоугольный со свечами;7;top;свадебный торт
украшение свадебного торта одноярусного;7;top;свадебный торт
заказать свадебный торт в фили бейкер;7;top;свадебный торт
свадебные торты в виде корзины;7;top;свадебный торт
свадебный авто цветы на торте картинки;7;top;свадебный торт
свадебный торт 2 яруса на 2 5кг;7;top;свадебный торт
купить свадебный торт железнодорожный;7;top;свадебный торт
свадебный прямоугольный торт медовик 6 кг размеры;7;top;свадебный торт
топпер на свадебный торт с инициалами;7;top;свадебный торт
свадебный торт 12 кг;7;top;свадебный торт
торт трехъярусный свадебный с цветами;7;top;свадебный торт
свадебный торт дешево;7;top;свадебный торт
свадебный торт с фонтаном;7;top;свадебный торт
симс 3 где свадебный торт;7;top;свадебный торт
свадебный торт наполеон;7;top;свадебный торт
свадебный торт бело зеленый;7;top;свадебный торт
sims 4 свадебный торт;7;top;свадебный торт
заказать свадебный торт прямоугольный;7;top;свадебный торт
свадебные торты купить нижний новгород;7;top;свадебный торт
свадебный торт в стиле 90х;7;top;свадебный торт
что написать на свадебном торте;7;top;свадебный торт
где найти свадебный торт в симс;7;top;свадебный торт
где найти свадебный торт в симс 4;7;top;свадебный торт
длинный свадебный торт размеры;7;top;свадебный торт
красиво снять свадебный торт видео;7;top;свадебный торт
сколько стоит свадебный торт 7 кг;7;top;свадебный торт
торт свадебный длинный цена;7;top;свадебный торт
свадебный торт 2026 пинтерест;7;top;свадебный торт
торт свадебный 27 лет деревянная;7;top;свадебный торт
свадебный торт 2000;7;top;свадебный торт
свадебный торт 15 кг;7;top;свадебный торт
как приготовить свадебный торт в симс;7;top;свадебный торт
как приготовить свадебный торт в симс 4;7;top;свадебный торт
торты сайт свадебные;7;top;свадебный торт
как выглядит свадебный торт;7;top;свадебный торт
свадебный торт розовый;7;top;свадебный торт
свадебный торт щелково;7;top;свадебный торт
свадебный торт 50 кг;7;top;свадебный торт
свадебный торт купить раменское;7;top;свадебный торт
канапе для фуршета на свадьбу;7;top;фуршет на свадьбу
сколько стоит бармен на свадьбу;7;top;бармен на свадьбу
купить свадебный каравай в серпухове;7;top;свадебный каравай
свадебный каравай купить в мытищах;7;top;свадебный каравай
купить свадебный каравай в чехове;7;top;свадебный каравай
как сделать свадебный каравай;7;top;свадебный каравай
старинный рецепт свадебного каравая;7;top;свадебный каравай
музыканты на свадьбу цена;7;top;музыканты на свадьбу
скрипачка на свадьбу;7;top;скрипачка на свадьбу
стоимость артистов на свадьбу;7;top;артисты на свадьбу
купить салют для молодоженов на свадьбу;7;top;салют на свадьбу
сухой салют на свадьбу;7;top;салют на свадьбу
постановка свадебного танца самостоятельно;7;top;постановка свадебного танца
постановка свадебного танца самостоятельно видео;7;top;постановка свадебного танца
постановка свадебного танца самостоятельно видео уроки;7;top;постановка свадебного танца
салоны свадебных стилистов;7;top;свадебный стилист
стилист свадебного образа;7;top;свадебный стилист
визажист макияж на свадьбу;7;top;визажист на свадьбу
прическа и макияж на свадьбу спб;7;top;прическа и макияж на свадьбу
работа свадебным организатором отзывы;7;top;свадебный организатор
свадебный организатор цена;7;top;свадебный организатор
тнт в свадебном агентстве;7;top;свадебное агентство
винокур про свадебное агентство;7;top;свадебное агентство
свадебное агентство мытищи;7;top;свадебное агентство
свадебное агентство калининград;7;top;свадебное агентство
свадебное агентство волгоград;7;top;свадебное агентство
кейт и лео свадебное агентство;7;top;свадебное агентство
свадебные агентства список;7;top;свадебное агентство
свадебное агентство белгород;7;top;свадебное агентство
свадебное агентство подмосковье;7;top;свадебное агентство
лучшие свадебные агентства москвы;7;top;свадебное агентство
важный день свадебное агентство;7;top;свадебное агентство
чем занимается координатор на свадьбе;7;top;координатор на свадьбу
сколько стоит выездной регистратор;7;top;выездной регистратор
выездная регистрация брака ведущая;7;top;ведущий выездной регистрации
свет и звук на свадьбу;7;top;свет и звук на свадьбу
свадебный автобус для гостей на свадьбу;7;top;автобус для гостей на свадьбу
аренда машины на свадьбу цена;7;top;машина на свадьбу
снять машину на свадьбу с водителем;7;top;машина на свадьбу
украшения на машину на свадьбу вайлдберриз;7;top;машина на свадьбу
закуски в машину на свадьбу;7;top;машина на свадьбу
аренда машины на свадьбу рязань;7;top;машина на свадьбу
машина на свадьбу рязань;7;top;машина на свадьбу
машина карета на свадьбу;7;top;машина на свадьбу
украшают ли сейчас машины на свадьбу 2026;7;top;машина на свадьбу
машина на свадьбу тверь;7;top;машина на свадьбу
табличка свадьба на машину юрга;7;top;машина на свадьбу
украшения на машину на свадьбу кольца;7;top;машина на свадьбу
украсить машину на свадьбу своими руками красиво;7;top;машина на свадьбу
как украсить машину на свадьбу 2026;7;top;машина на свадьбу
машины на свадьбу ульяновск;7;top;машина на свадьбу
аренда ретро машины на свадьбу;7;top;машина на свадьбу
заказать лимузин на свадьбу цена;7;top;лимузин на свадьбу
как назвать команду на свадьбе;7;top;команда на свадьбу
ведущий на свадьбу электросталь;6;top;ведущий на свадьбу | ведущая на свадьбу
ведущий на свадьбу солнечногорск;6;top;ведущий на свадьбу | ведущая на свадьбу
как представить гостей на свадьбе для ведущего;6;top;ведущий на свадьбу | ведущая на свадьбу
как стать ведущим на свадьбах;6;top;ведущий на свадьбу | ведущая на свадьбу
ведущий четыре свадьбы на пятнице кто озвучивает;6;top;ведущий на свадьбу | ведущая на свадьбу
ведущий на свадьбу на 15 человек;6;top;ведущий на свадьбу | ведущая на свадьбу
ведущий на свадьбу денис;6;top;ведущий на свадьбу | ведущая на свадьбу
ведущий на свадьбу денисов;6;top;ведущий на свадьбу | ведущая на свадьбу
сколько стоит нагиев ведущим на свадьбу;6;top;ведущий на свадьбу | ведущая на свадьбу | сколько стоит ведущий на свадьбу
ведущий на свадьбе авито рязань;6;top;ведущий на свадьбу | ведущая на свадьбу
диджей на свадьбе что делает без ведущего;6;top;ведущий на свадьбу | ведущая на свадьбу | диджей на свадьбу
ведущий на свадьбу во владимире;6;top;ведущий на свадьбу | ведущая на свадьбу
горько ведущий на свадьбу;6;top;ведущий на свадьбу | ведущая на свадьбу
сколько стоит ведущий сатир на свадьбу;6;top;ведущий на свадьбу | ведущая на свадьбу | сколько стоит ведущий на свадьбу
ведущий на свадьбу саранск;6;top;ведущий на свадьбу | ведущая на свадьбу
тамада на свадьбу недорого цена;6;top;тамада на свадьбу
тамада на свадьбу рязань;6;top;тамада на свадьбу
тамада на золотую свадьбу;6;top;тамада на свадьбу
тамада в голицыно на свадьбу;6;top;тамада на свадьбу
тамада зажигает на свадьбе;6;top;тамада на свадьбу
молодой тамада на свадьбу;6;top;тамада на свадьбу
фотограф на свадьбу турандот;6;top;фотограф на свадьбу
найти фотографа на свадьбу цена екатеринбург;6;top;фотограф на свадьбу | фотограф на свадьбу цена
фотограф на свадьбу нанять;6;top;фотограф на свадьбу
девушка фотограф на свадьбе;6;top;фотограф на свадьбу
как выбрать фотографа на свадьбу;6;top;фотограф на свадьбу | как выбрать фотографа на свадьбу
петербург фотографы на свадьбу;6;top;фотограф на свадьбу
фотограф на свадьбу санкт;6;top;фотограф на свадьбу
фотограф на свадьбу санкт петербург;6;top;фотограф на свадьбу
свадебный фотограф секс;6;top;свадебный фотограф
свадебный фотограф екатеринбург соседковес;6;top;свадебный фотограф
свадебный фотограф ступино;6;top;свадебный фотограф
клип свадебный фотограф;6;top;свадебный фотограф | свадебный клип
свадебный фотограф дмитров;6;top;свадебный фотограф
свадебный фотограф на хайнане;6;top;свадебный фотограф
песнь свадебный текст фотограф;6;top;свадебный фотограф
текст песни свадебный фотограф;6;top;свадебный фотограф
фотосессия свадебная в пушкино;6;top;свадебная фотосессия
лучшие места для свадебной фотосессии в москве;6;top;свадебная фотосессия
свадебная фотосессия в екатерининском дворце;6;top;свадебная фотосессия
идея для необычной свадебной фотосессии;6;top;свадебная фотосессия
свадебная фотосессия в царицыно летом;6;top;свадебная фотосессия
свадебная корзина на фотосессию;6;top;свадебная фотосессия
дом ученых свадебная фотосессия;6;top;свадебная фотосессия
отель националь свадебная фотосессия;6;top;свадебная фотосессия
свадебная фотосессия в москве цены;6;top;свадебная фотосессия
локации для свадебной фотосессии спб;6;top;свадебная фотосессия
реквизит для свадебной фотосессии;6;top;свадебная фотосессия
свадебная фотосессия образы;6;top;свадебная фотосессия
свадебная фотосессия в москва сити;6;top;свадебная фотосессия
свадебная фотосессия на воробьевых горах;6;top;свадебная фотосессия
где снять свадебную фотосессию москва;6;top;свадебная фотосессия
свадебная фотосессия в москве лучшие локации;6;top;свадебная фотосессия
нескучный сад свадебная фотосессия;6;top;свадебная фотосессия
зал для свадебной фотосессии;6;top;свадебная фотосессия
залы для свадебной фотосессии;6;top;свадебная фотосессия
свадебные фотосессии видео;6;top;свадебная фотосессия
нужен ли видеограф на свадьбу;6;top;видеограф на свадьбу
стоимость видеографа на свадьбу;6;top;видеограф на свадьбу
клип димы билана свадебные цветы;6;top;свадебный клип
свадебный клип из фото;6;top;свадебный клип
денис и мария свадебный клип;6;top;свадебный клип
музыка под свадебный клип;6;top;свадебный клип
красивый свадебный клип;6;top;свадебный клип
денис и ольга свадебный клип;6;top;свадебный клип
свадебный клип ирина;6;top;свадебный клип
свадебные идеи декора;6;top;свадебный декор
варианты свадебного декора;6;top;свадебный декор
пинтерест свадебный декор;6;top;свадебный декор
что такое модульные системы в свадебном декоре;6;top;свадебный декор
свадебный декор кострома;6;top;свадебный декор
свадебный декор воронеж;6;top;свадебный декор
свадебный декор минимализм;6;top;свадебный декор
декор свадебных бокалов;6;top;свадебный декор
оформление денег на свадьбу;6;top;оформление свадьбы
оформление свадьбы своими руками идеи;6;top;оформление свадьбы
оформление торта на год свадьбы;6;top;оформление свадьбы
оформление свадеб саранск;6;top;оформление свадьбы
оформление приглашения на свадьбу;6;top;оформление свадьбы
оформление выездной регистрации на свадьбу;6;top;оформление свадьбы
оформление свадьбы 90;6;top;оформление свадьбы
оригинальные оформление свадьбы;6;top;оформление свадьбы
оформление бутылки вина в подарок на свадьбу;6;top;оформление свадьбы
оформление свадьбы образец;6;top;оформление свадьбы
оформление арки на свадьбу своими руками;6;top;оформление свадьбы
оформление столов на свадьбу для гостей;6;top;оформление свадьбы
свадьба в бордовом цвете оформление;6;top;оформление свадьбы | оформление цветами свадьба
бусы для декора свадьбы купить москва;6;top;декор свадьбы москва
авито свадебная арка дмитров;6;top;свадебная арка
дизайн свадебной арки;6;top;свадебная арка
свадебные арки фото своими руками;6;top;свадебная арка
материал для украшения свадебной арки;6;top;свадебная арка
фон свадебный арка;6;top;свадебная арка
купить украшения для свадебной арки;6;top;свадебная арка
фотозона на свадьбу своими руками дома;6;top;фотозона на свадьбу
букет невесты с хлопком;6;top;букет невесты
эустома букет невесты белый фото;6;top;букет невесты
свадебный букет на сентябрь для невесты;6;top;букет невесты
букет невесты из 9 кал;6;top;букет невесты
как сделать букет невесты из калл;6;top;букет невесты
букет для невесты в коробке;6;top;букет невесты
букет невесты заказать из роз;6;top;букет невесты
можно ли на свадьбу искусственный букет невесты;6;top;букет невесты
можно на свадьбу искусственный букет невесты;6;top;букет невесты
лютики букет невесты;6;top;букет невесты
г люберцы свадебные букеты невесты;6;top;букет невесты
свадебный букет невесты 2026 из пинтерест фото;6;top;букет невесты
букет невесты светлый идеи;6;top;букет невесты
свадебный букет для невесты из бисера фото;6;top;букет невесты
какие цветы можно в букет невесты;6;top;букет невесты
букет невесты сонник;6;top;букет невесты
какой букет кидает невеста на свадьбе;6;top;букет невесты
что кинуть вместо букета невесты;6;top;букет невесты
букет невесты из калл тверь;6;top;букет невесты
булавка для букета невесты;6;top;букет невесты
сколько в среднем стоит букет невесты;6;top;букет невесты
букет невесты 2026 цены;6;top;букет невесты
букет невесты недорого серпухов;6;top;букет невесты
букет невесты сердце;6;top;букет невесты
какие цветы берут букет невесты;6;top;букет невесты
букет невесты георгины и антуриум;6;top;букет невесты
букет невесты дом цветов;6;top;букет невесты
букет невесты нежный и простой;6;top;букет невесты
букет невесты с кружевами и ягодами фото;6;top;букет невесты
деревянная табличка с последней букет невесты;6;top;букет невесты
свадебный букет для невесты в виде сумочки;6;top;букет невесты
какой букет подарить невесте от подруги;6;top;букет невесты
букет невесты из гладиолусов и гортензий;6;top;букет невесты
букет невесты из калл и фрезий;6;top;букет невесты
посудомойка поймала букет невесты;6;top;букет невесты
букет невесты в бело розовых тонах;6;top;букет невесты
фиалка букет невесты фото и описание сорта;6;top;букет невесты
букет невесты из эустомы и диантуса;6;top;букет невесты
букет невесты с королевской протеей;6;top;букет невесты
можно ли жениху видеть букет невесты;6;top;букет невесты
букет невесты курск;6;top;букет невесты
невеста поймала букет обратно;6;top;букет невесты
розыгрыш букета невесты идеи;6;top;букет невесты
дублер букета невесты зачем нужен;6;top;букет невесты
какие цветы выбрать для букета невесты;6;top;букет невесты
букет невесты серебро;6;top;букет невесты
букет невесты из калл белых фото;6;top;букет невесты
сколько роз в букете невесты;6;top;букет невесты
что значит когда ловишь букет невесты;6;top;букет невесты
маленький скромный букет невесты;6;top;букет невесты
каллы и эвкалипт букет невесты;6;top;букет невесты
невеста бросила подружкам вместо букета фаллоимитатор ролик;6;top;букет невесты
букет невесты из белых роз и эвкалипта;6;top;букет невесты
что подарить невесте вместо букета;6;top;букет невесты
букет невесты в пастельных тонах;6;top;букет невесты
букет невесты на английском;6;top;букет невесты
можно ли бросать букет невесты;6;top;букет невесты
букет для невесты в подарок от гостей;6;top;букет невесты
можно ли выкинуть пойманный букет невесты;6;top;букет невесты
розыгрыш букета невесты с лентами;6;top;букет невесты
букет невесты город сочи красная поляна;6;top;букет невесты
букет невесты гортензия и сухоцветы;6;top;букет невесты
букет невесты из бордовых калл;6;top;букет невесты
букет невесты из стойких цветов своими руками;6;top;букет невесты
букет невесты каллы сумка;6;top;букет невесты
букет невесты на свадьбу пионы;6;top;букет невесты
свадебный букет для невесты с бутоньеркой;6;top;букет невесты
скачать песню букет невесты;6;top;букет невесты
букет невесты 2026 пионы;6;top;букет невесты
свадебный букет для невесты санкт петербург;6;top;букет невесты
букет невесты 40;6;top;букет невесты
букет невесты длина;6;top;букет невесты
букет невесты обычаи;6;top;букет невесты
приметы связанные с букетом невесты;6;top;букет невесты
букет невесты в виде сумки;6;top;букет невесты
что можно вместо букета невесты;6;top;букет невесты
букет невесты ноябрь;6;top;букет невесты
букеты невесты как упаковать;6;top;букет невесты
какие цветы используют в букетах невесты;6;top;букет невесты
зачем кидать букет невесты;6;top;букет невесты
зачем невеста кидает букет на свадьбе;6;top;букет невесты
корзина косметики вместо цветов на свадьбу купить;6;top;цветы на свадьбу
нужно ли дарить цветы на свадьбу невесте;6;top;цветы на свадьбу
королевский цветок на свадьбу;6;top;цветы на свадьбу
оттенки цветов на свадьбу;6;top;цветы на свадьбу
какие цветы используют на свадьбе;6;top;цветы на свадьбу
альтернатива цветам на свадьбу в подарок;6;top;цветы на свадьбу
в каких цветах нельзя приходить на свадьбу;6;top;цветы на свадьбу
искусственные цветы на свадьбу своими руками;6;top;цветы на свадьбу
какие цветы лучше подарить на свадьбу молодоженам;6;top;цветы на свадьбу
фото букетов цветов на свадьбу с гипсофилами;6;top;цветы на свадьбу
цветы на свадьбу в подарок доставка;6;top;цветы на свадьбу
какие цветы подарить на деревянную свадьбу;6;top;цветы на свадьбу
букет на свадьбу какие должны быть цветы;6;top;цветы на свадьбу
цветы на синей свадьбе;6;top;цветы на свадьбу
какие цветы на 11 лет свадьбы;6;top;цветы на свадьбу
стойки для цветов на свадьбу;6;top;цветы на свадьбу
когда на свадьбе дарят цветы молодоженам;6;top;цветы на свадьбу
что купить вместо цветов на свадьбу;6;top;цветы на свадьбу
какие цветы дарят на вторую годовщину свадьбы;6;top;цветы на свадьбу
надо ли покупать цветы на свадьбу;6;top;цветы на свадьбу
композиция из искусственных цветов на свадьбу;6;top;цветы на свадьбу
искусственные цветы на свадьбу на стол;6;top;цветы на свадьбу
какие цветы дарят на рубиновую свадьбу;6;top;цветы на свадьбу
венок на голову из цветов на свадьбу;6;top;цветы на свадьбу
цветы на бирюзовую свадьбу;6;top;цветы на свадьбу
авито цветы на свадьбу;6;top;цветы на свадьбу
цветок в горшке на годовщину свадьбы;6;top;цветы на свадьбу
актеры из цветок зла на свадьбе;6;top;цветы на свадьбу
каркас металлический для президиума на свадьбу;6;top;президиум на свадьбу
как оформить президиум на свадьбу;6;top;президиум на свадьбу
итальянский свадебный торт с ягодами рецепт;6;top;свадебный торт
двухъярусный свадебный торт цена;6;top;свадебный торт
свадебные фигурки на торт бабушка и дедушка;6;top;свадебный торт
свадебный торт купить цены двухъярусный;6;top;свадебный торт
тумба для свадебного торта;6;top;свадебный торт
свадебный торт готовый купить в москве;6;top;свадебный торт
свадебный торт с ягодами одноярусный широкий;6;top;свадебный торт
свадебный торт с лебедями одноярусный;6;top;свадебный торт
как продать свадебный торт;6;top;свадебный торт
сон свадебный торт;6;top;свадебный торт
вынос свадебного торта красивые песни;6;top;свадебный торт
свадебный торт кострома;6;top;свадебный торт
какие бывают свадебные торты;6;top;свадебный торт
свадебный торт в стиле американского пирога;6;top;свадебный торт
как оформить свадебный торт;6;top;свадебный торт
прямоугольный свадебный торт с бумагой;6;top;свадебный торт
свадебные торты белого цвета;6;top;свадебный торт
крем чиз для свадебного торта рецепт;6;top;свадебный торт
печем торты свадебные;6;top;свадебный торт
свадебные торты орел;6;top;свадебный торт
свадебный торт бело черный;6;top;свадебный торт
смотреть свадебные торты;6;top;свадебный торт
свадебный торт уфа;6;top;свадебный торт
торт прямоугольник свадебный;6;top;свадебный торт
свадебный торт велюр;6;top;свадебный торт
свадебные торты в ресторанах;6;top+assoc;свадебный торт | кейтеринг на свадьбу | аренда шатра для свадьбы | аренда мебели для свадьбы | аренда посуды на свадьбу | автобус для гостей на свадьбу
дизайн свадебного торта 2026;6;top;свадебный торт
самые популярные свадебные торты;6;top;свадебный торт
торты мира свадебные;6;top;свадебный торт
сборка прямоугольного свадебного торта;6;top;свадебный торт
торт свадебный прямоугольной формы;6;top;свадебный торт
торт с каллами свадебный;6;top;свадебный торт
свадебный торт с клубникой;6;top;свадебный торт
не велл свадебный торт;6;top;свадебный торт
нож и лопатка для свадебного торта именнык;6;top;свадебный торт
свадебный торт белый красный;6;top;свадебный торт
магазины свадебных тортов;6;top;свадебный торт
свадебный торт разрезают;6;top;свадебный торт
свадебный торт 2026 тренды одноярусный;6;top;свадебный торт
свадебные торты с золотом;6;top;свадебный торт
средняя цена свадебного торта;6;top;свадебный торт
вес свадебного торта на 30 человек;6;top;свадебный торт
свадебный торт 2027;6;top;свадебный торт
свадебный торт на 20 человек сколько кг;6;top;свадебный торт
свадебный торт саратов;6;top;свадебный торт
свадебные торты минимализм одноярусный;6;top;свадебный торт
как собрать поэтапно двухъярусный свадебный торт видео;6;top;свадебный торт
кейтеринг на свадьбу недорого;6;top;кейтеринг на свадьбу
фуршет стола на свадьбу;6;top;фуршет на свадьбу
что приготовить на фуршет на свадьбу;6;top;фуршет на свадьбу
что означает свадебный каравай;6;top;свадебный каравай
как сохранить сдобный каравай свадебный до торжества;6;top;свадебный каравай
купить свадебный каравай в шатуре;6;top;свадебный каравай
свадебный каравай купить на трехгорке;6;top;свадебный каравай
свадебный каравай обычай;6;top;свадебный каравай
что делать со свадебным караваем после свадьбы;6;top;свадебный каравай
свадебный каравай пеко;6;top;свадебный каравай
самый простой рецепт свадебного каравая;6;top;свадебный каравай
самый простой свадебный каравай;6;top;свадебный каравай
свадебный каравай символ;6;top;свадебный каравай
свадебный каравай заказать в питере;6;top;свадебный каравай
кавер группа на свадьбу где есть мужчина;6;top;кавер группа на свадьбу
диджей на свадьбу цена москва;6;top;диджей на свадьбу
дымовой салют на свадьбу;6;top;салют на свадьбу
постановка свадебного танца рязань;6;top;постановка свадебного танца
постановка свадебного танца одинцово;6;top;постановка свадебного танца
свадебный стилист москва с выездом на дом;6;top;свадебный стилист
стилист визажист на свадьбу железнодорожный;6;top;визажист на свадьбу
парикмахер визажист на свадьбу на дом;6;top;визажист на свадьбу
свадебная прическа и макияж на свадьбу;6;top;прическа и макияж на свадьбу
свадебный организатор профессия;6;top;свадебный организатор
сколько зарабатывает свадебный организатор;6;top;свадебный организатор
организатор свадебных мероприятий;6;top;свадебный организатор
компанич ezwed свадебное агентство отзывы;6;top;свадебное агентство
свадебное агентство еееvent;6;top;свадебное агентство
ксения миронова свадебное агентство;6;top;свадебное агентство
свадебное агентство моя невеста;6;top;свадебное агентство
kate leo свадебное агентство;6;top;свадебное агентство
агентство мероприятия свадебные;6;top;свадебное агентство
координатор на свадьбу авито;6;top;координатор на свадьбу
координатор на свадьбу коломна;6;top;координатор на свадьбу
координатор на свадьбу москва;6;top;координатор на свадьбу
чем отличается организатор от координатора на свадьбе;6;top;координатор на свадьбу
аренда мебели для свадьбы;6;top;аренда мебели для свадьбы
как украсить капот машины на свадьбу;6;top;машина на свадьбу
машина для денег на свадьбу;6;top;машина на свадьбу
украсить машину на свадьбу лентами атласными;6;top;машина на свадьбу
арендовать белую машину для свадьбы на авито;6;top;машина на свадьбу
как можно украсить машину на свадьбу;6;top;машина на свадьбу
номера на машину на свадьбу;6;top;машина на свадьбу
украшения машины шариками на свадьбу;6;top;машина на свадьбу
зачем привязывают банки к машине на свадьбе;6;top;машина на свадьбу
фото украшенных машин на свадьбу;6;top;машина на свадьбу
банты на машину на свадьбу своими руками;6;top;машина на свадьбу
декор машины на свадьбу;6;top;машина на свадьбу
как закрепить кольца на машину на свадьбу;6;top;машина на свадьбу
старые машины на свадьбу;6;top;машина на свадьбу
машина на свадьбу саратов;6;top;машина на свадьбу
сколько стоит аренда машины на свадьбу;6;top;машина на свадьбу
снять лимузин на свадьбу спб;6;top;лимузин на свадьбу
сколько стоит аренда лимузина на свадьбу;6;top;лимузин на свадьбу
заставка на свадьбу на проектор;6;top;проектор на свадьбу
заказать ведущего на свадьбу дмитров;5;top;ведущий на свадьбу | ведущая на свадьбу
александр касаткин ведущий на свадьбу;5;top;ведущий на свадьбу | ведущая на свадьбу
каравай на свадьбе слова ведущего;5;top;ведущий на свадьбу | ведущая на свадьбу
слова благодарности ведущему на свадьбе;5;top;ведущий на свадьбу | ведущая на свадьбу
выбор ведущего на свадьбу;5;top;ведущий на свадьбу | ведущая на свадьбу
топ ведущих на свадьбу москва;5;top;ведущий на свадьбу | ведущая на свадьбу | ведущий свадьбы москва
ведущий на свадьбу красногорск;5;top;ведущий на свадьбу | ведущая на свадьбу
ведущий на свадьбу липецк;5;top;ведущий на свадьбу | ведущая на свадьбу
ведущий на свадьбу кострома;5;top;ведущий на свадьбу | ведущая на свадьбу
ведущие на свадьбу серпухов;5;top;ведущий на свадьбу | ведущая на свадьбу
ведущий на свадьбу мытищи;5;top;ведущий на свадьбу | ведущая на свадьбу
сколько зарабатывает ведущий на свадьбе;5;top;ведущий на свадьбу | ведущая на свадьбу
ведущий тамада на свадьбу город чебоксары;5;top;ведущий на свадьбу | ведущая на свадьбу | тамада на свадьбу
ведущий на второй день свадьбы;5;top;ведущий на свадьбу | ведущая на свадьбу
где найти ведущего на свадьбу;5;top;ведущий на свадьбу | ведущая на свадьбу | где найти ведущего на свадьбу
что обсудить с ведущим на свадьбу;5;top;ведущий на свадьбу | ведущая на свадьбу
ведущий на свадьбу дмитрий усков пенза;5;top;ведущий на свадьбу | ведущая на свадьбу
тамада на свадьбу казань;5;top;тамада на свадьбу
простые конкурсы на свадьбу без тамады;5;top;тамада на свадьбу
помощь тамаде на свадьбе готовый сценарий;5;top;тамада на свадьбу
тамада на свадьбу чебоксары;5;top;тамада на свадьбу
лучшая тамада на свадьбу;5;top;тамада на свадьбу
ведущий и диджей на свадьбу москва;5;top;ведущий и диджей на свадьбу
фотограф на свадьбе трахнулась с гостем;5;top;фотограф на свадьбу
средняя стоимость фотографа на свадьбу;5;top;фотограф на свадьбу
фотограф на свадьбу электросталь;5;top;фотограф на свадьбу
свадебные фотографы мира;5;top;свадебный фотограф
свадебный фотограф анастасия;5;top;свадебный фотограф
свадебный фотограф ростов;5;top;свадебный фотограф
наталья свадебный фотограф;5;top;свадебный фотограф
услуги свадебного фотографа на осенью екатеринбург;5;top;свадебный фотограф
свадебный фотограф прайс;5;top;свадебный фотограф
свадебный фотограф иванов;5;top;свадебный фотограф
знаменитые свадебные фотографы;5;top;свадебный фотограф
знаменитый томский фотограф свадебный;5;top;свадебный фотограф
свадебный фотограф владимир симонов;5;top;свадебный фотограф
свадебный фотограф москва авито;5;top;свадебный фотограф | свадебный фотограф москва
moscow московская ул 95 фото;5;assoc;свадебный фотограф москва
свадебные фотосессии в крыму;5;top;свадебная фотосессия
музеи для свадебных фотосессий внутри москва;5;top;свадебная фотосессия
свадебная фотосессия на пхукете;5;top;свадебная фотосессия
свадебная фотосессия под дождем;5;top;свадебная фотосессия
аксессуары для свадебной фотосессии;5;top;свадебная фотосессия
свадебная фотосессия с детьми;5;top;свадебная фотосессия
трахаются во время свадебной фотосессии порно;5;top;свадебная фотосессия
платье для свадебной фотосессии на куршской косе;5;top;свадебная фотосессия
свадебная фотосессия армавир;5;top;свадебная фотосессия
свадебная фотосессия брянск;5;top;свадебная фотосессия
свадебная фотосессия нижний;5;top;свадебная фотосессия
свадебная фотосессия нижний новгород;5;top;свадебная фотосессия
свадебная фотосессия саратов;5;top;свадебная фотосессия
идеи для свадебной фотосессии на улице;5;top;свадебная фотосессия
свадебная фотосессия в студии цены;5;top;свадебная фотосессия
заказать видеографа на свадьбу;5;top;видеограф на свадьбу
свадебный видеограф спб;5;top;свадебный видеограф
цыганские свадьбы фото и видеосъемка;5;top;видеосъемка свадьбы
свадебные клипы лучшее;5;top;свадебный клип
свадебная песня черно белый клип этой песни;5;top;свадебный клип
свадьба свадебный клип;5;top;свадебный клип
декор свадебных букетов;5;top;свадебный декор
декор свадебной бутылки шампанского;5;top;свадебный декор
саранск свадебный декор;5;top;свадебный декор
свадебная атрибутика для декора картинка;5;top;свадебный декор
декор на свадебные столы фото;5;top;свадебный декор
свадебный декор заказать;5;top;свадебный декор
свадебный декор для президиум молодоженам;5;top;свадебный декор
оформление поздравления на свадьбу;5;top;оформление свадьбы
оформление пригласительных на свадьбу бесплатно онлайн;5;top;оформление свадьбы
оформление пригласительных на свадьбу онлайн;5;top;оформление свадьбы
оформление стола жениха и невесты на свадьбу;5;top;оформление свадьбы
оформление стола на свадьбу жениха;5;top;оформление свадьбы
оформление свадьбы своими руками фото;5;top;оформление свадьбы
шарики на свадьбу оформление;5;top;оформление свадьбы
рассадка гостей на свадьбе оформление шаблоны пустые;5;top;оформление свадьбы
стол молодых на свадьбе оформление;5;top;оформление свадьбы
оформление свадьбы изумрудная;5;top;оформление свадьбы
капкейки на свадьбу оформление;5;top;оформление свадьбы
оформление фотозоны на свадьбу своими руками;5;top;оформление свадьбы | фотозона на свадьбу
свадебное оформление свадеб;5;top;оформление свадьбы
оформление ресторана на свадьбу;5;top;оформление свадьбы
оформление банкетного зала на свадьбу своими руками;5;top;оформление свадьбы | оформление зала на свадьбу
оформление веранд на праздник свадьба;5;top;оформление свадьбы
красивое оформление комнаты и двор для свадьбы;5;top;оформление свадьбы
оформление круглого стола на свадьбу;5;top;оформление свадьбы
цвета свадьбы оформление зала;5;top;оформление свадьбы | оформление цветами свадьба
цвет оформления зала на свадьбу;5;top;оформление зала на свадьбу
как крепить бусы на арку свадебную;5;top;свадебная арка
арка свадебная и стол белый с цветами;5;top;свадебная арка
арка свадебного стола;5;top;свадебная арка
как сделать свадебную арку своими руками;5;top;свадебная арка
свадебная арка из искусственных цветов;5;top;свадебная арка
арка свадебная с подсолнухами с тыквой;5;top;свадебная арка
цветы для свадебной арки своими руками;5;top;свадебная арка
фотозона на свадьбу цена;5;top;фотозона на свадьбу
декор фотозоны на свадьбу;5;top;фотозона на свадьбу
пинтерест фотозона на свадьбу;5;top;фотозона на свадьбу
как сделать фотозону своими руками на свадьбу;5;top;фотозона на свадьбу
угловая фотозона на свадьбу;5;top;фотозона на свадьбу
фотозоны на свадьбу на фудсити купить;5;top;фотозона на свадьбу
размеры фотозоны на свадьбу;5;top;фотозона на свадьбу
забыли букет невесты;5;top;букет невесты
свадебный букет невесты приметы;5;top;букет невесты
букет невесты из гипсофилы купить в москве;5;top;букет невесты
букет свадебный для невесты небольшой;5;top;букет невесты
букет невесты из пионов фото;5;top;букет невесты
невеста бросает букет песня;5;top;букет невесты
задумка с букетом невесты раздать розочки;5;top;букет невесты
свадебный букет невесты в одинцово;5;top;букет невесты
как самой сделать свадебный букет невесты;5;top;букет невесты
какой высоты должен быть букет невесты;5;top;букет невесты
букет невесты из кал и эустомы;5;top;букет невесты
модный букет невесты фото;5;top;букет невесты
букет невесты на девичник;5;top;букет невесты
простой букет невесты фото;5;top;букет невесты
сериал букет невесты все серии;5;top;букет невесты
букет невесты минск;5;top;букет невесты
кидают ли букет невесты на свадьбе;5;top;букет невесты
какой букет бросает невеста на свадьбе;5;top;букет невесты
букет невесты купить в чехове с доставкой;5;top;букет невесты
букет невесты из мелких калл;5;top;букет невесты
как собрать букет невесты из пионов;5;top;букет невесты
какой букет можно подарить невесте;5;top;букет невесты
букет невесты спатифиллум;5;top;букет невесты
букет невесты пенза;5;top;букет невесты
букет невесты кимры;5;top;букет невесты
сколько стоит букет невесты в москве;5;top;букет невесты
букет невесты в упаковке;5;top;букет невесты
букет невесты из эустомы и кустовой розы;5;top;букет невесты
букет невесты из васильков;5;top;букет невесты
клава кока поймала букет невесты;5;top;букет невесты
букет невесты балашиха;5;top;букет невесты
ниспадающий букет невесты;5;top;букет невесты
букет невесты лавандовый;5;top;букет невесты
букет невесты из атласных лент своими руками;5;top;букет невесты
букет невесты своими руками из атласных;5;top;букет невесты
оригинальный свадебный букет невесты;5;top;букет невесты
купить букет невесты в шатуре;5;top;букет невесты
букет невесты на ножке;5;top;букет невесты
букет невесты в путилково;5;top;букет невесты
нужен ли букет невесты на венчание;5;top;букет невесты
букет невесты кино;5;top;букет невесты
обязательно ли букет невесты на роспись;5;top;букет невесты
кто поймал букет невесты 2;5;top;букет невесты
букет невесты ярославль;5;top;букет невесты
букет невесты белые розы и эустома сиреневый;5;top;букет невесты
букет невесты гиперикум с гвоздикой;5;top;букет невесты
букет невесты гладиолусы белые купить в москве;5;top;букет невесты
букет невесты звезда из проволоки;5;top;букет невесты
букет невесты из гортензии и гипсофилы;5;top;букет невесты
букет невесты из диантуса и гиперикум;5;top;букет невесты
букет невесты из нежно розовых цветов;5;top;букет невесты
букет невесты красивый из роз фото;5;top;букет невесты
букет невесты с розами и гипсофилом фото;5;top;букет невесты
букет цветов подарок невесте;5;top;букет невесты
букеты невесты из хлопка нижний новгород;5;top;букет невесты
бусинви букет для невесты;5;top;букет невесты
где в волгограде купить букет для невесты;5;top;букет невесты
где заказать букет невесты в измайлово;5;top;букет невесты
заказать букет невесты в калининграде с доставкой;5;top;букет невесты
сатин букет невесты;5;top;букет невесты
сачок для ловли букета невесты;5;top;букет невесты
свадебный букет невесты с розой джульетой;5;top;букет невесты
слушать рассказ как посудомойка поймала букет невесты;5;top;букет невесты
хлопок сатин букет невесты;5;top;букет невесты
цветоа букет невесты;5;top;букет невесты
свадебный букет из гортензии для невесты купить;5;top;букет невесты
букет невесты купить смоленск;5;top;букет невесты
букет невесты смоленск недорого;5;top;букет невесты
бело персиковый букет невесты из кустовых роз;5;top;букет невесты
букет невесты из персиковых роз;5;top;букет невесты
букет цветов невесте с яблоками;5;top;букет невесты
букет из 35 гвоздик свадебный букет невесты;5;top;букет невесты
букет невесты калф;5;top;букет невесты
букет невесты на портбукетнице;5;top;букет невесты
букет невесты своими руками из бисера;5;top;букет невесты
букет невесты гвоздики и рябина;5;top;букет невесты
букет невесты из паучьих хризантем;5;top;букет невесты
каллы в букете невесты звезд шоу бизнеса;5;top;букет невесты
фото букета для невесты с белыми калами;5;top;букет невесты
купить букет невесты в дубне;5;top;букет невесты
букет невесты в рыбинске;5;top;букет невесты
букет невесты эустома москва цена;5;top;букет невесты
валберис букет невесты каллы;5;top;букет невесты
минималистичный букет из лилий для невесты фото;5;top;букет невесты
самый популярный букет невесты;5;top;букет невесты
букет невесты под спортивный образ;5;top;букет невесты
букет для невесты где купить в электростали;5;top;букет невесты
букет невесты купить электросталь вк;5;top;букет невесты
букет для невесты маленький оригинальный фото;5;top;букет невесты
букет невесты бело оливковый;5;top;букет невесты
букет невесты заказать в москве бордовые каллы;5;top;букет невесты
букет невесты из темно красных роз;5;top;букет невесты
букет невесты своими руками из искусственных цветов;5;top;букет невесты
букет невесты селятино;5;top;букет невесты
оригинальные букеты для невесты на свадьбу;5;top;букет невесты
оригинальные идеи с букетом невесты для подружек;5;top;букет невесты
свадебный букет для невесты сиреневый;5;top;букет невесты
кидание букета невесты;5;top;букет невесты
дельфиниум букет невесты;5;top;букет невесты
букет невесты купить в питере недорого;5;top;букет невесты
купить букет невесты питер;5;top;букет невесты
необычные цветы для букета невесты;5;top;букет невесты
букет невесты своими руками розы;5;top;букет невесты
букет невесты дублер своими руками;5;top;букет невесты
букет невесты ставрополь;5;top;букет невесты
когда лучше покупать букет невесты;5;top;букет невесты
цветы для осеннего букета невесты;5;top;букет невесты
букет невесты с розами кахала;5;top;букет невесты
купить букет невесты москча;5;top;букет невесты
можно ли дарить букет невесты маме;5;top;букет невесты
каркас для букета невесты;5;top;букет невесты
заказать букет невесты рязань;5;top;букет невесты
букет невесты в бело голубых тонах;5;top;букет невесты
букет невесты и подвязка;5;top;букет невесты
букет невесты розовая гипсофила;5;top;букет невесты
альтернатива бросанию букета невесты на свадьбе;5;top;букет невесты
можно ли дарить желтые цветы на свадьбу;5;top;цветы на свадьбу
какие цветы дарят на ситцевую свадьбу;5;top;цветы на свадьбу
какие цветы подарить на коралловую свадьбу;5;top;цветы на свадьбу
заказать букет цветов на свадьбу;5;top;цветы на свадьбу
чем можно заменить цветы на свадьбе;5;top;цветы на свадьбу
купить цветы красивые на свадьбу;5;top;цветы на свадьбу
популярные цветы на свадьбу;5;top;цветы на свадьбу
какие цветы надо дарить на свадьбу;5;top;цветы на свадьбу
приглашения на свадьбу вместо цветов;5;top;цветы на свадьбу
оригинальный подарок на свадьбу вместо цветов;5;top;цветы на свадьбу
цветы на свадьбу фон;5;top;цветы на свадьбу
цветы на свадьбу от мамы;5;top;цветы на свадьбу
какие цветы подарить родителям на годовщину свадьбы;5;top;цветы на свадьбу
какие цветы дарят на 15 лет свадьбы;5;top;цветы на свадьбу
корзина с цветами и кольцами на свадьбу;5;top;цветы на свадьбу
цветы в высокую узкую вазу на свадьбу;5;top;цветы на свадьбу
цветы для невесты на свадьбу от родителей;5;top;цветы на свадьбу
на свадьбе музыка цветы;5;top;цветы на свадьбу
какие цветы дарят на свадьбу 11 лет;5;top;цветы на свадьбу
полевые цветы на свадьбу украшения;5;top;цветы на свадьбу
цветы для невесты на свадьбу какие выбрать;5;top;цветы на свадьбу
украшения из искусственных цветов на свадьбу подольск;5;top;цветы на свадьбу
можно ли дарить искусственные цветы на свадьбу;5;top;цветы на свадьбу
цветы 3 на свадьбу;5;top;цветы на свадьбу
арка из цветов на свадьбу аренда;5;top;цветы на свадьбу
как оформить президиум на свадьбу своими руками;5;top;президиум на свадьбу
простой дизайн свадебного торта;5;top;свадебный торт
свадебный торт 7 кг цена;5;top;свадебный торт
расчет свадебного торта на человека;5;top;свадебный торт
свадебный торт в осенних тонах;5;top;свадебный торт
нужны ли свечи на свадебный торт;5;top;свадебный торт
свадебный торт на 50 человек сколько кг;5;top;свадебный торт
живые цветы для свадебного торта купить;5;top;свадебный торт
купить цветы для свадебного торта;5;top;свадебный торт
свадебный торт с котиками;5;top;свадебный торт
свадебный торт форме колец рецепт;5;top;свадебный торт
свадебный торт в санкт петербурге заказать;5;top;свадебный торт
литовский свадебный торт как называется;5;top;свадебный торт
свадебный торт какой крем;5;top;свадебный торт
ганаш для свадебного торта;5;top;свадебный торт
свадебный торт двухъярусный рецепт;5;top;свадебный торт
торт свадебный буквы аа;5;top;свадебный торт
свадебные двухъярусные торты без мастики;5;top;свадебный торт
свадебный торт двухъярусный без;5;top;свадебный торт
свадебный торт двухъярусный мастикой;5;top;свадебный торт
свадебный торт из капкейков;5;top;свадебный торт
свадебный торт белый с цветами;5;top;свадебный торт
свадебный торт украшенный ягодами;5;top;свадебный торт
свадебный торт двухъярусный в домашних условиях;5;top;свадебный торт
свадебный торт саранск;5;top;свадебный торт
иваново торт свадебный цена;5;top;свадебный торт
как красиво оформить свадебный торт дома;5;top;свадебный торт
купить свадебный торт в орле готовый;5;top;свадебный торт
подставка для свадебного торта многоярусная;5;top;свадебный торт
пробник свадебных тортов москва цена;5;top;свадебный торт
свадебные маленькие торты украшения;5;top;свадебный торт
свадебный торт иваново;5;top;свадебный торт
свадебный торт с капкейками для гостей;5;top;свадебный торт
свадебный торт цвет тиффани;5;top;свадебный торт
торт свадебный 7 килограмм;5;top;свадебный торт
торт свадебный до 10000 москва;5;top;свадебный торт
жених психанул сбросил свадебный торт;5;top;свадебный торт
торт свадебный 2кг;5;top;свадебный торт
украшение прямоугольного свадебного торта;5;top;свадебный торт
низкий широкий свадебный торт;5;top;свадебный торт
украшение для торта свадебный белый розы;5;top;свадебный торт
свадебный торт 2026 фото двухъярусный;5;top;свадебный торт
заказать свадебный торт в подольске;5;top;свадебный торт
свадебный торт платье невесты;5;top;свадебный торт
торт свадебный одноярусный с платьем невесты;5;top;свадебный торт
праздничный свадебный торт;5;top;свадебный торт
под какую музыку выносят свадебный торт;5;top;свадебный торт
сколько свечей на свадебный торт;5;top;свадебный торт
свадебные торты с красными цветами;5;top;свадебный торт
свадебные торты от палыча фото;5;top;свадебный торт
свадебный торт бирюзовый;5;top;свадебный торт
свадебный торт на 7 кг;5;top;свадебный торт
квадратный свадебный торт в один ярус;5;top;свадебный торт
где купить свадебный торт в симс 3;5;top;свадебный торт
средний вес свадебного торта;5;top;свадебный торт
самые вкусные начинки для свадебного торта;5;top;свадебный торт
свадебные торты знаменитостей;5;top;свадебный торт
свадебный торт одноярусный круглый;5;top;свадебный торт
свадебный торт в разрезе;5;top;свадебный торт
как испечь свадебный торт;5;top;свадебный торт
как испечь свадебный торт в симс 4;5;top;свадебный торт
свадебный торт трехэтажный;5;top;свадебный торт
торт на свадьбу 2026 цена;5;top;торт на свадьбу цена
сколько стоит госпошлина на бракосочетание 2026;5;assoc;торт на свадьбу цена
канапе на свадьбу для фуршета рецепты;5;top;фуршет на свадьбу
рецепты для фуршета на свадьбу;5;top;фуршет на свадьбу
выездной фуршет на свадьбу;5;top;фуршет на свадьбу
фуршет перед банкетом на свадьбе;5;top;фуршет на свадьбу
свадебный каравай в невинномысске купить;5;top;свадебный каравай
свадебный каравай что с ним делать;5;top;свадебный каравай
освещенный свадебный каравай заказать в москве цена;5;top;свадебный каравай
встреча молодых свадебным караваем как происходит;5;top;свадебный каравай
ооо рузский хлебозавод образцы свадебный каравай фото;5;top;свадебный каравай
как лепятся фигурки на свадебный каравай;5;top;свадебный каравай
свадебные караваи каша ру;5;top;свадебный каравай
видео рецепт каравай свадебный;5;top;свадебный каравай
свадебный каравай заказать в воронеже;5;top;свадебный каравай
украшение свадебного каравая в домашних условиях;5;top;свадебный каравай
платье на свадьбу в качестве музыканта;5;top;музыканты на свадьбу
диджей музыки на свадьбу;5;top;диджей на свадьбу
живая музыка на свадьбу калининградская область янтарный;5;top;живая музыка на свадьбу
сколько стоит живая музыка на свадьбу;5;top;живая музыка на свадьбу
нужна скрипачка на свадьбу;5;top;скрипачка на свадьбу
заказать на свадьбу артистов цена;5;top;артисты на свадьбу
фэнтези артисты на свадьбу;5;top;артисты на свадьбу
салюты фейерверки на свадьбу;5;top;салют на свадьбу
салют москва заказать на свадьбу;5;top;салют на свадьбу
постановка свадебного танца в студии;5;top;постановка свадебного танца
авито свадебный стилист;5;top;свадебный стилист
стилист свадебных платьев;5;top;свадебный стилист
курсы свадебного стилиста за 5 000 рублей;5;top;свадебный стилист
визажист на свадьбу в подольске на дом;5;top;визажист на свадьбу
свадебный организатор услуга;5;top;свадебный организатор
свадебный организатор стоимость;5;top;свадебный организатор
свадебный организатор ип мария елкина;5;top;свадебный организатор
свадебное агентство цены;5;top;свадебное агентство
soulmates свадебное агентство;5;top;свадебное агентство
familink свадебное агентство отзывы;5;top;свадебное агентство
свадебное агентство коломна;5;top;свадебное агентство
свадебное агентство казань;5;top;свадебное агентство
организатор свадеб обучение москва;5;top;организатор свадьбы москва
координатор на свадьбу цена;5;top;координатор на свадьбу
организация свадьбы под ключ цена;5;top;организация свадьбы под ключ цена
машина с водителем на свадьбе спб;5;top;машина на свадьбу
машина на свадьбу с водителем ногинск;5;top;машина на свадьбу
украшение на машину на свадьбу тремя лентами;5;top;машина на свадьбу
украшения машин на свадьбу в рязани;5;top;машина на свадьбу
украшения фатином машин на свадьбу;5;top;машина на свадьбу
машина на свадьбу в кубинке;5;top;машина на свадьбу
лимузин на свадьбу чебоксары;5;top;лимузин на свадьбу
ретро лимузин на свадьбу;5;top;лимузин на свадьбу
девиз команды на свадьбу;5;top;команда на свадьбу
ведущий на маленькую свадьбу;4;top;ведущий на свадьбу | ведущая на свадьбу | ведущий на маленькую свадьбу
ведущий на свадьбу саратов;4;top;ведущий на свадьбу | ведущая на свадьбу
каким должен быть ведущий на свадьбе;4;top;ведущий на свадьбу | ведущая на свадьбу
песочная церемония на свадьбе текст для ведущей;4;top;ведущий на свадьбу | ведущая на свадьбу
ведущий на свадьбу ставрополь;4;top;ведущий на свадьбу | ведущая на свадьбу
костюм ведущего на свадьбу;4;top;ведущий на свадьбу | ведущая на свадьбу
курсы ведущего на свадьбе;4;top;ведущий на свадьбу | ведущая на свадьбу
мужчина ведущий на свадьбе;4;top;ведущий на свадьбу | ведущая на свадьбу
нужно ли кормить ведущих на свадьбе;4;top;ведущий на свадьбу | ведущая на свадьбу
выход ведущего на свадьбу;4;top;ведущий на свадьбу | ведущая на свадьбу
ведущий свадьбы на английском;4;top;ведущий на свадьбу | ведущая на свадьбу
договор на ведущего свадьбы;4;top;ведущий на свадьбу | ведущая на свадьбу
знаменитые ведущие на свадьбу;4;top;ведущий на свадьбу | ведущая на свадьбу
слова ведущего на свадьбе сценарий на свадьбу;4;top;ведущий на свадьбу | ведущая на свадьбу
тост за родителей на свадьбе от ведущего;4;top;ведущий на свадьбу | ведущая на свадьбу
ведущий на свадьбу описание;4;top;ведущий на свадьбу | ведущая на свадьбу
ведущий на свадьбу вк;4;top;ведущий на свадьбу | ведущая на свадьбу
красивая ведущая на свадьбу;4;top;ведущий на свадьбу | ведущая на свадьбу
современный тамада на свадьбу;4;top;тамада на свадьбу
тамада и диджей на свадьбу;4;top;тамада на свадьбу | диджей на свадьбу
конкурсы на небольшую свадьбу без тамады;4;top;тамада на свадьбу
тамада на небольшую свадьбу;4;top;тамада на свадьбу
стоимость тамады на свадьбу;4;top;тамада на свадьбу
тамада на свадьбу тамбов;4;top;тамада на свадьбу
тамада хит создание песни;4;assoc;ведущий и диджей на свадьбу
на сколько берут фотографа на свадьбу;4;top;фотограф на свадьбу
средняя цена фотографа на свадьбу;4;top;фотограф на свадьбу | фотограф на свадьбу цена
фотограф на свадьбу барнаул;4;top;фотограф на свадьбу
благодарность фотографу на свадьбе;4;top;фотограф на свадьбу
фотограф видеограф на свадьбу цена;4;top;фотограф на свадьбу | фотограф на свадьбу цена | видеограф на свадьбу
сколько в среднем стоит фотограф на свадьбу;4;top;фотограф на свадьбу | сколько стоит фотограф на свадьбу
как написать фотографу на свадьбу;4;top;фотограф на свадьбу
профессиональное фотограф на свадьбу;4;top;фотограф на свадьбу
фотограф на свадьбу липецк;4;top;фотограф на свадьбу
свадебный фотограф ярославль;4;top;свадебный фотограф
свадебный фотограф примеры;4;top;свадебный фотограф
свадебный фотограф удалил фото;4;top;свадебный фотограф
свадебный фотограф елена;4;top;свадебный фотограф
свадебный фотограф брянск;4;top;свадебный фотограф
фотограф свадебный инстаграм;4;top;свадебный фотограф
свадебный фотограф краснодар;4;top;свадебный фотограф
свадебные фотографы бесплатно;4;top;свадебный фотограф
свадебный фотограф татьяна;4;top;свадебный фотограф
скачать песню свадебный фотограф;4;top;свадебный фотограф
городская свадебная фотосессия;4;top;свадебная фотосессия
идеи поз для свадебной фотосессии;4;top;свадебная фотосессия
свадебная фотосессия секс;4;top;свадебная фотосессия
свадебная фотосессия до свадьбы;4;top;свадебная фотосессия
таврический сад свадебная фотосессия;4;top;свадебная фотосессия
свадебная фотосессия челябинск;4;top;свадебная фотосессия
варианты свадебных фотосессий;4;top;свадебная фотосессия
свадебная фотосессия в александровском саду;4;top;свадебная фотосессия
промт на свадебную фотосессию;4;top;свадебная фотосессия
свадебная фотосессия на кабриолете;4;top;свадебная фотосессия
свадебная фотосессия в машине;4;top;свадебная фотосессия
свадебная фотосессия с собакой;4;top;свадебная фотосессия
свадебные арки для фотосессии;4;top;свадебная фотосессия | свадебная арка
локации для свадебной фотосессии зимой;4;top;свадебная фотосессия
свадебное фотосессия напрокат;4;top;свадебная фотосессия
свадебная фотосессия в анапе;4;top;свадебная фотосессия
свадебная фотосессия в питере локации;4;top;свадебная фотосессия
свадебная фотосессия тула;4;top;свадебная фотосессия
красивые позы для свадебной фотосессии;4;top;свадебная фотосессия
свадебная фотосессия во вьетнаме;4;top;свадебная фотосессия
услуги видеографа на свадьбу;4;top;видеограф на свадьбу
видеограф пенза на свадьбу;4;top;видеограф на свадьбу
сколько стоит видеосъемка на свадьбу;4;top;видеосъемка свадьбы
веселый свадебный клип;4;top;свадебный клип
музыка для свадебного клипа без слов;4;top;свадебный клип
слова для свадебного клипа;4;top;свадебный клип
клипы про свадебный;4;top;свадебный клип
музыка для монтажа свадебного клипа;4;top;свадебный клип
скачать песню для свадебного клипа;4;top;свадебный клип
обучение свадебному декору;4;top;свадебный декор
декор свадебный для дома;4;top;свадебный декор
декор торта свадебного фото;4;top;свадебный декор | свадебный торт
свадебный декор цена;4;top;свадебный декор
план рассадки гостей на свадьбе оформление шаблоны;4;top;оформление свадьбы
оливковая свадьба оформление;4;top;оформление свадьбы
свадьба рустик оформление;4;top;оформление свадьбы
коричневое оформление свадьбы;4;top;оформление свадьбы
оформление президиума на свадьбу фото;4;top;оформление свадьбы | президиум на свадьбу
оформление президиума на свадьбу 2026;4;top;оформление свадьбы | президиум на свадьбу
оформление свадьбы казань;4;top;оформление свадьбы
оформление свадьбы в голубом цвете;4;top;оформление свадьбы | оформление цветами свадьба
идеи оформления зала на свадьбу;4;top;оформление свадьбы | оформление зала на свадьбу
стили оформления зала свадьбу;4;top;оформление свадьбы
оформление шатра на свадьбу;4;top;оформление свадьбы
оформление денежного подарка на свадьбу;4;top;оформление свадьбы
оформление бутылки шампанского на свадьбу;4;top;оформление свадьбы
оформление президиума на свадьбу недорого;4;top;оформление свадьбы | президиум на свадьбу
свадьба на даче оформление;4;top;оформление свадьбы
прямоугольная арка свадебная;4;top;свадебная арка
готовая свадебная арка;4;top;свадебная арка
свадебная арка на прокат;4;top;свадебная арка
где купить свадебную арку в симс;4;top;свадебная арка
как украсить свадебную арку своими руками;4;top;свадебная арка
свадебная арка своими руками пошаговая;4;top;свадебная арка
какую ткань используют для фотозоны на свадьбу;4;top;фотозона на свадьбу
фотозона на свадьбу рамка инстаграма;4;top;фотозона на свадьбу
букет для невесты открытка;4;top;букет невесты
молочный букет невесты;4;top;букет невесты
букет невесты купить калининград;4;top;букет невесты
букет невесты иваново;4;top;букет невесты
букет невесты 2026 белый;4;top;букет невесты
букет невесты в екб;4;top;букет невесты
букет невесты в кремовых тонах;4;top;букет невесты
букет невесты владивосток;4;top;букет невесты
букет невесты гладиолусы и эустома;4;top;букет невесты
букет невесты курган;4;top;букет невесты
букет невесты мск;4;top;букет невесты
букет невесты новороссийск;4;top;букет невесты
букет невесты пермь купить;4;top;букет невесты
букет невесты с бордовым акцентом;4;top;букет невесты
букет невесты симферополь;4;top;букет невесты
букет невесты тверь купить;4;top;букет невесты
заказать букет невесты воронеж;4;top;букет невесты
какой букет невесты лучше выбрать;4;top;букет невесты
розыгрыш букета невесты на свадьбе;4;top;букет невесты
свадебный букет невесты калининград;4;top;букет невесты
букет невесты под белое платье;4;top;букет невесты
свадебный букет для невесты воронеж;4;top;букет невесты
букет невесты в фиолетовом цвете;4;top;букет невесты
обязательно кидать букет невесты;4;top;букет невесты
обязательно ли кидать букет невесты;4;top;букет невесты
как называется невеста кидает букет;4;top;букет невесты
кто поймал букет невесты актеры и роли;4;top;букет невесты
свадебный букет невесты с голубыми цветами;4;top;букет невесты
можно ли кидать букет невесты на свадьбе;4;top;букет невесты
как оформить букет невесты;4;top;букет невесты
откуда пошла традиция бросать букет невесты;4;top;букет невесты
ранункулюс и эвкалипт букет невесты;4;top;букет невесты
изумрудный букет невесты;4;top;букет невесты
чем можно заменить букет невесты;4;top;букет невесты
букет невесты 2026 маленький;4;top;букет невесты
букет невесты доставка спб;4;top;букет невесты
букет невесты из калл своими руками;4;top;букет невесты
свадебный букет для невесты из орхидей;4;top;букет невесты
можно ли подарить букет невесты;4;top;букет невесты
букет невесты санкт петербург заказать;4;top;букет невесты
кто привозит букет невесты;4;top;букет невесты
как собрать букет невесты из лилий;4;top;букет невесты
букет невесты из гипсофилы своими руками;4;top;букет невесты
обязательно ли нужен букет невесты;4;top;букет невесты
к чему снится букет невесты незамужней;4;top;букет невесты
к чему снится ловить букет невесты;4;top;букет невесты
букет невесты владимир;4;top;букет невесты
можно ли букет невесты оставить невесте себе;4;top;букет невесты
белые герберы букет невесты;4;top;букет невесты
букет невесты из хризантем и гипсофилы;4;top;букет невесты
букет невесты из бусин своими руками;4;top;букет невесты
букет невесты из маленьких розочек;4;top;букет невесты
букет невесты из простых цветов;4;top;букет невесты
букет невесты тюмень;4;top;букет невесты
букет невесты фото бордовый;4;top;букет невесты
из каких цветов лучше делать букет невесты;4;top;букет невесты
букет невесты под синий костюм;4;top;букет невесты
труп невесты букет;4;top;букет невесты
из каких цветов состоит букет невесты;4;top;букет невесты
почему букет невесты дороже обычного;4;top;букет невесты
кто покупает свадебный букет для невесты;4;top;букет невесты
как подобрать букет невесты;4;top;букет невесты
букет невесты в июле;4;top;букет невесты
свадебный букет для невесты из кустовой розы;4;top;букет невесты
букет невесты традиции и приметы;4;top;букет невесты
букет невесты уфа;4;top;букет невесты
свадебный букет невесты после свадьбы;4;top;букет невесты
симс 4 букет невесты;4;top;букет невесты
для чего нужен букет невесты на свадьбе;4;top;букет невесты
можно ли невесте букет из каллы;4;top;букет невесты
букет невесты висящий;4;top;букет невесты
роза букет невесты сорт;4;top;букет невесты
невесты со свадебными букетами;4;top;букет невесты
обязателен ли букет невесты на свадьбе;4;top;букет невесты
обязательно букет невесте на свадьбу;4;top;букет невесты
почему нельзя трогать букет невесты;4;top;букет невесты
какой букет невесты выбрать искусственный или живой;4;top;букет невесты
как засушить букет невесты в домашних условиях;4;top;букет невесты
букет невесты ксении бородиной;4;top;букет невесты
букет для невесты на сватовство;4;top;букет невесты
букет невесты роза с гвоздикой;4;top;букет невесты
паникум в букете невесты;4;top;букет невесты
какой букет лучше подарить невесте;4;top;букет невесты
поймала букет невесты замужняя;4;top;букет невесты
что значит если девушка поймала букет невесты;4;top;букет невесты
красный букет невесты примета;4;top;букет невесты
как сделать букет невесты из эустомы;4;top;букет невесты
ашера букет невесты;4;top;букет невесты
букет невесты 2026 минимализм;4;top;букет невесты
букет невесты август 2026;4;top;букет невесты
заказать букет невесты и бутоньерку;4;top;букет невесты
как закрепить ленту на букете невесты;4;top;букет невесты
букет невесты должен быть белым;4;top;букет невесты
кто оплачивает букет невесты;4;top;букет невесты
можно ли хранить букет невесты;4;top;букет невесты
можно хранить букет невесты;4;top;букет невесты
букет невесты из сухоцветов приметы;4;top;букет невесты
кто поймал букет невесты 2 серия;4;top;букет невесты
что нужно делать с букетом невесты;4;top;букет невесты
букет невесты аудиокнига ольги янышевой;4;top;букет невесты
ольга янышева букет невесты;4;top;букет невесты
ольга янышева букет невесты аудиокнига;4;top;букет невесты
янышева букет невесты аудиокнига;4;top;букет невесты
модные цветы на свадьбу;4;top;цветы на свадьбу
какие цветы дарят на фарфоровую свадьбу;4;top;цветы на свадьбу
каллы цветы на свадьбу примета;4;top;цветы на свадьбу
дресс код на свадьбу палитра цветов;4;top;цветы на свадьбу
аренда ваз для цветов на свадьбу;4;top;цветы на свадьбу
чем заменить букет цветов на свадьбу;4;top;цветы на свадьбу
цветы каллы значение на свадьбе;4;top;цветы на свадьбу
какие цветы сейчас дарят на свадьбу;4;top;цветы на свадьбу
какие цветы подарить на серебряную свадьбу;4;top;цветы на свадьбу
домашний цветок на свадьбу;4;top;цветы на свадьбу
какой домашний цветок подарить на свадьбу;4;top;цветы на свадьбу
браслет цветы на свадьбу;4;top;цветы на свадьбу
цветы на гранатовую свадьбу;4;top;цветы на свадьбу
какие цветы подарить на день свадьбы;4;top;цветы на свадьбу
купить цветы в туле хорошие на свадьбу;4;top;цветы на свадьбу
торт на свадьбу с живыми цветами;4;top;цветы на свадьбу
альтернатива цветам на свадьбу в подарок молодоженам;4;top;цветы на свадьбу
цветы на годовщину свадьбы фото;4;top;цветы на свадьбу
красивый букет цветов на свадьбу картинки;4;top;цветы на свадьбу
цветы для невесты на свадьбу от жениха;4;top;цветы на свадьбу
украшение арки на свадьбу цветами;4;top;цветы на свадьбу
цветочная арка на свадьбу из живых цветов;4;top;цветы на свадьбу
президиум на свадьбу 2027;4;top;президиум на свадьбу
недорогой президиум на свадьбу;4;top;президиум на свадьбу
каталог свадебные торты;4;top;свадебный торт
советский торт свадебный;4;top;свадебный торт
популярные начинки для свадебного торта;4;top;свадебный торт
свадебный торт с подсветкой;4;top;свадебный торт
прямоугольный торт на 6 кг свадебный;4;top;свадебный торт
цена свадебного торта 5 кг;4;top;свадебный торт
самый дорогой свадебный торт;4;top;свадебный торт
свадебный торт рязань;4;top;свадебный торт
круглый свадебный торт с ягодами;4;top;свадебный торт
свадебный торт с цветами фото;4;top;свадебный торт
торт свадебный 20 лет;4;top;свадебный торт
обучение свадебным тортом;4;top;свадебный торт
лебеди из мастики на свадебный торт;4;top;свадебный торт
невилл мой свадебный торт;4;top;свадебный торт
дегустация свадебных тортов набор;4;top;свадебный торт
свадебный торт квадратный 1 ярус;4;top;свадебный торт
свадебный торт прямоугольный пинтерест;4;top;свадебный торт
как сделать свадебный торт в симс;4;top;свадебный торт
сколько в среднем стоит свадебный торт;4;top;свадебный торт
свадебный торт чита;4;top;свадебный торт
дизайн свадебного торта 3;4;top;свадебный торт
дизайн свадебного торта 3 яруса;4;top;свадебный торт
цветы вафельные для торта свадебные;4;top;свадебный торт
свадебные торты онлайн;4;top;свадебный торт
стильный свадебный торт;4;top;свадебный торт
купить свадебное украшение для торта;4;top;свадебный торт
трендовые свадебные торты 2026;4;top;свадебный торт
средняя стоимость свадебного торта;4;top;свадебный торт
лот от свадебного торта;4;top;свадебный торт
фейерверк для свадебного торта;4;top;свадебный торт
свадебный торт на 60 человек;4;top;свадебный торт
спираль для свадебного торта;4;top;свадебный торт
крем для выравнивания свадебного торта;4;top;свадебный торт
свадебный торт с гипсофилой;4;top;свадебный торт
свадебный торт иды галич;4;top;свадебный торт
свадебный торт белый два яруса;4;top;свадебный торт
домашние свадебные торты рецепты;4;top;свадебный торт
примеры свадебных тортов;4;top;свадебный торт
прикольные надписи на свадебный торт;4;top;свадебный торт
свадебный торт 2х ярусный;4;top;свадебный торт
свадебный торт 2026 цена;4;top;свадебный торт
свадебный торт с лилиями;4;top;свадебный торт
свадебный торт фон;4;top;свадебный торт
вынос свадебного торта красивые песни где послушать;4;top;свадебный торт
свадебный торт на 10 человек;4;top;свадебный торт
свадебные торты фото самые красивые двухъярусные;4;top;свадебный торт
энтеросгель бар на свадьбе;4;top;бар на свадьбу
свадебный каравай смоленск;4;top;свадебный каравай
слова на свадебный каравай;4;top;свадебный каравай
как подать свадебный каравай;4;top;свадебный каравай
вкусный свадебный каравай;4;top;свадебный каравай
каравай свадебный екатеринбург;4;top;свадебный каравай
оформление свадебного каравая;4;top;свадебный каравай
рецепт приготовления свадебного каравая;4;top;свадебный каравай
свадебный хлеб каравай своими руками;4;top;свадебный каравай
сколько стоит кавер группа на свадьбу;4;top;кавер группа на свадьбу
на свадьбу найти музыканта;4;top;музыканты на свадьбу
диджей на свадьбу воронеж;4;top;диджей на свадьбу
татарские артисты на свадьбу;4;top;артисты на свадьбу
постановка первого свадебного танца;4;top;постановка свадебного танца
свадебный стилист софья дубинина;4;top;свадебный стилист
свадебный стилист сочи;4;top;свадебный стилист
ассистент свадебного организатора;4;top;свадебный организатор
свадебный организатор тюмень;4;top;свадебный организатор
вопросы свадебному организатору;4;top;свадебный организатор
свадебный организатор курск;4;top;свадебный организатор
сколько стоят услуги свадебного организатора;4;top;свадебный организатор
свадебный организатор фильм;4;top;свадебный организатор
свадебное агентство про любовь;4;top;свадебное агентство
свадебное агентство белый;4;top;свадебное агентство
свадебное агентство darsy отзывы;4;top;свадебное агентство
свадебное агентство рязань;4;top;свадебное агентство
уральские пельмени свадебное агентство;4;top;свадебное агентство
свадебное агентство тула;4;top;свадебное агентство
свадебные агентства россии;4;top;свадебное агентство
свадебное агентства петербурга;4;top;свадебное агентство
свадебное агентство санкт;4;top;свадебное агентство
свадебное агентство санкт петербург;4;top;свадебное агентство
morozova wedding свадебное агентство;4;top;свадебное агентство
свадебное агентство тверь;4;top;свадебное агентство
украшения на машину на свадьбу тамбов;4;top;машина на свадьбу
украшение машины на свадьбу гостям;4;top;машина на свадьбу
таранят на свадьбе машины;4;top;машина на свадьбу
авито аренда машины на свадьбу;4;top;машина на свадьбу
машина на свадьбу дорогая;4;top;машина на свадьбу
где можно украсить машину на свадьбу;4;top;машина на свадьбу
где украсить машину на свадьбу;4;top;машина на свадьбу
ткань на машину на свадьбу;4;top;машина на свадьбу
машины на свадьбу белгород;4;top;машина на свадьбу
как закрепить украшения на машину свадьбу;4;top;машина на свадьбу
как сделать кольца на свадьбу на машину;4;top;машина на свадьбу
как сейчас украшают машины на свадьбу;4;top;машина на свадьбу
цена проката машины на свадьбу;4;top;машина на свадьбу
украшения на машину на свадьбу напрокат;4;top;машина на свадьбу
машина на свадьбу липецк;4;top;машина на свадьбу
машины на свадьбу лимузин;4;top;машина на свадьбу | лимузин на свадьбу
машина на свадьбу саранске;4;top;машина на свадьбу
виасил отзывы;4;assoc;отзывы о ведущем на свадьбу
ведущий на свадьбу смоленск;3;top;ведущий на свадьбу | ведущая на свадьбу
дорогой ведущий на свадьбу;3;top;ведущий на свадьбу | ведущая на свадьбу
ведущий на свадьбу уфа;3;top;ведущий на свадьбу | ведущая на свадьбу
вопросы для ведущего на свадьбу при встрече;3;top;ведущий на свадьбу | ведущая на свадьбу
обязанности ведущего на свадьбе;3;top;ведущий на свадьбу | ведущая на свадьбу
ведущий на свадьбу пермь;3;top;ведущий на свадьбу | ведущая на свадьбу
два ведущих на свадьбу;3;top;ведущий на свадьбу | ведущая на свадьбу
как выбрать ведущего на свадьбу советы;3;top;ведущий на свадьбу | ведущая на свадьбу
трахнул ведущую на свадьбе;3;top;ведущий на свадьбу | ведущая на свадьбу
ведущий на свадьбу новосибирск;3;top;ведущий на свадьбу | ведущая на свадьбу
отзыв ведущему на свадьбе своими словами;3;top;ведущий на свадьбу | ведущая на свадьбу
образ ведущей на свадьбу;3;top;ведущий на свадьбу | ведущая на свадьбу
ведущий на свадьбу севастополь;3;top;ведущий на свадьбу | ведущая на свадьбу
ведущий на свадьбу белгород;3;top;ведущий на свадьбу | ведущая на свадьбу
ведущий 4 свадьбы на пятнице фото;3;top;ведущий на свадьбу | ведущая на свадьбу
подарок ведущему на свадьбу;3;top;ведущий на свадьбу | ведущая на свадьбу
нанять ведущего на свадьбу;3;top;ведущий на свадьбу | ведущая на свадьбу
ведущий на свадьбе харламова;3;top;ведущий на свадьбу | ведущая на свадьбу
ведущая на свадьбу звезда;3;top;ведущий на свадьбу | ведущая на свадьбу
ведущий на свадьбу ульяновск;3;top;ведущий на свадьбу | ведущая на свадьбу
ведущий на свадьбе андрей;3;top;ведущий на свадьбу | ведущая на свадьбу
ведущая на свадьбу татьяна;3;top;ведущий на свадьбу | ведущая на свадьбу
ведущие на свадьбу г;3;top;ведущий на свадьбу | ведущая на свадьбу
антон антонов ведущий на свадьбу;3;top;ведущий на свадьбу | ведущая на свадьбу
ведущий на свадьбу антон;3;top;ведущий на свадьбу | ведущая на свадьбу
форум ведущих на свадьбе;3;top;ведущий на свадьбу | ведущая на свадьбу
пожелания ведущему на свадьбу;3;top;ведущий на свадьбу | ведущая на свадьбу
ведущий на свадьбу егорьевск;3;top;ведущий на свадьбу | ведущая на свадьбу
ведущий на свадьбу ярославль;3;top;ведущий на свадьбу | ведущая на свадьбу
отзыв тамаде на свадьбе;3;top;тамада на свадьбу
сценарий свадьбы без тамады на 30 человек;3;top;тамада на свадьбу
тамада на свадьбу уфа;3;top;тамада на свадьбу
сценарий тамады на свадьбу с современными;3;top;тамада на свадьбу
тамада на свадьбу саратов;3;top;тамада на свадьбу
программа для тамады на свадьбу;3;top;тамада на свадьбу
тамада музыка на свадьбу;3;top;тамада на свадьбу
нужен тамада на свадьбу;3;top;тамада на свадьбу
нужна ли тамада на свадьбе;3;top;тамада на свадьбу
слова тамады на свадьбе текст;3;top;тамада на свадьбу
заказать тамаду на свадьбу;3;top;тамада на свадьбу
тамада на свадьбу ростов;3;top;тамада на свадьбу
тамада на свадьбу воронеж;3;top;тамада на свадьбу
сколько фотографов нужно на свадьбу;3;top;фотограф на свадьбу
фотограф на свадьбе иды галич;3;top;фотограф на свадьбу
сколько стоит фотограф и видеограф на свадьбу;3;top;фотограф на свадьбу | видеограф на свадьбу | фотограф и видеограф на свадьбу | сколько стоит фотограф на свадьбу
сколько стоят услуги фотографа на свадьбу;3;top;фотограф на свадьбу | сколько стоит фотограф на свадьбу
договор фотографа на свадьбу образец;3;top;фотограф на свадьбу
договор для фотографа на свадьбу;3;top;фотограф на свадьбу
ищу фотографа на свадьбу;3;top;фотограф на свадьбу
сколько зарабатывает фотограф на свадьбах;3;top;фотограф на свадьбу
фотоаппарат для свадебного фотографа;3;top;свадебный фотограф
bahh tee свадебный фотограф текст;3;top;свадебный фотограф
свадебный фотограф текст bahh;3;top;свадебный фотограф
бах ти свадебный фотограф;3;top;свадебный фотограф
артур погосян свадебный фотограф;3;top;свадебный фотограф
свадебный фотограф артур;3;top;свадебный фотограф
свадебный фотограф после сво;3;top;свадебный фотограф
свадебный фотограф нижний;3;top;свадебный фотограф
свадебный фотограф нижний новгород;3;top;свадебный фотограф
свадебный фотограф пушкин;3;top;свадебный фотограф
начинающие свадебные фотографы;3;top;свадебный фотограф
свадебный фотограф сызрань;3;top;свадебный фотограф
лучшие свадебные фотографы россии;3;top;свадебный фотограф
свадебный фотограф россия;3;top;свадебный фотограф
город свадебный фотограф;3;top;свадебный фотограф
свадебный фотограф калининград;3;top;свадебный фотограф
рейтинг свадебных фотограф;3;top;свадебный фотограф
свадебный фотограф иркутск;3;top;свадебный фотограф
свадьба от свадебный фотограф;3;top;свадебный фотограф
обучение свадебный фотограф;3;top;свадебный фотограф
свадебный фотограф новороссийск;3;top;свадебный фотограф
баннер свадебный для фотосессии;3;top;свадебная фотосессия
фотосессия в эрмитаже стоимость свадебная;3;top;свадебная фотосессия
описание свадебной фотосессии;3;top;свадебная фотосессия
свадебная фотосессия с зонтом;3;top;свадебная фотосессия
платье свадебное для фотосессии на море;3;top;свадебная фотосессия
позы для свадебной фотосессии на природе;3;top;свадебная фотосессия
свадебная зона для фотосессии;3;top;свадебная фотосессия
свадебная фотосессия двоих;3;top;свадебная фотосессия
фотосессия в свадебном платье после развода;3;top;свадебная фотосессия
летний сад свадебная фотосессия;3;top;свадебная фотосессия
промт в ии для создания свадебной фотосессии;3;top;свадебная фотосессия
свадебная фотосессия в парке зарядье;3;top;свадебная фотосессия
свадебная фотосессия в парке галицкого;3;top;свадебная фотосессия
свадебная фотосессия самара;3;top;свадебная фотосессия
места для свадебной фотосессии в питере;3;top;свадебная фотосессия
смешная свадебная фотосессия;3;top;свадебная фотосессия
таблички для свадебной фотосессии;3;top;свадебная фотосессия
оранжерея таврического сада свадебная фотосессия;3;top;свадебная фотосессия
пляжная свадебная фотосессия;3;top;свадебная фотосессия
свадебная фотосессия в ресторане турандот;3;top;свадебная фотосессия
заказать свадебную фотосессию;3;top;свадебная фотосессия
свадебная фотосессия с шарами;3;top;свадебная фотосессия
необычные места для свадебной фотосессии;3;top;свадебная фотосессия
сколько нужно времени на свадебную фотосессию;3;top;свадебная фотосессия
пинтерест свадебная фотосессия;3;top;свадебная фотосессия
свадебная фотосессия в лесу;3;top;свадебная фотосессия
топ свадебных видеографов;3;top;свадебный видеограф
лучшие свадебные видеографы;3;top;свадебный видеограф
свадебный видеограф в спб данила щегельский;3;top;свадебный видеограф
клип свадебного фильма;3;top;свадебный клип
свадебные клипы 2026;3;top;свадебный клип
треки для свадебного клипа;3;top;свадебный клип
ирину аллегрову свадебные цветы клип;3;top;свадебный клип
клипы ирина аллегрова свадебные цветы;3;top;свадебный клип
клипы свадебные ирина аллегрова;3;top;свадебный клип
песни для свадебного клипа русские;3;top;свадебный клип
мот свадебная клип;3;top;свадебный клип
пример свадебного декора;3;top;свадебный декор
свадебный декор из китая;3;top;свадебный декор
свадебный декор оптом;3;top;свадебный декор
аренда свадебного декора екатеринбург;3;top;свадебный декор
свадебный декор кружево;3;top;свадебный декор
вафельный декор на свадебный торт;3;top;свадебный декор | свадебный торт
декор свадебного стола для гостей;3;top;свадебный декор
свадебный декор своими руками для свадьбы;3;top;свадебный декор
декор свадебных бутылок своими руками;3;top;свадебный декор
свадебный декор шарами;3;top;свадебный декор
свадебный декор флористика;3;top;свадебный декор
торт свадебный 2026 декор;3;top;свадебный декор | свадебный торт
свадебный декор бохо;3;top;свадебный декор
оформление шампанского на свадьбу своими руками;3;top;оформление свадьбы
современные оформление свадьбы;3;top;оформление свадьбы
оформление потолка на свадьбу;3;top;оформление свадьбы
оформление свадеб вакансии;3;top;оформление свадьбы
оформление стола на свадьбу своими руками;3;top;оформление свадьбы
оформление беседки на свадьбу;3;top;оформление свадьбы
авито оформление свадеб;3;top;оформление свадьбы
оформление на хрустальную свадьбу;3;top;оформление свадьбы
оформление свадеб флористы;3;top;оформление свадьбы
услуги оформления свадеб;3;top;оформление свадьбы
оформление свадьбы 50 лет;3;top;оформление свадьбы
оформление серебряных свадеб;3;top;оформление свадьбы
оформление зала на свадьбу недорого;3;top;оформление свадьбы | оформление зала на свадьбу
оформление места жениха и невесты на свадьбу;3;top;оформление свадьбы
свадьба 90х оформление;3;top;оформление свадьбы
капкейки на свадьбу оформление фото;3;top;оформление свадьбы
оформление свадьбы белыми цветами;3;top;оформление свадьбы | оформление цветами свадьба
оформление корзины на свадьбу;3;top;оформление свадьбы
оформление дома на свадьбу;3;top;оформление свадьбы
свадьба на улице оформление;3;top;оформление свадьбы
оформление свадеб цвета фото;3;top;оформление свадьбы | оформление цветами свадьба
оформление свадеб цветами фото;3;top;оформление свадьбы | оформление цветами свадьба
свадьба в стиле 90 х оформление;3;top;оформление свадьбы
оформление банкетного зала на свадьбу 2024;3;top;оформление свадьбы | оформление зала на свадьбу
оформление зоны молодоженов на свадьбу;3;top;оформление свадьбы
оформление свадьбы ижевск;3;top;оформление свадьбы
оформление стульев на свадьбу;3;top;оформление свадьбы
оформление шарами свадьбы цены;3;top;оформление свадьбы
арка полукруглая свадебная;3;top;свадебная арка
как называется свадебная арка;3;top;свадебная арка
оформление свадебной арки своими руками;3;top;свадебная арка
где найти свадебную арку в симс;3;top;свадебная арка
как собрать свадебную арку;3;top;свадебная арка
президиум свадебный арка;3;top;свадебная арка
свадебная арка пинтерест;3;top;свадебная арка
свадебная арка с жемчугом;3;top;свадебная арка
свадебная арка своими руками пошаговая инструкция;3;top;свадебная арка
фотозона и президиум на свадьбу;3;top;фотозона на свадьбу | президиум на свадьбу
фотозона на свадьбу с инициалами;3;top;фотозона на свадьбу
фотозона на свадьбу на природе;3;top;фотозона на свадьбу
фотозоны на свадьбу из фатина;3;top;фотозона на свадьбу
нужна ли фотозона на свадьбе;3;top;фотозона на свадьбу
фотозона на золотую свадьбу;3;top;фотозона на свадьбу
фразы на фотозону на свадьбу;3;top;фотозона на свадьбу
фотозона невесты на свадьбу;3;top;фотозона на свадьбу
варианты фотозоны на свадьбу;3;top;фотозона на свадьбу
фотозона на свадьбу белая;3;top;фотозона на свадьбу
украшение фотозоны на свадьбу;3;top;фотозона на свадьбу
букет невесты в стиле гэтсби;3;top;букет невесты
букет невесты заказать нижний новгород;3;top;букет невесты
букет невесты под кружевное платье;3;top;букет невесты
почему невеста бросает букет;3;top;букет невесты
букет невесты кто покупает и дарит;3;top;букет невесты
букет невесты купить магазин;3;top;букет невесты
букет невесты реклама;3;top;букет невесты
букет невесты фрезии и розы;3;top;букет невесты
букет невесты в бордовых тонах;3;top;букет невесты
букет невесты из белых ромашек;3;top;букет невесты
как держать букет невесты;3;top;букет невесты
букет невесты вино;3;top;букет невесты
белый вытянутый букет невесты;3;top;букет невесты
букет невесты из роз и гвоздик;3;top;букет невесты
букет невесты с кружевным платьем;3;top;букет невесты
сколько роз должно быть в букете невесты;3;top;букет невесты
букет невесты северодвинск;3;top;букет невесты
туалетная вода букет невесты;3;top;букет невесты
искусственный свадебный букет невесты;3;top;букет невесты
букет невесты в итальянском стиле;3;top;букет невесты
фото свадебных букетов для невесты из живых;3;top;букет невесты
букет для возрастной невесты;3;top;букет невесты
невеста бросает букет а жених;3;top;букет невесты
как должен выглядеть букет невесты;3;top;букет невесты
букет невесты пионы эвкалипт;3;top;букет невесты
как правильно засушить букет невесты;3;top;букет невесты
если букет невесты упал на пол;3;top;букет невесты
букет невесты чтобы не завял;3;top;букет невесты
нужен ли букет невесты на свадьбу;3;top;букет невесты
букет невесты выборг;3;top;букет невесты
букет невесты перевязка;3;top;букет невесты
букет невесты череповец;3;top;букет невесты
как красиво разыграть букет невесты;3;top;букет невесты
почему нельзя кидать букет невесты;3;top;букет невесты
свадебный букет для невесты свисающий;3;top;букет невесты
сколько стоит букет невесты из живых;3;top;букет невесты
сколько стоит букет невесты из живых цветов;3;top;букет невесты
букет невесты из живых роз;3;top;букет невесты
букет невесты с оксипеталумом;3;top;букет невесты
букет невесты воздушный;3;top;букет невесты
каллы в букете невесты значение;3;top;букет невесты
букет невесты из белых лилий;3;top;букет невесты
чем заменить бросание букета невесты;3;top;букет невесты
букет невесты фотографии;3;top;букет невесты
букет невесты бюджетный вариант;3;top;букет невесты
букет в подарок невесте от родителей;3;top;букет невесты
заказать букет невесты пенза;3;top;букет невесты
букет невесты геленджик;3;top;букет невесты
кто поймал букет невесты продолжение;3;top;букет невесты
букет невесты из эустомы роз эвкалипта;3;top;букет невесты
оформить красиво букет невесты;3;top;букет невесты
как прикольно разыграть букет невесты;3;top;букет невесты
свадебный букет невесты белые цветы;3;top;букет невесты
как подписать фото с букетом невесты;3;top;букет невесты
букет невесты из каллов;3;top;букет невесты
диантус и роза букет невесты;3;top;букет невесты
песня для бросания букета невесты на свадьбе;3;top;букет невесты
когда жених вручает букет невесте;3;top;букет невесты
букет невесты с оранжевыми георгинами;3;top;букет невесты
подружка невесты поймала букет;3;top;букет невесты
букет для невесты фото большой;3;top;букет невесты
букет невесты без роз;3;top;букет невесты
какие цветы самые стойкие для букета невесты;3;top;букет невесты
какие цветы стойкие для букета невесты;3;top;букет невесты
может ли невеста оставить букет себе;3;top;букет невесты
букет невесты должен дарить жених;3;top;букет невесты
букет невесты темно синий;3;top;букет невесты
как хранить букет невесты;3;top;букет невесты
кто должен забирать букет невесты;3;top;букет невесты
букет от братьев невесты;3;top;букет невесты
букет невесты алый;3;top;букет невесты
букет невесты пнг;3;top;букет невесты
букет невесты белгород;3;top;букет невесты
букет невесты из диантусов и эвкалипта;3;top;букет невесты
свадебный букет невесты кимры;3;top;букет невесты
букет невесты с сиреневыми цветами;3;top;букет невесты
сладкий букет невесты;3;top;букет невесты
букет невесты пеларгония фото и описание;3;top;букет невесты
букет невесты в бело зеленых тонах;3;top;букет невесты
букет невесты в зеленых тонах;3;top;букет невесты
букет невесты с длинными лентами;3;top;букет невесты
букет невесты альстромерии и гипсофилы;3;top;букет невесты
букет невесты на свадьбу недорогой;3;top;букет невесты
букет невесты бело сине голубой;3;top;букет невесты
как сжигать букет невесты;3;top;букет невесты
букет невесты в сентябре;3;top;букет невесты
букет цветов невесты свадебные своими руками;3;top;букет невесты
свадебный букет для невесты своими руками;3;top;букет невесты
какие букеты для невесты в подарок;3;top;букет невесты
букет невесты ярославль купить;3;top;букет невесты
букет невесты гвоздика и эвкалипт;3;top;букет невесты
букет невесты эвкалипт гвоздика эустома;3;top;букет невесты
гвоздики и эвкалипт букет невесты;3;top;букет невесты
кино кто поймал букет невесты;3;top;букет невесты
букет невесты рисунок;3;top;букет невесты
кто должен оплачивать букет невесты;3;top;букет невесты
букет невесты из атласных роз;3;top;букет невесты
портбукетница как собрать букет невесты;3;top;букет невесты
заказать арку из цветов на свадьбу;3;top;цветы на свадьбу
какие цветы на 18 лет свадьбы;3;top;цветы на свадьбу
на свадьбе музыка цветы вокруг;3;top;цветы на свадьбу
на свадьбе музыка цветы вокруг друзей;3;top;цветы на свадьбу
на свадьбе цветы вокруг друзей счастливых;3;top;цветы на свадьбу
цветы на 18 лет свадьбы;3;top;цветы на свадьбу
какие цветы можно дарить на свадьбу молодоженам;3;top;цветы на свадьбу
сколько цветов можно дарить на свадьбу;3;top;цветы на свадьбу
белые цветы на свадьбу можно дарить;3;top;цветы на свадьбу
можно ли дарить белые цветы на свадьбу;3;top;цветы на свадьбу
какие цветы дарят на свадьбу невесте родственники;3;top;цветы на свадьбу
цветы на свадьбу молодоженам фото;3;top;цветы на свадьбу
цветы на 17 лет свадьбы;3;top;цветы на свадьбу
какие цветы обычно дарят на свадьбу;3;top;цветы на свадьбу
какие цветы дарят на 35 годовщину свадьбы;3;top;цветы на свадьбу
что принести на свадьбу вместо цветов;3;top;цветы на свадьбу
цветы на свадьбу для детей;3;top;цветы на свадьбу
какие цветы дарят на первую годовщину свадьбы;3;top;цветы на свадьбу
какие цветы дарят на фаянсовую свадьбу;3;top;цветы на свадьбу
прическа на свадьбу с цветами;3;top;цветы на свадьбу
чем заменить цветы на свадьбе в подарок;3;top;цветы на свадьбу
какие цветы принято дарить на свадьбу молодоженам;3;top;цветы на свадьбу
букет цветов на никелевую свадьбу;3;top;цветы на свадьбу
букетик цветов на свадьбу;3;top;цветы на свадьбу
украшение зала на свадьбу цветами живыми;3;top;цветы на свадьбу
арка из живых цветов на свадьбу цена;3;top;цветы на свадьбу
цветы на медную свадьбу;3;top;цветы на свадьбу
президиум на свадьбу бордовый;3;top;президиум на свадьбу
президиум на свадьбу аренда;3;top;президиум на свадьбу
сколько стоит президиум на свадьбу;3;top;президиум на свадьбу
украшение президиума на свадьбу 2026;3;top;президиум на свадьбу
изумрудные президиумы на свадьбу;3;top;президиум на свадьбу
президиум молодых на свадьбу;3;top;президиум на свадьбу
фото президиума на свадьбу молодоженам;3;top;президиум на свадьбу
купить свадебный торт в санкт петербурге;3;top;свадебный торт
стих про свадебный торт;3;top;свадебный торт
торт свадебный в виде колец;3;top;свадебный торт
торт свадебный одноярусный украшенный;3;top;свадебный торт
свадебный торт 1.5 кг;3;top;свадебный торт
прямоугольный свадебный торт с живыми цветами;3;top;свадебный торт
свадебные торты сыктывкар;3;top;свадебный торт
свадебный торт лавандовый;3;top;свадебный торт
самый большой свадебный торт;3;top;свадебный торт
свадебные торты 2025;3;top;свадебный торт
к чему снится свадебный торт;3;top;свадебный торт
свадебный торт в стиле минимализм;3;top;свадебный торт
как украсить свадебный торт цветами;3;top;свадебный торт
свадебный торт на свадьбу купить;3;top;свадебный торт
свадебный торт омск;3;top;свадебный торт
свадебный торт с фальшярусом;3;top;свадебный торт
свадебный торт иркутск;3;top;свадебный торт
свадебный торт минимализм двухъярусный;3;top;свадебный торт
как сделать свадебный торт в симс 4;3;top;свадебный торт
классический свадебный торт;3;top;свадебный торт
идеи свадебного торта 2026;3;top;свадебный торт
свадебный торт екатеринбург;3;top;свадебный торт
футаж свадебный торт;3;top;свадебный торт
как выбрать свадебный торт в sims 4;3;top;свадебный торт
оформление прямоугольный торт свадебный;3;top;свадебный торт
свадебный торт один ярус фото;3;top;свадебный торт
белковые свадебные торты;3;top;свадебный торт
свадебный торт украшение кремом;3;top;свадебный торт
свадебный торт в русском стиле;3;top;свадебный торт
латвийский свадебный торт;3;top;свадебный торт
сколько весит свадебный торт на 50 человек;3;top;свадебный торт
отзыв на свадебный торт;3;top;свадебный торт
свадебный торт 4 яруса;3;top;свадебный торт
сколько стоит килограмм свадебного торта;3;top;свадебный торт
рецепт свадебного торта в домашних условиях;3;top;свадебный торт
свадебный одноярусный торт 2026 фото;3;top;свадебный торт
расчет свадебного торта на количество гостей;3;top;свадебный торт
горящий свадебный торт;3;top;свадебный торт
свадебный торт на 4 кг фото;3;top;свадебный торт
свадебный торт белый с бусинами;3;top;свадебный торт
сколько стоит 1 кг свадебного торта;3;top;свадебный торт
стоимость свадебного торта на 40 человек;3;top;свадебный торт
сколько весит свадебный торт на 30 человек;3;top;свадебный торт
торт полено свадебный;3;top;свадебный торт
сколько примерно стоит свадебный торт;3;top;свадебный торт
как разрезать свадебный торт в симс 4;3;top;свадебный торт
песня на вынос свадебного торта;3;top;свадебный торт
свадебный бенто торт на свадьбу;3;top;свадебный торт
свадебный торт на 25 человек сколько кг;3;top;свадебный торт
торт свадебный 25 кг;3;top;свадебный торт
свадебные торты питер;3;top;свадебный торт
цветок из вафельной бумаги на свадебный торт;3;top;свадебный торт
свадебный торт на английском;3;top;свадебный торт
свадебный торт на 35 человек;3;top;свадебный торт
вытянутый свадебные торты;3;top;свадебный торт
шикарные свадебные торты;3;top;свадебный торт
свадебный торт в виде сердца;3;top;свадебный торт
свадебный торт упал;3;top;свадебный торт
длинный свадебный торт с вафельной бумагой;3;top;свадебный торт
рецепт бисквита для свадебного торта;3;top;свадебный торт
фото украшение свадебного торта;3;top;свадебный торт
свадебный торт приколы;3;top;свадебный торт
аренда подставки для свадебного торта;3;top;свадебный торт
свадебный торт с голубями;3;top;свадебный торт
свадебные пирожные вместо торта;3;top;свадебный торт
свадебные торты на свадьбу 2026;3;top;свадебный торт
свадебный торт двухъярусный на заказ;3;top;свадебный торт | свадебный торт на заказ
сколько стоит заказать свадебный торт;3;top;свадебный торт
фото свадебных тортов 3 ярусный;3;top;свадебный торт
фуршет на свадьбу на английской набережной;3;top;фуршет на свадьбу
как рассчитать фуршет на свадьбу;3;top;фуршет на свадьбу
велком зона на свадьбе фуршет;3;top;фуршет на свадьбу
организация фуршета на свадьбу;3;top;фуршет на свадьбу
бармен шоу на свадьбу;3;top;бармен на свадьбу
бармен на свадьбу цена;3;top;бармен на свадьбу
кондитерская свадебные караваи;3;top;свадебный каравай
купить свадебный каравай в спб цены;3;top;свадебный каравай
свадебный каравай картинки;3;top;свадебный каравай
свадебный каравай с трещиной;3;top;свадебный каравай
размер свадебного каравая;3;top;свадебный каравай
свадебный каравай традиции и обряды;3;top;свадебный каравай
свадебный каравай традиции и обряды для молодоженов;3;top;свадебный каравай
каким должен быть свадебный каравай;3;top;свадебный каравай
рецепт свадебного каравая вкусно;3;top;свадебный каравай
как печь свадебный каравай;3;top;свадебный каравай
куда девают свадебный каравай;3;top;свадебный каравай
каравай свадебный санкт петербург;3;top;свадебный каравай
на чем подают свадебный каравай;3;top;свадебный каравай
азербайджанские музыканты на свадьбу;3;top;музыканты на свадьбу
диджей на свадьбу стоимость;3;top;диджей на свадьбу
нужен ли диджей на свадьбу;3;top;диджей на свадьбу
плейлист диджея на свадьбу;3;top;диджей на свадьбу
карточки для диджея на свадьбу;3;top;диджей на свадьбу
сколько получают диджеи на свадьбах;3;top;диджей на свадьбу
популярные артисты на свадьбу;3;top;артисты на свадьбу
пригласить на свадьбу артистов цена;3;top;артисты на свадьбу
что такое квартирник мероприятие;3;assoc;шоу программа на свадьбу
дневной салют на свадьбу цена;3;top;салют на свадьбу
постановка свадебного танца спб;3;top;постановка свадебного танца
постановка свадебного танца воронеж;3;top;постановка свадебного танца
визажист на свадьбу спб;3;top;визажист на свадьбу
услуги визажиста на свадьбу;3;top;визажист на свадьбу
прическа и макияж на свадьбу маме невесты;3;top;прическа и макияж на свадьбу
свадебный организатор тверь;3;top;свадебный организатор
помощник свадебного организатора;3;top;свадебный организатор
обязанности свадебного организатора;3;top;свадебный организатор
свадебный организатор что входит в обязанности;3;top;свадебный организатор
свадебный организатор ижевск;3;top;свадебный организатор
свадебное агентство воронеж;3;top;свадебное агентство
март агентство свадебное;3;top;свадебное агентство
свадебное агентство самара;3;top;свадебное агентство
свадебное агентство иваново;3;top;свадебное агентство
феерик свадебное агентство;3;top;свадебное агентство
свадебное агентство прожектор;3;top;свадебное агентство
feerique свадебное агентство;3;top;свадебное агентство
уральские пельмени свадебное агентство дурова;3;top;свадебное агентство
свадебное агентство пермь;3;top;свадебное агентство
свадебное агентство момент;3;top;свадебное агентство
darcy свадебное агентство;3;top;свадебное агентство
что входит в обязанности координатора на свадьбе;3;top;координатор на свадьбу
распорядитель в свадебном обряде;3;top;свадебный распорядитель
выездной регистратор на свадьбу цена;3;top;выездной регистратор
выездной регистратор цена;3;top;выездной регистратор
выездная регистрация сценарий для ведущего;3;top;ведущий выездной регистрации
аренда машины на свадьбу воронеж;3;top;машина на свадьбу
машина на свадьбу воронеж;3;top;машина на свадьбу
украшения на черную машину на свадьбу;3;top;машина на свадьбу
кавказская свадьба на машинах;3;top;машина на свадьбу
забронировать машину на свадьбу;3;top;машина на свадьбу
украшения на свадьбу на машину жениха;3;top;машина на свадьбу
кольца на машину для свадьбы напрокат;3;top;машина на свадьбу
аренда машин на свадьбу уфа;3;top;машина на свадьбу
машина на свадьбу уфа;3;top;машина на свадьбу
триколор на машины на свадьбу;3;top;машина на свадьбу
завязать бантики на украшения машины на свадьбу;3;top;машина на свадьбу
аренда машины на свадьбу спб с водителем;3;top;машина на свадьбу
сколько стоит нанять машину на свадьбу;3;top;машина на свадьбу
конкурсы на свадьбу для команды;3;top;команда на свадьбу
название команды на свадьбе прикольные;3;top;команда на свадьбу
табу для ведущего на свадьбе;2;top;ведущий на свадьбу | ведущая на свадьбу
ведущий на свадьбу донецк;2;top;ведущий на свадьбу | ведущая на свадьбу
ведущий на свадьбу рыбинск;2;top;ведущий на свадьбу | ведущая на свадьбу
сколько стоят услуги ведущего на свадьбу;2;top;ведущий на свадьбу | ведущая на свадьбу | сколько стоит ведущий на свадьбу
тост за любовь на свадьбе от ведущего;2;top;ведущий на свадьбу | ведущая на свадьбу
тост за гостей на свадьбе от ведущего;2;top;ведущий на свадьбу | ведущая на свадьбу
нагиев ведущий на свадьбу цена;2;top;ведущий на свадьбу | ведущая на свадьбу | ведущий на свадьбу цена
на сколько часов брать ведущего на свадьбу;2;top;ведущий на свадьбу | ведущая на свадьбу
сколько берет ведущий на свадьбу;2;top;ведущий на свадьбу | ведущая на свадьбу
сколько берут ведущие на свадьбу;2;top;ведущий на свадьбу | ведущая на свадьбу
ведущий и диджей на свадьбу спб;2;top;ведущий на свадьбу | ведущая на свадьбу | ведущий и диджей на свадьбу | диджей на свадьбу
ведущий на свадьбу мичуринск;2;top;ведущий на свадьбу | ведущая на свадьбу
ведущий на свадьбу омск;2;top;ведущий на свадьбу | ведущая на свадьбу
ведущий на свадьбу павел;2;top;ведущий на свадьбу | ведущая на свадьбу
ведущий на свадьбу тульская область;2;top;ведущий на свадьбу | ведущая на свадьбу
ведущий на свадьбу череповец;2;top;ведущий на свадьбу | ведущая на свадьбу
илья сатир ведущий на свадьбу цена;2;top;ведущий на свадьбу | ведущая на свадьбу | ведущий на свадьбу цена
роль для ведущего на свадьбе сценарий;2;top;ведущий на свадьбу | ведущая на свадьбу
сатир ведущий на свадьбу цена;2;top;ведущий на свадьбу | ведущая на свадьбу | ведущий на свадьбу цена
ведущий на свадьбу корпоратив праздник;2;top;ведущий на свадьбу | ведущая на свадьбу
ведущие на свадьбу йошкар ола;2;top;ведущий на свадьбу | ведущая на свадьбу
ведущий на христианскую свадьбу;2;top;ведущий на свадьбу | ведущая на свадьбу
ведущая на свадьбу ольга;2;top;ведущий на свадьбу | ведущая на свадьбу
илья соболев ведущий на свадьбу;2;top;ведущий на свадьбу | ведущая на свадьбу
ведущий на золотую свадьбу;2;top;ведущий на свадьбу | ведущая на свадьбу
звездный ведущий на свадьбу;2;top;ведущий на свадьбу | ведущая на свадьбу
прикольная ведущая на свадьбе;2;top;ведущий на свадьбу | ведущая на свадьбу
фон для ведущих на свадьбу;2;top;ведущий на свадьбу | ведущая на свадьбу
александр касаткин ведущий на свадьбу цена;2;top;ведущий на свадьбу | ведущая на свадьбу | ведущий на свадьбу цена
ведущий на свадьбу иркутск;2;top;ведущий на свадьбу | ведущая на свадьбу
ведущий на свадьбу минск;2;top;ведущий на свадьбу | ведущая на свадьбу
зажигание семейного очага на свадьбе слова ведущего;2;top;ведущий на свадьбу | ведущая на свадьбу
отбивки на свадьбу для ведущего;2;top;ведущий на свадьбу | ведущая на свадьбу
ведущий на свадьбу луганск;2;top;ведущий на свадьбу | ведущая на свадьбу
свадьба без ведущего на 30 человек;2;top;ведущий на свадьбу | ведущая на свадьбу
тост за молодых на свадьбе от ведущего;2;top;ведущий на свадьбу | ведущая на свадьбу | молодой ведущий на свадьбу
в сальске ведущие на свадьбу;2;top;ведущий на свадьбу | ведущая на свадьбу
первый танец молодых на свадьбе слова ведущего;2;top;ведущий на свадьбу | ведущая на свадьбу | молодой ведущий на свадьбу
описание гостей для ведущего на свадьбу;2;top;ведущий на свадьбу | ведущая на свадьбу
описание гостей на свадьбу для ведущего примеры;2;top;ведущий на свадьбу | ведущая на свадьбу
ведущий на свадьбу красноярск;2;top;ведущий на свадьбу | ведущая на свадьбу
торт на свадьбе слова ведущего;2;top;ведущий на свадьбу | ведущая на свадьбу
как написать ведущему на свадьбу правильно;2;top;ведущий на свадьбу | ведущая на свадьбу
ведущий на свадьбу артем;2;top;ведущий на свадьбу | ведущая на свадьбу
ведущий на свадьбу пенза цена;2;top;ведущий на свадьбу | ведущая на свадьбу | ведущий на свадьбу цена
тамада на свадьбу минск;2;top;тамада на свадьбу
что говорить тамаде на свадьбе;2;top;тамада на свадьбу
сценарий для неопытной тамады на свадьбу;2;top;тамада на свадьбу
тамада на свадьбу скачать;2;top;тамада на свадьбу
программа на свадьбу сценарий для тамады;2;top;тамада на свадьбу
сценарий на свадьбу с тамадой дома;2;top;тамада на свадьбу
сценарий свадьбы на дому без тамады;2;top;тамада на свадьбу
зажжение семейного очага на свадьбе текст тамады;2;top;тамада на свадьбу
сценарий свадьбы без тамады на природе;2;top;тамада на свадьбу
святослав ещенко тамада на свадьбе;2;top;тамада на свадьбу
тамада на свадьбу тула;2;top;тамада на свадьбу
фотографа отказались кормить на свадьбе;2;top;фотограф на свадьбу
фотограф на свадьбу тюмень;2;top;фотограф на свадьбу
фотограф на свадьбу тула;2;top;фотограф на свадьбу
фотограф на свадьбу тверь;2;top;фотограф на свадьбу
слова благодарности фотографу на свадьбе;2;top;фотограф на свадьбу
фотограф и оператор на свадьбу;2;top;фотограф на свадьбу
сколько стоит нанять фотографа на свадьбу;2;top;фотограф на свадьбу | сколько стоит фотограф на свадьбу
на сколько часов нужен фотограф на свадьбу;2;top;фотограф на свадьбу
отзыв фотографу на свадьбе своими словами;2;top;фотограф на свадьбу
фотограф на свадьбу питер;2;top;фотограф на свадьбу
как одеться фотографу на свадьбу;2;top;фотограф на свадьбу
фотограф трахнул невесту на свадьбе;2;top;фотограф на свадьбу
нужно ли кормить фотографа на свадьбе;2;top;фотограф на свадьбу
фотограф на свадьбу спб;2;top;фотограф на свадьбу
фотограф и видеооператор на свадьбу;2;top;фотограф на свадьбу
bahh tee свадебный фотограф скачать;2;top;свадебный фотограф
свадебный воркшоп для фотографов;2;top;свадебный фотограф
скачать свадебный фотограф bahh;2;top;свадебный фотограф
свадебный фотограф рязань;2;top;свадебный фотограф
свадебный фотограф волгоград;2;top;свадебный фотограф
свадебный фотограф ногинск;2;top;свадебный фотограф
как написать свадебному фотографу;2;top;свадебный фотограф
средняя цена свадебного фотографа;2;top;свадебный фотограф
свадебный фотограф алматы;2;top;свадебный фотограф
свадебный фотограф ольга;2;top;свадебный фотограф
свадебный фотограф вологда;2;top;свадебный фотограф
отзыв фотографу за фотосессию своими словами свадебную;2;top;свадебный фотограф | свадебная фотосессия
слова свадебный фотограф;2;top;свадебный фотограф
фотограф свадебный работаю;2;top;свадебный фотограф
подпись для фотографа для свадебных фото;2;top;свадебный фотограф
свадебный фотограф рилсмейкер;2;top;свадебный фотограф
свадебный фотограф уфа;2;top;свадебный фотограф
свадебный фотограф самара;2;top;свадебный фотограф
лучшие свадебные фотографы мира;2;top;свадебный фотограф
свадебный фотограф пост;2;top;свадебный фотограф
свадебный фотограф волжский;2;top;свадебный фотограф
горько свадебный фотограф;2;top;свадебный фотограф
свадебный фотограф обнинск;2;top;свадебный фотограф
свадебный фотограф иваново;2;top;свадебный фотограф
свадебный фотограф минск;2;top;свадебный фотограф
свадебный фотограф анапа;2;top;свадебный фотограф
свадебный фотограф курган;2;top;свадебный фотограф
свадебный фотограф слушать;2;top;свадебный фотограф
свадебная фотосессия эротическая;2;top;свадебная фотосессия
свадебная фотосессия с гостями;2;top;свадебная фотосессия
где можно устроить свадебную фотосессию;2;top;свадебная фотосессия
свадебные фотосессии зимой в питере;2;top;свадебная фотосессия
идеи для свадебной фотосессии осенью;2;top;свадебная фотосессия
идеи для свадебной фотосессии летом;2;top;свадебная фотосессия
свадебная фотосессия владимир;2;top;свадебная фотосессия
свадебная фотосессия в поле;2;top;свадебная фотосессия
свадебная фотосессия в стиле 18 века;2;top;свадебная фотосессия
свадебная фотосессия в ульяновске;2;top;свадебная фотосессия
свадебная фотосессия ростов;2;top;свадебная фотосессия
сколько стоит свадебная фотосессия в эрмитаже;2;top;свадебная фотосессия
свадебная фотосессия на катере;2;top;свадебная фотосессия
свадебная фотосессия сочи;2;top;свадебная фотосессия
свадебная фотосессия в абхазии;2;top;свадебная фотосессия
сделать свадебную фотосессию ии;2;top;свадебная фотосессия
локации для свадебной фотосессии екатеринбург;2;top;свадебная фотосессия
свадебная фотосессия под ключ;2;top;свадебная фотосессия
академия штиглица санкт петербург фотосессия свадебная;2;top;свадебная фотосессия
фон для свадебного фотосессии;2;top;свадебная фотосессия
дворцы для свадебной фотосессии спб;2;top;свадебная фотосессия
особняк брусницыных свадебная фотосессия;2;top;свадебная фотосессия
свадебная фотосессия симферополь;2;top;свадебная фотосессия
свадебная фотосессия на яхте;2;top;свадебная фотосессия
свадебная фотосессия в горах;2;top;свадебная фотосессия
фотосессия семейная свадебная;2;top;свадебная фотосессия
дом архитектора свадебная фотосессия;2;top;свадебная фотосессия
благодарность видеографу на свадьбе;2;top;видеограф на свадьбу
видеограф на свадьбу недорого;2;top;видеограф на свадьбу
видеограф на свадьбу спб;2;top;видеограф на свадьбу
видеосъемка свадеб во владивостоке;2;top;видеосъемка свадьбы
жасмин свадебные истории клип;2;top;свадебный клип
музыка для свадебного клипа русская;2;top;свадебный клип
свадебный клип дениса и дарьи m2ts;2;top;свадебный клип
клип лобода в свадебном платье;2;top;свадебный клип
музыка для свадебного клипа кристина маслова;2;top;свадебный клип
музыка для видео свадебного клипа;2;top;свадебный клип
клип свадебный танцы;2;top;свадебный клип
свадебные клипы невесты;2;top;свадебный клип
красивая музыка для свадебного клипа;2;top;свадебный клип
прикольная свадебный клип;2;top;свадебный клип
музыка для свадебного клипа скачать бесплатно;2;top;свадебный клип
изготовление свадебного декора;2;top;свадебный декор
что нужно для свадебного декора;2;top;свадебный декор
продажа свадебного декора;2;top;свадебный декор
тюль для декора свадебный;2;top;свадебный декор
аренда свадебного декора краснодар;2;top;свадебный декор
свадебный декор авто;2;top;свадебный декор
свадебный декор каркас;2;top;свадебный декор
свадебный декор краснодар;2;top;свадебный декор
свадебный декор курск;2;top;свадебный декор
свадебный декор пятигорск;2;top;свадебный декор
свадебный декор ресторана;2;top;свадебный декор
свадебный декор своими руками идеи;2;top;свадебный декор
декор свадебных стульев;2;top;свадебный декор
свадебный декор форум;2;top;свадебный декор
виды свадебного декора;2;top;свадебный декор
свадебный черный декор;2;top;свадебный декор
свадебный декор тверь;2;top;свадебный декор
свадебный декор симс 4;2;top;свадебный декор
декор свадебных бокалов своими руками;2;top;свадебный декор
свадебный декор самара;2;top;свадебный декор
свадебный декор фотозоны;2;top;свадебный декор
мелодрама про оформления свадьбы на твц;2;top;оформление свадьбы
оформление круглой арки на свадьбу;2;top;оформление свадьбы
оформление открытки на свадьбу;2;top;оформление свадьбы
оформление свадьбы ростов;2;top;оформление свадьбы
оригинальное оформление подарка на свадьбу;2;top;оформление свадьбы
оформление стен на свадьбу;2;top;оформление свадьбы
оформление свадьбы 2026 тренды;2;top;оформление свадьбы
оформление бенто торта на годовщину свадьбы;2;top;оформление свадьбы
оформление свадьбы новосибирск;2;top;оформление свадьбы
свадьба в белом цвете оформление;2;top;оформление свадьбы | оформление цветами свадьба
цветовое оформление свадьбы;2;top;оформление свадьбы
бело зеленое оформление свадьбы;2;top;оформление свадьбы
оформление авто на свадьбу;2;top;оформление свадьбы
свадьба оформление помещения;2;top;оформление свадьбы
оформление зала на свадьбу 2026;2;top;оформление свадьбы | оформление зала на свадьбу
заказать оформление свадьбы;2;top;оформление свадьбы
оформление конверта на свадьбу;2;top;оформление свадьбы
оформление кафе на свадьбу;2;top;оформление свадьбы
договор оформления свадьбы;2;top;оформление свадьбы
оформление бумажной свадьбы;2;top;оформление свадьбы
оформление свадьбы банкет;2;top;оформление свадьбы
оформление свадьбы в стиле рустик;2;top;оформление свадьбы
оформление синей свадьбы;2;top;оформление свадьбы
сколько стоит оформление зала на свадьбу;2;top;оформление свадьбы | оформление зала на свадьбу
черное оформление свадьбы;2;top;оформление свадьбы
оформление баннера на свадьбу;2;top;оформление свадьбы
оформление камерной свадьбы;2;top;оформление свадьбы
торт золотая свадьба оформление;2;top;оформление свадьбы
классическое оформление свадьбы;2;top;оформление свадьбы
подарочное оформление на свадьбу;2;top;оформление свадьбы
бежевое оформление свадьбы;2;top;оформление свадьбы
оформление банкетного зала на свадьбу цены;2;top;оформление свадьбы | оформление зала на свадьбу
оформление выездной регистрации на свадьбу на улице;2;top;оформление свадьбы
оформление свадеб стоимость;2;top;оформление свадьбы
уличное оформление свадеб;2;top;оформление свадьбы
чертеж свадебной арки;2;top;свадебная арка
арка свадебная на улице;2;top;свадебная арка
варианты свадебных арок;2;top;свадебная арка
свадебная арка из шариков;2;top;свадебная арка
свадебная арка лепестками;2;top;свадебная арка
свадебная арка с люстрой;2;top;свадебная арка
красивая свадебная арка;2;top;свадебная арка
арка свадебная сердце;2;top;свадебная арка
где найти свадебную арку в симс 4;2;top;свадебная арка
как крепить ткань к арке свадебной;2;top;свадебная арка
свадебная арка красная;2;top;свадебная арка
скачать свадебные арки;2;top;свадебная арка
свадебные арки для выездной регистрации фото;2;top;свадебная арка
свадебная арка деревянная своими руками;2;top;свадебная арка
свадебная арка из сухоцветов;2;top;свадебная арка
где купить свадебную арку в симс 4;2;top;свадебная арка
арки для свадебной церемонии фото;2;top;свадебная арка
какие ткани используют для свадебных арок;2;top;свадебная арка
как самим сделать фотозону на свадьбу;2;top;фотозона на свадьбу
фотозона для свадьбы на улице;2;top;фотозона на свадьбу
как оформить фотозону своими руками на свадьбу;2;top;фотозона на свадьбу
фотозона на свадьбу с бусами;2;top;фотозона на свадьбу
идеи для фотозоны на свадьбу;2;top;фотозона на свадьбу
фотозона на свадьбу нальчик;2;top;фотозона на свадьбу
бежевая фотозона на свадьбу;2;top;фотозона на свадьбу
фотозона на свадьбу с именами;2;top;фотозона на свадьбу
свадебный флорист вакансии;2;top;свадебный флорист
букет невесты аудиокнига слушать онлайн;2;top;букет невесты
букет невесты белые эустомы и белые альстромерии;2;top;букет невесты
букет невесты из бригады;2;top;букет невесты
букет невесты из оранжевых роз;2;top;букет невесты
букет невесты курск купить;2;top;букет невесты
букет невесты лилии и розы;2;top;букет невесты
букет невесты своими руками пошагово;2;top;букет невесты
букет невесты слушать онлайн;2;top;букет невесты
букет невесты челябинск купить;2;top;букет невесты
букет цветов для невесты картинки;2;top;букет невесты
букеты невесты лето 2026;2;top;букет невесты
ваза для букета невесты;2;top;букет невесты
винтажный букет невесты;2;top;букет невесты
пеларгония букет невесты отзывы;2;top;букет невесты
примета искусственный букет невесты;2;top;букет невесты
что кидает невеста на свадьбе кроме букета;2;top;букет невесты
элегантный букет невесты;2;top;букет невесты
букет невесты 25 см;2;top;букет невесты
каким должен быть букет невесты на свадьбу;2;top;букет невесты
букет невесты из белых альстромерий;2;top;букет невесты
букет невесты аудиокнига слушать бесплатно;2;top;букет невесты
ловить букет невесты во сне;2;top;букет невесты
букет невесты с висюльками;2;top;букет невесты
букет невесты эустома с гипсофилой;2;top;букет невесты
замужняя девушка поймала букет невесты;2;top;букет невесты
свадебный букет для невесты картинки;2;top;букет невесты
букет невесты 2026 розовый;2;top;букет невесты
букет невесты в сине голубых тонах;2;top;букет невесты
букет невесты в синих тонах;2;top;букет невесты
букет невесты из живых цветов небольшой;2;top;букет невесты
букет невесты молочного цвета;2;top;букет невесты
букет невесты черно белый;2;top;букет невесты
веточки в букет невесты;2;top;букет невесты
самый дешевый букет невесты;2;top;букет невесты
букет невесты фрезия с гипсофилой;2;top;букет невесты
где делают букет невесты;2;top;букет невесты
можно ли выкидывать свадебный букет невесты засохший;2;top;букет невесты
свадебный букет для невесты какие цветы;2;top;букет невесты
дубликат букета невесты;2;top;букет невесты
какого размера должен быть букет невесты;2;top;букет невесты
букет невесты из белых орхидей;2;top;букет невесты
поймала букет невесты и умерла;2;top;букет невесты
какие цветы нельзя в букет невесты;2;top;букет невесты
бюджетный букет невесты своими руками;2;top;букет невесты
букет цветов для невесты от гостей;2;top;букет невесты
зачем нужен букет невесты на свадьбе;2;top;букет невесты
зефирный букет для невесты;2;top;букет невесты
поверья букет невесты;2;top;букет невесты
букет невесты в народном стиле;2;top;букет невесты
букет невесты на осень;2;top;букет невесты
букет для невесты от подруги;2;top;букет невесты
букет невесты 2000 год;2;top;букет невесты
букет невесты белые каллы и красные розы;2;top;букет невесты
букет невесты в русском стиле;2;top;букет невесты
букет невесты в форме сердца;2;top;букет невесты
букет невесты до 5000;2;top;букет невесты
букет невесты ижевск;2;top;букет невесты
букет невесты из белых диантусов;2;top;букет невесты
букет невесты из зефира;2;top;букет невесты
букет невесты из кенийской розы;2;top;букет невесты
букет невесты из одуванчиков;2;top;букет невесты
букет невесты из роз кения;2;top;букет невесты
букет невесты из сухоцветов фото;2;top;букет невесты
букет невесты из трех роз;2;top;букет невесты
букет невесты купить в ростове;2;top;букет невесты
букет невесты купить сургут;2;top;букет невесты
букет невесты куст;2;top;букет невесты
букет невесты нежно голубой;2;top;букет невесты
букет невесты новосибирск;2;top;букет невесты
букет невесты новосибирск купить;2;top;букет невесты
букет невесты прикол;2;top;букет невесты
букет невесты приносит жених;2;top;букет невесты
букет невесты пшеница;2;top;букет невесты
букет невесты референс;2;top;букет невесты
букет невесты рязань купить;2;top;букет невесты
букет невесты с герберами;2;top;букет невесты
букет невесты с герберой;2;top;букет невесты
букет невесты с каллами 2026;2;top;букет невесты
букет невесты с ленточками;2;top;букет невесты
букет невесты с лилией и каллами;2;top;букет невесты
букет невесты с ракушками;2;top;букет невесты
букет невесты с сертификатами;2;top;букет невесты
букет невесты саранск;2;top;букет невесты
букет невесты сургут;2;top;букет невесты
букет невесты таганрог;2;top;букет невесты
букет невесты тюмень купить;2;top;букет невесты
букет невесты ульяновск;2;top;букет невесты
букет невесты цветной;2;top;букет невесты
букет невесты чебоксары;2;top;букет невесты
заказать свадебный букет невесты в воронеже;2;top;букет невесты
замена букета невесты;2;top;букет невесты
зимний букет невесты;2;top;букет невесты
как интересно разыграть букет невесты;2;top;букет невесты
какие сейчас популярны букеты невесты;2;top;букет невесты
комнатный цветок букет невесты;2;top;букет невесты
кто приносит букет невесты;2;top;букет невесты
может ли жених видеть букет невесты;2;top;букет невесты
обязательно ли бросать букет невесты на свадьбе;2;top;букет невесты
обязательно ли невесте бросать букет;2;top;букет невесты
озон букет невесты;2;top;букет невесты
свадебный букет для невесты из хризантем;2;top;букет невесты
свадебный букет невесты отзывы;2;top;букет невесты
сколько нужно цветов для букета невесты;2;top;букет невесты
традесканция букет невесты;2;top;букет невесты
французские белые розы букет невесты;2;top;букет невесты
что можно подарить невесте вместо букета;2;top;букет невесты
букет невесты золотая свадьба;2;top;букет невесты
огромный букет для невесты;2;top;букет невесты
в какой момент невеста кидает букет;2;top;букет невесты
шикарный букет невесты;2;top;букет невесты
букет невесты с красными антуриумами;2;top;букет невесты
букет невесты бордовые пионы;2;top;букет невесты
букет невесты из бусин мастер класс;2;top;букет невесты
букет невесты из калл приметы;2;top;букет невесты
букет невесты из красных кустовых роз;2;top;букет невесты
букет невесты из эустомы цена;2;top;букет невесты
букет невесты композиция;2;top;букет невесты
букет невесты принцессы дианы;2;top;букет невесты
букет невесты с фаленопсисом;2;top;букет невесты
идеи как разыграть букет невесты;2;top;букет невесты
можно ли невесте быть без букета;2;top;букет невесты
свадебный букет невесты из альстромерия;2;top;букет невесты
свадебный букет невесты фото из роз;2;top;букет невесты
кидать букет невесты откуда традиция;2;top;букет невесты
букет невесты фильм все серии;2;top;букет невесты
как подобрать букет невесты к платью;2;top;букет невесты
из каких цветов сделать букет невесты;2;top;букет невесты
букет невесты из калл розовых;2;top;букет невесты
как подписать фото с пойманным букетом невесты;2;top;букет невесты
букет невесты купить минск;2;top;букет невесты
как обыграть букет невесты;2;top;букет невесты
как собрать букет невесты из калл;2;top;букет невесты
музыка под букет невесты;2;top;букет невесты
свадебный букет для невесты в корзине;2;top;букет невесты
ярко розовый букет невесты;2;top;букет невесты
дарение букета невеста;2;top;букет невесты
кто поймал букет невесты скачать торрент;2;top;букет невесты
букет невесты 2027 тренд;2;top;букет невесты
букет невесты с фиолетовыми цветами;2;top;букет невесты
букет невесте в стиле 90 х;2;top;букет невесты
букет невесты 90;2;top;букет невесты
букет невесты необычный оригинальный;2;top;букет невесты
букет невесты из 5 роз;2;top;букет невесты
букет невесты муром;2;top;букет невесты
букет невесты растрепыш;2;top;букет невесты
гипсофилы цветы букет невесты;2;top;букет невесты
букет невесты 26;2;top;букет невесты
букет невесты из гипсофилы фото свадебные;2;top;букет невесты
букет для невесты лучше живые или искусственные;2;top;букет невесты
букет невесты 2026г;2;top;букет невесты
букет невесты из кустовых розочек;2;top;букет невесты
букет невесты купить в самаре;2;top;букет невесты
букет невесты магнитогорск;2;top;букет невесты
букет невесты можно ли хранить дома;2;top;букет невесты
пеларгония юзис букет невесты фото;2;top;букет невесты
современный букет невесты фото;2;top;букет невесты
музыка для букета невесты;2;top;букет невесты
купить букет невесты на авито;2;top;букет невесты
букет невесты кремовая эустома;2;top;букет невесты
голубой букет невесты маленький;2;top;букет невесты
букет невесты с матиолой;2;top;букет невесты
красивые свадебные букеты для невесты;2;top;букет невесты
букет невесте на свадьбу от подруги;2;top;букет невесты
букет для невесты из конфет;2;top;букет невесты
букет невесты из 7 калл;2;top;букет невесты
букет невесты мода 2026;2;top;букет невесты
букет невесты петрозаводск;2;top;букет невесты
клетка для букета невесты;2;top;букет невесты
эустома с альстромерией букет невесты;2;top;букет невесты
пинтерест букет невесты бело розовые;2;top;букет невесты
букет невесты готовый;2;top;букет невесты
аккуратный букет невесты;2;top;букет невесты
букет невесты 2026 осень;2;top;букет невесты
букет невесты архангельск;2;top;букет невесты
букет невесты с золотом;2;top;букет невесты
миниатюрный букет невесты;2;top;букет невесты
букет невесты в стиле рустик;2;top;букет невесты
букет невесты п;2;top;букет невесты
какие цветы должны быть в букете невесты;2;top;букет невесты
куда девать свадебный букет невесты после свадьбы;2;top;букет невесты
нужно ли хранить букет невесты;2;top;букет невесты
букет невесты привозит жених;2;top;букет невесты
что значит букет невесты дублер;2;top;букет невесты
летний букет невесты;2;top;букет невесты
букет невесты символ;2;top;букет невесты
обязательно ли невесте букет в загсе;2;top;букет невесты
когда дарится букет невесты;2;top;букет невесты
букет невесты ковров;2;top;букет невесты
из каких цветов собрать букет невесты;2;top;букет невесты
букет невесты обязательно должен быть;2;top;букет невесты
как правильно собрать букет невесты;2;top;букет невесты
куда девать пойманный букет невесты;2;top;букет невесты
невеста бросает букет лови;2;top;букет невесты
букет полевых цветов на свадьбу;2;top;цветы на свадьбу
идеи подарков на свадьбу вместо цветов;2;top;цветы на свадьбу
какие цветы подарить на кружевную свадьбу;2;top;цветы на свадьбу
цыганская лошадь на свадьбе голова в цветах;2;top;цветы на свадьбу
какие цветы дарить на 14 лет свадьбы;2;top;цветы на свадьбу
какие цветы на 14 лет свадьбы;2;top;цветы на свадьбу
какие цветы подарить невестке на свадьбу;2;top;цветы на свадьбу
цветы на 14 лет свадьбы;2;top;цветы на свадьбу
нежный букет цветов на свадьбу;2;top;цветы на свадьбу
какое количество цветов дарят на свадьбу;2;top;цветы на свадьбу
количество цветов на свадьбу;2;top;цветы на свадьбу
какие цветы подарить подруге на свадьбу;2;top;цветы на свадьбу
цветы в подарок невесте на свадьбу;2;top;цветы на свадьбу
что подарить невесте на свадьбу вместо цветов;2;top;цветы на свадьбу
какие цветы дарят на серебряную свадьбу жене;2;top;цветы на свадьбу
белые цветы на свадьбу название;2;top;цветы на свадьбу
венок из живых цветов на свадьбу декор;2;top;цветы на свадьбу
модные букеты цветов на свадьбу;2;top;цветы на свадьбу
цветы в горшках на свадьбу подарок;2;top;цветы на свадьбу
какие цветы дарить сестре на свадьбу;2;top;цветы на свадьбу
коалы цветы на свадьбу;2;top;цветы на свадьбу
комнатные цветы в подарок на свадьбу;2;top;цветы на свадьбу
декоративные цветы на свадьбу;2;top;цветы на свадьбу
букет цветов на годовщину свадьбы от мужа;2;top;цветы на свадьбу
какие цветы дарят на 30 лет свадьбы;2;top;цветы на свадьбу
какие цветы дарят на бумажную свадьбу;2;top;цветы на свадьбу
какие цветы лучше брать на свадьбу;2;top;цветы на свадьбу
какие цветы можно купить на свадьбу;2;top;цветы на свадьбу
какие цветы подарить на золотую свадьбу;2;top;цветы на свадьбу
цветы на свадьбу для невесты купить;2;top;цветы на свадьбу
много цветов на свадьбе;2;top;цветы на свадьбу
двухъярусный торт на свадьбу с цветами;2;top;цветы на свадьбу
оформление живыми цветами на свадьбу;2;top;цветы на свадьбу
торт двухъярусный на свадьбу с живыми цветами;2;top;цветы на свадьбу
какие самые красивые цветы на свадьбу;2;top;цветы на свадьбу
обязательно ли покупать цветы на свадьбу;2;top;цветы на свадьбу
нужно ли приходить на свадьбу с цветами;2;top;цветы на свадьбу
какие цветы дарят на агатовую свадьбу;2;top;цветы на свадьбу
цветы на 45 лет свадьбы;2;top;цветы на свадьбу
задник для президиума на свадьбу;2;top;президиум на свадьбу
президиум на свадьбу круглый;2;top;президиум на свадьбу
президиум это простыми словами на свадьбу;2;top;президиум на свадьбу
скатерть для президиума на свадьбу;2;top;президиум на свадьбу
президиум на свадьбу зеленый;2;top;президиум на свадьбу
зона президиума на свадьбе;2;top;президиум на свадьбу
калькулятор свадебного торта;2;top;свадебный торт
свадебные торты прямоугольные с вафельной бумагой;2;top;свадебный торт
свадебный торт 2026 минимализм;2;top;свадебный торт
свадебный торт круглый большой;2;top;свадебный торт
свадебный торт новосибирск;2;top;свадебный торт
свадебный торт с черникой;2;top;свадебный торт
торт свадебный гендер пати;2;top;свадебный торт
салют свадебный торт;2;top;свадебный торт
свадебный торт владикавказ;2;top;свадебный торт
свадебный торт на заказ владикавказ;2;top;свадебный торт | свадебный торт на заказ
переноска для свадебного торта;2;top;свадебный торт
свадебный торт одноярусный большой;2;top;свадебный торт
свадебный торт с ягодами фото;2;top;свадебный торт
свадебный торт красный бархат двухъярусный;2;top;свадебный торт
торт свадебный фисташковый;2;top;свадебный торт
свадебный торт с кремовыми цветами;2;top;свадебный торт
сколько стоит свадебный торт на 40 человек;2;top;свадебный торт
простое оформление свадебного торта;2;top;свадебный торт
нежный свадебный торт;2;top;свадебный торт
самая популярная начинка для свадебного торта;2;top;свадебный торт
свадебные торты астрахань;2;top;свадебный торт
свадебный торт бохо;2;top;свадебный торт
свадебный торт хохлома;2;top;свадебный торт
сколько надо свечей на свадебный торт;2;top;свадебный торт
двухъярусный свадебный торт картинки;2;top;свадебный торт
свадебный торт в стиле ламбет;2;top;свадебный торт
свадебный торт с орхидеями;2;top;свадебный торт
фотография свадебного торта;2;top;свадебный торт
сонник свадебный торт;2;top;свадебный торт
какого размера должен быть свадебный торт;2;top;свадебный торт
расчет веса свадебного торта;2;top;свадебный торт
2 х ярусный свадебный торт;2;top;свадебный торт
длинный свадебный торт со свечами;2;top;свадебный торт
как собрать свадебный прямоугольный торт;2;top;свадебный торт
купить стол свадебный для торта;2;top;свадебный торт
оформление свадебного торта вафельной бумагой;2;top;свадебный торт
свадебные торты 10кг;2;top;свадебный торт
свадебный торт из 90;2;top;свадебный торт
свадебный торт одноярусный минимализм на свадьбу;2;top;свадебный торт
свадебный торт с бусинками;2;top;свадебный торт
свадебный торт с рисовой бумагой;2;top;свадебный торт
свадебный торт стерлитамак;2;top;свадебный торт
торт свадебный 50 лет;2;top;свадебный торт
торт свадебный в виде свечи;2;top;свадебный торт
украсить прямоугольный свадебный торт;2;top;свадебный торт
французский свадебный торт;2;top;свадебный торт
песня под свадебный торт;2;top;свадебный торт
свадебный торт новороссийск;2;top;свадебный торт
свадебный торт воронеж;2;top;свадебный торт
торт свадебный 4кг;2;top;свадебный торт
прямоугольный торт свадебный с бусинами;2;top;свадебный торт
свадебный торт квадратный одноярусный;2;top;свадебный торт
ставят ли свечи на свадебный торт;2;top;свадебный торт
торт свадебный в голубом цвете;2;top;свадебный торт
заказ свадебного торта фото;2;top;свадебный торт
свадебный торт белгород;2;top;свадебный торт
сколько стоит свадебный торт на 30 человек;2;top;свадебный торт
торт свадебный интересный;2;top;свадебный торт
поднос для свадебного торта;2;top;свадебный торт
дизайн свадебного торта 2 яруса;2;top;свадебный торт
как резать свадебный торт;2;top;свадебный торт
свадебный торт в длину;2;top;свадебный торт
торты свадебные топ;2;top;свадебный торт
свадебный торт александра;2;top;свадебный торт
свадебный торт александров;2;top;свадебный торт
свадебный торт квадратный фото;2;top;свадебный торт
стоимость свадебного торта на 30 человек;2;top;свадебный торт
уронили свадебный торт;2;top;свадебный торт
договор на свадебный торт;2;top;свадебный торт
свадебный торт брянск;2;top;свадебный торт
свадебный торт киров;2;top;свадебный торт
вынос свадебного торта на свадьбе;2;top;свадебный торт
вынос свадебного торта на свадьбе музыка;2;top;свадебный торт
меренговый свадебный торт;2;top;свадебный торт
рецепт вкусного свадебного торта;2;top;свадебный торт
свадебный торт 1 ярусный;2;top;свадебный торт
свадебный торт ульяновск;2;top;свадебный торт
свадебный торт волгоград;2;top;свадебный торт
свадебный торт с фальш ярусом и подсветкой;2;top;свадебный торт
как перевозить свадебный торт;2;top;свадебный торт
большие свадебные торты цены;2;top;свадебный торт
свадебный торт с жемчужинами;2;top;свадебный торт
свадебные торты тюмень;2;top;свадебный торт
дизайн свадебного торта прямоугольный;2;top;свадебный торт
варианты украшения свадебного торта;2;top;свадебный торт
свадебный торт маленький одноярусный;2;top;свадебный торт
свадебный торт с голубикой;2;top;свадебный торт
свадебный торт с живыми цветами двухъярусный;2;top;свадебный торт
торт свадебный с шарами;2;top;свадебный торт
свадебный торт тверь;2;top;свадебный торт
лягушки на торте как сделать свадебные;2;top;свадебный торт
свадебные торты липецк;2;top;свадебный торт
сколько стоит свадебный торт на 60 человек;2;top;свадебный торт
свадебный торт краснодар;2;top;свадебный торт
свадебный торт с бусами;2;top;свадебный торт
проба свадебного торта;2;top;свадебный торт
свадебный торт в форме сердца;2;top;свадебный торт
свадебный торт пирог с ягодами;2;top;свадебный торт
бенто торт свадебный дизайн;2;top;свадебный торт
песня про свадебный торт;2;top;свадебный торт
свадебный торт с кружевом;2;top;свадебный торт
как можно украсить свадебный торт;2;top;свадебный торт
оформление свадебного торта в домашних условиях;2;top;свадебный торт
свадебный торт муж и невестка мини дорама;2;top;свадебный торт
свадебный торт с эустомой;2;top;свадебный торт
свадебный торт фото двухъярусный на свадьбу 2026;2;top;свадебный торт
торты 2026 свадебные квадратные;2;top;свадебный торт
свадебные торты на заказ фото;2;top;свадебный торт на заказ
торт на заказ на свадьбу цена;2;top;торт на свадьбу цена
блюда для фуршета на свадьбу;2;top;фуршет на свадьбу
фуршет на свадьбу на улице;2;top;фуршет на свадьбу
фуршет на свадьбу меню;2;top;фуршет на свадьбу
фуршет на свадьбу дома у невесты;2;top;фуршет на свадьбу
коктейль бар на свадьбу;2;top;бар на свадьбу
брянск свадебный каравай купить;2;top;свадебный каравай
свадебный каравай брянск;2;top;свадебный каравай
свадебный каравай калуга;2;top;свадебный каравай
свадебный каравай фото картинки;2;top;свадебный каравай
свадебный каравай и шишки;2;top;свадебный каравай
свадебные караваи фото украшения;2;top;свадебный каравай
виды свадебных караваев;2;top;свадебный каравай
свадебный каравай текст;2;top;свадебный каравай
свадебный обряд с караваем;2;top;свадебный каравай
красивые свадебные каравай;2;top;свадебный каравай
свадебный каравай видео от рецепты вкусных блюд;2;top;свадебный каравай
свадебный каравай песня;2;top;свадебный каравай
сколько весит свадебный каравай;2;top;свадебный каравай
рушник свадебный под каравай;2;top;свадебный каравай
можно ли делиться свадебным караваем;2;top;свадебный каравай
музыка на свадебный каравай;2;top;свадебный каравай
заказать кавер группу на свадьбу;2;top;кавер группа на свадьбу
сколько стоят музыканты на свадьбу;2;top;музыканты на свадьбу
русские музыканты на свадьбу;2;top;музыканты на свадьбу
услуги диджея на свадьбу;2;top;диджей на свадьбу
диджей на свадьбу спб;2;top;диджей на свадьбу
живая музыка на свадьбу цена;2;top;живая музыка на свадьбу
артисты на свадьбу екатеринбург;2;top;артисты на свадьбу
выступление артистов на свадьбе екатеринбург;2;top;артисты на свадьбу
каких артистов пригласить на свадьбу;2;top;артисты на свадьбу
холодный салют на свадьбу;2;top;салют на свадьбу
дым для первого танца;2;top;дым для первого танца
сколько стоит постановка свадебного танца;2;top;постановка свадебного танца
стоимость постановки свадебного танца;2;top;постановка свадебного танца
свадебный танец молодоженов постановка;2;top;постановка свадебного танца
авито постановка свадебного танца;2;top;постановка свадебного танца
свадебный стилист нижний новгород;2;top;свадебный стилист
свадебный стилист санкт петербург;2;top;свадебный стилист
студия свадебных стилистов;2;top;свадебный стилист
визажист на свадьбу цена;2;top;визажист на свадьбу
визажист на свадьбу самара;2;top;визажист на свадьбу
пробный образ для невесты;2;top;пробный образ невесты
школа свадебных организаторов;2;top;свадебный организатор
свадебный организатор саратов;2;top;свадебный организатор
анастасия нестерова свадебный организатор;2;top;свадебный организатор
свадебный организатор софья;2;top;свадебный организатор
свадебный организатор челябинск;2;top;свадебный организатор
свадебный организатор пермь;2;top;свадебный организатор
день свадебного организатора;2;top;свадебный организатор
нужен свадебный организатор;2;top;свадебный организатор
что делает свадебный организатор;2;top;свадебный организатор
договор свадебного организатора;2;top;свадебный организатор
свадебный организатор воронеж;2;top;свадебный организатор
свадебное агентство череповец;2;top;свадебное агентство
свадебное агентство псков;2;top;свадебное агентство
свадьберри свадебное агентство;2;top;свадебное агентство
свадебное агентство love;2;top;свадебное агентство
свадебное агентство краснодар;2;top;свадебное агентство
свадебное агентство смоленск;2;top;свадебное агентство
свадебное агентство томск;2;top;свадебное агентство
свадебные агентства ростов;2;top;свадебное агентство
bonweddings свадебное агентство;2;top;свадебное агентство
договор со свадебным агентством;2;top;свадебное агентство
свадебное агентство услуга;2;top;свадебное агентство
свадебное агентство пхукет;2;top;свадебное агентство
зачем координатор на свадьбе;2;top;координатор на свадьбу
зачем нужен координатор на свадьбе;2;top;координатор на свадьбу
задачи координатора на свадьбе;2;top;координатор на свадьбу
координатор на свадьбу вакансии;2;top;координатор на свадьбу
распорядитель в свадебном обряде 6 букв;2;top;свадебный распорядитель
машина на свадьбу донецк;2;top;машина на свадьбу
машина на свадьбу тула;2;top;машина на свадьбу
идеи украшения машины на свадьбу;2;top;машина на свадьбу
украсить машину на свадьбу фатином;2;top;машина на свадьбу
машина на свадьбу владимир;2;top;машина на свадьбу
название машин на свадьбу;2;top;машина на свадьбу
нужно ли украшать машину на свадьбу;2;top;машина на свадьбу
украшения на машину на свадьбу в орле;2;top;машина на свадьбу
варианты украшения машины на свадьбу;2;top;машина на свадьбу
когда сигналят машины на свадьбе;2;top;машина на свадьбу
украшение на свадьбу для машины на капот;2;top;машина на свадьбу
машина на свадьбу краснодар;2;top;машина на свадьбу
ленты на машину на свадьбу фото;2;top;машина на свадьбу
как сделать банты на машину на свадьбу;2;top;машина на свадьбу
украшение машины на свадьбу жениха и невесты;2;top;машина на свадьбу
легковая машина на свадьбу;2;top;машина на свадьбу
машина на свадьбу иваново;2;top;машина на свадьбу
купить украшения на машину к свадьбе саратов;2;top;машина на свадьбу
украшения на машину на свадьбу саратов;2;top;машина на свадьбу
где заказать машину на свадьбу;2;top;машина на свадьбу
как крепятся кольца на машину на свадьбу;2;top;машина на свадьбу
как сейчас наряжают машины на свадьбу;2;top;машина на свадьбу
как украсить машину на свадьбу жениха;2;top;машина на свадьбу
е1авто;2;assoc;машина на свадьбу
порно на свадьбе в лимузине;2;top;лимузин на свадьбу
какие подрядчики нужны на свадьбе;2;top;подрядчики на свадьбу
подарки подрядчикам на свадьбе;2;top;подрядчики на свадьбу
андрис ведущий на свадьбах;1;top;ведущий на свадьбу | ведущая на свадьбу
ведущий на свадьбе армянин;1;top;ведущий на свадьбу | ведущая на свадьбу
ведущий на свадьбу брянск;1;top;ведущий на свадьбу | ведущая на свадьбу
ведущий на свадьбу вологда;1;top;ведущий на свадьбу | ведущая на свадьбу
ведущий на свадьбу питер;1;top;ведущий на свадьбу | ведущая на свадьбу
фоновая музыка для ведущих на свадьбу;1;top;ведущий на свадьбу | ведущая на свадьбу
кто был ведущим на свадьбе зубарева;1;top;ведущий на свадьбу | ведущая на свадьбу
порно с ведущей на свадьбе;1;top;ведущий на свадьбу | ведущая на свадьбу
арсений попов ведущий на свадьбу;1;top;ведущий на свадьбу | ведущая на свадьбу
ведущий на свадьбу волжский;1;top;ведущий на свадьбу | ведущая на свадьбу
услуги ведущего на свадьбу цена;1;top;ведущий на свадьбу | ведущая на свадьбу | ведущий на свадьбу цена
ведущий на свадьбу конаково;1;top;ведущий на свадьбу | ведущая на свадьбу
ведущий на свадьбу брест;1;top;ведущий на свадьбу | ведущая на свадьбу
вступительное слово ведущего на свадьбе;1;top;ведущий на свадьбу | ведущая на свадьбу
текст на свадьбу для ведущего в загсе;1;top;ведущий на свадьбу | ведущая на свадьбу
ведущий на свадьбу хабаровск;1;top;ведущий на свадьбу | ведущая на свадьбу
слова которые говорит ведущий на свадьбе;1;top;ведущий на свадьбу | ведущая на свадьбу
ведущие балаково на свадьбу;1;top;ведущий на свадьбу | ведущая на свадьбу
ведущий на свадьбу в орле;1;top;ведущий на свадьбу | ведущая на свадьбу
ведущий на свадьбу владикавказ;1;top;ведущий на свадьбу | ведущая на свадьбу
ведущий на свадьбу гомель;1;top;ведущий на свадьбу | ведущая на свадьбу
ведущий на свадьбу екатеринбург;1;top;ведущий на свадьбу | ведущая на свадьбу
ведущий на свадьбу калининград;1;top;ведущий на свадьбу | ведущая на свадьбу
ведущий на свадьбу курган;1;top;ведущий на свадьбу | ведущая на свадьбу
ведущий на свадьбу спб цены;1;top;ведущий на свадьбу | ведущая на свадьбу | ведущий на свадьбу цена
ведущий на свадьбу тамбов цена;1;top;ведущий на свадьбу | ведущая на свадьбу | ведущий на свадьбу цена
ведущий на свадьбу цена ростов;1;top;ведущий на свадьбу | ведущая на свадьбу | ведущий на свадьбу цена
ведущий на свадьбу что спрашивать;1;top;ведущий на свадьбу | ведущая на свадьбу
илья соболев ведущий на свадьбу цена;1;top;ведущий на свадьбу | ведущая на свадьбу | ведущий на свадьбу цена
кавказский ведущий на свадьбу;1;top;ведущий на свадьбу | ведущая на свадьбу
как поблагодарить ведущего на свадьбе;1;top;ведущий на свадьбу | ведущая на свадьбу
речь ведущего на свадьбе церемония;1;top;ведущий на свадьбу | ведущая на свадьбу
ростов на дону ведущая свадьбы цена;1;top;ведущий на свадьбу | ведущая на свадьбу | ведущий на свадьбу цена
сколько стоит позвать нагиева на свадьбу ведущим;1;top;ведущий на свадьбу | ведущая на свадьбу | сколько стоит ведущий на свадьбу
чем отличается тамада от ведущего на свадьбе;1;top;ведущий на свадьбу | ведущая на свадьбу | тамада на свадьбу
шутки ведущего на свадьбе;1;top;ведущий на свадьбу | ведущая на свадьбу
самый популярный ведущий на свадьбу;1;top;ведущий на свадьбу | ведущая на свадьбу
анекдот про ведущего на свадьбе;1;top;ведущий на свадьбу | ведущая на свадьбу
ведущий на свадьбу тольятти;1;top;ведущий на свадьбу | ведущая на свадьбу
анкета гостей на свадьбу для ведущего;1;top;ведущий на свадьбу | ведущая на свадьбу
ведущий на свадьбе гарика харламова;1;top;ведущий на свадьбу | ведущая на свадьбу
ведущий на свадьбу барнаул;1;top;ведущий на свадьбу | ведущая на свадьбу
ведущий на свадьбу ижевск;1;top;ведущий на свадьбу | ведущая на свадьбу
ведущий на свадьбу оренбург;1;top;ведущий на свадьбу | ведущая на свадьбу
снятие фаты на свадьбе слова ведущего;1;top;ведущий на свадьбу | ведущая на свадьбу
ведущий на свадьбу могилев;1;top;ведущий на свадьбу | ведущая на свадьбу
свадьба без ведущего на 20 человек;1;top;ведущий на свадьбу | ведущая на свадьбу
ведущие на свадьбу обнинск;1;top;ведущий на свадьбу | ведущая на свадьбу
договор ведущего на свадьбу образец;1;top;ведущий на свадьбу | ведущая на свадьбу
ведущий на свадьбу москва дагестанец;1;top;ведущий на свадьбу | ведущая на свадьбу | ведущий свадьбы москва
сатир сколько стоит позвать на свадьбу ведущим;1;top;ведущий на свадьбу | ведущая на свадьбу | сколько стоит ведущий на свадьбу
топ 10 ведущих на свадьбу;1;top;ведущий на свадьбу | ведущая на свадьбу
ведущие на свадьбу елена;1;top;ведущий на свадьбу | ведущая на свадьбу
ведущий на свадьбу благовещенск;1;top;ведущий на свадьбу | ведущая на свадьбу
ведущий на свадьбу воронеж евгений;1;top;ведущий на свадьбу | ведущая на свадьбу
вынос торта на свадьбе слова ведущего;1;top;ведущий на свадьбу | ведущая на свадьбу
речь ведущего на свадьбе текст;1;top;ведущий на свадьбу | ведущая на свадьбу
программа на свадьбу сценарий для тамады современный;1;top;тамада на свадьбу
тамада на свадьбу 15 человек;1;top;тамада на свадьбу
тамада на свадьбу белгород;1;top;тамада на свадьбу
тамада на свадьбу г;1;top;тамада на свадьбу
тамаду на свадьбу самара;1;top;тамада на свадьбу
смотреть видео тамада на свадьбе;1;top;тамада на свадьбу
сколько зарабатывает тамада на свадьбе;1;top;тамада на свадьбу
тамада на свадьбу тюмень;1;top;тамада на свадьбу
тамада рязань цены на свадьбу;1;top;тамада на свадьбу
видео тамада зажигает на свадьбе;1;top;тамада на свадьбу
небольшой сценарий на свадьбу без тамады;1;top;тамада на свадьбу
приветствие гостей на свадьбе для тамады;1;top;тамада на свадьбу
тамада уфа на свадьбу цена;1;top;тамада на свадьбу
продажа торта на свадьбе сценарий для тамады;1;top;тамада на свадьбу
тамада на русской свадьбе;1;top;тамада на свадьбу
тамада на свадьбу екатеринбург;1;top;тамада на свадьбу
тамада на свадьбу липецк;1;top;тамада на свадьбу
стоимость фотографа на свадьбу за час;1;top;фотограф на свадьбу
фотограф на свадьбу краснодар;1;top;фотограф на свадьбу
фотограф на свадьбу чебоксары;1;top;фотограф на свадьбу
фотограф на свадьбу воронеж;1;top;фотограф на свадьбу
репортажный фотограф на свадьбу;1;top;фотограф на свадьбу
сколько стоит фотограф на свадьбу в спб;1;top;фотограф на свадьбу | сколько стоит фотограф на свадьбу
фотограф на свадьбу брянск;1;top;фотограф на свадьбу
фотограф на свадьбу донецк;1;top;фотограф на свадьбу
фотограф на свадьбу калининград;1;top;фотограф на свадьбу
фотограф на свадьбу красноярск;1;top;фотограф на свадьбу
что спросить у фотографа на свадьбу;1;top;фотограф на свадьбу
фотограф на свадьбу во владимире;1;top;фотограф на свадьбу
фотограф на свадьбу челябинск;1;top;фотограф на свадьбу
фотограф на свадьбу орел;1;top;фотограф на свадьбу
фотограф смоленск на свадьбу;1;top;фотограф на свадьбу
фотограф удалил фото на свадьбе;1;top;фотограф на свадьбу
фотограф на свадьбу курск;1;top;фотограф на свадьбу
фотограф на свадьбу пенза;1;top;фотограф на свадьбу
фотограф на свадьбу рязань;1;top;фотограф на свадьбу
свадебные фотографы дону;1;top;свадебный фотограф
свадебный фотограф архангельск;1;top;свадебный фотограф
свадебный фотограф котлас;1;top;свадебный фотограф
свадебный фотограф ростов на дону;1;top;свадебный фотограф
свадебный фотограф светлана;1;top;свадебный фотограф
свадебный фотограф тула;1;top;свадебный фотограф
свадебный фотограф челябинск;1;top;свадебный фотограф
какие вопросы задать свадебному фотографу;1;top;свадебный фотограф
свадебный фотограф bahh tee где послушать;1;top;свадебный фотограф
свадебный фотограф дарья;1;top;свадебный фотограф
свадебный фотограф тамбов;1;top;свадебный фотограф
свадебный фотограф чебоксары;1;top;свадебный фотограф
бахти свадебный фотограф текст;1;top;свадебный фотограф
песни bahh tee свадебный фотограф;1;top;свадебный фотограф
свадебный фотограф воронеж;1;top;свадебный фотограф
свадебный фотограф майкоп;1;top;свадебный фотограф
свадебный фотограф песня bahh;1;top;свадебный фотограф
текст песни свадебный фотограф bahh tee;1;top;свадебный фотограф
свадебный фотограф донецк;1;top;свадебный фотограф
объектив свадебного фотографа;1;top;свадебный фотограф
свадебный фотограф спб цены;1;top;свадебный фотограф
свадебный фотограф спб цены за час;1;top;свадебный фотограф
свадебный фотограф томск;1;top;свадебный фотограф
свадебный фотограф цена за час;1;top;свадебный фотограф
чек лист свадебного фотографа;1;top;свадебный фотограф
договор свадебного фотографа образец;1;top;свадебный фотограф
свадебный фотограф белгород;1;top;свадебный фотограф
свадебный фотограф сочи;1;top;свадебный фотограф
фотограф свадебный студия;1;top;свадебный фотограф
свадебный фотограф кемерово;1;top;свадебный фотограф
свадебный фотограф саранск;1;top;свадебный фотограф
бахти свадебный фотограф слушать;1;top;свадебный фотограф
свадебный фотограф магнитогорск;1;top;свадебный фотограф
свадебный фотограф песня скачать бесплатно;1;top;свадебный фотограф
свадебный фотограф ульяновск;1;top;свадебный фотограф
красивые места для свадебной фотосессии в спб;1;top;свадебная фотосессия
места для свадебной фотосессии в нижнем новгороде;1;top;свадебная фотосессия
места для свадебной фотосессии в спб;1;top;свадебная фотосессия
свадебная фотосессия в макдональдсе;1;top;свадебная фотосессия
свадебная фотосессия в театре;1;top;свадебная фотосессия
свадебная фотосессия липецк;1;top;свадебная фотосессия
свадебная фотосессия ставрополь;1;top;свадебная фотосессия
свадебная фотосессия ярославль;1;top;свадебная фотосессия
ии описание свадебной фотосессии;1;top;свадебная фотосессия
как самому сделать свадебную стойку для фотосессий;1;top;свадебная фотосессия
места для свадебной фотосессии воронеж;1;top;свадебная фотосессия
места для свадебной фотосессии саратов;1;top;свадебная фотосессия
места для свадебной фотосессии уфа;1;top;свадебная фотосессия
песни для свадебной фотосессии;1;top;свадебная фотосессия
свадебная прогулочная фотосессия;1;top;свадебная фотосессия
свадебная фотосессия в твери;1;top;свадебная фотосессия
свадебная фотосессия воронцовский дворец;1;top;свадебная фотосессия
свадебная фотосессия ижевск;1;top;свадебная фотосессия
свадебная фотосессия краснодар;1;top;свадебная фотосессия
свадебная фотосессия смоленск;1;top;свадебная фотосессия
свадебная фотосессия тюмень;1;top;свадебная фотосессия
свадебная фотосессия уфа;1;top;свадебная фотосессия
свадебная фотосессия через ии;1;top;свадебная фотосессия
свадебная фотосессия в ростове на дону;1;top;свадебная фотосессия
свадебная фотосессия кринж;1;top;свадебная фотосессия
как подписать свадебную фотосессию;1;top;свадебная фотосессия
свадебная фотосессия в петергофе;1;top;свадебная фотосессия
свадебная фотосессия ораниенбаум;1;top;свадебная фотосессия
отзыв на свадебную фотосессию;1;top;свадебная фотосессия
промт для свадебной фотосессии нейросети;1;top;свадебная фотосессия
свадебная фотосессия нейросеть;1;top;свадебная фотосессия
подпись к свадебной фотосессии;1;top;свадебная фотосессия
простые свадебные фотосессии;1;top;свадебная фотосессия
особняк половцева свадебная фотосессия;1;top;свадебная фотосессия
как позировать на свадебной фотосессии;1;top;свадебная фотосессия
свадебная фотосессия в тайланде;1;top;свадебная фотосессия
свадебная фотосессия волгоград;1;top;свадебная фотосессия
локации для свадебной фотосессии крым;1;top;свадебная фотосессия
свадебная фотосессия владивосток;1;top;свадебная фотосессия
стильная свадебная фотосессия;1;top;свадебная фотосессия
места для свадебной фотосессии в крыму;1;top;свадебная фотосессия
свадебная фотосессия без свадьбы;1;top;свадебная фотосессия
свадебная фотосессия курск;1;top;свадебная фотосессия
свадебная фотосессия с мотоциклом;1;top;свадебная фотосессия
свадебная фотосессия чебоксары;1;top;свадебная фотосессия
студийная свадебная фотосессия;1;top;свадебная фотосессия
видеограф на свадьбу тюмень;1;top;видеограф на свадьбу
что делает видеограф на свадьбе;1;top;видеограф на свадьбу
видеограф на свадьбу липецк;1;top;видеограф на свадьбу
видеограф на свадьбу краснодар;1;top;видеограф на свадьбу
договор свадебного видеографа;1;top;свадебный видеограф
свадебный видеограф новосибирск;1;top;свадебный видеограф
песня под свадебный клип скачать;1;top;свадебный клип
свадебный клип светлана;1;top;свадебный клип
клип звери в свадебном платье;1;top;свадебный клип
музыка для свадебного клипа видеомонтажа скачать бесплатно;1;top;свадебный клип
со свадебным клипом;1;top;свадебный клип
свадебные мелодии для свадебного клипа скачать бесплатно;1;top;свадебный клип
клип мадонна в свадебном платье;1;top;свадебный клип
клип васио и синяка в свадебном платье;1;top;свадебный клип
смотреть свадебный клипы бесплатный;1;top;свадебный клип
украинские свадебные клипы;1;top;свадебный клип
украинские свадебные клипы смотреть бесплатно;1;top;свадебный клип
декор свадебного торта одноярусного;1;top;свадебный декор | свадебный торт
свадебный декор какой бывает;1;top;свадебный декор
свадебный декор 2027;1;top;свадебный декор
свадебный декор ростов;1;top;свадебный декор
свадебный декор сочи;1;top;свадебный декор
аренда свадебного декора воронеж;1;top;свадебный декор
свадебный декор иваново;1;top;свадебный декор
декор свадебного стола жениха и невесты;1;top;свадебный декор
свадебный декор стола невесты;1;top;свадебный декор
свадебный декор желтый;1;top;свадебный декор
свадебный декор шатра;1;top;свадебный декор
свадебный декор на автомобиль;1;top;свадебный декор
оформление свадьбы свадебный декор;1;top;свадебный декор | оформление свадьбы
декор свадебного торта двухъярусного;1;top;свадебный декор | свадебный торт
свадебный декор с бусами;1;top;свадебный декор
оформление гуся на свадьбу;1;top;оформление свадьбы
оформление свадьбы синего цвета;1;top;оформление свадьбы | оформление цветами свадьба
оформление свадьбы синими цветами;1;top;оформление свадьбы | оформление цветами свадьба
оформление торта на годовщину свадьбы 3 года;1;top;оформление свадьбы
свадьба в лесу оформление;1;top;оформление свадьбы
лимонная свадьба оформление;1;top;оформление свадьбы
оформление бутылки шампанского на свадьбу своими руками;1;top;оформление свадьбы
оформление свадьбы летом;1;top;оформление свадьбы
свадьба на улице летом оформление;1;top;оформление свадьбы
оформление списка гостей на свадьбу;1;top;оформление свадьбы
список на свадьбу оформление;1;top;оформление свадьбы
дизайн свадьба оформление;1;top;оформление свадьбы
оформление зала золотой свадьбы;1;top;оформление свадьбы
оформление свадеб рязань;1;top;оформление свадьбы
оформление свадьбы оренбург;1;top;оформление свадьбы
оформление свадьбы под ключ;1;top;оформление свадьбы
оформление свадьбы сухоцветами;1;top;оформление свадьбы
оформление свадьбы что нужно;1;top;оформление свадьбы
свадьба во дворе частного дома оформление;1;top;оформление свадьбы
торт на хрустальную свадьбу оформление;1;top;оформление свадьбы
авито оформление зала на свадьбу;1;top;оформление свадьбы | оформление зала на свадьбу
обучение оформление свадеб;1;top;оформление свадьбы
оформление пожеланий на свадьбе;1;top;оформление свадьбы
сладкий стол на свадьбу оформление;1;top;оформление свадьбы
оформление свадьбы буквами;1;top;оформление свадьбы
оформление свадьбы спб;1;top;оформление свадьбы
оформление свадьбы тамбов;1;top;оформление свадьбы
оформление стола молодоженов на свадьбу своими руками;1;top;оформление свадьбы
оформление фуршета на свадьбу;1;top;оформление свадьбы | фуршет на свадьбу
свадьба в итальянском стиле оформление;1;top;оформление свадьбы
оформление свадьбы свечами;1;top;оформление свадьбы
оформление торта на свадьбу одноярусный;1;top;оформление свадьбы
оформление торта на серебряную свадьбу;1;top;оформление свадьбы
оформление свадьбы на природе;1;top;оформление свадьбы
оформление бокалов на свадьбу своими руками;1;top;оформление свадьбы
оформление русской свадьбы;1;top;оформление свадьбы
оформление свадеб картинки;1;top;оформление свадьбы
оформление свадеб курсы;1;top;оформление свадьбы
оформление свадьбы в русском стиле;1;top;оформление свадьбы
оформление свадьбы липецк;1;top;оформление свадьбы
свадьба в стиле прованс оформление;1;top;оформление свадьбы
свадьба на даче оформление своими руками;1;top;оформление свадьбы
оформление зала на золотую свадьбу;1;top;оформление зала на свадьбу
буквы на арку свадебную;1;top;свадебная арка
где находится свадебная арка в симс 4;1;top;свадебная арка
свадебная арка рисунок;1;top;свадебная арка
как делать свадебную арку;1;top;свадебная арка
где найти свадебную арку в симс 3;1;top;свадебная арка
аренда свадебных арок краснодар;1;top;свадебная арка
почему свадебная арка;1;top;свадебная арка
свадебный арка заказать;1;top;свадебная арка
свадебная арка своими руками легко и просто;1;top;свадебная арка
арка свадебная волна;1;top;свадебная арка
как поставить арку в симс 4 свадебную;1;top;свадебная арка
свадебная арка из дерева своими руками;1;top;свадебная арка
свадебные арки для выездной регистрации своими руками;1;top;свадебная арка
фотозона на второй день свадьбы;1;top;фотозона на свадьбу
фотозона с кубиками на свадьбу;1;top;фотозона на свадьбу
фотозона на серебряную свадьбу 25 лет;1;top;фотозона на свадьбу
декор на свадьбу своими руками фотозона;1;top;фотозона на свадьбу
фотозона на свадьбу прокат;1;top;фотозона на свадьбу
фотозона на свадьбу голубая;1;top;фотозона на свадьбу
фотозона на годовщину свадьбы 15 лет;1;top;фотозона на свадьбу
фотозона на юбилей свадьбы;1;top;фотозона на свадьбу
фотозона на зимнюю свадьбу;1;top;фотозона на свадьбу
фотозона с фотографией на свадьбу;1;top;фотозона на свадьбу
красная фотозона на свадьбу;1;top;фотозона на свадьбу
фотозона на деревянную свадьбу;1;top;фотозона на свадьбу
синяя фотозона на свадьбу;1;top;фотозона на свадьбу
фотозона на годовщину свадьбы своими руками;1;top;фотозона на свадьбу
букет невесты аудиокнига слушать онлайн бесплатно;1;top;букет невесты
букет невесты белый с фиолетовым;1;top;букет невесты
букет невесты гвоздика альстромерия;1;top;букет невесты
букет невесты из фоамирана;1;top;букет невесты
букет невесты старый оскол;1;top;букет невесты
заказать букет невесты в спб;1;top;букет невесты
как называется букет невесты для бросания;1;top;букет невесты
как собирается букет невесты;1;top;букет невесты
как сохранить букет невесты на память;1;top;букет невесты
можно ли выбрасывать букет невесты;1;top;букет невесты
букет невесты из гортензии своими руками;1;top;букет невесты
букет невесты 90х;1;top;букет невесты
какой должен быть свадебный букет невесты;1;top;букет невесты
букет невесты обязательно отдавать;1;top;букет невесты
букет невесты белый с зеленью;1;top;букет невесты
букет невесты значение цветов;1;top;букет невесты
букет невесты какой должен быть живой;1;top;букет невесты
букет невесты на роспись без торжества;1;top;букет невесты
какой длины букет невесты;1;top;букет невесты
когда мама невесты дарит букет;1;top;букет невесты
свадебный букет невесты пионы и эвкалипт;1;top;букет невесты
свадебный букет невесты с розами и гипсофилами;1;top;букет невесты
цвет букета невесты значение;1;top;букет невесты
модный букет невесты на свадьбу;1;top;букет невесты
актеры фильма кто поймал букет невесты;1;top;букет невесты
кто поймал букет невесты 2 сезон;1;top;букет невесты
букет на никах невесте;1;top;букет невесты
букет невесты в корзинке;1;top;букет невесты
букет невесты дербент;1;top;букет невесты
букет невесты желтые цветы;1;top;букет невесты
букет невесты из белых роз гвоздик;1;top;букет невесты
букет невесты из розовых гвоздик;1;top;букет невесты
букет невесты с водой;1;top;букет невесты
варианты розыгрыша букета невесты;1;top;букет невесты
как интересно разыграть букет невесты на свадьбе;1;top;букет невесты
как можно разыграть букет невесты;1;top;букет невесты
как сделать ленту на букет невесты;1;top;букет невесты
на никах нужен букет невесты;1;top;букет невесты
нужен ли букет на никах невесте;1;top;букет невесты
подарочный букет для невесты;1;top;букет невесты
посудомойка на свадьбе поймала букет невесты;1;top;букет невесты
приметы про свадебный букет невесты;1;top;букет невесты
фото букетов цветов невесты из ромашек;1;top;букет невесты
букет невесты в осеннем стиле;1;top;букет невесты
букет невесты бордовые розы;1;top;букет невесты
букет невесты в ссср;1;top;букет невесты
букет невесты из альстромерии фото;1;top;букет невесты
букет невесты из роз и альстромерий;1;top;букет невесты
бюджет на букет невесты;1;top;букет невесты
состав букета невесты;1;top;букет невесты
букет невесты в форме сердечка;1;top;букет невесты
букет невесты сердечком;1;top;букет невесты
букет невесты из кал фото;1;top;букет невесты
букет невесты из орхидей фото;1;top;букет невесты
букет невесты на свадьбу маленький фото;1;top;букет невесты
букет невесты с розовой гортензией;1;top;букет невесты
букет невесты трава;1;top;букет невесты
какие цветы предпочтительнее в букет невесты;1;top;букет невесты
кто должен ловить букет невесты;1;top;букет невесты
обязательно ли нужен букет невесты на свадьбе;1;top;букет невесты
свадебный букет для жениха и невесты;1;top;букет невесты
свадебный букет для невесты из лилий;1;top;букет невесты
свадебный букет для невесты простой;1;top;букет невесты
чистый букет невесты;1;top;букет невесты
юлия барановская поймала букет невесты;1;top;букет невесты
букет для невесты 50 лет;1;top;букет невесты
сколько стоит букет невесты из калл;1;top;букет невесты
букет невесты живые цветы 2026;1;top;букет невесты
пеларгония букет невесты описание сорта;1;top;букет невесты
пеларгония букет невесты фото и описание сорта;1;top;букет невесты
каллы букет невесты сумочкой;1;top;букет невесты
букет невесты кострома;1;top;букет невесты
букет невесты с красными элементами;1;top;букет невесты
букет невесты из 5 калл;1;top;букет невесты
букет невесты на свадьбу картинки;1;top;букет невесты
букет невесты на свадьбу розовый;1;top;букет невесты
основа для букета невесты;1;top;букет невесты
кто должен покупать свадебный букет для невесты;1;top;букет невесты
кто поймал букет невесты по порядку;1;top;букет невесты
букет невесты 3000;1;top;букет невесты
бюджетный букет невесты на свадьбу;1;top;букет невесты
почему букет невесты такой дорогой;1;top;букет невесты
букет для невесты от друзей;1;top;букет невесты
букет невесты 2 янышева;1;top;букет невесты
букет невесты 2026 фильм;1;top;букет невесты
букет невесты 5 букв;1;top;букет невесты
букет невесты pinterest;1;top;букет невесты
букет невесты из кустовых роз фото;1;top;букет невесты
букет невесты из эустомы своими руками;1;top;букет невесты
букет невесты нестандартный;1;top;букет невесты
букет невесты с синей лентой;1;top;букет невесты
букет невесты читать бесплатно;1;top;букет невесты
букет невесты читать онлайн бесплатно;1;top;букет невесты
букет невесты член;1;top;букет невесты
дорама где нищий поймал букет невесты;1;top;букет невесты
зачем ловят букет невесты;1;top;букет невесты
как сделать букет невесты из бусин;1;top;букет невесты
кто должен дарить букет невесты;1;top;букет невесты
кто поймал букет невесты содержание;1;top;букет невесты
можно ли букет невесты из сухоцветов;1;top;букет невесты
мужское счастье букет невесты;1;top;букет невесты
обязательно ли кидать букет невесты на свадьбе;1;top;букет невесты
песня про букет невесты;1;top;букет невесты
популярные букеты для невесты;1;top;букет невесты
салат букет невесты;1;top;букет невесты
свадебный букет для невесты от гостей;1;top;букет невесты
сделать искусственный букет невесты;1;top;букет невесты
сонник поймать букет невесты;1;top;букет невесты
украли букет невесты;1;top;букет невесты
читать букет невесты;1;top;букет невесты
шкатулка из букета невесты;1;top;букет невесты
какие цветы дарят на 18 лет свадьбы;1;top;цветы на свадьбу
какие цветы дарят на топазовую свадьбу;1;top;цветы на свадьбу
какие цветы нужно дарить на свадьбу;1;top;цветы на свадьбу
композиция из цветов на свадьбу своими руками;1;top;цветы на свадьбу
цветы на 19 лет свадьбы;1;top;цветы на свадьбу
что подарить молодым на свадьбу вместо цветов;1;top;цветы на свадьбу
дарит ли отец невесты цветы на свадьбу;1;top;цветы на свадьбу
цветы на машину на свадьбу своими руками;1;top;цветы на свадьбу | машина на свадьбу
букет цветов композиции на свадьбу;1;top;цветы на свадьбу
как подарить алкоголь вместо цветов на свадьбу;1;top;цветы на свадьбу
какие цветы подарить на бронзовую свадьбу;1;top;цветы на свадьбу
можно ли на свадьбу без цветов;1;top;цветы на свадьбу
муж не дарит цветы на годовщину свадьбы;1;top;цветы на свадьбу
цветы в губке на свадьбу;1;top;цветы на свадьбу
цветы в шляпной коробке на свадьбу;1;top;цветы на свадьбу
цветы на свадьбу на груди;1;top;цветы на свадьбу
букет из шаров на свадьбу вместо цветов;1;top;цветы на свадьбу
какие цветы дарят на юбилей свадьбы;1;top;цветы на свадьбу
какие цветы на хрустальную свадьбу;1;top;цветы на свадьбу
президиум на свадьбу с живыми цветами;1;top;цветы на свадьбу | президиум на свадьбу
самые популярные цветы на свадьбу;1;top;цветы на свадьбу
какие цветы подходят на годовщину свадьбы;1;top;цветы на свадьбу
стойки для цветов на свадьбу на стол;1;top;цветы на свадьбу
какие цветы дарят на гранатовую свадьбу;1;top;цветы на свадьбу
цветы на потолке на свадьбу;1;top;цветы на свадьбу
заказ цветы в коробке москва на свадьбу;1;top;цветы на свадьбу
аренда искусственных цветов на свадьбу;1;top;цветы на свадьбу
деньги вместо цветов на свадьбу;1;top;цветы на свадьбу
какие цветы дарят на свадьбу молодым;1;top;цветы на свадьбу
какие цветы можно подарить на свадьбу молодоженам;1;top;цветы на свадьбу
какие цветы нельзя дарить на свадьбу молодоженам;1;top;цветы на свадьбу
какой живой цветок подарить на свадьбу;1;top;цветы на свадьбу
цветы на годовщину свадьбы картинки;1;top;цветы на свадьбу
цветы на свадьбу невесте от мамы;1;top;цветы на свадьбу
шаблоны цветов на свадьбу;1;top;цветы на свадьбу
президиум на свадьбу пинтерест;1;top;президиум на свадьбу
президиум на свадьбу из фатина своими руками;1;top;президиум на свадьбу
примеры президиума на свадьбу;1;top;президиум на свадьбу
украшение президиума на свадьбу своими руками;1;top;президиум на свадьбу
торт свадебный 8кг;1;top;свадебный торт
свадебный торт двухъярусный на свадьбу картинки;1;top;свадебный торт
свадебный торт на свадьбу картинки;1;top;свадебный торт
аня покров торт свадебный;1;top;свадебный торт
как получить свадебный торт в симс 4;1;top;свадебный торт
свадебные торты ставрополь;1;top;свадебный торт
свадебный торт новинка;1;top;свадебный торт
свадебный торт с белыми розами;1;top;свадебный торт
свадебный торт с рисовыми парусами;1;top;свадебный торт
свадебный торт состав;1;top;свадебный торт
торт ссср свадебный;1;top;свадебный торт
торты свадебные новые;1;top;свадебный торт
фото свадебных тортов 2 яруса;1;top;свадебный торт
чем покрыть свадебный торт;1;top;свадебный торт
юлия клочкова свадебный торт;1;top;свадебный торт
варианты свадебных тортов прямоугольник;1;top;свадебный торт
свадебный торт смоленск;1;top;свадебный торт
торт в стиле итальянского пирога свадебный описание;1;top;свадебный торт
вынос свадебного торта музыка скачать;1;top;свадебный торт
покрытие свадебного торта;1;top;свадебный торт
слои свадебного торта;1;top;свадебный торт
большой квадратный свадебный торт;1;top;свадебный торт
паруса на свадебном торте;1;top;свадебный торт
как украсить свадебный торт живыми цветами;1;top;свадебный торт
какие начинки делают на свадебный торт;1;top;свадебный торт
коробка под свадебный торт;1;top;свадебный торт
свадебный торт на 2 кг фото;1;top;свадебный торт
вынос свадебного торта сценарий;1;top;свадебный торт
желтый свадебный торт;1;top;свадебный торт
пятиярусный свадебный торт;1;top;свадебный торт
свадебный двухэтажный торт;1;top;свадебный торт
свадебный торт в стиле бохо;1;top;свадебный торт
свадебный торт луганск;1;top;свадебный торт
свадебный торт метровый;1;top;свадебный торт
свадебный торт полина;1;top;свадебный торт
свадебный торт с инжиром;1;top;свадебный торт
свадебный торт с капкейками на свадьбу;1;top;свадебный торт
свадебный торт с капкейками на свадьбу фото;1;top;свадебный торт
фото свадебного торта с капкейками;1;top;свадебный торт
свадебные торты бело золотой;1;top;свадебный торт
торт молодым свадебный;1;top;свадебный торт
бисквитный торт свадебный;1;top;свадебный торт
где заказать свадебный торт в симс 4;1;top;свадебный торт
декорирование свадебного торта;1;top;свадебный торт
длинные свадебные торты фото;1;top;свадебный торт
как подписать свадебный торт;1;top;свадебный торт
не вэлл мой свадебный торт;1;top;свадебный торт
свадебные торты 2 яруса с цветами;1;top;свадебный торт
свадебные торты на заказ фото и цены;1;top;свадебный торт | свадебный торт на заказ
свадебные торты сиреневый;1;top;свадебный торт
свадебный торт бисквитный двор;1;top;свадебный торт
свадебный торт и трайфлы на свадьбу;1;top;свадебный торт
свадебный торт макет;1;top;свадебный торт
свадебный торт оригинальный небольшой;1;top;свадебный торт
свадебный торт с бабочками;1;top;свадебный торт
свадебный торт фото цена;1;top;свадебный торт
сколько нужно свечей на свадебный торт;1;top;свадебный торт
стоимость свадебного торта за кг;1;top;свадебный торт
торт свадебный белый с ягодами;1;top;свадебный торт
фото свадебных тортов белые;1;top;свадебный торт
дизайн свадебного торта 1 ярус;1;top;свадебный торт
как украсить свадебный торт вафельной бумагой;1;top;свадебный торт
какой купить свадебный торт;1;top;свадебный торт
оформление свадебного торта двухъярусного;1;top;свадебный торт
свадебные торты владимир;1;top;свадебный торт
свадебный торт в стаканчиках;1;top;свадебный торт
свадебный торт с инициалами и кольцами;1;top;свадебный торт
свеча фонтан в свадебный торт;1;top;свадебный торт
купить кусок свадебного торта;1;top;свадебный торт
длинный свадебный торт сборка;1;top;свадебный торт
свадебные торты чебоксары;1;top;свадебный торт
свадебный торт на 100 человек;1;top;свадебный торт
дизайны свадебных тортов одноярусных;1;top;свадебный торт
простой свадебный торт одноярусный;1;top;свадебный торт
подводка к свадебному торту;1;top;свадебный торт
надпись на свадебном торте варианты;1;top;свадебный торт
свадебный торт минск;1;top;свадебный торт
топпер кольца на свадебный торт;1;top;свадебный торт
шоу торт свадебный;1;top;свадебный торт
свадебный торт на день рождения;1;top;свадебный торт
гигантские свадебные торты;1;top;свадебный торт
торт свадебный с ромашками;1;top;свадебный торт
торт свадебный прямоугольный как сделать;1;top;свадебный торт
литовский свадебный торт шакотис рецепт;1;top;свадебный торт
свадебный торт самара;1;top;свадебный торт
торты свадебные с вафельным украшением;1;top;свадебный торт
итальянский свадебный торт пирог рецепт;1;top;свадебный торт
свадебные торты мастика фото;1;top;свадебный торт
свадебные торты фото без;1;top;свадебный торт
свадебный торт без мастики фото;1;top;свадебный торт
фото свадебных тортов двухъярусных без мастики;1;top;свадебный торт
свадебный торт 2009;1;top;свадебный торт
как красиво украсить свадебный торт;1;top;свадебный торт
свадебный торт ханты мансийск;1;top;свадебный торт
винтажный свадебный торт;1;top;свадебный торт
как сделать длинный свадебный торт;1;top;свадебный торт
красивые свадебные торты одноярусные;1;top;свадебный торт
приготовление свадебного торта в домашних условиях;1;top;свадебный торт
свадебная традиция продавать торт;1;top;свадебный торт
свадебные торты королевской семьи;1;top;свадебный торт
свадебные торты одноярусные красивые фото;1;top;свадебный торт
свадебный торт безе;1;top;свадебный торт
свадебный торт на 5 кг фото;1;top;свадебный торт
свадебный торт откуда традиция;1;top;свадебный торт
свадебный торт с бантиками;1;top;свадебный торт
свадебный торт с именами;1;top;свадебный торт
свадебный торт с пионами;1;top;свадебный торт
свадебный торт с юмором;1;top;свадебный торт
свадебный торт уроки;1;top;свадебный торт
торт под заказ свадебный;1;top;свадебный торт
торт свадебный фото 1 ярус;1;top;свадебный торт
торты свадебные 2026 с капкейками;1;top;свадебный торт
этаж свадебного торта;1;top;свадебный торт
юлия смолл итальянский свадебный торт;1;top;свадебный торт
кейтеринг на свадьбу спб;1;top;кейтеринг на свадьбу
фуршет на свадьбу своими руками фото;1;top;фуршет на свадьбу
фуршет на свадьбу своими руками что приготовить;1;top;фуршет на свадьбу
идеи для фуршета на свадьбу;1;top;фуршет на свадьбу
заказать кэнди бар на свадьбу;1;top;бар на свадьбу
каравай свадебный луганск;1;top;свадебный каравай
купить свадебный каравай в воронеже;1;top;свадебный каравай
каравай свадебный с цветами;1;top;свадебный каравай
рецепт свадебного каравая из дрожжевого теста;1;top;свадебный каравай
свадебный каравай из дрожжевого теста;1;top;свадебный каравай
санкт петербург свадебный каравай купить;1;top;свадебный каравай
рецепт приготовления свадебного каравая в домашних условиях;1;top;свадебный каравай
свадебный каравай своими руками оформление;1;top;свадебный каравай
сколько хранится свадебный каравай;1;top;свадебный каравай
как печется свадебный каравай;1;top;свадебный каравай
рисунок свадебного каравая;1;top;свадебный каравай
свадебный каравай красноярск;1;top;свадебный каравай
свадебный каравай пермь;1;top;свадебный каравай
свадебный каравай саратов;1;top;свадебный каравай
свадебный каравай стихи;1;top;свадебный каравай
чем можно заменить свадебный каравай;1;top;свадебный каравай
купить свадебный каравай в твери;1;top;свадебный каравай
встреча молодых с свадебным караваем;1;top;свадебный каравай
заказать свадебный каравай в екатеринбурге;1;top;свадебный каравай
заказать свадебный каравай в нижнем новгороде;1;top;свадебный каравай
заказать свадебный каравай в спб;1;top;свадебный каравай
каравай свадебный волгоград;1;top;свадебный каравай
куда девать свадебный каравай после свадьбы;1;top;свадебный каравай
фото свадебного каравая с солонкой;1;top;свадебный каравай
штолле свадебный каравай;1;top;свадебный каравай
музыкант на свадьбе с ручной гармоникой;1;top;музыканты на свадьбу
диджей на свадьбу екатеринбург;1;top;диджей на свадьбу
диджей сет на свадьбу;1;top;диджей на свадьбу
артисты на свадьбу липецк;1;top;артисты на свадьбу
артисты на свадьбу спб;1;top;артисты на свадьбу
артисты на свадьбу казань;1;top;артисты на свадьбу
артисты эстрады на свадьбе;1;top;артисты на свадьбу
файер шоу на свадьбу;1;top;файер шоу на свадьбу
дневной салют на свадьбу фото;1;top;салют на свадьбу
дымный салют на свадьбу;1;top;салют на свадьбу
салют из цветного дыма на свадьбу;1;top;салют на свадьбу
как снимать салют на свадьбе;1;top;салют на свадьбу
постановка свадебного танца в москве беляево;1;top;постановка свадебного танца
постановка свадебного танца ярославль;1;top;постановка свадебного танца
услуга постановка свадебного танца;1;top;постановка свадебного танца
свадебный стилист спб;1;top;свадебный стилист
сколько стоит визажист на свадьбу;1;top;визажист на свадьбу
сколько стоит макияж и прическа на свадьбу;1;top;прическа и макияж на свадьбу
авито прическу и макияж на свадьбу;1;top;прическа и макияж на свадьбу
свадебный организатор новосибирск;1;top;свадебный организатор
лучший свадебный организатор;1;top;свадебный организатор
помощник свадебного организатора вакансии;1;top;свадебный организатор
свадебные организаторы екатеринбург;1;top;свадебный организатор
свадебный организатор ирина червякова;1;top;свадебный организатор
свадебный организатор нижний;1;top;свадебный организатор
свадебный организатор нижний новгород;1;top;свадебный организатор
свадебный организатор самара;1;top;свадебный организатор
свадебный организатор спб;1;top;свадебный организатор
свадебный организатор ярославль;1;top;свадебный организатор
свадебный организатор краснодар;1;top;свадебный организатор
свадебный организатор калуга;1;top;свадебный организатор
чем отличается свадебный организатор от координатора;1;top;свадебный организатор
свадебное агентство калуга;1;top;свадебное агентство
мария кравец свадебное агентство;1;top;свадебное агентство
свадебное агентство липецк;1;top;свадебное агентство
свадебное агентство орел;1;top;свадебное агентство
свадебное агентство чебоксары;1;top;свадебное агентство
свадебные агентства екатеринбург;1;top;свадебное агентство
svadberry свадебное агентство;1;top;свадебное агентство
cheers свадебное агентство;1;top;свадебное агентство
свадебное агентство культура;1;top;свадебное агентство
feerique event свадебное агентство;1;top;свадебное агентство
март свадебное агентство тула;1;top;свадебное агентство
свадебные агентства ярославль;1;top;свадебное агентство
обучение на координатора свадеб;1;top;координатор на свадьбу
функции координатора на свадьбе;1;top;координатор на свадьбу
сценарий выездной регистрации брака текст для ведущей;1;top;ведущий выездной регистрации
выездная регистрация слова ведущего;1;top;ведущий выездной регистрации
прокат свадебных платьев уфа;1;assoc;аренда шатра для свадьбы
аренда машин на свадьбу брянск;1;top;машина на свадьбу
бантики на ручки машины свадьба;1;top;машина на свадьбу
взорвали на свадьбу машину;1;top;машина на свадьбу
как нарядить машину на свадьбу своими руками;1;top;машина на свадьбу
как оформить машину на свадьбу;1;top;машина на свадьбу
машина на свадьбу ростов;1;top;машина на свадьбу
машины на свадьбу брянск;1;top;машина на свадьбу
машины на свадьбу ростов на дону;1;top;машина на свадьбу
фото наряженных машин на свадьбу;1;top;машина на свадьбу
аренда машины на свадьбу екатеринбург;1;top;машина на свадьбу
банты для украшения машины на свадьбу;1;top;машина на свадьбу
делаем банты для украшения машин на свадьбу;1;top;машина на свадьбу
екатеринбург машину на свадьбу;1;top;машина на свадьбу
современное украшение машин на свадьбу;1;top;машина на свадьбу
аренда украшений на машину на свадьбу магнитогорск;1;top;машина на свадьбу
бантики на машину на свадьбу своими руками;1;top;машина на свадьбу
как украсить красную машину на свадьбу;1;top;машина на свадьбу
машина на свадьбу тюмень;1;top;машина на свадьбу
машина с шариками на свадьбе украшенная;1;top;машина на свадьбу
свадьба в дагестане на машинах;1;top;машина на свадьбу
сколько машин украшают на свадьбу;1;top;машина на свадьбу
украшение на машину на свадьбу липецк;1;top;машина на свадьбу
бутоньерки на свадьбу на машину;1;top;машина на свадьбу
машина на свадьбу с водителем спб недорого;1;top;машина на свадьбу
машины на свадьбу картинки;1;top;машина на свадьбу
украшения ленточками машины на свадьбу;1;top;машина на свадьбу
машина на свадьбу луганск;1;top;машина на свадьбу
украшение на машину на свадьбу луганске;1;top;машина на свадьбу
украшение на свадьбу на белую машину;1;top;машина на свадьбу
как сейчас украшают машины на свадьбу 2026;1;top;машина на свадьбу
длинная машина на свадьбу как называется легковая;1;top;машина на свадьбу
как украсить машину на свадьбу невесты;1;top;машина на свадьбу
машина на свадьбу волгоград;1;top;машина на свадьбу
машина на свадьбу нижний;1;top;машина на свадьбу
машины на свадьбу нижний новгород;1;top;машина на свадьбу
машины на свадьбу ярославль;1;top;машина на свадьбу
открытые машины на свадьбу;1;top;машина на свадьбу
лимузин на свадьбу воронеж;1;top;лимузин на свадьбу
лимузин на свадьбу новосибирск;1;top;лимузин на свадьбу
заказ лимузина на свадьбу недорого;1;top;лимузин на свадьбу
слова благодарности подрядчикам на свадьбе;1;top;подрядчики на свадьбу
чем кормят подрядчиков на свадьбе;1;top;подрядчики на свадьбу
оригинальное название команды на свадьбе;1;top;команда на свадьбу
смешные названия команд на свадьбе;1;top;команда на свадьбу
как можно назвать команду на свадьбе;1;top;команда на свадьбу