phrase;count;kind;seeds
какой праздник;804007;assoc;где отметить свадьбу
рестораны москвы;702062;assoc;банкетный зал москва свадьба
свадебный;330596;assoc;площадка для свадьбы | место для свадьбы | особняк для свадьбы | свадьба на 100 человек | маленькая свадьба | свадьба за городом | как выбрать площадку для свадьбы | идеи для свадьбы | стили свадьбы
праздники россии;141919;assoc;свадьба за городом
где дешевле;122502;assoc;свадьба недорого
эконом;113287;assoc;свадьба недорого
с годовщиной свадьбы;80254;assoc;веранда для свадьбы | свадьба в лесу | свадьба в саду | сценарий свадьбы | свадьба в сентябре | лучший месяц для свадьбы
давай поженимся;71017;assoc;организация свадьбы | свадебный организатор | свадебное агентство
регистратура московской области;68062;assoc;свадьба в подмосковье
загородный дом;63603;assoc;загородная свадьба
что за праздник;54740;assoc;где отметить свадьбу | организация свадьбы
расценка в смете;54454;assoc;свадьба под ключ цена | сколько стоит свадьба
бракосочетание;54214;assoc;площадка для свадьбы | место для свадьбы | провести свадьбу | организация свадьбы | свадьба за городом | свадьба недорого | свадебное агентство | как выбрать площадку для свадьбы
когда праздники;53063;assoc;где отметить свадьбу
организатор;46066;assoc;организация свадьбы
истра московская область;44634;assoc;площадка для свадьбы подмосковье
купить квартиру в московской области;43458;assoc;свадьба в подмосковье
прайс лист;41328;assoc;стоимость свадьбы
церемония;39370;assoc;организация свадьбы | свадебный организатор
свадьба это;37145;assoc;свадебные площадки москва
портал московской области;35587;assoc;свадьба в подмосковье
солнечногорск московская область;31900;assoc;площадка для свадьбы подмосковье
дворец бракосочетания;31551;assoc;усадьба для свадьбы | площадка для свадьбы у воды
мосрег ру московская область;31412;assoc;площадка для свадьбы подмосковье
банкетный зал;30992;assoc;ресторан для свадьбы | свадебный банкет | свадьба без банкета
банкет;30622;assoc;банкетный зал для свадьбы
праздник это;30435;assoc;где отметить свадьбу | провести свадьбу | организация свадьбы | свадьба за городом
загсы москвы;30164;assoc;банкетный зал москва свадьба
празднование;29398;assoc;где отметить свадьбу
сколько стоит подписка;27583;assoc;свадьба под ключ цена
стиль это;26155;assoc;свадебный стилист
режиссерская версия;25914;assoc;камерная свадьба
ивантеевка московская область;25729;assoc;площадка для свадьбы подмосковье
после свадьбы;23816;assoc;свадебный флорист
четыре свадьбы;23417;assoc;свадебная площадка | свадьба в сентябре
визажист;23091;assoc;свадебный стилист
добродел московская область;22155;assoc;свадьба в подмосковье
вызов смотреть онлайн;21644;assoc;выездная регистрация
запрет на выезд;21578;assoc;выездная регистрация
wedding;21216;assoc;место для свадьбы | организация свадьбы | особняк для свадьбы | свадебные площадки москва | свадьба за городом | свадьба недорого | свадебный организатор | свадебное агентство | как выбрать площадку для свадьбы | идеи для свадьбы
декорация;20215;assoc;свадебный декор | оформление свадьбы
московская площадь;20043;assoc;свадебные площадки москва
проведение мероприятий;19745;assoc;провести свадьбу | организация свадьбы
садовый дом;19724;assoc;загородная свадьба
красивая природа;18173;assoc;свадьба на природе
свадьба в слепую;18172;assoc;лофт для свадьбы
2 свадьба;17947;assoc;свадьба для двоих
золотая свадьба;17757;assoc;свадебный банкет | свадьба на природе
свадьбы по годам;17336;assoc;усадьба для свадьбы | свадьба в лесу | сценарий свадьбы | лучший месяц для свадьбы
руза московская область;17204;assoc;площадка для свадьбы подмосковье
год свадьбы это какая свадьба;15647;assoc;свадебные площадки москва
дом отдыха с бассейном;15561;assoc;коттедж для свадьбы
калькулятор стоимости;14128;assoc;сколько стоит свадьба
сколько стоит платная дорога;13777;assoc;свадьба под ключ цена
какие есть праздники;13577;assoc;где отметить свадьбу | организация свадьбы
мероприятие это;13454;assoc;провести свадьбу | организация свадьбы
полицейский с рублевки смотреть онлайн;13447;assoc;свадьба рублевка
много места;13254;assoc;как выбрать площадку для свадьбы
салат праздничный;13200;assoc;банкетный зал для свадьбы | недорогой банкетный зал для свадьбы
праздничные салаты;13200;assoc;недорогой банкетный зал для свадьбы
свадебные платья москва;12961;assoc;банкетный зал москва свадьба
федеральный бюджет;12919;assoc;бюджет свадьбы
флористика;12818;assoc;свадебный флорист
давай поженимся 2026;12627;assoc;свадебное агентство
бюджет это;12387;assoc;бюджет свадьбы
бесплатные мероприятия в москве;12329;assoc;банкетный зал москва свадьба
закуски на праздничный;12308;assoc;свадебный банкет
площадь московской области;11859;assoc;свадьба в подмосковье
московская область площадь;11859;assoc;свадьба в подмосковье
закуски на праздничный стол;11831;assoc;свадебный банкет | свадьба без банкета
организация праздников;11795;assoc;провести свадьбу | свадебный организатор
салаты на праздничный стол;11098;assoc;банкетный зал для свадьбы | недорогой банкетный зал для свадьбы
стоимость платной дороги;11025;assoc;свадьба под ключ цена | сколько стоит свадьба
тост на свадьбу;10659;assoc;свадебный торт
праздничный стол рецепты;10562;assoc;свадьба без банкета
16 лет свадьбы;10466;assoc;веранда для свадьбы | свадьба в лесу
мосрег услуги московской области;10454;assoc;площадка для свадьбы подмосковье | свадьба в подмосковье
свадебные фото;10423;assoc;фотограф на свадьбу
17 лет свадьбы;10382;assoc;лофт для свадьбы
полицейский с рублевки смотреть онлайн бесплатно;10328;assoc;свадьба рублевка
свадебный торт;10248;top;свадебный торт
медовый месяц;10051;assoc;лучший месяц для свадьбы
фестиваль это;9984;assoc;свадебный организатор
рецепты на праздничный стол;9970;assoc;свадебный банкет | свадьба без банкета
истра холидей;9524;assoc;свадьба истра
свадебные фильмы;9512;assoc;свадьба в шатре | видеограф на свадьбу
цыганская свадьба;9493;assoc;усадьба для свадьбы | сценарий свадьбы
услуги по организации праздников;9444;assoc;где отметить свадьбу | провести свадьбу | свадебный организатор | свадебное агентство
11 лет свадьбы;9433;assoc;свадьба в лесу | свадьба на 20 человек | свадьба на 30 человек
13 лет свадьбы;9385;assoc;свадьба в лесу
кубинка московская область;8878;assoc;площадка для свадьбы подмосковье
свадебные песни;8865;assoc;аренда зала для свадьбы | шатер для свадьбы | свадьба в шатре | кавер группа на свадьбу | диджей на свадьбу
10 лет свадьбы какая свадьба;8724;assoc;веранда для свадьбы
9 лет свадьбы;8582;assoc;свадьба в сентябре
свадебный костюм;8572;assoc;шатер для свадьбы | кавер группа на свадьбу
20 лет свадьбы какая свадьба;8558;assoc;веранда для свадьбы
с днем свадьбы своими словами;8514;assoc;свадебный декор | свадебный флорист
15 лет какая свадьба;8385;assoc;свадьба в лесу | лучший месяц для свадьбы | рассадка гостей на свадьбе
15 лет свадьбы какая свадьба;8385;assoc;тайминг свадебного дня
исполнение бюджета;8378;assoc;бюджет свадьбы
дефицит бюджета;8056;assoc;бюджет свадьбы
мос рег московская область;7473;assoc;площадка для свадьбы подмосковье
фрязино московская область;7469;assoc;площадка для свадьбы подмосковье
стили свадьбы;7428;assoc;свадебный декор
стили свадеб;7424;top;стили свадьбы
дом ада;7386;assoc;коттедж для свадьбы
сметная стоимость;7238;assoc;сколько стоит свадьба
даты свадеб;7097;assoc;тайминг свадебного дня
апрелевка московская область;7004;assoc;площадка для свадьбы подмосковье
19 лет свадьбы;6757;assoc;веранда для свадьбы | свадьба в лесу | лучший месяц для свадьбы
с годовщиной свадьбы своими словами;6721;assoc;свадебный декор | свадебный флорист | тайминг свадебного дня
дворец бракосочетания 1;6690;assoc;свадебная площадка | усадьба для свадьбы | коттедж для свадьбы | площадка для свадьбы с проживанием | площадка для свадьбы у воды
верея московская область;6583;assoc;площадка для свадьбы подмосковье
быково московская область;6548;assoc;свадьба в подмосковье
вторая свадьба;6487;assoc;свадьба для двоих
новопетровское истринский район;6398;assoc;свадьба истра
дедовск истра;6368;assoc;свадьба истра
государственный бюджет;6304;assoc;бюджет свадьбы
в жизни так бывает;6303;assoc;камерная свадьба
торт на свадьбу;6202;assoc;свадебный торт
свадебный салон москва;6135;assoc;банкетный зал москва свадьба
обухово московская область;6031;assoc;свадьба в подмосковье
18 лет какая свадьба;6008;assoc;свадьба на 50 человек | загородная свадьба | идеи для свадьбы | стили свадьбы
18 лет свадьбы какая свадьба;6008;assoc;свадебный флорист | рассадка гостей на свадьбе
домик для дачи;5920;assoc;коттедж для свадьбы
дом отдыха в подмосковье все включено;5918;assoc;загородный клуб для свадьбы
софрино московская область;5824;assoc;площадка для свадьбы подмосковье
площадки для свадьбы;5760;top;площадка для свадьбы
свадебный танец;5745;assoc;шатер для свадьбы | диджей на свадьбу
сколько стоит свадьба;5683;top;сколько стоит свадьба
свадьбы не будет;5575;assoc;свадебная площадка | свадебный флорист
малаховка московская область;5541;assoc;площадка для свадьбы подмосковье
12 лет свадьбы какая свадьба;5538;assoc;свадебная площадка | усадьба для свадьбы | свадьба в лесу | свадьба на природе | бюджет свадьбы | рассадка гостей на свадьбе
12 лет какая свадьба;5538;assoc;усадьба для свадьбы | площадка для свадьбы с проживанием | свадьба в лесу | свадьба в саду | свадьба на природе | свадьба на 10 человек | загородная свадьба | бюджет свадьбы | лучший месяц для свадьбы | идеи для свадьбы | стили свадьбы
вкусные салаты на праздничный стол;5502;assoc;банкетный зал для свадьбы | недорогой банкетный зал для свадьбы
с днем бракосочетания;5451;assoc;свадебная площадка | площадка для свадьбы | место для свадьбы | свадебный банкет | провести свадьбу | усадьба для свадьбы | площадка для свадьбы с проживанием | площадка для свадьбы у воды | загородная свадьба | свадьба под ключ | свадьба без банкета | свадьба в сентябре | лучший месяц для свадьбы
16 лет какая свадьба;5447;assoc;усадьба для свадьбы | свадьба в лесу | свадьба в саду | свадьба на природе | загородная свадьба | бюджет свадьбы | лучший месяц для свадьбы | рассадка гостей на свадьбе
красивые дачи;5385;assoc;загородный клуб для свадьбы
по приезде или по приезду;5374;assoc;выездная регистрация
8 лет какая свадьба;5333;assoc;свадьба в лесу | рассадка гостей на свадьбе
выездная регистрация;5286;top;выездная регистрация
едс московской области;5154;assoc;площадка для свадьбы подмосковье | свадьба в подмосковье
белый теплоход;5137;assoc;свадьба на теплоходе
ас московской области;5118;assoc;свадьба в подмосковье
парикмахерская цены;5096;assoc;сколько стоит свадьба
прейскурант цен;5070;assoc;стоимость свадьбы | сколько стоит свадьба
подобрать прическу;5065;assoc;свадебный стилист
ближайшие праздники;5059;assoc;где отметить свадьбу
новый иерусалим истра;5053;assoc;свадьба истра
14 лет какая свадьба;5046;assoc;свадьба на природе | свадьба на 10 человек | лучший месяц для свадьбы
дедовск московская область;5006;assoc;площадка для свадьбы подмосковье
13 лет какая свадьба;4957;assoc;свадьба в лесу | лучший месяц для свадьбы
свадебная фотосессия;4832;assoc;фотограф на свадьбу
снегири истра;4784;assoc;свадьба истра
ах эта свадьба;4735;assoc;свадебные площадки москва | свадебный организатор | свадебное агентство
поздравление со свадьбой своими словами;4709;assoc;свадьба на природе | загородная свадьба | свадебный декор | свадебное агентство | свадебный флорист | тайминг свадебного дня
природа россии;4674;assoc;свадьба на природе
свадебные площадки;4648;top+assoc;свадебная площадка | сценарий свадьбы
рестораны для свадьбы;4591;top;ресторан для свадьбы
2 года свадьбы какая свадьба;4589;assoc;свадьба на природе | тайминг свадебного дня | рассадка гостей на свадьбе
9 лет какая свадьба;4579;assoc;свадьба в саду | свадьба в сентябре | лучший месяц для свадьбы
11 лет какая свадьба;4563;assoc;площадка для свадьбы с проживанием | свадьба на природе | свадьба на 20 человек | свадьба на 30 человек | свадьба на 50 человек | загородная свадьба | идеи для свадьбы
боброво московская область;4126;assoc;свадьба в подмосковье
софьино московская область;4045;assoc;площадка для свадьбы подмосковье
свадебный марш;3985;assoc;свадьба в шатре | кавер группа на свадьбу | диджей на свадьбу
декор для дома;3958;assoc;оформление свадьбы
этапы проекта;3955;assoc;план подготовки к свадьбе
выжить любой ценой;3952;assoc;стоимость свадьбы
19 лет какая свадьба;3913;assoc;усадьба для свадьбы | свадьба на природе | свадьба на 10 человек | свадьба на 20 человек | свадьба на 30 человек | свадьба на 50 человек | загородная свадьба | лучший месяц для свадьбы | идеи для свадьбы | стили свадьбы
семейный бюджет;3826;assoc;бюджет свадьбы
вызов принят;3807;assoc;выездная регистрация
администрация истра;3783;assoc;свадьба истра
полицейский с рублевки новогодний беспредел 2;3747;assoc;свадьба рублевка
милиционер с рублевки;3738;assoc;свадьба рублевка
ведущий на свадьбу;3730;top;ведущий на свадьбу
уютное кафе;3695;assoc;свадьба недорого
выйти замуж любой ценой;3647;assoc;стоимость свадьбы
дом литераторов;3538;assoc;особняк для свадьбы
ресторан большой москва;3536;assoc;банкетный зал москва свадьба
август украшения;3519;assoc;свадебный декор
река истра;3507;assoc;свадьба истра
санаторий загорские дали;3505;assoc;загородный клуб для свадьбы
свадьба лучшего друга;3448;assoc;свадебный банкет | свадьба на природе | рассадка гостей на свадьбе
свадебные украшения;3337;assoc;ресторан для свадьбы | площадка для свадьбы у воды | оформление свадьбы | визажист на свадьбу
мастер парикмахер;3336;assoc;свадебный стилист
поздравление со свадьбой молодоженам;3292;assoc;свадьба в оранжерее
сценарий свадьбы;3235;assoc+top;свадебная площадка | веранда для свадьбы | сценарий свадьбы
ивент агентство;3187;assoc;организация свадьбы | свадебный организатор
передача давай поженимся;3174;assoc;свадебное агентство
свадьба недорого;3146;top;свадьба недорого
организатор мероприятий;3140;assoc;провести свадьбу | организация свадьбы
мирена цена;3131;assoc;стоимость свадьбы
ресторан панорама;3127;assoc;банкетный зал с панорамными окнами
красная свадьба;3056;assoc;свадьба в оранжерее
теплоходные прогулки;3045;assoc;свадьба на теплоходе
дворец бракосочетания no 1;3042;assoc;усадьба для свадьбы | коттедж для свадьбы | площадка для свадьбы с проживанием | площадка для свадьбы у воды
годовщина свадьбы это;3030;assoc;тайминг свадебного дня
полицейский с рублевки 4 сезон;2993;assoc;свадьба рублевка
повторная свадьба;2983;assoc;свадьба для двоих
союз истра;2983;assoc;свадьба истра
давай поженимся смотреть онлайн;2975;assoc;как выбрать площадку для свадьбы
10 лет свадьбы как называется;2910;assoc;идеи для свадьбы
сколько стоит поставить зуб;2870;assoc;стоимость свадьбы
пятиэтажный дом;2864;assoc;коттедж для свадьбы
свадебное путешествие;2859;assoc;яхт клуб свадьба | свадьба на теплоходе | площадка для свадьбы у воды | свадьба под ключ | свадьба в сентябре
украшения на свадьбу;2813;assoc;свадебный декор
36 лет свадьбы;2807;assoc;лофт для свадьбы
свадьба в подмосковье;2750;top;свадьба в подмосковье
свадебные туфли;2722;assoc;свадьба в стиле бохо
какая свадьба по годам;2676;assoc;свадьба в лесу | свадьба на природе | лучший месяц для свадьбы
2 годовщина свадьбы;2675;assoc;свадьба для двоих
салаты на праздничный стол рецепты;2657;assoc;банкетный зал для свадьбы | недорогой банкетный зал для свадьбы
какой вчера был праздник;2654;assoc;где отметить свадьбу
наряд на свадьбу;2637;assoc;свадебная площадка
наша свадьба;2633;assoc;свадебные площадки москва
с годовщиной свадьбы картинки красивые;2538;assoc;свадебный декор
кафе терраса;2533;assoc;ресторан с верандой для свадьбы
свадьбы по годам как называются;2528;assoc;свадьба на 10 человек | свадьба на 20 человек | свадьба на 30 человек | свадьба на 50 человек | загородная свадьба | свадебный организатор | свадебное агентство
свадебный стол;2526;assoc;банкетный зал для свадьбы | ресторан для свадьбы | шатер для свадьбы | веранда для свадьбы | свадьба в оранжерее | недорогой банкетный зал для свадьбы | свадьба без банкета | рассадка гостей на свадьбе
свадебная музыка;2523;assoc;аренда зала для свадьбы | шатер для свадьбы | кавер группа на свадьбу | диджей на свадьбу
28 лет свадьбы какая;2500;assoc;лофт для свадьбы
28 лет какая свадьба;2500;assoc;свадьба в лесу | лучший месяц для свадьбы
закуски на праздничный стол рецепты;2483;assoc;свадьба без банкета
ах эта свадьба пела и плясала;2480;assoc;свадебный флорист
каштановый банкет;2413;assoc;банкетный зал для свадьбы | недорогой банкетный зал для свадьбы
дом невесты;2404;assoc;коттедж для свадьбы
свадебное агентство;2382;assoc+top;площадка для свадьбы | место для свадьбы | провести свадьбу | площадка для свадьбы у воды | свадьба под ключ | свадебное агентство
свадебные видео;2376;assoc;видеограф на свадьбу
выездная регистрация брака;2333;top;выездная регистрация
преклонный;2282;assoc;камерная свадьба
свадьба с приданым;2263;assoc;свадебная площадка
фотограф на свадьбу;2225;top;фотограф на свадьбу
ффмо московской области;2213;assoc;свадьба в подмосковье
давай поженимся смотреть онлайн бесплатно;2208;assoc;как выбрать площадку для свадьбы
ивент это;2201;assoc;организация свадьбы | свадебный организатор
традиции на свадьбе;2200;assoc;свадьба в оранжерее
свадьба под ключ;2183;assoc+top;свадебная площадка | свадьба под ключ
приедете или приедите;2175;assoc;выездная регистрация
виды причесок;2145;assoc;свадебный стилист
бюджет займ;2133;assoc;бюджет свадьбы
банкетное меню;2114;assoc;свадебный банкет
свадьба светлячков;2087;assoc;лофт для свадьбы | свадьба в лесу | свадьба в оранжерее
фото с праздником;2052;assoc;фотограф на свадьбу
банкетные залы для свадьбы;2026;top;банкетный зал для свадьбы
банкетный зал для свадьбы;2026;top;банкетный зал для свадьбы
горько на свадьбе;1983;assoc;свадебный торт
event hall;1977;assoc;аренда зала для свадьбы
мод на декор;1973;assoc;оформление свадьбы
16 лет свадьбы как называется;1971;assoc;свадьба на природе | свадьба на 10 человек | свадьба на 20 человек | свадьба на 50 человек | загородная свадьба | свадебное агентство | лучший месяц для свадьбы | стили свадьбы
портрет по фото;1971;assoc;фотограф на свадьбу
фасадный декор;1967;assoc;оформление свадьбы
свадебный наряд;1962;assoc;свадьба в стиле бохо
бюджетный процесс;1927;assoc;свадьба недорого
лофт холл;1921;assoc;лофт для свадьбы
дизайн зала;1916;assoc;оформление свадьбы
брехово московская область;1914;assoc;площадка для свадьбы подмосковье
свадьба с приданным;1885;assoc;свадебная площадка | свадебный декор | свадебный флорист
необычные рестораны в москве;1882;assoc;банкетный зал москва свадьба
8 лет свадьбы как называется;1880;assoc;тайминг свадебного дня | рассадка гостей на свадьбе
агроусадьба;1877;assoc;усадьба для свадьбы
поздравляю с бракосочетанием;1849;assoc;визажист на свадьбу
свадебная церемония;1848;assoc;площадка для свадьбы | место для свадьбы | ресторан для свадьбы | провести свадьбу | усадьба для свадьбы | особняк для свадьбы | коттедж для свадьбы | площадка для свадьбы с проживанием | площадка для свадьбы у воды | свадьба в саду | свадьба на природе | маленькая свадьба | загородная свадьба | свадьба под ключ | сценарий свадьбы | лучший месяц для свадьбы
организация свадьбы;1840;top;организация свадьбы
самая безумная свадьба;1833;assoc;свадебная площадка | свадебный банкет | свадьба на природе | свадебный флорист | тайминг свадебного дня
свадебный макияж;1812;assoc;визажист на свадьбу
организация свадеб;1792;assoc;свадебный организатор | свадебное агентство
с бракосочетанием своими словами;1790;assoc;площадка для свадьбы с проживанием | план подготовки к свадьбе
односкатная кровля;1768;assoc;свадьба на крыше
где отметить свадьбу;1761;top;где отметить свадьбу
11 лет свадьбы как называется;1708;assoc;свадьба на 10 человек | свадьба на 20 человек | свадьба на 30 человек | свадьба на 50 человек | свадебный организатор
таганский дворец бракосочетания;1698;assoc;площадка для свадьбы у воды
decor dizayn;1684;assoc;оформление свадьбы
полицейский с рублевки смотреть лордфильм;1657;assoc;свадьба рублевка
с праздником вас;1651;assoc;где отметить свадьбу | свадьба за городом
магазин все для праздника;1648;assoc;как выбрать площадку для свадьбы
13 лет свадьбы как называется;1643;assoc;свадьба на 30 человек
рассадка гостей на свадьбе;1642;top;рассадка гостей на свадьбе
с годовщиной свадьбы прикольные;1638;assoc;веранда для свадьбы
себестоимость продаж;1636;assoc;стоимость свадьбы | сколько стоит свадьба
loft hall;1618;assoc;лофт для свадьбы
вальмовая кровля;1598;assoc;свадьба на крыше
кружевное свадебное платье;1585;assoc;аренда лофта для свадьбы
прокат свадебных платьев;1565;assoc;аренда лофта для свадьбы
14 лет свадьбы как называется;1556;assoc;свадьба на 10 человек | свадьба на 20 человек | свадьба на 30 человек | свадьба на 50 человек | свадебное агентство | идеи для свадьбы | стили свадьбы
оформление свадьбы;1553;assoc+top;свадебный декор | оформление свадьбы
ресторан турандот в москве;1542;assoc;банкетный зал москва свадьба
мини сим;1523;assoc;маленькая свадьба
wedding day;1521;assoc;свадебная площадка | площадка для свадьбы | место для свадьбы | где отметить свадьбу | свадебный банкет | провести свадьбу | особняк для свадьбы | коттедж для свадьбы | площадка для свадьбы с проживанием | маленькая свадьба | свадебные площадки москва | загородная свадьба | свадьба недорого | свадебный организатор | свадебное агентство | свадебный стилист | свадебный флорист | как выбрать площадку для свадьбы | тайминг свадебного дня | идеи для свадьбы | стили свадьбы
домик на счастье;1520;assoc;особняк для свадьбы
37 лет какая свадьба;1506;assoc;свадьба в лесу
вторая свадьба сериал;1505;assoc;свадьба для двоих
9 лет свадьбы как называется;1501;assoc;стили свадьбы
раздоры московская область;1494;assoc;свадьба в подмосковье
жених приехал;1492;assoc;выездная регистрация
кровельная лестница;1491;assoc;свадьба на крыше
стоимость свадьбы;1490;top;стоимость свадьбы
краска для кровли;1475;assoc;свадьба на крыше
праздничное меню;1462;assoc;свадебный банкет
декоративная ваза;1458;assoc;свадебный декор
шторы кафе;1448;assoc;банкетный зал с панорамными окнами
что такое свадьба;1444;assoc;свадебные площадки москва
свадебная арка;1440;assoc;аренда зала для свадьбы
свадебный декор;1439;top+assoc;свадебный декор | оформление свадьбы | визажист на свадьбу
моя пиратская свадьба;1421;assoc;свадьба на природе
поздравление с бракосочетанием своими словами;1417;assoc;визажист на свадьбу
вкусный салат на праздничный стол рецепты;1391;assoc;банкетный зал для свадьбы | недорогой банкетный зал для свадьбы
рецепты вкусных салатов на праздничный стол;1391;assoc;банкетный зал для свадьбы | недорогой банкетный зал для свадьбы
mosca ресторан москва;1386;assoc;банкетный зал москва свадьба
свадебные фотографии;1383;assoc;шатер для свадьбы | фотограф на свадьбу | видеограф на свадьбу
выезд на встречку;1376;assoc;выездная регистрация
милиционер с рублевки сериал;1365;assoc;свадьба рублевка
деревянная кровля;1337;assoc;свадьба на крыше
7 лет свадьбы как называется;1332;assoc;рассадка гостей на свадьбе
празднество;1330;assoc;организация свадьбы
бюджет ру;1314;assoc;бюджет свадьбы
место для свадьбы;1311;top;место для свадьбы
свадьба во сне;1306;assoc;свадьба в оранжерее
свадебный образ;1306;assoc;свадьба на 30 человек | маленькая свадьба | идеи для свадьбы | стили свадьбы
какой ближайший праздник;1303;assoc;где отметить свадьбу
мини мы;1289;assoc;маленькая свадьба
свадебные традиции;1279;assoc;ресторан для свадьбы | аренда зала для свадьбы | лофт для свадьбы | шатер для свадьбы | веранда для свадьбы | свадьба на теплоходе | свадьба в оранжерее | ведущий на свадьбу
19 лет свадьбы как называется;1273;assoc;свадьба на 10 человек | свадьба на 30 человек
кулек ресторан москва;1258;assoc;банкетный зал москва свадьба
красивые символы для оформления;1249;assoc;свадебный декор
рестораны для свадьбы в москве;1246;top;ресторан для свадьбы
праздничный ужин;1216;assoc;свадебный банкет
поздравление с бракосочетанием красивые;1216;assoc;свадьба под ключ | видеограф на свадьбу | визажист на свадьбу
с бракосочетанием поздравления красивые;1216;assoc;свадьба в стиле рустик
не свадебное путешествие;1197;assoc;яхт клуб свадьба
что приготовить на праздничный стол;1196;assoc;свадебный банкет | свадьба без банкета
загородная свадьба;1193;top;загородная свадьба
свадебный зал;1178;assoc;площадка для свадьбы | ресторан для свадьбы | лофт для свадьбы | усадьба для свадьбы | коттедж для свадьбы | веранда для свадьбы | яхт клуб свадьба | ресторан с верандой для свадьбы | площадка для свадьбы у воды | свадьба в саду | свадьба в оранжерее | свадьба под ключ | свадьба без банкета | оформление свадьбы | свадьба в стиле рустик | рассадка гостей на свадьбе
hampton by hilton marjan island 4;1172;assoc;свадьба новая рига
садовый декор;1165;assoc;оформление свадьбы
курсы флористики;1160;assoc;свадебный флорист
идеи для свадьбы;1157;assoc+top;свадебные площадки москва | идеи для свадьбы
онуфриево истринский район;1152;assoc;свадьба истра
красивые свадебные платья;1133;assoc;свадьба в стиле бохо
свадебный банкет;1132;assoc+top;площадка для свадьбы | банкетный зал для свадьбы | ресторан для свадьбы | свадебный банкет | коттедж для свадьбы | площадка для свадьбы у воды | недорогой банкетный зал для свадьбы | свадьба под ключ | сценарий свадьбы
свадебный угар;1114;assoc;видеограф на свадьбу
пленка для кровли;1100;assoc;свадьба на крыше
рассчитать платную дорогу;1098;assoc;сколько стоит свадьба
все праздники россии;1094;assoc;свадьба за городом
алабино московская область;1079;assoc;площадка для свадьбы подмосковье | свадьба в подмосковье
давай поженимся ведущие;1063;assoc;организация свадьбы | свадебный организатор | свадебное агентство
бутерброды на праздничный стол рецепты;1062;assoc;банкетный зал с панорамными окнами
loft concept;1059;assoc;лофт для свадьбы
ресторан красота в москве;1055;assoc;банкетный зал москва свадьба
свадьба невозможна;1050;assoc;свадебная площадка
имиджмейкер;1047;assoc;свадебный стилист
праздник к нам приходит;1016;assoc;свадьба за городом
торт на годовщину свадьбы;1003;assoc;свадебный торт
выездная регистрация москва;990;top;выездная регистрация
есть ли сегодня праздник;987;assoc;свадьба за городом
зона отдыха на даче;983;assoc;загородный клуб для свадьбы
когда лучше стричь волосы;982;assoc;свадебный стилист
велес истра;981;assoc;свадьба истра
сегодня тоже все распродано;976;assoc;свадьба недорого
дворец бракосочетания 2;969;assoc;свадьба для двоих
видеть себя в свадебном платье;969;assoc;визажист на свадьбу
сколько стоит венчание;964;assoc;свадьба под ключ цена | стоимость свадьбы
20 лет какая свадьба как называется;954;assoc;свадьба на 10 человек | свадьба на 30 человек | свадьба на 50 человек
сколько стоит поставить коронку;950;assoc;стоимость свадьбы
какая прическа мне подойдет;948;assoc;свадебный стилист
свадебные приглашения;942;assoc;ведущий на свадьбу | кавер группа на свадьбу | диджей на свадьбу | визажист на свадьбу
свадьба на природе;941;assoc+top;свадьба в лесу | свадьба на природе
праздники в доу;927;assoc;свадьба в саду
приснилась свадьба;927;assoc;свадьба в оранжерее
к чему снится свадьба своя;925;assoc;свадьба на природе | загородная свадьба
кого можно вызвать днем;923;assoc;выездная регистрация
создать приглашение на свадьбу;919;assoc;свадебная площадка
свадебный костюм для невесты;906;assoc;визажист на свадьбу | свадьба в стиле бохо
свадебное платье напрокат;902;assoc;аренда лофта для свадьбы
свадебный сайт;901;assoc;площадка для свадьбы
в чем пойти на свадьбу;901;assoc;свадебные площадки москва
церемония бракосочетания;897;assoc;площадка для свадьбы | место для свадьбы | провести свадьбу | усадьба для свадьбы | площадка для свадьбы с проживанием | загородная свадьба | свадьба под ключ
монтаж фальцевой кровли;897;assoc;свадьба на крыше
15 лет какая свадьба как называется;896;assoc;свадьба на 10 человек | свадьба на 20 человек | свадьба на 30 человек | свадьба на 50 человек | идеи для свадьбы | стили свадьбы
барракуда истра;895;assoc;свадьба истра
10 лет какая свадьба как называется;883;assoc;свадьба на 30 человек | свадьба на 50 человек
новогорск московская область;877;assoc;площадка для свадьбы подмосковье
сколько стоит поставить пломбу;874;assoc;свадьба под ключ цена
ближайшие праздники в россии;870;assoc;свадьба за городом
фата на свадьбу;867;assoc;свадебный торт
декор это;855;assoc;оформление свадьбы
своя усадьба;845;assoc;особняк для свадьбы
40 лет свадьбы это какая свадьба;837;assoc;усадьба для свадьбы | свадьба в лесу | свадьба на природе | загородная свадьба
114 фз о порядке въезда и выезда;828;assoc;выездная регистрация
кафе панорама;821;assoc;банкетный зал с панорамными окнами
ведущий что где когда;809;assoc;свадебный организатор
макияж невесты;795;assoc;визажист на свадьбу
санаторий красиво;794;assoc;загородный клуб для свадьбы
двускатная кровля;794;assoc;свадьба на крыше
никакого праздника;793;assoc;где отметить свадьбу
как провести свадьбу;787;top;провести свадьбу
четыре свадьбы свадьба в стиле;784;top;стили свадьбы
меню на праздничный стол;782;assoc;свадебный банкет | свадьба без банкета
стайлинг это;780;assoc;свадебный стилист
эконом маркет;773;assoc;свадьба недорого
сколько стоит купить права;770;assoc;стоимость свадьбы
свадебные бокалы;767;assoc;свадьба в шатре | свадьба на теплоходе | свадьба для двоих
красивые даты для свадьбы;763;assoc;тайминг свадебного дня
деревянная свадьба сколько лет;762;assoc;свадьба в лесу
где провести свадьбу;755;top;провести свадьбу
песни под свадебный танец;755;assoc;кавер группа на свадьбу | диджей на свадьбу
выездная регистрация брака в москве;754;top;выездная регистрация
35 лет какая свадьба как называется;752;assoc;свадьба на 10 человек | свадьба на 20 человек | свадьба на 30 человек | свадьба на 50 человек
банкетный зал для свадьбы москва;751;top;банкетный зал для свадьбы | банкетный зал москва свадьба
первая годовщина свадьбы как называется;750;assoc;свадебный флорист | тайминг свадебного дня
купи продай бесплатные объявления;746;assoc;стоимость свадьбы
свадьба бальзаминова;742;assoc;свадьба в оранжерее
свадьба в москве недорого;741;top;свадьба недорого
свадьба в сентябре;740;top;свадьба в сентябре
шатер для свадьбы;739;top;шатер для свадьбы
шатров для свадьбы;739;top;шатер для свадьбы
свадьба по обмену;737;assoc;свадьба в оранжерее
дворец бракосочетания no 5;734;assoc;яхт клуб свадьба | рассадка гостей на свадьбе
свадьба на 30 человек;730;top;свадьба на 30 человек
свадебные конкурсы;729;assoc;площадка для свадьбы | ресторан для свадьбы | площадка для свадьбы у воды | сценарий свадьбы | свадьба в сентябре
верея город московская область;729;assoc;площадка для свадьбы подмосковье
как сделать красивую прическу;726;assoc;свадебный стилист
5 лет свадьбы это какая свадьба;718;assoc;свадебные площадки москва
как вызвать роды;718;assoc;выездная регистрация
декорация это;715;assoc;оформление свадьбы
свадебное оформление;711;assoc;свадьба под ключ | стили свадьбы | свадьба в стиле рустик
сивидал цена;710;assoc;сколько стоит свадьба
свадебная коллекция;691;assoc;площадка для свадьбы | место для свадьбы | особняк для свадьбы | загородный клуб для свадьбы | свадьба на 20 человек | свадьба на 30 человек | свадьба на 50 человек | камерная свадьба | маленькая свадьба | свадьба за городом | как выбрать площадку для свадьбы | идеи для свадьбы | стили свадьбы
свадебный марш мендельсона;689;assoc;аренда лофта для свадьбы
сайт приглашение на свадьбу;686;assoc;свадебная площадка
сколько стоит сделать визу;684;assoc;свадьба под ключ цена
двухквартирный дом;681;assoc;коттедж для свадьбы
лешково истринский район;681;assoc;свадьба истра
свадебный фон;680;assoc;свадьба в шатре | диджей на свадьбу
свадебные приметы;676;assoc;свадьба в стиле бохо
созвездие речные круизы;671;assoc;свадьба на теплоходе
как отметить годовщину свадьбы;665;assoc;тайминг свадебного дня
свадебный секс;663;assoc;аренда лофта для свадьбы
калькуляция себестоимости;652;assoc;сколько стоит свадьба
свадьба на 50 человек;647;top;свадьба на 50 человек
теплоходные туры;645;assoc;свадьба на теплоходе
свадьба vs свадьба в стиле;641;top;стили свадьбы
банкет холл;640;assoc;банкетный зал для свадьбы | недорогой банкетный зал для свадьбы
свадьба на теплоходе;639;top;свадьба на теплоходе
кого можно вызвать дома;638;assoc;выездная регистрация
16 лет какая свадьба как называется;635;assoc;свадьба на 10 человек | свадьба на 30 человек | свадебный организатор | свадебное агентство
бюджет гов;635;assoc;бюджет свадьбы
цветочный базар;633;assoc;свадебный флорист
лавандовая свадьба;630;assoc;свадьба в оранжерее
бюджетная смета;630;assoc;сколько стоит свадьба
как писать сценарий;623;assoc;план подготовки к свадьбе
полицейский с рублевки актеры и роли;618;assoc;свадьба рублевка
свадебный клип;617;assoc;видеограф на свадьбу
городской округ балашиха московская область автобусный транспорт;616;assoc;свадьба в подмосковье
уничтожение документов в москве с выездом;614;assoc;выездная регистрация
выкуп невесты на свадьбе;612;assoc;свадебная площадка
визажист это;612;assoc;свадебный стилист
свадебный организатор;608;assoc+top;площадка для свадьбы | провести свадьбу | площадка для свадьбы с проживанием | свадьба под ключ | свадебный организатор
поздравление со свадьбой своими словами душевно;607;assoc;свадебный флорист
что подарить на свадьбу недорогое;606;top;свадьба недорого
свадебная клятва;604;assoc;площадка для свадьбы у воды | видеограф на свадьбу
40 лет какая свадьба как называется;602;assoc;свадьба на 20 человек
свадьба под ключ москва;602;top;свадьба под ключ
праздн;601;assoc;свадьба за городом
свадебная ночь;598;assoc;свадьба в сентябре
полицейский с рублевки смотреть бесплатно лордфильм;595;assoc;свадьба рублевка
30 лет какая свадьба как называется;591;assoc;свадьба на 10 человек | свадьба на 20 человек | свадьба на 50 человек
усадьба для свадьбы;590;top;усадьба для свадьбы
стилистика это;589;assoc;свадебный стилист
салаты на праздник;588;assoc;банкетный зал для свадьбы
ресторан для свадьбы человек;585;top;ресторан для свадьбы
как важно быть серьезным спектакль;581;assoc;камерная свадьба
президиум на свадьбу;580;assoc;свадебная площадка | веранда для свадьбы
невеста будешь моей;579;assoc;свадебный стилист
банкет это;574;assoc;где отметить свадьбу | провести свадьбу | организация свадьбы
создать прайс;572;assoc;свадьба под ключ цена | стоимость свадьбы | сколько стоит свадьба
рассчитать стоимость платной дороги;570;assoc;сколько стоит свадьба
свадебные площадки москва;568;top+assoc;свадебная площадка | место для свадьбы | свадебные площадки москва
дом весты свадебный салон;568;assoc;особняк для свадьбы | коттедж для свадьбы | площадка для свадьбы у воды
свадебный ведущий;568;assoc;диджей на свадьбу
сколько стоит свадебное платье;563;assoc;аренда лофта для свадьбы
свадьба в шатре;560;top;свадьба в шатре
свадебный торт москва;560;top;свадебный торт
14 лет какая свадьба как называется;558;assoc;свадьба на 10 человек | свадьба на 30 человек
20 лет совместной жизни какая свадьба;551;assoc;рассадка гостей на свадьбе
11 лет какая свадьба как называется;548;assoc;свадьба на 20 человек | свадебный организатор
праздный это;546;assoc;свадьба недорого
молодожены это;545;assoc;место для свадьбы | как выбрать площадку для свадьбы | идеи для свадьбы
свадебные бутылки;543;assoc;шатер для свадьбы
свадебный торт на заказ;537;assoc+top;аренда зала для свадьбы | свадебный торт
сваи для террасы;535;assoc;ресторан с верандой для свадьбы
площадки для свадьбы в подмосковье;534;top;площадка для свадьбы | площадка для свадьбы подмосковье | свадьба в подмосковье
безумная свадьба 2;531;assoc;свадьба для двоих
свадебный вальс;530;assoc;свадьба для двоих | диджей на свадьбу
15 лет свадьбы это какая свадьба;530;assoc;свадебные площадки москва | тайминг свадебного дня
сколько стоит свадьба в москве;527;top;сколько стоит свадьба
люстра в стиле лофт;522;assoc;лофт для свадьбы
рэдиссон пароход;522;assoc;свадьба на теплоходе
как рассчитать себестоимость;520;assoc;сколько стоит свадьба
свадебный торт фото;515;top;свадебный торт
свадьба на 20 человек;513;top;свадьба на 20 человек
уничтожение документов с выездом к заказчику;513;assoc;выездная регистрация
моя прекрасная свадьба;511;assoc;свадебные площадки москва
полицейский с рублевки сколько сезонов;511;assoc;свадьба рублевка
house for wedding;510;assoc;место для свадьбы | усадьба для свадьбы | особняк для свадьбы | загородный клуб для свадьбы | коттедж для свадьбы | площадка для свадьбы с проживанием | загородная свадьба
как называется этот театр;509;assoc;камерная свадьба
45 лет какая свадьба как называется;508;assoc;свадьба на 10 человек
выездная регистрация сколько;504;top;выездная регистрация
рустика стиль свадьбы;502;top;стили свадьбы
легкие салаты на праздничный стол;498;assoc;свадьба без банкета
сколько стоила свадьба;497;top;сколько стоит свадьба
торт свадебный 2026;497;top;свадебный торт
бюджет свадьбы;496;top;бюджет свадьбы
кто поймал букет невесты;493;assoc;свадебный флорист
свадьба сколько человек стоит;488;top;сколько стоит свадьба
купить свадебный торт;484;top;свадебный торт
камерная свадьба это;477;top+assoc;камерная свадьба | свадебный организатор | свадебное агентство
свадьба в стиле 90;475;top;стили свадьбы
годовой бюджет россии;473;assoc;бюджет свадьбы
выездная регистрация стоя;466;top;выездная регистрация
свадьба в русском стиле;465;top;стили свадьбы
hilton garden inn moscow new riga;464;assoc;свадьба новая рига
площадки для свадьбы в москве;463;top;площадка для свадьбы
свадьба в лесу;458;top;свадьба в лесу
свадебные обряды;458;assoc;сценарий свадьбы
калькулятор себестоимости;457;assoc;сколько стоит свадьба
сколько стоит выездная регистрация;457;top;выездная регистрация
свадебный план;456;assoc;площадка для свадьбы у воды | сценарий свадьбы
оригинальная свадьба недорого;454;top;свадьба недорого
юдс кафе;451;assoc;ресторан с верандой для свадьбы
одноярусный свадебный торт;451;top;свадебный торт
стропильная система кровли;447;assoc;свадьба на крыше
бейсик декор;447;assoc;оформление свадьбы
свадебное агентство москва;446;top;свадебное агентство
поздравляю с днем бракосочетания;445;assoc;свадьба в сентябре
свадьба для двоих;444;top;свадьба для двоих
4 в стиле свадьба;444;top;стили свадьбы
терраса кафе богинь;443;assoc;ресторан с верандой для свадьбы
где отметить свадьбу в москве;442;top;где отметить свадьбу
добро пожаловать в дешевый ресторан;442;assoc;недорогой банкетный зал для свадьбы
свадебное платье на прокат;440;assoc;аренда лофта для свадьбы
план рассадки гостей на свадьбе;438;top;рассадка гостей на свадьбе
приедешь или приедишь;436;assoc;выездная регистрация
кафе мираж;431;assoc;ресторан с верандой для свадьбы
кейп свадебный;431;assoc;свадьба под ключ
пароход концерты;430;assoc;свадьба на теплоходе
сценарий свадьбы для ведущего;428;top;сценарий свадьбы
сколько стоит пригласить на свадьбу;425;top;сколько стоит свадьба
кафе елки;419;assoc;ресторан с верандой для свадьбы
фотограф на свадьбу екатеринбург;415;top;фотограф на свадьбу
свадебные площадки подмосковье;414;top;свадебная площадка
где отметить годовщину свадьбы;413;top;где отметить свадьбу
свадьба в мал;413;top;маленькая свадьба
свад;411;assoc;веранда для свадьбы
ресторан для камерной свадьбы;408;top;ресторан для свадьбы | камерная свадьба
дворец бракосочетания 1 в москве;407;assoc;особняк для свадьбы | загородный клуб для свадьбы | площадка для свадьбы с проживанием | свадьба на 100 человек | как выбрать площадку для свадьбы
загородный клуб для свадьбы;406;top;загородный клуб для свадьбы | загородная свадьба
поздравления с бракосочетанием молодоженам;402;assoc;свадьба на теплоходе | свадьба в оранжерее | диджей на свадьбу | визажист на свадьбу
мухич из полицейский с рублевки;402;assoc;свадьба рублевка
свадебный торт прямоугольный;402;top;свадебный торт
small items;397;assoc;маленькая свадьба
свадебный торт кг;397;top;свадебный торт
свадьба за городом;396;top;свадьба за городом
свадебное ателье;389;assoc;аренда зала для свадьбы | видеограф на свадьбу
20 лет брака какая свадьба;384;assoc;свадьба для двоих
милицейский с рублевки;384;assoc;свадьба рублевка
свадебные перчатки;382;assoc;шатер для свадьбы | свадьба в шатре
подшивка свесов кровли;375;assoc;свадьба на крыше
у кого сегодня праздник;375;assoc;свадьба за городом
сохо кантри клаб москва;374;assoc;загородный клуб для свадьбы
тортик из печенья;372;assoc;свадебный торт
песня для молодоженов на свадьбу;369;assoc;свадебный торт
загородные залы для свадьбы;367;top;загородная свадьба
загородный зал для свадьбы;367;top;загородная свадьба
фотограф на свадьбу москва;367;top;фотограф на свадьбу
лофт для свадьбы;366;top;лофт для свадьбы
коттедж для свадьбы;366;top;коттедж для свадьбы
одинцово это москва или московская область;365;assoc;свадьба в подмосковье
свадебная фотокнига;364;assoc;аренда зала для свадьбы
свадебная вечеринка;362;assoc;банкетный зал для свадьбы | яхт клуб свадьба | свадьба под ключ | ведущий на свадьбу | кавер группа на свадьбу | сценарий свадьбы
видеограф на свадьбу;362;top;видеограф на свадьбу
15 лет совместной жизни какая свадьба;361;assoc;рассадка гостей на свадьбе
загородный свадьба снимать;355;top;загородная свадьба
сафиса банкетный зал;354;assoc;ресторан с верандой для свадьбы
прайс лист это;354;assoc;стоимость свадьбы
свадебный стилист;354;top;свадебный стилист
сколько стоит дизайн проект квартиры;353;assoc;свадьба под ключ цена
свадебные хлопоты;352;assoc;свадьба в саду
камерная свадьба в москве;352;top;камерная свадьба
сколько стоит поставить виниры;351;assoc;стоимость свадьбы
вместе дешевле;350;assoc;свадьба недорого
как сделать красивый макияж;350;assoc;свадебный стилист
мытищи это москва или московская область;349;assoc;свадьба в подмосковье
сколько стоит позвать на свадьбу;349;top;сколько стоит свадьба
свадебное поздравление молодоженам;347;assoc;свадьба на теплоходе | свадьба для двоих | видеограф на свадьбу | диджей на свадьбу
свадебка;346;assoc;усадьба для свадьбы | свадьба в саду | свадьба в стиле рустик
площадки для проведения свадьбы;345;top;площадка для свадьбы
битум для кровли;345;assoc;свадьба на крыше
тамада это;343;assoc;организация свадьбы | свадебный организатор
приснилось свадебное платье;341;assoc;аренда лофта для свадьбы
что подарить на свадьбу оригинальное недорогое;339;top;свадьба недорого
дом в американском стиле;338;assoc;особняк для свадьбы
узнать где дешевле;337;assoc;свадьба недорого
декор дизайн официальный сайт;335;assoc;оформление свадьбы
веранда для свадьбы;333;top;веранда для свадьбы
1 годовщина свадьбы как называется;332;assoc;тайминг свадебного дня
мот свадебная;331;assoc;кавер группа на свадьбу
ведущий на свадьбу в москве;329;top;ведущий на свадьбу
сценарий свадьбы невесты;327;top;сценарий свадьбы
свадебные туфли для невесты;322;assoc;визажист на свадьбу
свадьба под ключ в подмосковье;320;top;свадьба в подмосковье | свадьба под ключ
свадебное меню;319;assoc;банкетный зал для свадьбы | ресторан для свадьбы | шатер для свадьбы | ресторан с верандой для свадьбы | недорогой банкетный зал для свадьбы | ведущий на свадьбу
свадебный торт симс;319;top;свадебный торт
секвестирование бюджета;316;assoc;бюджет свадьбы
рассадка гостей на свадьбе шаблоны;315;top;рассадка гостей на свадьбе
свадебная мелодия;309;assoc;ресторан для свадьбы | шатер для свадьбы | свадьба в шатре | кавер группа на свадьбу | диджей на свадьбу
сколько стоит поставить спираль;309;assoc;стоимость свадьбы
какой скоро праздник;308;assoc;где отметить свадьбу
танец молодоженов на свадьбе;307;assoc;свадебный торт
сколько стоит сыграть свадьбу;302;top;сколько стоит свадьба
свадебная фотозона;299;assoc;аренда зала для свадьбы
сколько стоит выездная регистрация брака;299;top;выездная регистрация
год свадьбы сценарии;299;top;сценарий свадьбы
свадьба на теплоходе в москве;296;top;свадьба на теплоходе
свадебный торт двухъярусный;296;top;свадебный торт
sk8 стиль;296;assoc;свадебный стилист
сценарий выкупа на свадьбу;295;top;сценарий свадьбы
сивидал купить;294;assoc;свадьба под ключ цена
эл бюджет;294;assoc;бюджет свадьбы
недорогой подарок на свадьбу;292;top;свадьба недорого
расчет стоимости платной дороги;292;assoc;сколько стоит свадьба
диджей на свадьбу;292;top;диджей на свадьбу
небали истра;291;assoc;свадьба истра
где можно отметить свадьбу;289;top;где отметить свадьбу
симс 4 свадебный торт;289;top;свадебный торт
провести свадьбу москва;286;top;провести свадьбу
свадебный костюм для жениха;282;assoc;аренда зала для свадьбы | кавер группа на свадьбу | свадьба в стиле бохо
спецпредложение для молодоженов;282;assoc;свадьба недорого | как выбрать площадку для свадьбы
рассадка гостей на свадьбу онлайн;281;top;рассадка гостей на свадьбе
заказать свадебный торт;280;assoc+top;шатер для свадьбы | свадебный торт
дом ушковой;280;assoc;коттедж для свадьбы
картинки с бракосочетанием красивые;278;assoc;свадьба в стиле рустик
идеи для подарка на свадьбу;276;top;идеи для свадьбы
балашиха это москва или московская область;271;assoc;свадьба в подмосковье
какой ближайший праздник в россии;269;assoc;место для свадьбы
свадьба в подмосковье москва;268;top;свадьба в подмосковье
какие бывают праздники;266;assoc;свадьба за городом | как выбрать площадку для свадьбы
wedding awards;265;assoc;яхт клуб свадьба | свадьба в саду
кафе зам зам;265;assoc;ресторан с верандой для свадьбы
банкетные залы для свадьбы в москве;263;top;банкетный зал для свадьбы | банкетный зал москва свадьба
молодожены недорогой свадьба;263;top;свадьба недорого
свадьба без сценария;263;top;сценарий свадьбы
свадебные треки;262;assoc;шатер для свадьбы | свадьба в шатре | свадьба на теплоходе | свадьба для двоих | кавер группа на свадьбу | диджей на свадьбу
красивые клумбы на даче;262;assoc;загородный клуб для свадьбы
торт на свадьбу фото;256;assoc;свадебный торт
сколько стоит купить звезду;255;assoc;свадьба под ключ цена
территория праздника;254;assoc;провести свадьбу
кровельные гвозди для гибкой черепицы;254;assoc;свадьба на крыше
салаты на свадьбу;254;assoc;свадебный торт
свадебный образ невесты;254;assoc;чек лист подготовки к свадьбе | стили свадьбы | свадьба в стиле рустик
выкуп невесты на свадьбе сценарий;253;assoc+top;свадебная площадка | сценарий свадьбы
нешалаши истринский район;253;assoc;свадьба истра
декоратор на свадьбу;253;assoc;свадебный декор
вечеринка в стиле свадьбы;253;top;стили свадьбы
места для проведения свадьбы;251;top;место для свадьбы
свет для видеосъемки;251;assoc;видеограф на свадьбу
сколько стоит свадьба в 2026;250;top;сколько стоит свадьба
wedding post;247;assoc;свадебная площадка | свадебное агентство | свадебный флорист
сценарий домашней свадьбы;247;top;сценарий свадьбы
что такое выдержка;246;assoc;камерная свадьба
свадьба в стиле 90 х;246;top;стили свадьбы
клубный дом это;241;assoc;загородный клуб для свадьбы
а у кого сегодня праздник;240;assoc;свадьба за городом
свадебный видеограф;239;assoc;фотограф на свадьбу
сколько торта свадебного;239;top;свадебный торт
сценарии второй свадьбы;239;top;сценарий свадьбы
гринери стиль свадьбы;237;top;стили свадьбы
дом весты свадебный салон москва;236;assoc;особняк для свадьбы | загородный клуб для свадьбы | коттедж для свадьбы
из города на дачу жизнь в деревне;234;assoc;загородный клуб для свадьбы
второй день свадьбы сценарий;234;top;сценарий свадьбы
сценарий второго дня свадьбы;234;top;сценарий свадьбы
ресторан для проведения свадьбы;233;top;ресторан для свадьбы
флористика это;232;assoc;свадебный флорист
поздравить с бракосочетанием красиво;231;assoc;свадьба в стиле рустик
сегодня к маме я приехала домой;228;assoc;выездная регистрация
тамада секс;227;assoc;ведущий на свадьбу
сценарий свадьбы без тамады;227;top;сценарий свадьбы
свадебный брючный костюм для невесты;226;assoc;свадьба в стиле бохо
свадебная речь;225;assoc;свадьба на теплоходе | ведущий на свадьбу | видеограф на свадьбу
где свадебный торт;225;top;свадебный торт
сценарий свадьбы в домашних условиях;225;top;сценарий свадьбы
сценарий полной свадьбы;225;top;сценарий свадьбы
модные свадебные платья 2026;225;assoc;свадьба в стиле бохо
истринское росп;224;assoc;свадьба истра
выездная регистрация в подмосковье;224;top;выездная регистрация
свадебные даты;223;assoc;площадка для свадьбы | площадка для свадьбы с проживанием | свадьба в саду | свадьба под ключ | бюджет свадьбы | свадьба в сентябре | лучший месяц для свадьбы
украшение свадебного стола;223;assoc;банкетный зал для свадьбы | ресторан для свадьбы | веранда для свадьбы | недорогой банкетный зал для свадьбы
свадьба в стиле горько;223;assoc+top;лофт для свадьбы | стили свадьбы
кураж свадебные платья;223;assoc;аренда лофта для свадьбы
готовый полный сценарий свадьбы;223;top;сценарий свадьбы
свадебная прическа для невесты;223;assoc;свадьба в стиле бохо
визажист на свадьбу;222;top;визажист на свадьбу
дивный лес площадка для свадьбы;221;top;площадка для свадьбы
свадебный торт на человека;219;top;свадебный торт
свадьба в стиле рустик;217;assoc+top;лофт для свадьбы | свадьба в стиле рустик
bnl ресторан москва;217;assoc;банкетный зал москва свадьба
свадьба в стиле рустика;217;top;свадьба в стиле рустик
легкие салаты на праздничный стол рецепты;216;assoc;свадьба без банкета
серебряная свадьба это;215;assoc;свадебные площадки москва
сколько в среднем стоит свадьба;214;top;сколько стоит свадьба
дом в стиле фахверк;211;assoc;особняк для свадьбы
бракосочетание это;209;assoc;место для свадьбы | провести свадьбу | свадьба за городом | как выбрать площадку для свадьбы | идеи для свадьбы
торт на золотую свадьбу;208;assoc;свадебный торт
кафе радуга;206;assoc;ресторан с верандой для свадьбы
свадьба в саду;205;top;свадьба в саду
свадебный торт цена;204;top;свадебный торт
официальная выездная регистрация брака;204;top;выездная регистрация
16 годовщина свадьбы как называется;202;assoc;тайминг свадебного дня
площадка для выездной регистрации;201;top;выездная регистрация
ресторан где свадьбу отметить;200;top;где отметить свадьбу
полный сценарий свадьбы для ведущего;200;top;сценарий свадьбы
сценарий свадьбы для ведущего готовый полный;200;top;сценарий свадьбы
места для свадьбы в москве;199;top;место для свадьбы
свадебный разгром;199;assoc;аренда зала для свадьбы | свадьба на теплоходе | свадьба для двоих | кавер группа на свадьбу
секвестирование бюджета это;199;assoc;свадьба недорого
сколько стоит выступление на свадьбе;199;top;сколько стоит свадьба
дом обручальных колец;198;assoc;коттедж для свадьбы
свадьба на 10 человек;198;top;свадьба на 10 человек
свадебные пригласительные;196;assoc;аренда зала для свадьбы | шатер для свадьбы
сценарий золотой свадьбы;196;top;сценарий свадьбы
свадебная площадка долина;195;top;свадебная площадка
мечел акции цена;194;assoc;стоимость свадьбы | сколько стоит свадьба
кавер группа на свадьбу;194;top;кавер группа на свадьбу
фата свадебная купить;193;assoc;свадьба в шатре
свадьба на 30 человек москва;191;top;свадьба на 30 человек
стиль рустик на свадьбе;191;assoc;свадебный декор
торт свадебный какой;191;top;свадебный торт
что подарить другу на свадьбу недорого;190;top;свадьба недорого
украшение свадебного торта;190;top;свадебный торт
кафе снежинка;188;assoc;ресторан с верандой для свадьбы
ресторан сколько стоит свадьба;188;top;сколько стоит свадьба
сланцевая кровля;187;assoc;свадьба на крыше
можжевельник лайм глоу фото;185;assoc;свадьба новая рига
сценарий свадьбы для тамады;185;top;сценарий свадьбы
композитная кровля;184;assoc;свадьба на крыше
полицией с рублевки;183;assoc;свадьба рублевка
свадебно рф;182;assoc;место для свадьбы | особняк для свадьбы | площадка для свадьбы с проживанием | свадьба на 20 человек | свадьба на 30 человек | свадьба на 50 человек | свадьба на 100 человек | маленькая свадьба | свадьба за городом | загородная свадьба | идеи для свадьбы | стили свадьбы
свадебный макияж и прическа;182;assoc;визажист на свадьбу
сколько стоит продать яйцо;180;assoc;свадьба под ключ цена | стоимость свадьбы
сценарий на свадьбу с конкурсами;180;top;сценарий свадьбы
свадьба в сентябре 2026;180;top;свадьба в сентябре
свадьба в народном стиле;179;top;стили свадьбы
свадебный плейлист;177;assoc;аренда зала для свадьбы | аренда лофта для свадьбы | диджей на свадьбу
skull loft;177;assoc;лофт для свадьбы
как провести годовщину свадьбы;176;top;провести свадьбу
милиционер с рублевки актеры;176;assoc;свадьба рублевка
идеи для годовщины свадьбы;176;top;идеи для свадьбы
выездная регистрация цена;175;top;выездная регистрация
долина площадка для свадьбы;174;top;площадка для свадьбы
декор свадебного стола;174;assoc+top;банкетный зал для свадьбы | веранда для свадьбы | свадьба в оранжерее | свадебный декор
где отметить годовщину свадьбы в москве;172;top;где отметить свадьбу
свадебные украшения для невесты;172;assoc;визажист на свадьбу
ситцевая свадьба это;172;assoc;свадебный флорист
стиль на свадьбу гость;172;top;стили свадьбы
свадебная площадка ранчо;170;top;свадебная площадка
организация свадьбы под;170;top;организация свадьбы
сколько стоит создать сайт;170;assoc;свадьба под ключ цена
свадебная фотосессия в студии;170;assoc;фотограф на свадьбу
белый свадебный торт;170;top;свадебный торт
3 годовщина свадьбы как называется;170;assoc;тайминг свадебного дня
дом в готическом стиле;169;assoc;особняк для свадьбы
свадьба в подмосковье где;169;top;свадьба в подмосковье
можжевельник лайм глоу описание и фото;169;assoc;свадьба новая рига
свадьба на 50 человек москва;168;top;свадьба на 50 человек
сценарий на день свадьбы;168;top;сценарий свадьбы
организация свадьбы ключ;167;top;организация свадьбы
организация свадьбы под ключ;167;top;организация свадьбы | свадьба под ключ
сколько стоит ведущий на свадьбу;167;top;сколько стоит свадьба | ведущий на свадьбу
свадебный портал;166;assoc;площадка для свадьбы | усадьба для свадьбы | площадка для свадьбы с проживанием | свадьба в саду
были белее снега свадебные цветы;166;assoc;свадьба в оранжерее
дом для свадьбы в подмосковье;166;top;свадьба в подмосковье
hide площадка для свадьбы;165;top;площадка для свадьбы
фигурки на свадебный торт;164;top;свадебный торт
выездная регистрация брака в подмосковье;164;top;выездная регистрация
свадебная вечеринка фильм;162;assoc;аренда зала для свадьбы
тост для молодоженов на свадьбе;161;assoc;свадебный торт
тц вега свадебные платья;160;assoc;свадьба в шатре
что подарить на свадьбу молодоженам недорого;160;top;свадьба недорого
лучшие рестораны для свадьбы;158;top;ресторан для свадьбы
свадебный торт на свадьбу;158;top;свадебный торт
сценарий современной свадьбы;158;top;сценарий свадьбы
стиль видео свадьбы;158;top;стили свадьбы
свадебная мода 2026;158;assoc;свадьба в стиле бохо
стоимость свадьбы на человека;156;top;стоимость свадьбы
сколько стоит свадьба в 2026 году;156;top;сколько стоит свадьба
сколько стоит провести свадьбу;153;top;провести свадьбу | сколько стоит свадьба
картинки с бракосочетанием красивые с пожеланиями;153;assoc;свадьба в стиле рустик
песни для первого танца молодоженов на свадьбу;151;assoc;свадебный торт
свадьба в стиле лета;151;top;стили свадьбы
рестораны для камерной свадьбы в москве;150;top;ресторан для свадьбы | камерная свадьба
где можно провести свадьбу;150;top;провести свадьбу
свадебный макияж для невесты;150;assoc;визажист на свадьбу
выездная регистрация в москве площадки;149;top;выездная регистрация
свадебный наряд для невесты;149;assoc;свадьба в стиле бохо
бутерброды на праздничный стол простые и вкусные;147;assoc;свадьба без банкета
свадебная газета;147;assoc;фотограф на свадьбу
годовщина свадьбы для двоих;146;top;свадьба для двоих
декор свадебного торта;146;top;свадебный декор | свадебный торт
свадьба в деревенском стиле;146;top;стили свадьбы
свадьба на 20 человек москва;145;top;свадьба на 20 человек
свадьба в итальянском стиле;145;top;стили свадьбы
ресторан для свадьбы 20;144;top;ресторан для свадьбы
организация свадьбы в москве;144;top;организация свадьбы
что такое годовщина;144;assoc;камерная свадьба
сколько стоит свадьба на 50;144;top;сколько стоит свадьба
проведение свадьбы в подмосковье;142;top;свадьба в подмосковье
свадебные торты 3;141;top;свадебный торт
оформление свадебного стола;140;assoc;банкетный зал для свадьбы | ресторан для свадьбы | веранда для свадьбы | недорогой банкетный зал для свадьбы | свадьба под ключ | рассадка гостей на свадьбе
недорогой ресторан для свадьбы;140;top;ресторан для свадьбы | свадьба недорого
свадебный фуршет;140;assoc;шатер для свадьбы
аренда площадки для свадьбы;139;top;площадка для свадьбы
дом в стиле барокко;139;assoc;особняк для свадьбы
свадьба в подмосковье недорого;138;top;свадьба в подмосковье | свадьба недорого
на телефоне месседж ты не приедешь;138;assoc;выездная регистрация
аренда зала для свадьбы;137;top;аренда зала для свадьбы
свадебная галерея;136;assoc;лофт для свадьбы | шатер для свадьбы
свадьба лимузин недорого;136;top;свадьба недорого
идеи на свадьбу для гостей;136;top;идеи для свадьбы
выездная церемония бракосочетания;135;assoc;свадьба под ключ | видеограф на свадьбу | сценарий свадьбы
оформление свадьбы цветами;135;top;оформление свадьбы
грин хаус площадка для свадьбы;134;top;площадка для свадьбы
свадьба в стиле бохо;134;top;стили свадьбы | свадьба в стиле бохо
свадьба на 100 человек;133;top;свадьба на 100 человек
фотограф на свадьбу цена;133;top;фотограф на свадьбу
оформление зала на свадьбу;133;top;оформление свадьбы
свадьба в сентябре даты;133;top;свадьба в сентябре
четыре свадьбы в стиле вечеринки;133;top;стили свадьбы
стиль одежды на свадьбу;133;top;стили свадьбы
рассадка гостей на свадьбе бесплатно;133;top;рассадка гостей на свадьбе
стили свадеб сценарии;132;top;сценарий свадьбы | стили свадьбы
где отметить свадьбу недорого;131;top;где отметить свадьбу | свадьба недорого
wedding march;131;assoc;яхт клуб свадьба
человек проводящий свадьбу;130;top;провести свадьбу
цвет свадебного торта;130;top;свадебный торт
свадебные площадки в москве и подмосковье;129;top;свадебная площадка | свадебные площадки москва
свадебные песни 2026;129;assoc;аренда лофта для свадьбы
что подарить на годовщину свадьбы недорого;128;top;свадьба недорого
жидкий битум для кровли;127;assoc;свадьба на крыше
сколько стоит свадьба на 50 человек;127;top;свадьба на 50 человек | сколько стоит свадьба
автодор рассчитать стоимость поездки;127;assoc;свадьба под ключ цена
средняя стоимость свадьбы;127;top;стоимость свадьбы
ведущий на свадьбу цена;127;top;ведущий на свадьбу
где провести свадьбу в москве;126;top;провести свадьбу
сырная тарелка на праздничный стол оформление;126;assoc;банкетный зал с панорамными окнами
загородный дом для свадьбы;126;top;загородная свадьба
симс 4 свадебный торт где;126;top;свадебный торт
свадебный торт с доставкой;126;top;свадебный торт
торт на свадьбу 2026;126;assoc;свадебный торт
место для свадьбы в подмосковье;125;top;место для свадьбы | свадьба в подмосковье
музыка для свадебного видео;125;assoc;аренда лофта для свадьбы
сколько стоит свадьба галич;125;top;сколько стоит свадьба
фотограмма;125;assoc;фотограф на свадьбу
итальянский свадебный торт;125;top;свадебный торт
длинный свадебный торт;125;top;свадебный торт
свадебный торт вафельная;125;top;свадебный торт
выездная регистрация брака цена;125;top;выездная регистрация
the sun площадка для свадьбы;124;top;площадка для свадьбы
лофт для свадьбы в москве;124;top;лофт для свадьбы
виды свадебных платьев;124;assoc;свадьба в шатре | свадьба в стиле бохо
лимузин на свадьбу в москве недорого;124;top;свадьба недорого
слова ведущего на свадьбе;124;top;ведущий на свадьбу
свадебные торты 2026 тренды;124;top;свадебный торт
какие проводят свадьбы;123;top;провести свадьбу
что подарить на свадьбу молодоженам оригинальное недорого;123;top;свадьба недорого
с годовщиной бракосочетания;123;assoc;свадьба в сентябре
красивые места для свадьбы;122;top;место для свадьбы
свадебная площадка светлица;121;top;свадебная площадка
loft house;120;assoc;лофт для свадьбы
дом невесты свадебный салон;120;assoc;особняк для свадьбы | коттедж для свадьбы | площадка для свадьбы с проживанием
поздравить молодоженов с бракосочетанием;120;assoc;свадьба в оранжерее | свадьба в сентябре
свадебное агентство вакансии;120;top;свадебное агентство
прикольный сценарий на свадьбу;120;top;сценарий свадьбы
что желают молодоженам;119;assoc;идеи для свадьбы
свадьба на крыше;118;top;свадьба на крыше
пирог кровли из металлочерепицы;118;assoc;свадьба на крыше
свадьба в стиле гринери vs безалкогольная;118;top;стили свадьбы
зал ресторана для свадьбы;117;top;ресторан для свадьбы
таросики на свадьбу что это;117;assoc;свадебные площадки москва
свадьба под ключ цена;117;top;свадьба под ключ | свадьба под ключ цена
свадьба в стиле гринери безалкогольная вечеринка;117;top;стили свадьбы
что такое камертон;116;assoc;камерная свадьба
красивая свадьба недорого;116;top;свадьба недорого
свадебный торт рецепт;116;top;свадебный торт
кафе тандыр;115;assoc;ресторан с верандой для свадьбы
стоимость свадьбы в москве;115;top;стоимость свадьбы
сколько стоит свадьба иды галич;115;top;сколько стоит свадьба
загс выездная регистрация брака;115;top;выездная регистрация
суть выездной регистрации;115;top;выездная регистрация
классический стиль свадьбы;115;top;стили свадьбы
wed wed свадебный сервис;114;assoc;площадка для свадьбы | площадка для свадьбы у воды | визажист на свадьбу
купи продай серафимович;114;assoc;стоимость свадьбы
выездная регистрация стоимость;114;top;выездная регистрация
свадебная площадка симс;113;top;свадебная площадка
загородные площадки для свадьбы;113;top;площадка для свадьбы | загородная свадьба
сколько стоит свадьба клавы коки;113;top;сколько стоит свадьба
свадебные образы 2026;113;assoc;план подготовки к свадьбе | чек лист подготовки к свадьбе | стили свадьбы | свадьба в стиле рустик
четыре свадьбы в стиле вечеринки vs;113;top;стили свадьбы
свадьба человек где отметить;112;top;где отметить свадьбу
аренда свадебного декора;112;assoc+top;свадьба в шатре | свадебный декор
украшения для организации праздников купить;112;assoc;свадьба под ключ | свадьба под ключ цена | свадебный декор
сколько стоит свадьба на 30;112;top;сколько стоит свадьба
где отметить свадьбу вдвоем;111;top;где отметить свадьбу
оформление свадебного зала;110;assoc;ресторан для свадьбы | яхт клуб свадьба | свадьба в стиле рустик | рассадка гостей на свадьбе
как провести свадьбу без свадьбы;110;top;провести свадьбу
заказать свадьбу недорого;110;top;свадьба недорого
свадебная площадка симс 4;109;top;свадебная площадка
остров любви площадка для свадьбы;109;top;площадка для свадьбы
свадьба в сказочном стиле;109;top;стили свадьбы
стиль рустик на свадьбе что это;109;top;стили свадьбы
злк декор;108;assoc;оформление свадьбы
свадьба в стиле гринери vs безалкогольная вечеринка;108;top;стили свадьбы
смешной сценарий свадьбы;107;top;сценарий свадьбы
проводят ли свадьбы;106;top;провести свадьбу
площадки для выездной регистрации брака;106;top;выездная регистрация
поздравление на свадьбу в стиле;106;top;стили свадьбы
четыре свадьбы свадьба в стиле гринери;106;top;стили свадьбы
украшение свадебного зала;105;assoc;ресторан для свадьбы | яхт клуб свадьба
усадьба для свадьбы в подмосковье;105;top;усадьба для свадьбы | свадьба в подмосковье
свадебный торт москва с доставкой;105;top;свадебный торт
сколько стоит выездная регистрация в москве;105;top;выездная регистрация
loft designe;104;assoc;лофт для свадьбы
снять коттедж для свадьбы;104;top;коттедж для свадьбы
рестораны в москве для проведения свадьбы;103;top;ресторан для свадьбы
сколько стоит свадебный торт;103;assoc+top;аренда лофта для свадьбы | свадебный торт
особняк для свадьбы;103;top;особняк для свадьбы
марсель свадебная;103;assoc;шатер для свадьбы | свадьба в шатре
свадебные песни список;102;assoc;площадка для свадьбы | площадка для свадьбы с проживанием | свадьба на природе
свадьба в оранжерее;102;top;свадьба в оранжерее
ресторан свадьба на 50 человек;102;top;свадьба на 50 человек
свадьба сказочная камерная;102;top;камерная свадьба
сколько стоила свадьба галич;102;top;сколько стоит свадьба
свадебный образ жениха;102;assoc;чек лист подготовки к свадьбе | стили свадьбы | свадьба в стиле рустик
свадьба в новом стиле;102;top;стили свадьбы
оригинальный недорогой подарок на свадьбу;101;top;свадьба недорого
свадебный торт на сколько человек;101;top;свадебный торт
площадки для свадеб московская;100;top;площадка для свадьбы
сколько стоила свадьба иды;100;top;сколько стоит свадьба
сценарий проведения свадьбы;100;top;сценарий свадьбы
дни свадеб в сентябре;100;top;свадьба в сентябре
как провожают пароходы текст;99;assoc;свадьба на теплоходе
свадебный торт заказ доставкой;99;top;свадебный торт
свадебный торт купить москва;99;top;свадебный торт
свадьба на природе в подмосковье;98;top;свадьба на природе | свадьба в подмосковье
сколько стоит свадьба на 30 человек;98;top;свадьба на 30 человек | сколько стоит свадьба
свадьба платье недорого;98;top;свадьба недорого
сценарий на свадьбу для ведущего;98;top;ведущий на свадьбу
оформление стола на свадьбу;98;top;оформление свадьбы
свадебный организатор москва;98;top;свадебный организатор
готовый сценарий на свадьбу;98;top;сценарий свадьбы
сценарий свадьбы дома;98;top;сценарий свадьбы
мужской стиль на свадьбу;98;top;стили свадьбы
площадки для свадьбы московская область;97;top;площадка для свадьбы
банкетный зал для свадьбы подмосковье;97;top;банкетный зал для свадьбы
что такое конгресс;97;assoc;камерная свадьба
что можно подарить на свадьбу недорого;97;top;свадьба недорого
рассадка гостей на свадьбу онлайн бесплатно;97;top;рассадка гостей на свадьбе
аренда шатра для свадьбы;96;top;шатер для свадьбы
аренда шатров для свадьбы;96;top;шатер для свадьбы
аренда шатров шатры для свадьбы;96;top;шатер для свадьбы
отражатель для фотосъемки;96;assoc;фотограф на свадьбу
свадебные агентства отзывы;96;top;свадебное агентство
свадебный торт с цветами;96;top;свадебный торт
проводим ресторан свадьба;95;top;провести свадьбу
шатров для свадьбы подмосковье;95;top;шатер для свадьбы
букет на свадьбу маленький;95;top;маленькая свадьба
рестораны проводящие свадьбы;94;top;провести свадьбу
камерный формат свадьбы;94;top;камерная свадьба
каким бы малым ни был мой народ;94;assoc;маленькая свадьба
каравай на свадьбу недорого;94;top;свадьба недорого
выездная регистрация 2026;94;top;выездная регистрация
спец предложение для молодоженов;94;assoc;как выбрать площадку для свадьбы
стили свадеб 2026;94;top;стили свадьбы
стили свадьбы москва;94;top;стили свадьбы
свадьба в стиле 90х;94;top;стили свадьбы
сколько стоит фотограф на свадьбу;93;top;сколько стоит свадьба | фотограф на свадьбу
сколько стоила свадьба иды галич;93;top;сколько стоит свадьба
арка для выездной регистрации;93;top;выездная регистрация
сколько стоит выездная регистрация брака в москве;93;top;выездная регистрация
площадка для свадьбы на природе;92;top;площадка для свадьбы | свадьба на природе
дешовый или дешевый правило;92;assoc;свадьба недорого
цвета оформления свадьбы;92;top;оформление свадьбы
торт свадебный на заказ москва с доставкой;92;top;свадебный торт
свадебный торт 2;92;top;свадебный торт
выездная регистрация московская область;92;top;выездная регистрация
аренда ресторана для свадьбы;91;top;ресторан для свадьбы
свадьба в сказочном стиле камерная свадьба;91;top;камерная свадьба | стили свадьбы
yalong bay villas spa 5 отзывы;91;assoc;свадьба новая рига
сколько стоит подать заявление в загс;91;assoc;свадьба под ключ цена
свадебная музыка в загсе;91;assoc;диджей на свадьбу
где купить свадебный торт;91;top;свадебный торт
стайлинг для волос что это такое;91;assoc;свадебный стилист
свадьба в русском народном стиле;91;top;стили свадьбы
отметить свадьбу в подмосковье;90;top;свадьба в подмосковье
свадьба в отеле подмосковье;90;top;свадьба в подмосковье
локации для свадьбы в подмосковье;90;top;свадьба в подмосковье
свадьба зал недорого;90;top;свадьба недорого
идеи подарков для гостей на свадьбу;90;top;идеи для свадьбы
лесные свадебные площадки;89;top;свадебная площадка
ресторан для свадьбы на 20 человек;89;top;ресторан для свадьбы | свадьба на 20 человек
свадебное поздравление молодоженам своими словами;89;assoc;видеограф на свадьбу
свадебный торт самому;89;top;свадебный торт
свадебный торт с ягодами;89;top;свадебный торт
свадебный торт ярусный;89;top;свадебный торт
лучшие площадки для свадьбы;88;top;площадка для свадьбы
усадьба для проведения свадьбы;88;top;усадьба для свадьбы
шатры для свадьбы в подмосковье;88;top;шатер для свадьбы | свадьба в шатре | свадьба в подмосковье
коттеджи для свадьбы в подмосковье;88;top;коттедж для свадьбы | свадьба в подмосковье
свадьба на теплоходе цены;88;top;свадьба на теплоходе
кафе на рождественской;88;assoc;ресторан с верандой для свадьбы
нахлест профлиста для кровли;88;assoc;свадьба на крыше
официальная выездная регистрация москва;88;top;выездная регистрация
второй день свадьбы в стиле;88;top;стили свадьбы
сколько сейчас стоит свадьба;87;top;сколько стоит свадьба
современный стиль свадьбы;87;top;стили свадьбы
стили платьев для свадьбы;87;top;стили свадьбы
где отметить годовщину свадьбы вдвоем;86;top;где отметить свадьбу
свадебные банкеты на человек;86;top;свадебный банкет
свадебные бокалы для жениха и невесты;86;assoc;свадьба на теплоходе | свадьба для двоих | свадьба в стиле бохо
недорогой подарок на свадьбу молодоженам;86;top;свадьба недорого
сколько стоит лицензия на продажу алкоголя;86;assoc;свадьба под ключ цена
красивые рестораны для свадьбы;85;top;ресторан для свадьбы
ресторан для свадьбы на 30;85;top;ресторан для свадьбы
ресторан для свадьбы на 30 человек;85;top;ресторан для свадьбы | свадьба на 30 человек
свадебный банкет в москве;85;top;свадебный банкет
велтон клаб отель и апартаменты;85;assoc;свадьба новая рига
почему аренда такая дешевая читать;85;assoc;свадьба недорого
фотограф на свадьбу на осень екатеринбург;85;top;фотограф на свадьбу
декор для сада своими руками;85;assoc;оформление свадьбы
свадебные площадки на природе;84;top;свадебная площадка
свадьба на теплоходе в москве цена;84;top;свадьба на теплоходе
что подарить недорогое на золотую свадьбу;84;top;свадьба недорого
декордизайн;84;assoc;свадебный декор | оформление свадьбы
стили свадебных тортов;84;top;свадебный торт
свадьба в стиле гэтсби;84;top;стили свадьбы
свадебные площадки московская область;83;top;свадебная площадка
площадки для проведения свадьбы в москве;83;top;площадка для свадьбы
сколько стоит сыграть свадьбу в 2026;83;top;сколько стоит свадьба
сколько стоит снять свадьбу;83;top;сколько стоит свадьба
create design n decor;83;assoc;свадебный декор | оформление свадьбы
самые свадебные торты;83;top;свадебный торт
красивые грядки на даче;82;assoc;загородный клуб для свадьбы
свадьба без банкета;82;top;свадьба без банкета
официальная выездная регистрация брака в москве;82;top;выездная регистрация
свадьба в стиле костюмы;82;top;стили свадьбы
ресторан для празднования свадьбы;81;top;ресторан для свадьбы
где взять свадебный торт;81;top;свадебный торт
с днем свадьбы стиль;81;top;стили свадьбы
план рассадки гостей на свадьбе шаблон;81;top;рассадка гостей на свадьбе
можно ли проводить свадьбу;79;top;провести свадьбу
свадьба в сказочном стиле vs камерная;79;top;камерная свадьба | стили свадьбы
усадьба выездная регистрация;79;top;выездная регистрация
сценарий серебряной свадьбы;79;top;сценарий свадьбы
площадка для свадьбы у воды;78;top;площадка для свадьбы | площадка для свадьбы у воды
провести свадьбу в подмосковье;78;top;провести свадьбу | свадьба в подмосковье
как провести день свадьбы;78;top;провести свадьбу
свадьба в яхт клубе;78;top;яхт клуб свадьба
american wedding frank ocean;78;assoc;яхт клуб свадьба
свадьба под ключ на 30 человек;78;top;свадьба на 30 человек | свадьба под ключ
что значит камерная свадьба;78;top;камерная свадьба
оформление свадебного торта;78;top;свадебный торт
свадебный торт сколько кг;78;top;свадебный торт
благоприятные для свадьбы в сентябре;78;top;свадьба в сентябре
свадьба на 30 человек в подмосковье;77;top;свадьба на 30 человек | свадьба в подмосковье
снять фотографа на свадьбу;77;top;фотограф на свадьбу
оформление свадьбы фото;77;top;оформление свадьбы
ильинское застолье рецепты пирогов;76;assoc;банкетный зал с панорамными окнами
свадебные торты на заказ в москве;76;top;свадебный торт
сценарий для свадьбы ведущему с конкурсами;76;top;сценарий свадьбы
кафе ресторан для свадьбы;75;top;ресторан для свадьбы
свадьба в истре;75;top;свадьба истра
купить каравай на свадьбу в москве недорого;75;top;свадьба недорого
свадебные торт домашние;75;top;свадебный торт
свадебный торт со;75;top;свадебный торт
выездная регистрация брака стоимость;75;top;выездная регистрация
week планировщик;75;assoc;план подготовки к свадьбе
четыре свадьбы в стиле гринери безалкогольная вечеринка;75;top;стили свадьбы
свадебная площадка лесной берег;74;top;свадебная площадка
рестораны где можно отметить свадьбу;74;top;где отметить свадьбу
рестораны москвы где отметить свадьбу;74;top;где отметить свадьбу
рестораны москвы для свадьбы на 20;74;top;ресторан для свадьбы
рестораны москвы для свадьбы на 20 человек;74;top;ресторан для свадьбы | свадьба на 20 человек
собачья свадьба что это;74;assoc;свадебные площадки москва
видео сценариев свадеб;74;top;сценарий свадьбы
сценарий дня свадьбы прикольный;74;top;сценарий свадьбы
выкуп сценарий на свадьбу современные;73;top;сценарий свадьбы
свадьба в славянском стиле;73;top;стили свадьбы
стиль невесты на свадьбу;73;top;стили свадьбы
свадебная площадка озеро;72;top;свадебная площадка
провести свадьбу ведущим;72;top;провести свадьбу
усадьбы для свадьбы в москве;72;top;усадьба для свадьбы
свадьба на 50 человек под ключ;72;top;свадьба на 50 человек | свадьба под ключ
можжевельник голден флейм;72;assoc;свадьба новая рига
что подарить родителям на свадьбу недорого;72;top;свадьба недорого
сколько стоила свадьба коки;72;top;сколько стоит свадьба
сколько стоит сделать свадьбу;72;top;сколько стоит свадьба
свадебный торт своими руками;72;top;свадебный торт
места для выездной регистрации;72;top;выездная регистрация
площадка для камерной свадьбы;71;top;площадка для свадьбы | камерная свадьба
были белее снега свадебные цветы слушать;71;assoc;свадьба в оранжерее
свадьба на природе москва;71;top;свадьба на природе
заказать недорогой лимузин на свадьбу;71;top;свадьба недорого
свадебное агентство воздух;71;top;свадебное агентство
кавер группа на свадьбу москва;71;top;кавер группа на свадьбу
выездная регистрация цены москва;71;top;выездная регистрация
шервуд площадка для свадьбы;70;top;площадка для свадьбы
что такое сочельник;70;assoc;камерная свадьба
полицейский с рублевки свадьба;70;top;свадьба рублевка
недорогая свадьба цена;70;top;свадьба недорого
недорогой костюм на свадьбу;70;top;свадьба недорого
стоимость ресторана свадьба;70;top;стоимость свадьбы
свадебный торт в домашних условиях;70;top;свадебный торт
свадебный торт невеста;70;top;свадебный торт
вес свадебного торта;70;top;свадебный торт
свадьба какой бюджет;70;top;бюджет свадьбы
озеро площадка для свадьбы;69;top;площадка для свадьбы
ресторан для свадьбы топ;69;top;ресторан для свадьбы
меню на праздничный стол дома;69;assoc;свадебный банкет | загородный клуб для свадьбы | коттедж для свадьбы | свадьба на 10 человек | свадьба без банкета
anna kuznetsova свадебные платья;69;assoc;аренда лофта для свадьбы
музей городская панорама;69;assoc;банкетный зал с панорамными окнами
загородный отель для свадьбы;69;top;загородная свадьба
фмфи истра;69;assoc;свадьба истра
сколько стоила свадьба клавы коки;69;top;сколько стоит свадьба
сколько примерно стоит свадьба;69;top;сколько стоит свадьба
свадебный декор цвета;69;top;свадебный декор
свадебный торт пирог;69;top;свадебный торт
свадебный каравай своими руками в домашних условиях;69;assoc;чек лист подготовки к свадьбе
сценарий свадьбы 2;69;top;сценарий свадьбы
прикольный свадьба сценарий тамада;69;top;сценарий свадьбы
даты для свадьбы в сентябре 2026;69;top;свадьба в сентябре
идеи для подарка на годовщину свадьбы;69;top;идеи для свадьбы
организация свадеб москва под ключ;68;top;организация свадьбы | свадьба под ключ
организация свадьбы ключ москва;68;top;организация свадьбы
мясная тарелка на праздничный стол;68;assoc;банкетный зал с панорамными окнами
залы на свадьбу на 30 человек;68;top;свадьба на 30 человек
свадьба на 30 человек зал;68;top;свадьба на 30 человек
недорогое вино на свадьбу;68;top;свадьба недорого
сколько стоит иванушки на свадьбу;68;top;сколько стоит свадьба
ezwed свадебное агентство;68;top;свадебное агентство
как украсить свадебный торт;68;top;свадебный торт
выездная регистрация брака в москве площадки 2026;68;top;выездная регистрация
выездная регистрация в москве площадки 2026;68;top;выездная регистрация
свадебный календарь;68;assoc;свадьба в сентябре
свадьба в морском стиле;68;top;стили свадьбы
дом у леса свадебная площадка;67;top;свадебная площадка
ресторан для свадьбы цены;67;top;ресторан для свадьбы
торт свадебный трехъярусный;67;top;свадебный торт
большой свадебный торт;67;top;свадебный торт
свадебные торты видео;67;top;свадебный торт
выездная регистрация где;67;top;выездная регистрация
4 свадьбы свадьба в стиле гринери;67;top;стили свадьбы
недорогие площадки для свадьбы;66;top;площадка для свадьбы | свадьба недорого
где отметить свадьбу вдвоем москва;66;top;где отметить свадьбу
снять дом для свадьбы в подмосковье;66;top;свадьба в подмосковье
заказать лимузин на свадьбу в москве недорого;66;top;свадьба недорого
отпраздновать свадьбу недорого;66;top;свадьба недорого
стоимость свадьбы в 2026;66;top;стоимость свадьбы
фотограф и видеограф на свадьбу;66;top;фотограф на свадьбу | видеограф на свадьбу
свадебные агентства wedding;66;top;свадебное агентство
красивый свадебный торт;66;top;свадебный торт
свадьба в сентябре приметы;66;top;свадьба в сентябре
печать рассадки гостей на свадьбу;66;top;рассадка гостей на свадьбе
свадебная площадка house for wedding;65;top;свадебная площадка
ресторан для свадьбы москва на 30;65;top;ресторан для свадьбы
рестораны москвы для свадьбы на 30 человек;65;top;ресторан для свадьбы | свадьба на 30 человек
ресторан для свадьбы спб;65;top;ресторан для свадьбы
сколько стоит торжественная регистрация брака в загсе;65;assoc;аренда зала для свадьбы
как провести свадьбу вдвоем;65;top;провести свадьбу
четыре свадьбы камерная свадьба;65;top;камерная свадьба
что такое зодчество;65;assoc;камерная свадьба
подарки на свадьбу молодоженам оригинальные и недорогие;65;top;свадьба недорого
оформление президиума на свадьбу;65;assoc+top;свадебный декор | оформление свадьбы
дарси свадебное агентство;65;top;свадебное агентство
суть свадебного торта;65;top;свадебный торт
как оформить выездную регистрацию;65;top;выездная регистрация
выездная регистрация брака официально цена;65;top;выездная регистрация
госуслуги выездная регистрация;65;top;выездная регистрация
сценарий на юбилей свадьбы;65;top;сценарий свадьбы
платье для росписи в загсе без торжества;65;assoc;свадьба в стиле бохо
свадьба на природе где;64;top;свадьба на природе
маленькие гости на свадьбе;64;top;маленькая свадьба
купить для свадьбы недорого;64;top;свадьба недорого
кравец свадебное агентство;64;top;свадебное агентство
wed wed свадебное агентство;64;top;свадебное агентство
литовский свадебный торт;64;top;свадебный торт
свадебный торт жених невеста;64;top;свадебный торт
свадебные выездные регистрации;64;top;выездная регистрация
сценарий выкупа невесты на свадьбу современный;64;top;сценарий свадьбы
фальцевые панели для кровли;63;assoc;свадьба на крыше
сколько стоит тамада на свадьбу;63;top;сколько стоит свадьба
фотограф на свадьбу на час;63;top;фотограф на свадьбу
фотограф на часы на свадьбу;63;top;фотограф на свадьбу
лучший месяц для свадьбы;63;top;лучший месяц для свадьбы
конструктор рассадки гостей на свадьбу;63;top;рассадка гостей на свадьбе
где отметить лет свадьбы;62;top;где отметить свадьбу
ресторан для годовщины свадьбы;62;top;ресторан для свадьбы
дизайн свадебного торта;62;top;свадебный торт
выездная регистрация брака в москве цена;62;top;выездная регистрация
сценарий свадьбы в узком;62;top;сценарий свадьбы
сценарий свадьбы в узком кругу;62;top;сценарий свадьбы
свадьба в семье сценарий;62;top;сценарий свадьбы
сценарий свадьбы 2026;62;top;сценарий свадьбы
свадебные даты по годам;62;assoc;свадьба в сентябре | лучший месяц для свадьбы
свадебные площадки усадьба;61;top;свадебная площадка
снять ресторан для свадьбы;61;top;ресторан для свадьбы
wedding awards russia;61;assoc;свадьба в саду
свадьба на рублевке;61;top;свадьба рублевка
сколько стоит киркоров на свадьбу;61;top;сколько стоит свадьба
смета онлайн бесплатно сделать смету;61;assoc;сколько стоит свадьба
видеограф на свадьбу в москве;61;top;видеограф на свадьбу
свадебный декор садовод;61;top;свадебный декор
камеди свадебное агентство;61;top;свадебное агентство
фото свадебного торта двухъярусного;61;top;свадебный торт
сценарий золотой свадьбы домашних сценарий;61;top;сценарий свадьбы
лучше свадьбу в сентябре;61;top;свадьба в сентябре
четыре свадьбы свадьба в сказочном стиле;61;top;стили свадьбы
голливудский стиль свадьбы;61;top;стили свадьбы
сайт для рассадки гостей на свадьбе;61;top;рассадка гостей на свадьбе
площадки для свадьбы в москве и подмосковье;60;top;площадка для свадьбы | площадка для свадьбы подмосковье | свадьба в подмосковье
где провести свадьбу в подмосковье;60;top;провести свадьбу | свадьба в подмосковье
подарок для двоих на свадьбу;60;top;свадьба для двоих
залы для свадьбы в подмосковье;60;top;свадьба в подмосковье
стили свадьба оформление;60;top;оформление свадьбы | стили свадьбы
вынос свадебного торта;60;top;свадебный торт
свадебный торт 2026 фото;60;top;свадебный торт
сценарий на свадьбу с конкурсами готовый;60;top;сценарий свадьбы
хайд площадка для свадеб;59;top;площадка для свадьбы
годовщина свадьбы в подмосковье;59;top;свадьба в подмосковье
что подарить родственникам на свадьбу недорого;59;top;свадьба недорого
свадебный декор москва;59;top;свадебный декор
свадебный декор купить;59;top;свадебный декор
сценарии свадьбы в кругу семьи;59;top;сценарий свадьбы
празднество это;59;assoc;идеи для свадьбы
стиль на свадьбу для мужчин;59;top;стили свадьбы
площадка для свадьбы в лесу;58;top;площадка для свадьбы | свадьба в лесу
свадьба на 10 человек москва;58;top;свадьба на 10 человек
свадьба маленькой компанией;58;top;маленькая свадьба
3года в браке какая свадьба;58;assoc;свадьба для двоих
что подарить на годовщину свадьбы друзьям недорого;58;top;свадьба недорого
недорогая свадьба идеи;58;top;свадьба недорого
секвестр бюджета это;58;assoc;свадьба недорого
услуги фотографа на свадьбу;58;top;фотограф на свадьбу
выбрать свадебный торт;58;top;свадебный торт
размер свадебного торта;58;top;свадебный торт
начинки для свадебного торта;58;top;свадебный торт
выход на выездной регистрации;58;top;выездная регистрация
четыре свадьбы бюджет;58;top;бюджет свадьбы
сценарий поздравления на свадьбу;58;top;сценарий свадьбы
четыре свадьбы свадьба в стиле рустик;58;top;стили свадьбы | свадьба в стиле рустик
карточки для рассадки гостей на свадьбе;58;top;рассадка гостей на свадьбе
рассадка гостей на свадьбе онлайн конструктор;58;top;рассадка гостей на свадьбе
схема рассадки гостей на свадьбе;58;top;рассадка гостей на свадьбе
площадка любовь свадебная;57;top;свадебная площадка
онегин свадебная площадка;57;top;свадебная площадка
свадебная площадка ботаника;57;top;свадебная площадка
топ площадок для свадьбы;57;top;площадка для свадьбы
лучшие места для свадьбы;57;top;место для свадьбы
банкетный зал для свадьбы 30;57;top;банкетный зал для свадьбы
рестораны для свадьбы в подмосковье;57;top;ресторан для свадьбы | свадьба в подмосковье
что такое седмица;57;assoc;камерная свадьба
банкетный зал в подмосковье свадьба;57;top;свадьба в подмосковье
недорогие залы для свадьбы;57;top;свадьба недорого
свадебное агентство свадьба;57;top;свадебное агентство
фото свадебных тортов одноярусные;57;top;свадебный торт
сценарий свадьбы 90;57;top;сценарий свадьбы
сценарий свадьбы в домашнем кругу;57;top;сценарий свадьбы
сценарии свадьбы 50;57;top;сценарий свадьбы
сценарии свадьбы прикольные конкурсы;57;top;сценарий свадьбы
давыдково свадебная площадка;56;top;свадебная площадка
московские рестораны для свадьбы;56;top;ресторан для свадьбы
ресторан для свадьбы в москве недорого;56;top;ресторан для свадьбы | свадьба недорого
что такое мещанство;56;assoc;камерная свадьба
свадебные поздравления своими словами короткие и красивые;56;assoc;маленькая свадьба | свадьба в стиле рустик
сколько стоит свадьба димы масленникова;56;top;сколько стоит свадьба
свадебные торты картинки;56;top;свадебный торт
самый самый сценарий свадьбы;56;top;сценарий свадьбы
стили свадеб какие бывают;56;top;стили свадьбы
forest dew свадебная площадка;55;top;свадебная площадка
аренда свадебной площадки;55;top;свадебная площадка
где можно отметить свадьбу в москве;55;top;где отметить свадьбу
где отметить свадьбу в подмосковье;55;top;где отметить свадьбу | свадьба в подмосковье
банкетные залы для свадьбы в подмосковье;55;top;банкетный зал для свадьбы | свадьба в подмосковье
свадебные загадки;55;assoc;свадьба в шатре
банкетный зал на свадьбу 30 человек;55;top;свадьба на 30 человек
камерная свадьба под ключ;55;top;камерная свадьба | свадьба под ключ
маленькая невеста свадьба;55;top;маленькая свадьба
снять недорого свадьбу;55;top;свадьба недорого
фотограф на свадьбу недорого;55;top;свадьба недорого | фотограф на свадьбу
ведущие на свадьбу область;55;top;ведущий на свадьбу
ведущий на свадьбу молодоженам;55;top;ведущий на свадьбу
оформление свадьбы шарами;55;top;оформление свадьбы
свадебный торт заказать москва;55;top;свадебный торт
сценарий на годовщину свадьбы;55;top;сценарий свадьбы
свадьба второй день сценарий прикольный;55;top;сценарий свадьбы
сценарий второго дня свадьбы прикольный;55;top;сценарий свадьбы
сценарий золотой свадьбы в домашних условиях;55;top;сценарий свадьбы
благоприятные дни для свадьбы в сентябре;55;top;свадьба в сентябре
свадьба в стиле рустик vs;55;top;стили свадьбы | свадьба в стиле рустик
четыре свадьбы в голливудском стиле;55;top;стили свадьбы
стеклянная площадка для свадьбы;54;top;площадка для свадьбы
банкетные залы для свадьбы 30 человек;54;top;банкетный зал для свадьбы
банкетный зал для свадьбы 30 человек;54;top;банкетный зал для свадьбы
канапешки на праздничный стол рецепты;54;assoc;банкетный зал с панорамными окнами
ведущий на свадьбу москва цены;54;top;ведущий на свадьбу
вопросы ведущему на свадьбу;54;top;ведущий на свадьбу
никакого праздника видео;54;assoc;видеограф на свадьбу
готовые свадебные торты;54;top;свадебный торт
свадебный стилист москва;54;top;свадебный стилист
песни на выездную регистрацию;54;top;выездная регистрация
20 свадьба сценарий;54;top;сценарий свадьбы
свадьба в стиле мафии;54;top;стили свадьбы
сделать рассадку гостей на свадьбу;54;top;рассадка гостей на свадьбе
свадебные площадки у воды;53;top;свадебная площадка
меню на свадьбу на 30 человек;53;top;свадьба на 30 человек
маленький подарок на свадьбу;53;top;маленькая свадьба
кафе для свадьбы недорого;53;top;свадьба недорого
сколько в среднем стоит свадьба в москве;53;top;сколько стоит свадьба
сколько стоит салют на свадьбу;53;top;сколько стоит свадьба
нужен ведущий на свадьбу;53;top;ведущий на свадьбу
ведущий и диджей на свадьбу;53;top;ведущий на свадьбу | диджей на свадьбу
нужен свадебный торт;53;top;свадебный торт
вкусы свадебных тортов;53;top;свадебный торт
выездная регистрация в парке;53;top;выездная регистрация
протокол совещания пример оформления;53;assoc;чек лист подготовки к свадьбе
свадьба в стиле минимализм;53;top;стили свадьбы
свадьба в черном стиле;53;top;стили свадьбы
ресторан для свадебного банкета;52;top;свадебный банкет
как провести годовщину свадьбы вдвоем;52;top;провести свадьбу
свадебные конкурсы для гостей;52;assoc;веранда для свадьбы | яхт клуб свадьба | свадьба для двоих | ведущий на свадьбу | кавер группа на свадьбу
аренда теплохода на свадьбу;52;top;свадьба на теплоходе
четыре свадьбы сказочная vs камерная;52;top;камерная свадьба
ocean view resort yalong bay 5 отзывы;52;assoc;свадьба новая рига
отметить свадьбу в москве недорого;52;top;свадьба недорого
свадьба под ключ москва и подмосковье;52;top;свадьба под ключ
видео ведущих на свадьбах;52;top;ведущий на свадьбу
оформление свадеб москва;52;top;оформление свадьбы
свадебный торт два;52;top;свадебный торт
свадебный торт мастика;52;top;свадебный торт
свадебный образ невесты 2026;52;assoc;план подготовки к свадьбе | чек лист подготовки к свадьбе | стили свадьбы | свадьба в стиле рустик
свадьба игры сценарии;52;top;сценарий свадьбы
сценарий свадьбы для близких;52;top;сценарий свадьбы
годовщины свадьбы в стиле;52;top;стили свадьбы
ранчо давыдково свадебная площадка;51;top;свадебная площадка
онегин площадка для свадьбы;51;top;площадка для свадьбы
рестораны для свадьбы московская область;51;top;ресторан для свадьбы
где провести свадьбу недорого;51;top;провести свадьбу | свадьба недорого
маленькая свадьба москва;51;top;маленькая свадьба
загородные в подмосковье для свадьбы;51;top;свадьба в подмосковье | загородная свадьба
купить недорогое платья на свадьбу;51;top;свадьба недорого
сколько стоит свадьба в середниково;51;top;сколько стоит свадьба
сколько стоит сыграть свадьбу в 2026 году;51;top;сколько стоит свадьба
где купить свадебный торт симс;51;top;свадебный торт
как сделать свадебный торт;51;top;свадебный торт
свадебный флорист;51;top;свадебный флорист
выездная регистрация брака в московской области;51;top;выездная регистрация
готовый свадьба сценарий тамада;51;top;сценарий свадьбы
идеи для девичника перед свадьбой;51;top;идеи для свадьбы
свадьба в стиле рок;51;top;стили свадьбы
где отметить годовщину свадьбы в москве вдвоем;50;top;где отметить свадьбу
недорогие банкетные залы для свадьбы;50;top;банкетный зал для свадьбы | свадьба недорого | недорогой банкетный зал для свадьбы
недорогой банкетный зал для свадьбы;50;top;банкетный зал для свадьбы | свадьба недорого | недорогой банкетный зал для свадьбы
рестораны для свадьбы 15 человек;50;top;ресторан для свадьбы
свадьба на 10 человек ресторан;50;top;свадьба на 10 человек
красивая свадьба в подмосковье;50;top;свадьба в подмосковье
банкетные для свадеб недорого;50;top;свадьба недорого
свадьба под ключ 20 человек;50;top;свадьба под ключ
ведущий человек на свадьбу;50;top;ведущий на свадьбу
речь ведущего на свадьбе;50;top;ведущий на свадьбу
идеи для свадебной фотосессии;50;assoc;фотограф на свадьбу | свадьба в стиле бохо
свадебный торт 6;50;top;свадебный торт
свадебный торт лучшее;50;top;свадебный торт
как проходит выездная регистрация;50;top;выездная регистрация
выход невесты на выездной регистрации;50;top;выездная регистрация
где отметить день свадьбы;49;top;где отметить свадьбу
где можно отметить свадьбу недорого;49;top;где отметить свадьбу | свадьба недорого
алкоголь на 50 человек на свадьбу;49;top;свадьба на 50 человек
свадьба на 100 человек москва;49;top;свадьба на 100 человек
как выглядит кларнет;49;assoc;камерная свадьба
wedding nasheed;49;assoc;свадьба для двоих
оформление бутылок на свадьбу;49;top;оформление свадьбы
оформление свадьбы своими руками;49;top;оформление свадьбы
надпись на свадебный торт;49;top;свадебный торт
загс москва выездная регистрация;49;top;выездная регистрация
выездные площадки для регистрации брака в москве;49;top;выездная регистрация
день свадьба сценарий тамада;49;top;сценарий свадьбы
сценарий тамады второго дня свадьбы;49;top;сценарий свадьбы
современная свадьба сценарий конкурсы;49;top;сценарий свадьбы
идеи для конкурсов на свадьбу;49;top;идеи для свадьбы
свадьба в белом стиле;49;top;стили свадьбы
green house свадебная площадка;48;top;свадебная площадка
где отметить свадьбу в москве недорого;48;top;где отметить свадьбу | свадьба недорого
как проводят год свадьбы;48;top;провести свадьбу
свадьба под ключ на 20 человек;48;top;свадьба на 20 человек
маленькие дети на свадьбе;48;top;маленькая свадьба
маленькая годовщина свадьбы;48;top;маленькая свадьба
свадьба в подмосковье цена;48;top;свадьба в подмосковье
загородная свадьба москва;48;top;загородная свадьба
сколько стоит группа на свадьбу;48;top;сколько стоит свадьба
стилист визажист на свадьбу;48;top;визажист на свадьбу
сценарий свадьбы тамады в домашнем условии;48;top;сценарий свадьбы
свадьба в греческом стиле;48;top;стили свадьбы
план рассадки гостей на свадьбе онлайн;48;top;рассадка гостей на свадьбе
ресторан для свадьбы 10 человек;47;top;ресторан для свадьбы
место где провести свадьбу;47;top;провести свадьбу
маленькая свадьба ресторан;47;top;маленькая свадьба
мкдц платные услуги;47;assoc;свадьба под ключ цена
стоимость свадьбы в 2026 году;47;top;стоимость свадьбы
где взять свадебный торт в симс;47;top;свадебный торт
кусок свадебного торта;47;top;свадебный торт
сценарий на день свадьбы с конкурсами;47;top;сценарий свадьбы
сценарий свадьбы без тамады для самых;47;top;сценарий свадьбы
сценарий свадьбы для самых близких;47;top;сценарий свадьбы
свадьба в стиле барокко;47;top;стили свадьбы
молодежный стиль свадьбы;47;top;стили свадьбы
ресторан на природе для свадьбы;46;top;ресторан для свадьбы | свадьба на природе
ресторан для свадеб небольшой;46;top;ресторан для свадьбы
банкетный ресторан для свадьбы;46;top;ресторан для свадьбы
организация свадьбы для двоих;46;top;организация свадьбы | свадьба для двоих
мужские недорогие свадьбу недорогие костюмы мужские;46;top;свадьба недорого
сколько стоит сыграть свадьбу в москве;46;top;сколько стоит свадьба
сколько стоит золотая свадьба;46;top;сколько стоит свадьба
свадебный торт 2 яруса;46;top;свадебный торт
выездная регистрация брака госуслуги;46;top;выездная регистрация
сценарий домашней свадьбы без тамады;46;top;сценарий свадьбы
сценарий свадьбы без тамады в домашних условиях;46;top;сценарий свадьбы
свадьба сценарии 25;46;top;сценарий свадьбы
свадьба в вампирском стиле;46;top;стили свадьбы
boho style;46;assoc;свадьба в стиле бохо
макет рассадки гостей на свадьбе;46;top;рассадка гостей на свадьбе
создать рассадку гостей на свадьбу;46;top;рассадка гостей на свадьбе
площадка для свадьбы красногорск;45;top;площадка для свадьбы
зал для камерной свадьбы;45;top;камерная свадьба
залы для камерной свадьбы;45;top;камерная свадьба
маленькое поздравление на свадьбу;45;top;маленькая свадьба
золотая свадьба в подмосковье;45;top;свадьба в подмосковье
свадьба в подмосковье у воды;45;top;свадьба в подмосковье
сколько стоит баста на свадьбу;45;top;сколько стоит свадьба
где взять свадебный торт в симс 4;45;top;свадебный торт
как сделать выездную регистрацию;45;top;выездная регистрация
официальная выездная регистрация брака в подмосковье;45;top;выездная регистрация
сценарий 50 лет свадьбы;45;top;сценарий свадьбы
сценарии свадьбы для родных;45;top;сценарий свадьбы
сценарии свадьбы без тамады для близких;45;top;сценарий свадьбы
сценарий свадьбы без тамады для самых близких;45;top;сценарий свадьбы
сценарий свадьбы тамады для самых близких;45;top;сценарий свадьбы
свадьба в тюремном стиле;45;top;стили свадьбы
шатер в аренду для свадьбы;44;top;свадьба в шатре
свадьба маленькой девочки;44;top;маленькая свадьба
сколько стоит свадьба в подмосковье;44;top;свадьба в подмосковье | сколько стоит свадьба
сколько стоит свадьба под ключ;44;top;свадьба под ключ | сколько стоит свадьба
сколько стоит арендовать свадьбу;44;top;сколько стоит свадьба
сколько стоит мот на свадьбу;44;top;сколько стоит свадьба
сколько стоила свадьба масленникова;44;top;сколько стоит свадьба
сколько стоит свадьба в коломенском;44;top;сколько стоит свадьба
сколько стоит организовать свадьбу;44;top;сколько стоит свадьба
московский ведущий на свадьбу;44;top;ведущий на свадьбу
свадебный организатор вакансии;44;top;свадебный организатор
свадебное агентство москва вакансии;44;top;свадебное агентство
торт итальянский пирог свадебный;44;top;свадебный торт
торт свадебный круглый;44;top;свадебный торт
в каком документе изложен порядок аттестации сварщиков;44;assoc;чек лист подготовки к свадьбе
сценарий корпоратива дня рождения свадьбы;44;top;сценарий свадьбы
сценарий второго дня свадьбы конкурсы;44;top;сценарий свадьбы
поздравление с днем свадьбы в стиле;44;top;стили свадьбы
ида галич свадьба в стиле;44;top;стили свадьбы
lichi свадебная коллекция;44;assoc;свадьба в стиле рустик
рассадка гостей на свадьбе столы;44;top;рассадка гостей на свадьбе
hide площадка свадебная;43;top;свадебная площадка
ресторан для свадьбы центр;43;top;ресторан для свадьбы
ресторан для свадьбы на 50;43;top;ресторан для свадьбы
аренда зала для свадьбы в москве;43;top;аренда зала для свадьбы
свадебный стол банкет;43;top;свадебный банкет
провести вторую свадьбу;43;top;провести свадьбу
как провести свадьбу без ведущего;43;top;провести свадьбу
свадьба в лесу подмосковье;43;top;свадьба в лесу | свадьба в подмосковье
мой маленький пони свадьба;43;top;маленькая свадьба
загородное проведение свадьбы;43;top;загородная свадьба
сколько стоит кафе на свадьбу;43;top;сколько стоит свадьба
современная ведущая на свадьбу;43;top;ведущий на свадьбу
ведущая тамада на свадьбу;43;top;ведущий на свадьбу
ведущий на свадьбу московская область;43;top;ведущий на свадьбу
свадебный торт пинтерест;43;top;свадебный торт
первый свадебный торт;43;top;свадебный торт
сценарий семейной свадьбы;43;top;сценарий свадьбы
сценарий свадьбы для родных и близких;43;top;сценарий свадьбы
сценарий свадьбы для самых близких и родных;43;top;сценарий свадьбы
стиль свадьбы цвета;43;top;стили свадьбы
свадебная площадка ранчо д давыдково;42;top;свадебная площадка
бюджетные площадки для свадьбы;42;top;площадка для свадьбы
ресторан для свадьбы 100 человек;42;top;ресторан для свадьбы
свекровь отменила наш свадебный банкет;42;top;свадебный банкет
свекровь тайно отменила наш свадебный банкет;42;top;свадебный банкет
весело провести свадьбу;42;top;провести свадьбу
шатер у воды для свадьбы;42;top;шатер для свадьбы
фальш кровля;42;assoc;свадьба на крыше
алкоголь на 30 человек свадьба;42;top;свадьба на 30 человек
ведущий на камерную свадьбу;42;top;камерная свадьба | ведущий на свадьбу
стоимость зала свадьбы;42;top;стоимость свадьбы
сколько стоит лимузин на свадьбу;42;top;сколько стоит свадьба
свадебные фигурки на торт жених и невеста;42;top;свадебный торт
свадебный торт на 40 человек;42;top;свадебный торт
свадебный торт 6 кг;42;top;свадебный торт
свадебный торт недорого;42;top;свадебный торт
площадки официальной выездной регистрации;42;top;выездная регистрация
4 свадьбы бюджет;42;top;бюджет свадьбы
сценарий прикольной свадьбы без тамады;42;top;сценарий свадьбы
какая свадьба в сентябре;42;top;свадьба в сентябре
стиль свадьбы в ресторане;42;top;стили свадьбы
какие есть стили свадьбы;42;top;стили свадьбы
свадьба в стиле ретро;42;top;стили свадьбы
свадебная площадка солнечногорск;41;top;свадебная площадка
конкурсы провести свадьбу;41;top;провести свадьбу
где провести день свадьбы;41;top;провести свадьбу
как провести годовщину свадьбы вдвоем с мужем;41;top;провести свадьбу
где проводят 4 свадьбы;41;top;провести свадьбу
сколько стоит свадьба на 20 человек;41;top;свадьба на 20 человек | сколько стоит свадьба
зал маленькой свадьбы;41;top;маленькая свадьба
маленькие залы свадьбы;41;top;маленькая свадьба
хорошее недорогое вино на свадьбу;41;top;свадьба недорого
диджей на свадьбу москва;41;top;диджей на свадьбу
симс 4 где купить свадебный торт;41;top;свадебный торт
торт свадебный с бумагой;41;top;свадебный торт
свечи на свадебный торт;41;top;свадебный торт
свадебный торт 5 кг;41;top;свадебный торт
личи свадебная коллекция;41;assoc;чек лист подготовки к свадьбе | свадьба в стиле рустик
сценарий свадьбы родителям;41;top;сценарий свадьбы
сценарий свадьбы жениха;41;top;сценарий свадьбы
сценарий свадьбы смешной современный;41;top;сценарий свадьбы
стили украшений свадьбы;41;top;стили свадьбы
свадебные площадки в лесу;40;top;свадебная площадка
место для свадьбы на природе;40;top;место для свадьбы | свадьба на природе
где отмечала свадьбу клава кока;40;top;где отметить свадьбу
ресторан для свадьбы 50 человек;40;top;ресторан для свадьбы
лофт для проведения свадьбы;40;top;лофт для свадьбы
аренда лофта для свадьбы;40;top;лофт для свадьбы | аренда лофта для свадьбы
полицки с рублевки;40;assoc;свадьба рублевка
сколько стоит банкет на свадьбу;40;top;сколько стоит свадьба
сколько стоит торт на свадьбу;40;top;сколько стоит свадьба
сколько стоит организатор свадьбы;40;top;сколько стоит свадьба
лучший ведущий на свадьбу;40;top;ведущий на свадьбу
свадебный стилист визажист;40;top;свадебный стилист
сценарии свадьбы готовые для ведущего с конкурсами;40;top;сценарий свадьбы
в чем пойти на свадьбу в сентябре;40;top;свадьба в сентябре
благоприятные дни в сентябре 2026 для свадьбы;40;top;свадьба в сентябре
европейский стиль свадьбы;40;top;стили свадьбы
свадьба в готическом стиле;40;top;стили свадьбы
свадьба в зеленом стиле;40;top;стили свадьбы
свадьба в пляжном стиле;40;top;стили свадьбы
стиль жениха на свадьбу;40;top;стили свадьбы
sky river площадка для свадьбы;39;top;площадка для свадьбы
лучшие рестораны для свадьбы в москве;39;top;ресторан для свадьбы
ресторан петербурга для свадьбы;39;top;ресторан для свадьбы
где провести годовщину свадьбы;39;top;провести свадьбу
усадьба середниково для свадьбы;39;top;усадьба для свадьбы
аренда коттеджа для свадьбы;39;top;коттедж для свадьбы
свадебный гимн;39;assoc;свадьба на теплоходе | диджей на свадьбу
камерная свадьба на 10 человек;39;top;свадьба на 10 человек | камерная свадьба
свадьба в парках подмосковья;39;top;свадьба в подмосковье
свадьба под ключ недорого;39;top;свадьба недорого | свадьба под ключ
костюм на свадьбу купить недорого;39;top;свадьба недорого
сценарий на свадьбу для ведущего современный;39;top;ведущий на свадьбу | сценарий свадьбы
золотая свадьба оформление;39;top;оформление свадьбы
оформление свадьбы золотом;39;top;оформление свадьбы
виды свадебных тортов;39;top;свадебный торт
свадебный торт прямоугольный одноярусный;39;top;свадебный торт
свадебный торт с инициалами;39;top;свадебный торт
как происходит выездная регистрация;39;top;выездная регистрация
выездная регистрация фото;39;top;выездная регистрация
идеи на свадьбу для молодоженов;39;top;идеи для свадьбы
свадьба в японском стиле;39;top;стили свадьбы
поздравление со свадьбой в стиле;39;top;стили свадьбы
грин хаус свадебная площадка;38;top;свадебная площадка
площадки для проведения свадьбы в подмосковье;38;top;площадка для свадьбы | площадка для свадьбы подмосковье | свадьба в подмосковье
площадки для свадьбы шатер;38;top;площадка для свадьбы | шатер для свадьбы
площадки для свадьбы солнечногорск;38;top;площадка для свадьбы
отрадное площадка для свадьбы;38;top;площадка для свадьбы
места для проведения свадьбы в подмосковье;38;top;место для свадьбы | свадьба в подмосковье
загородный ресторан для свадьбы;38;top;ресторан для свадьбы | загородная свадьба
аренда ресторана для свадьбы в москве;38;top;ресторан для свадьбы
свадебный банкет недорого;38;top;свадебный банкет
где провести свадьбу в симс;38;top;провести свадьбу
коттедж для проведения свадьбы;38;top;коттедж для свадьбы
свадьба за городом москва;38;top;свадьба за городом
свадьба под ключ сериал;38;top;свадьба под ключ
свадьба в царицыно стоимость;38;top;стоимость свадьбы
сколько стоит отметить свадьбу;38;top;сколько стоит свадьба
сколько стоит свадьба на 40 человек;38;top;сколько стоит свадьба
сколько стоит свадьба в усадьбе середниково;38;top;сколько стоит свадьба
сколько стоила свадьба димы масленникова;38;top;сколько стоит свадьба
текст ведущего на свадьбу;38;top;ведущий на свадьбу
джем декор;38;assoc;оформление свадьбы
как купить свадебный торт симс;38;top;свадебный торт
свадебный торт должен быть;38;top;свадебный торт
стоимость свадебного торта;38;top;свадебный торт
свадебный торт на 30 человек;38;top;свадебный торт
маленький свадебный торт;38;top;свадебный торт
как заказать выездную регистрацию;38;top;выездная регистрация
отель выездная регистрация;38;top;выездная регистрация
ресторан с выездной регистрацией;38;top;выездная регистрация
сценарий на годовщину свадьбы год;38;top;сценарий свадьбы
свадьба в стиле прованс;38;top;стили свадьбы
4 свадьбы свадьба в стиле вечеринки;38;top;стили свадьбы
стиль на свадьбу для женщины;38;top;стили свадьбы
снять банкетный зал для свадьбы;37;top;банкетный зал для свадьбы
банкетный зал ресторан для свадьбы;37;top;банкетный зал для свадьбы | ресторан для свадьбы
рестораны банкетные залы для свадьбы;37;top;банкетный зал для свадьбы | ресторан для свадьбы
шатер для свадьбы в москве;37;top;шатер для свадьбы | свадьба в шатре
веранда для свадьбы в москве;37;top;веранда для свадьбы
сколько стоит свадьба на теплоходе;37;top;свадьба на теплоходе | сколько стоит свадьба
зал на свадьбу 50 человек;37;top;свадьба на 50 человек
выездные свадьбы в подмосковье;37;top;свадьба в подмосковье
недорогое шампанское на свадьбу;37;top;свадьба недорого
программа ведущего на свадьбу;37;top;ведущий на свадьбу
оформление свадьбы цена;37;top;оформление свадьбы
простой свадебный торт;37;top;свадебный торт
топпер на свадебный торт;37;top;свадебный торт
делаем свадебный торт;37;top;свадебный торт
выкуп на свадьбу прикольный сценарий;37;top;сценарий свадьбы
свадьба в стиле сумерки;37;top;стили свадьбы
второй день свадьбы в стиле 90;37;top;стили свадьбы
свадьба в казахском стиле;37;top;стили свадьбы
свадьба в кукольном вампирском стиле;37;top;стили свадьбы
рассадка гостей на свадьбе как правильно;37;top;рассадка гостей на свадьбе
свадебная площадка ранчо 4а д давыдково;36;top;свадебная площадка
красивые площадки для свадьбы;36;top;площадка для свадьбы
площадки для свадьбы санкт петербург;36;top;площадка для свадьбы
банкетные площадки для свадьбы;36;top;площадка для свадьбы
место для проведения свадьбы в москве;36;top;место для свадьбы
топ мест для свадеб;36;top;место для свадьбы
аренда банкетного зала для свадьбы;36;top;банкетный зал для свадьбы | аренда зала для свадьбы
салат с фасолью на праздничный стол;36;assoc;банкетный зал для свадьбы | недорогой банкетный зал для свадьбы
ресторан в домодедово для свадьбы;36;top;ресторан для свадьбы
бюджетный ресторан для свадьбы;36;top;ресторан для свадьбы
стоимость свадебных банкетов;36;top;свадебный банкет
аренда усадьбы для свадьбы;36;top;усадьба для свадьбы
свадебные юбилеи по годам названия;36;assoc;свадьба на 50 человек
2года в браке какая свадьба;36;assoc;свадьба для двоих
агентства свадеб под ключ;36;top;свадьба под ключ
сколько стоит агутин на свадьбу;36;top;сколько стоит свадьба
жених ведущий на свадьбе;36;top;ведущий на свадьбу
ведущий свадьба вслепую на пятнице;36;top;ведущий на свадьбу
красны свадебный торт;36;top;свадебный торт
свадьба без конкурсов сценарий;36;top;сценарий свадьбы
идеи для видео свадьбы;36;top;идеи для свадьбы
стиль девушки на свадьбу;36;top;стили свадьбы
плакат на свадьбу в стиле 90;36;top;стили свадьбы
свадьба в казачьем стиле;36;top;стили свадьбы
свадьба в стиле аниме;36;top;стили свадьбы
фото свадебных площадок;35;top;свадебная площадка
шервуд свадебная площадка;35;top;свадебная площадка
суханово площадка для свадьбы;35;top;площадка для свадьбы
ресторан для свадьбы на 40;35;top;ресторан для свадьбы
ресторан для свадьбы на 40 человек;35;top;ресторан для свадьбы
снять лофт для свадьбы;35;top;лофт для свадьбы
веранда отрадное для свадьбы;35;top;веранда для свадьбы
свадьба в оранжерее москва;35;top;свадьба в оранжерее
4 свадьбы камерная свадьба;35;top;камерная свадьба
свадьба маленького человека;35;top;маленькая свадьба
что подарить на серебряную свадьбу недорогое;35;top;свадьба недорого
свадьба под ключ в москве цена;35;top;свадьба под ключ | свадьба под ключ цена
сколько стоила свадьба димы и клавы;35;top;сколько стоит свадьба
декор свадебного зала;35;top;свадебный декор
свадебный декор своими руками;35;top;свадебный декор
оформление торта на свадьбу;35;top;оформление свадьбы
оформление подарка на свадьбу;35;top;оформление свадьбы
свадебный торт со свечами;35;top;свадебный торт
свадебный торт минимализм;35;top;свадебный торт
свадебный торт купить готовый;35;top;свадебный торт
выездные залы регистрации;35;top;выездная регистрация
выездная регистрация стоимость москва;35;top;выездная регистрация
как оформить выездную регистрацию брака;35;top;выездная регистрация
мос ру выездная регистрация;35;top;выездная регистрация
сценарий свадьбы слова;35;top;сценарий свадьбы
сценарий свадьбы в домашних условиях прикольные;35;top;сценарий свадьбы
идеи для дня свадьбы;35;top;идеи для свадьбы
приглашения свадьбу стиле;35;top;стили свадьбы
свадьба в стиле кибер;35;top;стили свадьбы
свадьба в стиле кибер барокко;35;top;стили свадьбы
модные стили свадеб;35;top;стили свадьбы
создать рассадку гостей на свадьбу онлайн;35;top;рассадка гостей на свадьбе
рябина хаус свадебная площадка;34;top;свадебная площадка
место для фотосессии на свадьбу;34;top;место для свадьбы
рестораны москвы где можно отметить свадьбу;34;top;где отметить свадьбу
рестораны в центре москвы для свадьбы;34;top;ресторан для свадьбы
организация годовщины свадьбы;34;top;организация свадьбы
шафер напрокат фильм 2015 актеры;34;assoc;аренда лофта для свадьбы
шатер для проведения свадьбы;34;top;шатер для свадьбы
свадьба на теплоходе под ключ;34;top;свадьба на теплоходе | свадьба под ключ
свадьба на теплоходе рэдиссон;34;top;свадьба на теплоходе
свадьба на 50 человек стоимость;34;top;свадьба на 50 человек | стоимость свадьбы
камерная свадьба без ведущего;34;top;камерная свадьба
сценарий для маленькой свадьбы;34;top;маленькая свадьба | сценарий свадьбы
свадьба в ближайшем подмосковье;34;top;свадьба в подмосковье
фото свадеб недорого;34;top;свадьба недорого
сколько стоит проведение свадьбы;34;top;сколько стоит свадьба
сколько стоит певец на свадьбу;34;top;сколько стоит свадьба
сколько стоит свадьба в россии;34;top;сколько стоит свадьба
сколько стоит свадьба на человека ресторан;34;top;сколько стоит свадьба
авито ведущий на свадьбу;34;top;ведущий на свадьбу
фото свадебных тортов на свадьбу;34;top;свадебный торт
свадебный торт с фальш ярусом;34;top;свадебный торт
шоколадный свадебный торт;34;top;свадебный торт
проведение выездная регистрация;34;top;выездная регистрация
подробный сценарий свадьбы;34;top;сценарий свадьбы
полный готовый подробный сценарий свадьбы;34;top;сценарий свадьбы
как называется стиль свадьбы;34;top;стили свадьбы
конструктор рассадки гостей на свадьбу онлайн бесплатно;34;top;рассадка гостей на свадьбе
план рассадки гостей на свадьбе бесплатно;34;top;рассадка гостей на свадьбе
дом у озера свадебная площадка;33;top;свадебная площадка
свадебная площадка москва и область;33;top;свадебная площадка | свадебные площадки москва
площадки для свадьбы спб;33;top;площадка для свадьбы
снять площадку для свадьбы;33;top;площадка для свадьбы
площадки для выездных свадеб;33;top;площадка для свадьбы
самые красивые места для свадьбы;33;top;место для свадьбы
где можно отметить годовщину свадьбы;33;top;где отметить свадьбу
рестораны для свадьбы adria mare;33;top;ресторан для свадьбы
ресторан для свадьбы рядом;33;top;ресторан для свадьбы
ресторан для свадьбы митино;33;top;ресторан для свадьбы
свадьба для двоих ресторан;33;top;ресторан для свадьбы | свадьба для двоих
красивые рестораны для свадьбы в москве;33;top;ресторан для свадьбы
свадебный декор 2026;33;assoc+top;аренда зала для свадьбы | свадебный декор
организация свадьбы цена;33;top;организация свадьбы
шатер для свадьбы купить;33;top;шатер для свадьбы
шатер в коломенском свадьба;33;top;свадьба в шатре
камерная свадьба подмосковье;33;top;камерная свадьба
самая маленькая свадьба;33;top;маленькая свадьба
мой маленький пони свадьба в кантерлоте;33;top;маленькая свадьба
где отпраздновать свадьбу недорого;33;top;свадьба недорого
фотограф на свадьбу в москве недорого;33;top;свадьба недорого | фотограф на свадьбу
недорогой подарок на свадьбу друзьям;33;top;свадьба недорого
сколько стоит ведущий на свадьбу в москве;33;top;сколько стоит свадьба | ведущий на свадьбу
сколько стоит крид на свадьбу;33;top;сколько стоит свадьба
сколько стоит декор на свадьбу;33;top;сколько стоит свадьба
сколько стоила свадьба масленникова и клавы;33;top;сколько стоит свадьба
ведущие фото на свадьбы;33;top;ведущий на свадьбу
ведущие на свадьбе галич;33;top;ведущий на свадьбу
порно фотограф на свадьбе;33;top;фотограф на свадьбу
свадебные торты без;33;top;свадебный торт
свадебный торт 1 кг;33;top;свадебный торт
торт свадебный 3 ярусный;33;top;свадебный торт
свадебный торт от палыча;33;top;свадебный торт
стол для свадебного торта;33;top;свадебный торт
выездная регистрация в царицыно;33;top;выездная регистрация
тайминг свадебного дня;33;top+assoc;тайминг свадебного дня | свадьба в сентябре | рассадка гостей на свадьбе
русская свадьба сценарий;33;top;сценарий свадьбы
сценарий свадьбы без конкурсов без тамады;33;top;сценарий свадьбы
у иринки свадьба в сентябре;33;top;свадьба в сентябре
идеи для фото на свадьбу;33;top;идеи для свадьбы
4 свадьбы в стиле рустик;33;top;стили свадьбы | свадьба в стиле рустик
декор свадьбы стили;33;top;стили свадьбы
панорама свадебная площадка;32;top;свадебная площадка
wood house свадебная площадка;32;top;свадебная площадка
площадки для свадьбы мо;32;top;площадка для свадьбы
новые площадки для свадеб;32;top;площадка для свадьбы
открытые площадки для свадьбы;32;top;площадка для свадьбы
места для свадьбы в москве и подмосковье;32;top;место для свадьбы | свадьба в подмосковье
сколько стоит свадебный банкет;32;top;свадебный банкет
свадебный банкет фильм;32;top;свадебный банкет
тамада провести свадьбу;32;top;провести свадьбу
невеста проводит свадьбу;32;top;провести свадьбу
где провести свадьбу в симс 4;32;top;провести свадьбу
организация годовщины свадьбы для двоих;32;top;организация свадьбы | свадьба для двоих
отметить свадьбу на природе;32;top;свадьба на природе
выездная свадьба на природе;32;top;свадьба на природе
камерная свадьба на природе;32;top;свадьба на природе | камерная свадьба
недорогая свадьба на природе;32;top;свадьба на природе | свадьба недорого
свадьба для двоих идеи;32;top;свадьба для двоих | идеи для свадьбы
стоимость ведущего на свадьбу;32;top;стоимость свадьбы | ведущий на свадьбу
сколько стоила свадьба клавы коки и димы;32;top;сколько стоит свадьба
сколько стоила свадьба клавы коки и масленникова;32;top;сколько стоит свадьба
что делает ведущий на свадьбе;32;top;ведущий на свадьбу
ведущий на час на свадьбу;32;top;ведущий на свадьбу
пригласите на свадьбу ведущая;32;top;ведущий на свадьбу
красивое оформление свадьбы;32;top;оформление свадьбы
квадратный свадебный торт;32;top;свадебный торт
размеры свадебного прямоугольного торта;32;top;свадебный торт
свадебный торт с вафельной бумагой;32;top;свадебный торт
необычные свадебные торты;32;top;свадебный торт
идеи свадебного торта;32;top;свадебный торт
музыка для свадебного торта;32;top;свадебный торт
как выбрать свадебный торт симс;32;top;свадебный торт
свадебный торт 3 яруса;32;top;свадебный торт
свадебный бенто торт;32;top;свадебный торт
визажист на свадьбу на дом;32;top;визажист на свадьбу
стоимость выездной регистрации брака в москве;32;top;выездная регистрация
как проходит выездная регистрация брака;32;top;выездная регистрация
выездная регистрация бесплатно;32;top;выездная регистрация
серебряная свадьба сценарий прикольный;32;top;сценарий свадьбы
выкуп невесты на свадьбе сценарий смешной;32;top;сценарий свадьбы
сценарий выкупа на свадьбу смешные;32;top;сценарий свадьбы
конкурс для свадьбы для гостей идеи;32;top;идеи для свадьбы
рустик свадьба в стиле горько;32;top;стили свадьбы | свадьба в стиле рустик
свадебные площадки спб;31;top;свадебная площадка
площадки для свадьбы зимой;31;top;площадка для свадьбы
площадки рестораны для свадьбы;31;top;площадка для свадьбы | ресторан для свадьбы
ресторан для свадьбы калуга;31;top;ресторан для свадьбы
ресторан с верандой для свадьбы;31;top;ресторан для свадьбы | веранда для свадьбы | ресторан с верандой для свадьбы
большие рестораны для свадьбы;31;top;ресторан для свадьбы
как провести свадьбу без тамады;31;top;провести свадьбу
как провести годовщину свадьбы в москве;31;top;провести свадьбу
особняки для свадьбы в москве;31;top;особняк для свадьбы
снять шатер для свадьбы;31;top;шатер для свадьбы
снять шатров для свадьбы;31;top;шатер для свадьбы
камерная свадьба на 20 человек;31;top;свадьба на 20 человек | камерная свадьба
свадьба на 30 человек стоимость;31;top;свадьба на 30 человек | стоимость свадьбы
сколько стоит свадьба в метро;31;top;сколько стоит свадьба
нужен ли ведущий на свадьбу;31;top;ведущий на свадьбу
цена свадебного торта за кг;31;top;свадебный торт
кондитерская свадебные торты;31;top;свадебный торт
свадебный торт 2026 одноярусный;31;top;свадебный торт
свадебный торт своими руками в домашних;31;top;свадебный торт
свадебный торт своими руками в домашних условиях;31;top;свадебный торт
ведущая выездной регистрации;31;top;выездная регистрация
как заказать выездную регистрацию брака;31;top;выездная регистрация
выездная регистрация от загса;31;top;выездная регистрация
выездная регистрация документов;31;top;выездная регистрация
как происходит выездная регистрация брака;31;top;выездная регистрация
бюджет свадьбы 2026;31;top;бюджет свадьбы
свадьба очаг сценарий;31;top;сценарий свадьбы
свадьба для друзей идеи;31;top;идеи для свадьбы
четыре свадьбы свадьба в стиле горько;31;top;стили свадьбы
красивый стили свадеб;31;top;стили свадьбы
стили костюмов мужских на свадьбу;31;top;стили свадьбы
свадьба в стиле цветов;31;top;стили свадьбы
свадьба в стиле фильмов;31;top;стили свадьбы
свадьба в рыцарском стиле;31;top;стили свадьбы
шаблон рассадки гостей на свадьбе бесплатно;31;top;рассадка гостей на свадьбе
свадебная площадка симс 4 скачать;30;top;свадебная площадка
свадебная площадка химки;30;top;свадебная площадка
площадки для свадьбы краснодар;30;top;площадка для свадьбы
ранчо площадка для свадьбы;30;top;площадка для свадьбы
на свадебном банкете моей золовки;30;top;свадебный банкет
где провести свадьбу ресторан;30;top;провести свадьбу
свадебный генерал это;30;assoc;усадьба для свадьбы
стеклянная веранда для свадьбы;30;top;веранда для свадьбы
свадьба на теплоходе под ключ цены;30;top;свадьба на теплоходе | свадьба под ключ | свадьба под ключ цена
свадьба маленького сына;30;top;маленькая свадьба
ведущий на свадьбу недорого;30;top;свадьба недорого | ведущий на свадьбу
сколько стоит место на свадьбе;30;top;сколько стоит свадьба
ведущий на семейную свадьбу;30;top;ведущий на свадьбу
ведущий на свадьбе танцы;30;top;ведущий на свадьбу
ведущий на свадьбу илья;30;top;ведущий на свадьбу
заказать ведущего на свадьбу;30;top;ведущий на свадьбу
ведущий на свадьбу сергей;30;top;ведущий на свадьбу
магазин свадебного декора;30;top;свадебный декор
оформление декор свадеб;30;top;оформление свадьбы
работа свадебным организатором;30;top;свадебный организатор
свадебное агентство москва боня;30;top;свадебное агентство
свадебный костюм для жениха 2026;30;assoc;кавер группа на свадьбу | свадьба в стиле бохо
свадебный торт 2 кг;30;top;свадебный торт
свадебный торт на 50 человек;30;top;свадебный торт
свадебный торт 10 кг;30;top;свадебный торт
торт с кольцами свадебный;30;top;свадебный торт
свадебный торт нижний;30;top;свадебный торт
визажист на свадьбу москва;30;top;визажист на свадьбу
выездная регистрация брака через госуслуги;30;top;выездная регистрация
выездная регистрация в подмосковье цены;30;top;выездная регистрация
план подготовки к свадьбе;30;top;план подготовки к свадьбе
сценарий свадьбы встреча;30;top;сценарий свадьбы
выкуп невесты на свадьбе сценарий смешной современный;30;top;сценарий свадьбы
выкуп свадьба сценарий смешной современный;30;top;сценарий свадьбы
сценарий на юбилей свадьбы лет;30;top;сценарий свадьбы
сценарий свадьбы прикольный дома;30;top;сценарий свадьбы
тамада на свадьбу второй день сценарий;30;top;сценарий свадьбы
сценарий на второй день свадьбы с конкурсами;30;top;сценарий свадьбы
морская свадьба vs свадьба в стиле;30;top;стили свадьбы
площадка для свадьбы ботаника;29;top;площадка для свадьбы
лесные площадки для свадьбы;29;top;площадка для свадьбы
лучшие площадки для свадьбы москва;29;top;площадка для свадьбы
planning wedding сайт;29;assoc;площадка для свадьбы
маленькие ресторан для свадьбы;29;top;ресторан для свадьбы
рестораны москвы для свадьбы топ;29;top;ресторан для свадьбы
на свадебном банкете моей золовки свекровь;29;top;свадебный банкет
на свадебном банкете моей золовки свекровь посадила;29;top;свадебный банкет
почему проводят свадьбы;29;top;провести свадьбу
организация свадьбы начала;29;top;организация свадьбы
снять коттедж для свадьбы в подмосковье;29;top;коттедж для свадьбы | свадьба в подмосковье
аренда теплохода на свадьбу в москве;29;top;свадьба на теплоходе
свадьба на теплоходе в москве цена недорого;29;top;свадьба на теплоходе | свадьба недорого
свадьба на теплоходе под ключ москва;29;top;свадьба на теплоходе | свадьба под ключ
маленькие свадьбы видео;29;top;маленькая свадьба
сыграть свадьбу в подмосковье;29;top;свадьба в подмосковье
кафе для свадьбы в москве недорого;29;top;свадьба недорого
необычные свадьбы недорого;29;top;свадьба недорого
свадьба в кусково стоимость;29;top;стоимость свадьбы
проведение свадьбы стоимость;29;top;стоимость свадьбы
стоимость фотографа на свадьбу;29;top;стоимость свадьбы | фотограф на свадьбу
сколько стоят артисты на свадьбу;29;top;сколько стоит свадьба
сколько стоит дым на свадьбу;29;top;сколько стоит свадьба
сколько стоила свадьба димы масленникова и клавы;29;top;сколько стоит свадьба
сколько стоит нагиев на свадьбу;29;top;сколько стоит свадьба
свадебное агентство под;29;top;свадебное агентство
свадебные агентства под ключ;29;top;свадебное агентство
свадебные торты петербург;29;top;свадебный торт
диаметр свадебного торта;29;top;свадебный торт
свадебный торт 1 ярус;29;top;свадебный торт
формы свадебных тортов;29;top;свадебный торт
сколько нужно свадебного торта;29;top;свадебный торт
мастер классы свадебный торт;29;top;свадебный торт
парк отель выездная регистрация;29;top;выездная регистрация
выездная регистрация брака в москве цена официально;29;top;выездная регистрация
выездная регистрация в москве официально цена;29;top;выездная регистрация
выездная регистрация брака в подмосковье официально цена;29;top;выездная регистрация
выездная регистрация брака в подмосковье цена;29;top;выездная регистрация
промот бюджет;29;assoc;бюджет свадьбы
свадьба сценарий современный прикольный;29;top;сценарий свадьбы
рубиновая свадьба сценарий;29;top;сценарий свадьбы
сценарий свадьбы в частном доме;29;top;сценарий свадьбы
идеи для свадьбы родителям;29;top;идеи для свадьбы
свадьба иды галич в стиле 90;29;top;стили свадьбы
стили свадеб молодых;29;top;стили свадьбы
свадебные площадки в области;28;top;свадебная площадка
свадебные площадки мытищи;28;top;свадебная площадка
due to love свадебная площадка;28;top;свадебная площадка
свадебные площадки мо;28;top;свадебная площадка
площадка для свадьбы юг москвы;28;top;площадка для свадьбы
дом у озера площадка для свадьбы;28;top;площадка для свадьбы
кто написал свадебный марш;28;assoc;площадка для свадьбы | площадка для свадьбы с проживанием | площадка для свадьбы у воды | свадьба под ключ | чек лист подготовки к свадьбе | сценарий свадьбы
где отмечают камерные свадьбы;28;top;где отметить свадьбу | камерная свадьба
сколько стоит провести свадьбу в москве;28;top;провести свадьбу | сколько стоит свадьба
свадьба провести красиво;28;top;провести свадьбу
организация свадьбы в подмосковье;28;top;организация свадьбы | свадьба в подмосковье
снять усадьбу для свадьбы;28;top;усадьба для свадьбы
свадебные даты по годам названия;28;assoc;свадьба на 30 человек | свадьба на 50 человек | лучший месяц для свадьбы
ресторан на свадьбу на 100 человек;28;top;свадьба на 100 человек
букет невесты на свадьбу маленький;28;top;маленькая свадьба
как называется маленькая свадьба;28;top;маленькая свадьба
недорогие платья на свадьбу москва;28;top;свадьба недорого
средняя стоимость свадьбы на человека;28;top;стоимость свадьбы
обручальное кольцо для свадьбы сколько стоит;28;top;сколько стоит свадьба
сколько стоит обручальное кольцо золотое для свадьбы;28;top;сколько стоит свадьба
сколько стоит егор крид на свадьбу;28;top;сколько стоит свадьба
сколько стоит ваня дмитриенко на свадьбу;28;top;сколько стоит свадьба
банкетные залы свадьбы оформление;28;top;оформление свадьбы
фон для свадебного приглашения;28;assoc;кавер группа на свадьбу
свадебный торт двухъярусный на свадьбу;28;top;свадебный торт
свадебный торт раменское;28;top;свадебный торт
свадебный торт с живыми;28;top;свадебный торт
свадебный торт с живыми цветами;28;top;свадебный торт
свадебный торт на 4;28;top;свадебный торт
выездная регистрация на природе;28;top;выездная регистрация
заявление на выездную регистрацию брака;28;top;выездная регистрация
выездная регистрация оформление;28;top;выездная регистрация
чек лист подготовки к свадьбе;28;top;чек лист подготовки к свадьбе
бюджет свадьбы на 30;28;top;бюджет свадьбы
сценарий свадьбы 90 х;28;top;сценарий свадьбы
сценарий свадьбы в стиле 90 х;28;top;сценарий свадьбы | стили свадьбы
свадьба второй день сценарий дома;28;top;сценарий свадьбы
сценарии второго дня свадьбы дома;28;top;сценарий свадьбы
свадьба в русском стиле сценарий;28;top;сценарий свадьбы | стили свадьбы
подробный сценарий свадьбы для ведущего;28;top;сценарий свадьбы
сценарий свадьбы для ведущего готовый полный подробный;28;top;сценарий свадьбы
полный сценарии свадьбы с конкурсами;28;top;сценарий свадьбы
сценарий свадьбы подробный с конкурсами;28;top;сценарий свадьбы
сценарий свадьбы без ведущего;28;top;сценарий свадьбы
сценарий свадьбы идеи;28;top;сценарий свадьбы
хорошие даты для свадьбы в сентябре;28;top;свадьба в сентябре
свадьба в старорусском стиле;28;top;стили свадьбы
свадьба в советском стиле;28;top;стили свадьбы
скачать рассадку гостей на свадьбе;28;top;рассадка гостей на свадьбе
шаблон рассадки гостей на свадьбе скачать;28;top;рассадка гостей на свадьбе
приложение для рассадки гостей на свадьбе;28;top;рассадка гостей на свадьбе
примеры рассадки гостей на свадьбе;28;top;рассадка гостей на свадьбе
площадка для свадьбы в подмосковье у воды;27;top;площадка для свадьбы | площадка для свадьбы у воды | площадка для свадьбы подмосковье | свадьба в подмосковье
площадка для свадьбы оранжерея;27;top;площадка для свадьбы
площадки для свадьбы 50 человек;27;top;площадка для свадьбы
красивые места для свадеб москва;27;top;место для свадьбы
места где отметить свадьбу;27;top;где отметить свадьбу
банкетный зал для свадьбы в звенигороде;27;top;банкетный зал для свадьбы
рестораны на вднх для свадьбы;27;top;ресторан для свадьбы
оформление свадебного стола жениха и невесты;27;assoc;ресторан для свадьбы | свадьба в стиле рустик | рассадка гостей на свадьбе
время свадебного банкета;27;top;свадебный банкет
меню на праздничный стол закуски и салаты;27;assoc;свадебный банкет | свадьба без банкета
свадьба организация праздника;27;top;организация свадьбы
про организацию свадьбы;27;top;организация свадьбы
односкатная кровля стропильная система;27;assoc;свадьба на крыше
сценарий для камерной свадьбы;27;top;камерная свадьба | сценарий свадьбы
4 свадьбы сказочная камерная;27;top;камерная свадьба
свадьба за городом в подмосковье;27;top;свадьба за городом | свадьба в подмосковье
проведение свадьбы в москве и подмосковье;27;top;свадьба в подмосковье
проведение свадьбы недорого;27;top;свадьба недорого
свадьба под ключ московская область;27;top;свадьба под ключ
сколько стоит акмаль на свадьбу;27;top;сколько стоит свадьба
сколько стоит фотограф на свадьбу в москве;27;top;сколько стоит свадьба | фотограф на свадьбу
сколько в среднем стоит сыграть свадьбу;27;top;сколько стоит свадьба
сатир ведущий на свадьбу;27;top;ведущий на свадьбу
ведущий 4 свадьбы на пятнице;27;top;ведущий на свадьбу
ведущий свадьба в слепую на пятнице;27;top;ведущий на свадьбу
сценарий на свадьбу для ведущего с конкурсами;27;top;ведущий на свадьбу
в свадебном агентстве кравец моргунова;27;top;свадебное агентство
моргунова в свадебном агентстве;27;top;свадебное агентство
марина кравец свадебное агентство;27;top;свадебное агентство
варианты свадебных тортов;27;top;свадебный торт
собрать свадебный торт;27;top;свадебный торт
свадебный торт голубой;27;top;свадебный торт
дегустация свадебных тортов;27;top;свадебный торт
свадебный торт фильм;27;top;свадебный торт
как выбрать свадебный торт в симс 4;27;top;свадебный торт
выездная регистрации красиво;27;top;выездная регистрация
сценарий выездной регистрации;27;top;выездная регистрация
выездная регистрация сочи;27;top;выездная регистрация
выездная регистрация в коломенском;27;top;выездная регистрация
как организовать выездную регистрацию;27;top;выездная регистрация
второй день свадьбы ряженые сценарий;27;top;сценарий свадьбы
сценарий свадьбы смешной с конкурсами;27;top;сценарий свадьбы
сценарий второго дня свадьбы без тамады;27;top;сценарий свадьбы
сценарий на 15 лет свадьбы;27;top;сценарий свадьбы
сценарий выкупа на свадьбу дома;27;top;сценарий свадьбы
сценария свадьбу выкуп невесты дома;27;top;сценарий свадьбы
идеи для свадьбы недорого;27;top;идеи для свадьбы
подарки для молодоженов на свадьбу идеи;27;top;идеи для свадьбы
стиль свадьбы шик;27;top;стили свадьбы
свадьба в стиле кэжуал;27;top;стили свадьбы
свадьба в стиле 19 века;27;top;стили свадьбы
четыре свадьбы свадьба в стиле минимализма;27;top;стили свадьбы
поздравления с бракосочетанием молодоженам своими словами красивые;27;assoc;свадьба в стиле рустик
рассадка гостей на свадьбе заказать;27;top;рассадка гостей на свадьбе
распечатать рассадку гостей на свадьбу;27;top;рассадка гостей на свадьбе
лучшая свадебная площадка;26;top;свадебная площадка
аренда площадки для свадьбы москва;26;top;площадка для свадьбы
где отметить юбилей свадьбы;26;top;где отметить свадьбу
банкетные залы для свадьбы 50 человек;26;top;банкетный зал для свадьбы
банкетный зал для свадьбы 50 человек;26;top;банкетный зал для свадьбы
рестораны раменского для свадьбы;26;top;ресторан для свадьбы
рестораны раменское для свадьбы;26;top;ресторан для свадьбы
ресторан для свадьбы москва 40 человек;26;top;ресторан для свадьбы
проводим свадьбу дома;26;top;провести свадьбу
киркоров провел свадьбу;26;top;провести свадьбу
свадебные конкурсы для гостей прикольные без тамады;26;assoc;яхт клуб свадьба | ведущий на свадьбу
камерная свадьба спб;26;top;камерная свадьба
свадьба для маленькой компании сценарий;26;top;маленькая свадьба | сценарий свадьбы
подарочный сертификат на годовщину свадьбы для двоих;26;top;свадьба для двоих
недорогой подарок на золотую свадьбу;26;top;свадьба недорого
костюм мужской на свадьбу купить недорого;26;top;свадьба недорого
бюджетные салаты на праздничный стол;26;assoc;недорогой банкетный зал для свадьбы
сколько стоит 1 свадьба;26;top;сколько стоит свадьба
сколько стоит хорошая свадьба;26;top;сколько стоит свадьба
свадебная церемония фильм 2010;26;assoc;видеограф на свадьбу
оформление годовщины свадьбы;26;top;оформление свадьбы
свадебное агентство marry;26;top;свадебное агентство
кондитер свадебного торта;26;top;свадебный торт
свадебный торт с лебедями;26;top;свадебный торт
текст для выездной регистрации;26;top;выездная регистрация
выездная регистрация как подать заявление;26;top;выездная регистрация
как вызвать роды в домашних условиях;26;assoc;выездная регистрация
сценарий сказки на свадьбу;26;top;сценарий свадьбы
сценарий на 2 день свадьбы;26;top;сценарий свадьбы
сценарий домашней свадьбы с конкурсами;26;top;сценарий свадьбы
сценарий свадьбы с конкурсами в домашних условиях;26;top;сценарий свадьбы
сценарий семейного очага на свадьбе;26;top;сценарий свадьбы
идеи для подарка на год свадьбы;26;top;идеи для свадьбы
стиль на свадьбу для мужчин гость;26;top;стили свадьбы
свадьба в стиле 2000;26;top;стили свадьбы
свадьба в стиле алиса;26;top;стили свадьбы
свадебные прически для невесты 2026;26;assoc;свадьба в стиле бохо
рассадка гостей на свадьбе шаблоны для печати;26;top;рассадка гостей на свадьбе
создать план рассадки гостей на свадьбе;26;top;рассадка гостей на свадьбе
площадка для свадьбы стоимость;25;top;площадка для свадьбы | стоимость свадьбы
веранда площадка для свадьбы;25;top;площадка для свадьбы | веранда для свадьбы
теплица площадка для свадьбы;25;top;площадка для свадьбы
банкетный зал для свадьбы балашиха;25;top;банкетный зал для свадьбы
рестораны мытищи для свадьбы;25;top;ресторан для свадьбы
ресторан для свадьбы нижний;25;top;ресторан для свадьбы
рестораны москвы для свадьбы на 40;25;top;ресторан для свадьбы
план организации свадьбы;25;top;организация свадьбы
веранда для свадьбы в подмосковье;25;top;веранда для свадьбы | свадьба в подмосковье
свадьба в лесу в подмосковье площадки;25;top;свадьба в лесу | свадьба в подмосковье
меню на свадьбу на 20 человек;25;top;свадьба на 20 человек
торт на свадьбу на 30 человек;25;top;свадьба на 30 человек
сколько алкоголя на свадьбу 50 человек;25;top;свадьба на 50 человек
камерная свадьба под ключ москва;25;top;камерная свадьба | свадьба под ключ
камерная свадьба санкт петербург;25;top;камерная свадьба
маленькое пожелание на свадьбу;25;top;маленькая свадьба
парк отель для свадьбы в подмосковье;25;top;свадьба в подмосковье
отметить свадьбу в подмосковье недорого;25;top;свадьба в подмосковье | свадьба недорого
аренда дома для свадьбы в подмосковье;25;top;свадьба в подмосковье
hilton garden inn zhangjiajie wulingyuan;25;assoc;свадьба новая рига
где купить алкоголь на свадьбу недорого;25;top;свадьба недорого
недорогой алкоголь на свадьбу;25;top;свадьба недорого
что подарить родителям на годовщину свадьбы недорого;25;top;свадьба недорого
что можно подарить на годовщину свадьбы недорогое;25;top;свадьба недорого
подарок на свадьбу недорогой но хороший;25;top;свадьба недорого
недорого украсить свадьбу;25;top;свадьба недорого
купить недорогое шампанское на свадьбу;25;top;свадьба недорого
шампанское на свадьбу какое купить недорогое;25;top;свадьба недорого
рестораны свадьба под ключ;25;top;свадьба под ключ
средняя стоимость свадьбы в москве;25;top;стоимость свадьбы
сколько стоит выступление иванушек на свадьбе;25;top;сколько стоит свадьба
ведущий на свадьбу поздравления;25;top;ведущий на свадьбу
цена фотографа на свадьбу за час;25;top;фотограф на свадьбу
свадебный декор на машину;25;top;свадебный декор
германия свадебные агентства;25;top;свадебное агентство
свадебные торты зеленые;25;top;свадебный торт
нож для свадебного торта;25;top;свадебный торт
торт свадебный клавы коки;25;top;свадебный торт
сколько свадебного торта нужно на человека;25;top;свадебный торт
свадебный торт два яруса;25;top;свадебный торт
как рассчитать свадебный торт;25;top;свадебный торт
выездная регистрация отзывы;25;top;выездная регистрация
что нужно сделать перед венчанием;25;assoc;чек лист подготовки к свадьбе
сценарии 30 свадьбы;25;top;сценарий свадьбы
сценарий свадеб в ресторане;25;top;сценарий свадьбы
веселый сценарий на свадьбу;25;top;сценарий свадьбы
идеи на велком для свадьбы;25;top;идеи для свадьбы
свадьба в стиле барби;25;top;стили свадьбы
свадьба в стиле патриотизм;25;top;стили свадьбы
4 свадьбы в стиле гэтсби;25;top;стили свадьбы
свадьба в стиле 80;25;top;стили свадьбы
свадебная площадка усадьба подгорье;24;top;свадебная площадка
свадебная площадка ранчо д давыдково 4а фото;24;top;свадебная площадка
хайд площадка свадебная;24;top;свадебная площадка
свадебные площадки с проживанием;24;top;свадебная площадка
площадка дивный лес свадебная;24;top;свадебная площадка
площадки для камерной свадьбы в москве;24;top;площадка для свадьбы | камерная свадьба
площадка для свадьбы в коломенском;24;top;площадка для свадьбы
дивный лес площадка для свадьбы красногорск;24;top;площадка для свадьбы
о любви площадка для свадьбы;24;top;площадка для свадьбы
где отметить свадьбу adria mare;24;top;где отметить свадьбу
где бюджетно отметить свадьбу;24;top;где отметить свадьбу
услуги организации праздников и мероприятий;24;assoc;где отметить свадьбу | провести свадьбу | свадебный организатор | свадебное агентство
закуски на свадебный стол;24;assoc;банкетный зал для свадьбы
сколько стоит ресторан для свадьбы;24;top;ресторан для свадьбы
ресторан видное для свадьбы;24;top;ресторан для свадьбы
снять ресторан для свадьбы в москве;24;top;ресторан для свадьбы
рестораны москвы для свадьбы на 50 человек;24;top;ресторан для свадьбы | свадьба на 50 человек
рестораны москвы для празднования свадьбы;24;top;ресторан для свадьбы
свадебный банкет 2025;24;top;свадебный банкет
где провести свадьбу вдвоем;24;top;провести свадьбу
камерная свадьба где провести;24;top;провести свадьбу | камерная свадьба
провести свадьбу природа;24;top;провести свадьбу
агентства по организации свадеб;24;top;организация свадьбы
организация свадеб юбилеев;24;top;организация свадьбы
с чего начать организацию свадьбы;24;top;организация свадьбы
аренда веранды для свадьбы;24;top;веранда для свадьбы
фруктовая тарелка на праздничный стол оформление;24;assoc;банкетный зал с панорамными окнами
провести свадьбу на природе;24;top;свадьба на природе
тамада на свадьбу 20 человек;24;top;свадьба на 20 человек
стоимость свадьбы на 50 человек в москве;24;top;свадьба на 50 человек | стоимость свадьбы
зал для свадьбы на 100 человек;24;top;свадьба на 100 человек
конкурсы на маленькую свадьбу;24;top;маленькая свадьба
как отметить свадьбу недорого;24;top;свадьба недорого
стоимость свадьбы в москве на 50;24;top;стоимость свадьбы
рассчитать стоимость свадьбы;24;top;стоимость свадьбы
сколько стоит сосо павлиашвили на свадьбу;24;top;сколько стоит свадьба
сколько стоит думикян на свадьбу;24;top;сколько стоит свадьба
сколько стоят голуби на свадьбу;24;top;сколько стоит свадьба
сколько стоит дорогая свадьба;24;top;сколько стоит свадьба
какие вопросы задать ведущему на свадьбу;24;top;ведущий на свадьбу
тосты на свадьбу от ведущего;24;top;ведущий на свадьбу
ведущий на свадьбу коломна;24;top;ведущий на свадьбу
нужен фотограф на свадьбу;24;top;фотограф на свадьбу
свадебный декор фото;24;top;свадебный декор
аренда свадебного декора москва;24;top;свадебный декор
рассадка свадьбе оформление;24;top;оформление свадьбы
в свадебном агентстве кравец моргунова шальнов;24;top;свадебное агентство
лопатки для свадебного торта;24;top;свадебный торт
свадебный торт 2026 тренды фото;24;top;свадебный торт
свадебный торт медовик;24;top;свадебный торт
свадебные торты какие начинки;24;top;свадебный торт
официальна ли выездная регистрация;24;top;выездная регистрация
условия выездной регистрации;24;top;выездная регистрация
выездная регистрация петербург;24;top;выездная регистрация
сценарий свадьбы со словами;24;top;сценарий свадьбы
сценарий юбилея свадьбы конкурсы;24;top;сценарий свадьбы
сценарий свадьбы без тамады узком;24;top;сценарий свадьбы
сценарий свадьбы в узком кругу без;24;top;сценарий свадьбы
сценарий свадьбы узким кругом без тамады;24;top;сценарий свадьбы
полный сценарий свадьбы для тамады;24;top;сценарий свадьбы
благоприятные даты для свадьбы в сентябре;24;top;свадьба в сентябре
идеи для поздравления на свадьбу;24;top;идеи для свадьбы
свадьба в стиле нулевых;24;top;стили свадьбы
свадьба в стиле зеленый минимализм;24;top;стили свадьбы
4 свадьбы в сказочном стиле;24;top;стили свадьбы
свадебные туфли для невесты 2026;24;assoc;свадьба в стиле бохо
свадебные площадки за городом;23;top;свадебная площадка
площадки для свадьбы зеленоград;23;top;площадка для свадьбы
площадки для зимней свадьбы;23;top;площадка для свадьбы
сенешаль площадка для свадьбы;23;top;площадка для свадьбы
площадка для свадьбы балашиха;23;top;площадка для свадьбы
площадки для свадьбы раменское;23;top;площадка для свадьбы
площадки для свадьбы отели;23;top;площадка для свадьбы
красивые места для свадьбы в подмосковье;23;top;место для свадьбы | свадьба в подмосковье
где отметить свадьбу на природе;23;top;где отметить свадьбу | свадьба на природе
свадьба в коломне где отметить;23;top;где отметить свадьбу
банкетные залы для камерной свадьбы;23;top;банкетный зал для свадьбы | камерная свадьба
банкетный зал для камерной свадьбы;23;top;банкетный зал для свадьбы | камерная свадьба
банкетные залы казань для свадьбы;23;top;банкетный зал для свадьбы
банкетный зал для свадьбы казань;23;top;банкетный зал для свадьбы
меню на свадебный стол;23;assoc;банкетный зал для свадьбы | ресторан для свадьбы | веранда для свадьбы | недорогой банкетный зал для свадьбы | свадьба под ключ | сценарий свадьбы | рассадка гостей на свадьбе
рестораны москвы для свадьбы на 15 человек;23;top;ресторан для свадьбы
ресторан для свадьбы 25 человек;23;top;ресторан для свадьбы
рестораны москвы для годовщины свадьбы;23;top;ресторан для свадьбы
свадебный банкет в москве недорого;23;top;свадебный банкет
свадебные банкеты цена;23;top;свадебный банкет
как можно провести свадьбу;23;top;провести свадьбу
организация дня свадьбы;23;top;организация свадьбы
стоимость организации свадьбы;23;top;организация свадьбы | стоимость свадьбы
аренда лофтов для свадьбы москва;23;top;лофт для свадьбы | аренда лофта для свадьбы
стеклянный шатер для свадьбы;23;top;шатер для свадьбы
домик в саду вднх свадьба;23;top;свадьба в саду
кафе на свадьбу на 30 человек;23;top;свадьба на 30 человек
банкетные залы на свадьбу 50 человек;23;top;свадьба на 50 человек
банкетный зал на свадьбу 50 человек;23;top;свадьба на 50 человек
сколько стоит свадьба на 100 человек;23;top;свадьба на 100 человек | сколько стоит свадьба
самый короткий брак в мире;23;assoc;маленькая свадьба
свадеб отдых в подмосковье;23;top;свадьба в подмосковье
усадьба середниково в подмосковье свадьба;23;top;свадьба в подмосковье
свадьба под ключ на 40 человек;23;top;свадьба под ключ
сколько сейчас стоит сыграть свадьбу;23;top;сколько стоит свадьба
сколько стоит эльбрус джанмирзоев на свадьбу;23;top;сколько стоит свадьба
ведущие на свадьбу александров;23;top;ведущий на свадьбу
ведущий на свадьбу александр;23;top;ведущий на свадьбу
ведущий на корпоратив свадьбы;23;top;ведущий на свадьбу
свадебный декор екатеринбург;23;top;свадебный декор
оформление банкетного зала на свадьбу;23;top;оформление свадьбы
шаблоны оформления свадьбы;23;top;оформление свадьбы
оформление свадьбы 2026;23;top;оформление свадьбы
оформление фотозоны на свадьбу;23;top;оформление свадьбы
фильм свадебное агентство;23;top;свадебное агентство
свадебный торт с трайфлами;23;top;свадебный торт
где можно купить свадебный торт;23;top;свадебный торт
как в симс 4 купить свадебный торт;23;top;свадебный торт
архангельское выездная регистрация;23;top;выездная регистрация
как организовать выездную регистрацию брака;23;top;выездная регистрация
как сделать выездную регистрацию брака;23;top;выездная регистрация
нужна ли выездная регистрация;23;top;выездная регистрация
выездная регистрация цветами;23;top;выездная регистрация
можно ли сделать выездную регистрацию;23;top;выездная регистрация
музыкальный сценарий свадьбы;23;top;сценарий свадьбы
сценарий свадьбы молодым;23;top;сценарий свадьбы
готовый сценарий золотой свадьбы;23;top;сценарий свадьбы
сценарий золотой свадьбы 50;23;top;сценарий свадьбы
сценарий свадьбы для тамады готовый полный;23;top;сценарий свадьбы
стиль друга на свадьбу;23;top;стили свадьбы
свадьба в пляжном стиле vs классическая свадьба;23;top;стили свадьбы
свадьба в царском стиле;23;top;стили свадьбы
идеи стиля свадьбы;23;top;стили свадьбы
стили проведения свадеб;23;top;стили свадьбы
свадьба в стиле олд мани;23;top;стили свадьбы
свадебная площадка отрадное;22;top;свадебная площадка
свадебная площадка оранжерея;22;top;свадебная площадка
свадебные площадки тверь;22;top;свадебная площадка
площадки для свадьбы в подмосковье недорого;22;top;площадка для свадьбы | площадка для свадьбы подмосковье | свадьба в подмосковье | свадьба недорого
площадки для свадьбы с выездной регистрацией;22;top;площадка для свадьбы | выездная регистрация
симс 4 место для свадьбы;22;top;место для свадьбы
где отметить годовщину свадьбы в подмосковье;22;top;где отметить свадьбу | свадьба в подмосковье
банкетные залы для свадьбы красногорск;22;top;банкетный зал для свадьбы
рестораны для свадьбы нижний новгород;22;top;ресторан для свадьбы
ресторан отель для свадьбы;22;top;ресторан для свадьбы
рестораны для свадьбы сергиев посад;22;top;ресторан для свадьбы
грузинские рестораны для свадьбы;22;top;ресторан для свадьбы
банкет свадебный зал;22;top;свадебный банкет
свадебный банкет отель;22;top;свадебный банкет
свадебный банкет смотреть;22;top;свадебный банкет
провести вечер свадьбы;22;top;провести свадьбу
места где можно провести свадьбу;22;top;провести свадьбу
где лучше провести свадьбу;22;top;провести свадьбу
коттедж для свадьбы москва;22;top;коттедж для свадьбы
снять теплоход на свадьбу;22;top;свадьба на теплоходе
свадьба в лесу москва;22;top;свадьба в лесу
свадьба на 20 человек без тамады;22;top;свадьба на 20 человек
камерная свадьба на 15 человек;22;top;камерная свадьба
красивые маленькие свадьбы;22;top;маленькая свадьба
свадьба в петербурге для двоих;22;top;свадьба для двоих
свадьба для двоих в санкт петербурге;22;top;свадьба для двоих
4 свадьбы женихи 2;22;assoc;свадьба для двоих
завидное загородный клуб свадьба;22;top;загородная свадьба
мужские костюмы на свадьбу москва недорого;22;top;свадьба недорого
недорогой букет на свадьбу;22;top;свадьба недорого
снять кафе на свадьбу недорого;22;top;свадьба недорого
культурно ценностный вызов предложения;22;assoc;свадьба недорого
стоимость выступления на свадьбе;22;top;стоимость свадьбы
аренда зала свадьбы стоимость;22;top;стоимость свадьбы
стоимость свадьбы коки;22;top;стоимость свадьбы
сколько стоит отпраздновать свадьбу;22;top;сколько стоит свадьба
сколько стоит свадьба роналду;22;top;сколько стоит свадьба
сколько стоит аркадий думикян на свадьбу;22;top;сколько стоит свадьба
сколько стоит платье на свадьбу;22;top;сколько стоит свадьба
найти фотографа на свадьбу;22;top;фотограф на свадьбу
фотограф на свадьбу на день;22;top;фотограф на свадьбу
видеограф на свадьбу цена;22;top;видеограф на свадьбу
свадебный декор арки;22;top;свадебный декор
свадьба оформление комнаты;22;top;оформление свадьбы
курсы свадебного организатора;22;top;свадебный организатор
свадебное агентство сериал;22;top;свадебное агентство
работа в свадебном агентстве;22;top;свадебное агентство
apriori married свадебное агентство;22;top;свадебное агентство
камеди клаб в свадебном агентстве;22;top;свадебное агентство
приготовление свадебного торта;22;top;свадебный торт
свадебные торты недорого москва;22;top;свадебный торт
какой должен быть свадебный торт;22;top;свадебный торт
сборка свадебного торта;22;top;свадебный торт
многоярусный свадебный торт;22;top;свадебный торт
свадебный торт на 20 человек;22;top;свадебный торт
где заказать свадебный торт;22;top;свадебный торт
свадебная арка для выездной регистрации;22;top;выездная регистрация
выездная регистрация банкет;22;top;выездная регистрация
сценарий второго дня свадьбы без тамады прикольный;22;top;сценарий свадьбы
сценарий день свадьбы без тамады прикольный;22;top;сценарий свадьбы
готовый сценарий второго дня свадьбы;22;top;сценарий свадьбы
проведение свадьбы без тамады сценарий;22;top;сценарий свадьбы
сценарий деревенской свадьбы;22;top;сценарий свадьбы
юмор сценарий свадьбы;22;top;сценарий свадьбы
сценарий свадьбы 1;22;top;сценарий свадьбы
сценарий свадьбы конкурс игры;22;top;сценарий свадьбы
свадьба в конце сентября;22;top;свадьба в сентябре
идеи для фотосессии на свадьбу;22;top;идеи для свадьбы
идеи подарков для конкурсов на свадьбу;22;top;идеи для свадьбы
свадьба в стиле вегас;22;top;стили свадьбы
свадьба в таджикском стиле;22;top;стили свадьбы
свадьба в стиле киносъемки;22;top;стили свадьбы
стиль на свадьбу женский;22;top;стили свадьбы
стиль стола на свадьбу;22;top;стили свадьбы
свадьба в спортивном стиле;22;top;стили свадьбы
свадьба в стиле игр;22;top;стили свадьбы
свадьба в секретном стиле;22;top;стили свадьбы
четыре свадьбы в пляжном стиле;22;top;стили свадьбы
свадьба в сиреневом стиле;22;top;стили свадьбы
свадебный образ жениха 2026;22;assoc;свадьба в стиле рустик
свадебная площадка клин;21;top;свадебная площадка
площадки для свадеб сочи;21;top;площадка для свадьбы
площадки для свадьбы тверь;21;top;площадка для свадьбы
места для фото свадьбы;21;top;место для свадьбы
места для свадьбы рестораны;21;top;место для свадьбы | ресторан для свадьбы
аренда банкетного зала для свадьбы в москве;21;top;банкетный зал для свадьбы | аренда зала для свадьбы | банкетный зал москва свадьба
лучшие рестораны для камерной свадьбы;21;top;ресторан для свадьбы | камерная свадьба
рестораны в одинцово для свадьбы;21;top;ресторан для свадьбы
рестораны для армянской свадьбы;21;top;ресторан для свадьбы
где можно провести свадьбу в москве;21;top;провести свадьбу
как провести свадьбу в симс;21;top;провести свадьбу
организация свадьбы ресторане;21;top;организация свадьбы
организацией свадеб занимаюсь;21;top;организация свадьбы
организация свадьбы работа;21;top;организация свадьбы
организация камерной свадьбы;21;top;организация свадьбы | камерная свадьба
свадебные фанфары;21;assoc;свадьба в шатре
как закончить свадебную церемонию в симс 4;21;assoc;яхт клуб свадьба
свадьба на теплоходе отзывы;21;top;свадьба на теплоходе
свадьбы в детском саду;21;top;свадьба в саду
свадьба второй день на природе;21;top;свадьба на природе
отметить свадьбу на 10 человек;21;top;свадьба на 10 человек
алкоголь на свадьбу на 20 человек;21;top;свадьба на 20 человек
зал на свадьбу 20 человек;21;top;свадьба на 20 человек
сколько алкоголя на свадьбу 30 человек;21;top;свадьба на 30 человек
маленький стих на свадьбу;21;top;маленькая свадьба
банкетные залы москва свадьба недорого;21;top;банкетный зал москва свадьба | свадьба недорого
машины свадьбу недорого;21;top;свадьба недорого
организовать недорогую свадьбу;21;top;свадьба недорого
стоимость свадьбы под ключ;21;top;свадьба под ключ | стоимость свадьбы
стоимость человека ресторане свадьбу;21;top;стоимость свадьбы
артиленд свадьба стоимость;21;top;стоимость свадьбы
загс свадьба сколько стоит;21;top;сколько стоит свадьба
свадьба в метро маяковская сколько стоит;21;top;сколько стоит свадьба
сколько стоит фотосессия свадьбы;21;top;сколько стоит свадьба
сколько стояла свадьба иды галич;21;top;сколько стоит свадьба
ведущий на свадьбу роман;21;top;ведущий на свадьбу
ведущий на свадьбу рязань;21;top;ведущий на свадьбу
декор свадебных бутылок;21;top;свадебный декор
авито свадебный декор;21;top;свадебный декор
рассадка гостей на свадьбе оформление;21;top;оформление свадьбы | рассадка гостей на свадьбе
отзыв свадебному организатору;21;top;свадебный организатор
камеди кравец свадебное агентство;21;top;свадебное агентство
свадебное агентство спб;21;top;свадебное агентство
comedy club в свадебном агентстве;21;top;свадебное агентство
comedy свадебное агентство;21;top;свадебное агентство
самые красивые свадебные торты;21;top;свадебный торт
коробка для свадебного торта;21;top;свадебный торт
шоколадные фигурки на торт свадебный;21;top;свадебный торт
свадебный торт сердце;21;top;свадебный торт
овальный свадебный торт;21;top;свадебный торт
свадебный торт тирамису;21;top;свадебный торт
свадебный торт спб;21;top;свадебный торт
свадебная прическа стилист;21;top;свадебный стилист
курсы свадебного стилиста;21;top;свадебный стилист
выездная регистрация санкт петербург;21;top;выездная регистрация
песни для выездной регистрации выход;21;top;выездная регистрация
песни для выхода невесты на выездной регистрации;21;top;выездная регистрация
места выездная регистрация брака;21;top;выездная регистрация
выездная регистрация тула;21;top;выездная регистрация
выездная регистрация бракосочетания;21;top;выездная регистрация
услуги выездной регистрации;21;top;выездная регистрация
есть ли выездная регистрация брака;21;top;выездная регистрация
турандот выездная регистрация;21;top;выездная регистрация
бюджет свадьбы москва;21;top;бюджет свадьбы
свадьба средний бюджет;21;top;бюджет свадьбы
сценарий свадьбы 20 лет;21;top;сценарий свадьбы
свадьба 40 сценарий;21;top;сценарий свадьбы
сценарий на свадьбу прикольный смешной;21;top;сценарий свадьбы
сценарий свадьбы в народном стиле;21;top;сценарий свадьбы | стили свадьбы
сценарий прикольный на год свадьбы;21;top;сценарий свадьбы
начало свадьбы сценарий;21;top;сценарий свадьбы
начинаем свадьбу сценарий;21;top;сценарий свадьбы
сценарий свадьбы в стихах;21;top;сценарий свадьбы
сценарий праздника на свадьбу;21;top;сценарий свадьбы
лучший день для свадьбы в сентябре;21;top;свадьба в сентябре
свадьба в стиле вечеринки vs зеленый минимализм;21;top;стили свадьбы
свадьба в осеннем стиле;21;top;стили свадьбы
свадьба в стиле кантри;21;top;стили свадьбы
свадьба в стиле комиксов;21;top;стили свадьбы
название стилей свадьбы;21;top;стили свадьбы
свадьба в стиле 90 гости;21;top;стили свадьбы
фон для рассадки гостей на свадьбе;21;top;рассадка гостей на свадьбе
как сделать план рассадки гостей на свадьбе;21;top;рассадка гостей на свадьбе
свадебные площадки ярославль;20;top;свадебная площадка
свадебная площадка на карте;20;top;свадебная площадка
площадка для свадьбы на природе в москве;20;top;площадка для свадьбы | свадьба на природе
площадки для свадьбы серпухов;20;top;площадка для свадьбы
места для празднования свадьбы;20;top;место для свадьбы
аренда места для свадьбы;20;top;место для свадьбы
необычная свадьба где отметить;20;top;где отметить свадьбу
банкетный зал подольск для свадьбы;20;top;банкетный зал для свадьбы
банкетный зал для свадьбы москва недорого;20;top;банкетный зал для свадьбы | банкетный зал москва свадьба | свадьба недорого | недорогой банкетный зал для свадьбы
недорогие банкетные залы москвы для свадьбы;20;top;банкетный зал для свадьбы | недорогой банкетный зал для свадьбы
банкетные залы для проведения свадеб;20;top;банкетный зал для свадьбы
банкетный зал для проведения свадьбы;20;top;банкетный зал для свадьбы
ресторан для камерной свадьбы 20 человек;20;top;ресторан для свадьбы | камерная свадьба
ресторан для свадьбы рейтинг;20;top;ресторан для свадьбы
ресторан для свадьбы в санкт петербурге;20;top;ресторан для свадьбы
свадебный банкет фильм 2025;20;top;свадебный банкет
свадебный банкет еда;20;top;свадебный банкет
свадебный банкет где;20;top;свадебный банкет
организация мероприятий свадьбы;20;top;организация свадьбы
снять теплоход на свадьбу в москве;20;top;свадьба на теплоходе
организовать свадьбу на природе;20;top;свадьба на природе
локации свадьбы на природе;20;top;свадьба на природе
свадьба на 30 человек бюджет;20;top;свадьба на 30 человек | бюджет свадьбы
проведение камерной свадьбы;20;top;камерная свадьба
отметить свадьбу за городом;20;top;свадьба за городом
локации для свадьбы в москве и подмосковье;20;top;свадьба в подмосковье
вечерние платья на свадьбу недорого;20;top;свадьба недорого
где отпраздновать свадьбу в москве недорого;20;top;свадьба недорого
залы для свадьбы москва недорого;20;top;свадьба недорого
оригинальный недорогой подарок на свадьбу друзьям;20;top;свадьба недорого
свадебное агентство свадьба под ключ;20;top;свадьба под ключ | свадебное агентство
сколько стоит диджей на свадьбу;20;top;сколько стоит свадьба | диджей на свадьбу
сколько стоит самая дорогая свадьба;20;top;сколько стоит свадьба
ведущие на свадьбе иды галич;20;top;ведущий на свадьбу
татарские ведущие на свадьбу;20;top;ведущий на свадьбу
ведущий на свадьбу дмитрий;20;top;ведущий на свадьбу
ведущий на свадьбу дмитрий дмитриев;20;top;ведущий на свадьбу
услуги ведущего на свадьбу;20;top;ведущий на свадьбу
декор свадебного торта из вафельной бумаги;20;top;свадебный декор | свадебный торт
свадебный декор из вафельной бумаги;20;top;свадебный декор
свадебный декор искусственными цветами;20;top;свадебный декор
оформление на год свадьбы;20;top;оформление свадьбы
камеди клаб кравец свадебное агентство;20;top;свадебное агентство
лучшие свадебные агентства;20;top;свадебное агентство
безе свадебное агентство;20;top;свадебное агентство
торт в итальянском стиле свадебный;20;top;свадебный торт
свадебные торты 2026 прямоугольные;20;top;свадебный торт
свадебные торты мини;20;top;свадебный торт
готовит свадебный торт;20;top;свадебный торт
вкусные свадебные торты;20;top;свадебный торт
набор свадебных тортов;20;top;свадебный торт
прямоугольный длинный свадебный торт;20;top;свадебный торт
свадебный торт с малиной;20;top;свадебный торт
современные свадебные торты;20;top;свадебный торт
свадебный торт с капкейками;20;top;свадебный торт
свадебные недорогие торты с доставкой;20;top;свадебный торт
выездная регистрация спб;20;top;выездная регистрация
локации для выездной регистрации;20;top;выездная регистрация
как подавать заявление на выездную регистрацию;20;top;выездная регистрация
сценарий 1 годовщины свадьбы;20;top;сценарий свадьбы
сценарий летия свадьбы;20;top;сценарий свадьбы
сценарии 45 свадьбе;20;top;сценарий свадьбы
свадьба 2026 выкуп сценарий;20;top;сценарий свадьбы
как одеться на свадьбу в сентябре;20;top;свадьба в сентябре
свадьба в стиле сказки;20;top;стили свадьбы
свадьба в китайском стиле;20;top;стили свадьбы
стиль одежды на свадьбу для мужчин;20;top;стили свадьбы
свадьба в стиле дошик;20;top;стили свадьбы
день свадьбы в стиле 90 х;20;top;стили свадьбы
свадьба в стиле стимпанк;20;top;стили свадьбы
четыре свадьбы в секретном стиле;20;top;стили свадьбы
карточки для рассадки гостей на свадьбе шаблон;20;top;рассадка гостей на свадьбе
свадебные площадки в подмосковье на природе;19;top;свадебная площадка
свадебные зимние площадки;19;top;свадебная площадка
led свадебная площадка;19;top;свадебная площадка
новая свадебная площадка;19;top;свадебная площадка
площадки для свадьбы в подольске;19;top;площадка для свадьбы
светлица площадка для свадьбы;19;top;площадка для свадьбы
где красиво отметить свадьбу;19;top;где отметить свадьбу
где можно отметить свадьбу недорого 19 человек;19;top;где отметить свадьбу | свадьба недорого
рестораны для свадьбы волгоград;19;top;ресторан для свадьбы
таджикские рестораны для свадьбы;19;top;ресторан для свадьбы
меню свадебного банкета;19;top;свадебный банкет
какие конкурсы проводят на свадьбах;19;top;провести свадьбу
где недорого провести свадьбу в москве;19;top;провести свадьбу | свадьба недорого
кафе провести свадьбу;19;top;провести свадьбу
где провести годовщину свадьбы вдвоем;19;top;провести свадьбу
сколько стоит организация свадьбы;19;top;организация свадьбы | сколько стоит свадьба
усадьбы для проведения свадеб в подмосковье;19;top;усадьба для свадьбы | свадьба в подмосковье
свадьба на крыше в москве;19;top;свадьба на крыше
проведение свадьбы на природе;19;top;свадьба на природе
свадьба на природе в подмосковье недорого;19;top;свадьба на природе | свадьба в подмосковье | свадьба недорого
регистрация свадьбы на природе;19;top;свадьба на природе
залы для свадьбы на 20 человек;19;top;свадьба на 20 человек
свадьба на 20 человек как организовать;19;top;свадьба на 20 человек
свадьба на 20 человек цена;19;top;свадьба на 20 человек
рассчитать свадьбу на 30 человек;19;top;свадьба на 30 человек
4 свадьбы свадьба в камерном стиле;19;top;камерная свадьба | стили свадьбы
идеи для камерной свадьбы;19;top;камерная свадьба | идеи для свадьбы
сценарий маленькой домашней свадьбы;19;top;маленькая свадьба | сценарий свадьбы
маленькие женщины свадьба;19;top;маленькая свадьба
свадеб стало меньше;19;top;маленькая свадьба
камерная свадьба в подмосковье;19;top;свадьба в подмосковье
grand metropark resort yalong bay 5 отзывы;19;assoc;свадьба новая рига
что можно подарить на свадьбу молодоженам недорого;19;top;свадьба недорого
что подарить коллеге на свадьбу недорого;19;top;свадьба недорого
свадьба под ключ бюджетно;19;top;свадьба под ключ
купи продай свеча;19;assoc;свадьба под ключ цена | стоимость свадьбы
сколько стоит сатир на свадьбу;19;top;сколько стоит свадьба
сколько стоит устроить свадьбу;19;top;сколько стоит свадьба
ведущий четыре свадьбы на пятнице кто;19;top;ведущий на свадьбу
ведущий музыкой на свадьбу;19;top;ведущий на свадьбу
ведущий на юбилей свадьбы;19;top;ведущий на свадьбу
фотограф и видеограф на свадьбу москва;19;top;фотограф на свадьбу | видеограф на свадьбу
фотограф на свадьбу в москве цена;19;top;фотограф на свадьбу
свадебный декор екатеринбург арина;19;top;свадебный декор
крем для свадебного торта;19;top;свадебный торт
свадебный торт подольск;19;top;свадебный торт
небольшой свадебный торт;19;top;свадебный торт
нож и лопатка для свадебного торта;19;top;свадебный торт
огромный свадебный торт;19;top;свадебный торт
свадебный торт фото трехъярусный;19;top;свадебный торт
свадебный торт на 50 человек сколько;19;top;свадебный торт
сколько стоит кг свадебного торта;19;top;свадебный торт
красивые свадебные торты фото;19;top;свадебный торт
азбука вкуса свадебный торт;19;top;свадебный торт
свадебный торт низкий;19;top;свадебный торт
три свадебных торта;19;top;свадебный торт
организация выездных регистраций;19;top;выездная регистрация
выездная регистрация шатер;19;top;выездная регистрация
выездная регистрация на море;19;top;выездная регистрация
сколько стоит официальная выездная регистрация;19;top;выездная регистрация
церемония выездной регистрации;19;top;выездная регистрация
подготовка к свадьбе пошагово план;19;top;план подготовки к свадьбе
сценарий на 1 год свадьбы;19;top;сценарий свадьбы
сценарий на годовщину свадьбы 1 год;19;top;сценарий свадьбы
сценарий свадьбы слова тамады;19;top;сценарий свадьбы
сценарий для тамады на свадьбу с конкурсами;19;top;сценарий свадьбы
сценарий свадьбы молодоженов;19;top;сценарий свадьбы
юбилей 50 свадьба сценарий;19;top;сценарий свадьбы
второй день свадьбы сценарий прикольный дома;19;top;сценарий свадьбы
день свадьбы сценарий прикольный дома;19;top;сценарий свадьбы
прикольный сценарий второго дня свадьбы дома;19;top;сценарий свадьбы
свадьба в сентябре 2027;19;top;свадьба в сентябре
идеи для девичника перед свадьбой от подруг;19;top;идеи для свадьбы
свадьба в русском стиле фото;19;top;стили свадьбы
свадьба в черно белом стиле;19;top;стили свадьбы
второй день свадьбы в стиле 90 х;19;top;стили свадьбы
свадьба в культурно эстетическом стиле;19;top;стили свадьбы
стиль свадьбы музыка;19;top;стили свадьбы
свадьба в стиле китч;19;top;стили свадьбы
фотосессия в стиле свадьбы;19;top;стили свадьбы
рассадка гостей на свадьбу шаблоны скачать бесплатно;19;top;рассадка гостей на свадьбе
создать план рассадки гостей на свадьбе онлайн;19;top;рассадка гостей на свадьбе
бронирование свадебных площадок;18;top;свадебная площадка
недорогие свадебные площадки;18;top;свадебная площадка
площадки для свадьбы одинцово;18;top;площадка для свадьбы
площадки для свадьбы с проживанием;18;top;площадка для свадьбы | площадка для свадьбы с проживанием
площадка для свадьбы без аренды;18;top;площадка для свадьбы
топ площадок для свадьбы в москве;18;top;площадка для свадьбы
где отметить золотую свадьбу;18;top;где отметить свадьбу
свадьба 15 человек где отметить;18;top;где отметить свадьбу
где отметить свадьбу клин;18;top;где отметить свадьбу
банкетные залы для свадьбы 20 человек;18;top;банкетный зал для свадьбы
банкетный зал для свадьбы 20 человек;18;top;банкетный зал для свадьбы
банкетный зал для свадьбы московский;18;top;банкетный зал для свадьбы
банкетный зал для свадьбы 60 человек;18;top;банкетный зал для свадьбы
рестораны москвы для свадьбы на 10 человек;18;top;ресторан для свадьбы | свадьба на 10 человек
свадебный банкет на свадьбу;18;top;свадебный банкет
свадебный банкет дома;18;top;свадебный банкет
в какие дни проводят свадьбы;18;top;провести свадьбу
что нужно для организации свадьбы;18;top;организация свадьбы
фемилинк организация свадьбы;18;top;организация свадьбы
организация свадьбы недорого;18;top;организация свадьбы | свадьба недорого
аренда коттеджа в подмосковье для свадьбы;18;top;коттедж для свадьбы | свадьба в подмосковье
летние веранды для свадьбы;18;top;веранда для свадьбы
клятва в загсе при бракосочетании текст;18;assoc;яхт клуб свадьба
свадьба на природе фото;18;top;свадьба на природе
камерная свадьба на 30 человек;18;top;свадьба на 30 человек | камерная свадьба
цена свадьбы на 50 человек;18;top;свадьба на 50 человек
камерная свадьба нижний;18;top;камерная свадьба
маленькие подарки гостям на свадьбе;18;top;маленькая свадьба
свадьба для двоих в москве;18;top;свадьба для двоих
свадьба для двоих без гостей;18;top;свадьба для двоих
отпраздновать свадьбу в подмосковье;18;top;свадьба в подмосковье
идеи недорогой свадьбы для не молодой пары;18;top;свадьба недорого | идеи для свадьбы
как сыграть свадьбу недорого;18;top;свадьба недорого
что подарить на рубиновую свадьбу недорого;18;top;свадьба недорого
организовать свадьбу под ключ;18;top;свадьба под ключ
стоимость свадьбы клавы коки;18;top;стоимость свадьбы
сколько стоит лазарев на свадьбу;18;top;сколько стоит свадьба
сколько стоит мияги на свадьбу;18;top;сколько стоит свадьба
сколько стоит дарить на свадьбу;18;top;сколько стоит свадьба
сколько стоят приглашения свадьбу;18;top;сколько стоит свадьба
сколько стоит обычная свадьба;18;top;сколько стоит свадьба
ведущий на свадьбу в москве с диджеем;18;top;ведущий на свадьбу | диджей на свадьбу
ведущий на свадьбе медведевой;18;top;ведущий на свадьбу
известные ведущие на свадьбу;18;top;ведущий на свадьбу
фотограф на свадьбу фотосессия;18;top;фотограф на свадьбу
фотограф на свадьбу екатеринбург цена;18;top;фотограф на свадьбу
видео фотограф на свадьбу;18;top;фотограф на свадьбу
стоимость свадебного декора;18;top;свадебный декор
тренды свадебного декора;18;top;свадебный декор
оформление арки на свадьбу;18;top;оформление свадьбы
оформление торта на годовщину свадьбы;18;top;оформление свадьбы
световое оформление свадьбы;18;top;оформление свадьбы
свадебное агентство москва свадьба;18;top;свадебное агентство
comedy club в свадебном агентстве кравец;18;top;свадебное агентство
диджей на свадьбу цена;18;top;диджей на свадьбу
как называется свадебный торт;18;top;свадебный торт
свадебный торт порционный;18;top;свадебный торт
буквы на свадебный торт;18;top;свадебный торт
свадебный торт дмитров;18;top;свадебный торт
изготовление свадебных тортов;18;top;свадебный торт
выездная регистрация орел;18;top;выездная регистрация
какими документами оформляются результаты периодической аттестации сварщика;18;assoc;чек лист подготовки к свадьбе
сценарий русской народной свадьбы;18;top;сценарий свадьбы
сценарий свадьба жених и невеста;18;top;сценарий свадьбы
сценарий свадьбы в кафе;18;top;сценарий свадьбы
сценарий золотой свадьбы для тамады;18;top;сценарий свадьбы
сценарий свадьбы для тамады узкий круг;18;top;сценарий свадьбы
выкуп невесты на свадьбе 2026 сценарий;18;top;сценарий свадьбы
лучшие даты для свадьбы в сентябре 2026;18;top;свадьба в сентябре
благоприятные даты для свадьбы в сентябре 2026;18;top;свадьба в сентябре
четыре свадьбы свадьба в морском стиле;18;top;стили свадьбы
свадьба в стиле ссср;18;top;стили свадьбы
стиль свадьбы классика;18;top;стили свадьбы
свадьба в стиле панк;18;top;стили свадьбы
стиль свадеб картинки;18;top;стили свадьбы
плакаты в стиле 90 х на свадьбу;18;top;стили свадьбы
в каком стиле сделать свадьбу;18;top;стили свадьбы
поздравление на свадьбу в русском стиле;18;top;стили свадьбы
стиль летней свадьбы;18;top;стили свадьбы
четыре свадьбы в стиле патриотизма;18;top;стили свадьбы
стиль нарядов для свадьбы;18;top;стили свадьбы
свадьба в стиле гарри;18;top;стили свадьбы
свадьба в стиле гарри поттера;18;top;стили свадьбы
свадьба в стиле деревни;18;top;стили свадьбы
схема рассадки гостей на свадьбе онлайн;18;top;рассадка гостей на свадьбе
список рассадки гостей на свадьбе;18;top;рассадка гостей на свадьбе
свадебная площадка в коломенском;17;top;свадебная площадка
свадебные площадки подольск;17;top;свадебная площадка
свадебная площадка лед;17;top;свадебная площадка
свадебные площадки домодедово;17;top;свадебная площадка
свадебная площадка долгопрудный;17;top;свадебная площадка
пирогово свадебная площадка;17;top;свадебная площадка
мытищи площадка для свадьбы;17;top;площадка для свадьбы
сколько стоит площадка для свадьбы;17;top;площадка для свадьбы | сколько стоит свадьба
площадки для свадьбы нижний;17;top;площадка для свадьбы
площадки для организации свадьбы;17;top;площадка для свадьбы | организация свадьбы
площадки для свадьбы видное;17;top;площадка для свадьбы
площадки для празднования свадеб;17;top;площадка для свадьбы
места для камерной свадьбы;17;top;место для свадьбы | камерная свадьба
банкетные залы для свадьбы на природе;17;top;банкетный зал для свадьбы | свадьба на природе
банкетный зал на природе для свадьбы;17;top;банкетный зал для свадьбы | свадьба на природе
банкетный зал мытищи для свадьбы;17;top;банкетный зал для свадьбы
банкетные залы воронеж для свадеб;17;top;банкетный зал для свадьбы
банкетный зал для свадьбы воронеж;17;top;банкетный зал для свадьбы
банкетные залы для свадьбы цена;17;top;банкетный зал для свадьбы
банкетный зал для свадьбы цены;17;top;банкетный зал для свадьбы
ресторан для свадьбы с видом;17;top;ресторан для свадьбы
ресторан для годовщины свадьбы на двоих;17;top;ресторан для свадьбы | свадьба для двоих
ресторан для камерной свадьбы спб;17;top;ресторан для свадьбы | камерная свадьба
рестораны балашихи для свадьбы;17;top;ресторан для свадьбы
меню ресторан для свадьбы;17;top;ресторан для свадьбы
провести прикольную свадьбу;17;top;провести свадьбу
проведем русскую свадьбу;17;top;провести свадьбу
провести свадьбу на 20 человек;17;top;провести свадьбу | свадьба на 20 человек
кто проводил свадьбу на кудринской площади;17;top;провести свадьбу
организация свадьбы под ключ московская область;17;top;организация свадьбы | свадьба под ключ
организация свадьбы фильм;17;top;организация свадьбы
организация банкета свадьба;17;top;организация свадьбы
свадьба организация где;17;top;организация свадьбы
камеди клаб свадебное агентство марина кравец;17;assoc+top;яхт клуб свадьба | свадебное агентство
свадьба в лесу фильм;17;top;свадьба в лесу
зал для свадьбы на природе;17;top;свадьба на природе
конкурсы на свадьбу на природе;17;top;свадьба на природе
свадьба на 20 человек недорого;17;top;свадьба на 20 человек | свадьба недорого
банкетный зал на свадьбу 20 человек;17;top;свадьба на 20 человек
торт на свадьбу на 50 человек;17;top;свадьба на 50 человек
зал для камерной свадьбы москва;17;top;камерная свадьба
фото свадьбы меньше;17;top;маленькая свадьба
маленькая свадьба дома;17;top;маленькая свадьба
свадьба любовь маленьких;17;top;маленькая свадьба
свадьба за городом банкетный;17;top;свадьба за городом
загородный дом для свадьбы московская область;17;top;загородная свадьба
недорогие подарки на свадьбу гостям;17;top;свадьба недорого
свадьба примерная стоимость;17;top;стоимость свадьбы
свадьба в царицыно стоимость аренды;17;top;стоимость свадьбы
сколько сейчас стоит свадьба в среднем;17;top;сколько стоит свадьба
сколько стоила свадьба гурама;17;top;сколько стоит свадьба
сколько стоит свадьба гурама;17;top;сколько стоит свадьба
сколько стоит машина на свадьбу;17;top;сколько стоит свадьба
сколько стоят the hatters на свадьбу;17;top;сколько стоит свадьба
свадьба воронеж сколько стоит;17;top;сколько стоит свадьба
сколько стоит видео свадьбы;17;top;сколько стоит свадьба
сколько стоит свадьба в дагестане;17;top;сколько стоит свадьба
ведущая на свадьбу ростов;17;top;ведущий на свадьбу
заказать фотографа на свадьбу;17;top;фотограф на свадьбу
авито фотограф на свадьбу;17;top;фотограф на свадьбу
свадебный декор на свадьбу;17;top;свадебный декор
сделать свадебный декор;17;top;свадебный декор
свадебный декор президиум;17;top;свадебный декор
белый свадебный декор;17;top;свадебный декор
свадебное агентство попаданки;17;top;свадебное агентство
марина кравец камеди свадебное агентство;17;top;свадебное агентство
свадебные торты замок;17;top;свадебный торт
смешной свадебный торт;17;top;свадебный торт
подача свадебного торта;17;top;свадебный торт
свадебное платье торт;17;top;свадебный торт
заказать свадебный торт с доставкой;17;top;свадебный торт
свадебный торт фото двухъярусный на свадьбу;17;top;свадебный торт
свадебные торты санкт петербург;17;top;свадебный торт
торт свадебный прямоугольный фото;17;top;свадебный торт
свадебные торты бархат;17;top;свадебный торт
свадебный торт красный бархат;17;top;свадебный торт
свадебный торт молочная девочка;17;top;свадебный торт
трендовый свадебный торт;17;top;свадебный торт
торт свадебный 2 ярусный;17;top;свадебный торт
расчет свадебного торта;17;top;свадебный торт
свадебный торт какой лучше;17;top;свадебный торт
визажист на свадьбу москва на дом;17;top;визажист на свадьбу
выездная регистрация рязань;17;top;выездная регистрация
выездная регистрация брака усадьба;17;top;выездная регистрация
зона выездной регистрации;17;top;выездная регистрация
выездная регистрация воронеж;17;top;выездная регистрация
выездная регистрация свадьбы москва;17;top;выездная регистрация
места для выездной регистрации в москве;17;top;выездная регистрация
сценарий жемчужной свадьбы;17;top;сценарий свадьбы
свадьба дома сценарий без тамады;17;top;сценарий свадьбы
свадьба тамада сценарий дома;17;top;сценарий свадьбы
сценарий свадьбы в русском народном стиле;17;top;сценарий свадьбы | стили свадьбы
сценарий на 2 день свадьбы смешной;17;top;сценарий свадьбы
55 свадьбы сценарий;17;top;сценарий свадьбы
свадьба 55 лет сценарий;17;top;сценарий свадьбы
скачать сценарий на свадьбу;17;top;сценарий свадьбы
сценарий второго для свадьбы;17;top;сценарий свадьбы
сценарий свадьбы на даче;17;top;сценарий свадьбы
сценарий готовый свадьбы скачать;17;top;сценарий свадьбы
самый лучший месяц для свадьбы;17;top;лучший месяц для свадьбы
идеи для мальчишника перед свадьбой;17;top;идеи для свадьбы
необычные идеи для свадьбы;17;top;идеи для свадьбы
свадьба в американском стиле;17;top;стили свадьбы
свадьба в восточном стиле;17;top;стили свадьбы
свадьба в тропическом стиле;17;top;стили свадьбы
рук стиль на свадьбу;17;top;стили свадьбы
свадьба в стиле 20;17;top;стили свадьбы
свадьба в стиле 30;17;top;стили свадьбы
4 свадьбы стиль 90;17;top;стили свадьбы
свадьба в стиле дошик бридж;17;top;стили свадьбы
стиль лас вегас свадьба;17;top;стили свадьбы
печать плана рассадки гостей на свадьбе;17;top;рассадка гостей на свадьбе
свадебные площадки зеленоград;16;top;свадебная площадка
свадебные площадки шатры;16;top;свадебная площадка
свадебная площадка пушкин;16;top;свадебная площадка
площадка для свадьбы ногинск;16;top;площадка для свадьбы
лучшие места для свадьбы в москве;16;top;место для свадьбы
где отметить второй день свадьбы;16;top;где отметить свадьбу
загородные банкетные залы для свадьбы;16;top;банкетный зал для свадьбы | загородная свадьба
загородный банкетный зал для свадьбы;16;top;банкетный зал для свадьбы | загородная свадьба
волгоград недорогой ресторан для свадьбы;16;top;ресторан для свадьбы | свадьба недорого
армянские рестораны в москве для свадьбы;16;top;ресторан для свадьбы
рестораны в красногорске для свадьбы;16;top;ресторан для свадьбы
ресторан в питере для свадьбы;16;top;ресторан для свадьбы
рестораны для отмечания свадьбы;16;top;ресторан для свадьбы
как провести роспись без свадьбы;16;top;провести свадьбу
проведу вашу свадьбу;16;top;провести свадьбу
где провести второй день свадьбы;16;top;провести свадьбу
где провести свадьбу в подмосковье недорого;16;top;провести свадьбу | свадьба в подмосковье | свадьба недорого
человек который проводит свадьбу;16;top;провести свадьбу
как провести первую свадьбу;16;top;провести свадьбу
провести необычную свадьбу;16;top;провести свадьбу
организация свадеб москва и московская область;16;top;организация свадьбы
организация свадеб отзывы;16;top;организация свадьбы
организация свадьбы самой;16;top;организация свадьбы
организация свадьбы самому;16;top;организация свадьбы
организация свадьбы камеди;16;top;организация свадьбы
аренда шатра для свадьбы в подмосковье;16;top;шатер для свадьбы | свадьба в шатре | свадьба в подмосковье
веранда оранжерея для свадьбы;16;top;веранда для свадьбы
открытые веранды для свадьбы;16;top;веранда для свадьбы
дом в лесу свадьба;16;top;свадьба в лесу
свадьба в ботаническом саду;16;top;свадьба в саду
свадьба на природе нижний;16;top;свадьба на природе
свадьба на природе нижний новгород;16;top;свадьба на природе
свадьба на природе ногинск;16;top;свадьба на природе
свадьба дома на 20 человек;16;top;свадьба на 20 человек
сколько алкоголя на свадьбу 20 человек;16;top;свадьба на 20 человек
свадьба камерная видео;16;top;камерная свадьба
свадьба маленькая фильм;16;top;маленькая свадьба
очень маленькие свадьбы;16;top;маленькая свадьба
маленький торт на свадьбу;16;top;маленькая свадьба
поздравление с маленькой годовщиной свадьбы;16;top;маленькая свадьба
маленькая свадьба тамада;16;top;маленькая свадьба
маленькие свадьбы без тамады;16;top;маленькая свадьба
где отпраздновать свадьбу в подмосковье;16;top;свадьба в подмосковье
свадьба в усадьбе москва и подмосковье;16;top;свадьба в подмосковье
истра каравай на свадьбу;16;top;свадьба истра
недорогая свадьба форум;16;top;свадьба недорого
недорогой подарок на годовщину свадьбы;16;top;свадьба недорого
заказать каравай на свадьбу недорого;16;top;свадьба недорого
украсить свадьбу своими руками недорого;16;top;свадьба недорого
что подарить молодым на свадьбу недорого;16;top;свадьба недорого
банкеты свадьбы недорого;16;top;свадьба недорого
кафе на свадьбу недорого цены;16;top;свадьба недорого
где сыграть недорогую свадьбу;16;top;свадьба недорого
свадьба под ключ омск;16;top;свадьба под ключ
свадьба под ключ самара;16;top;свадьба под ключ
свадьба под ключ оренбург;16;top;свадьба под ключ
стоимость свадьбы отзывы;16;top;стоимость свадьбы
сколько стоит танец на свадьбу;16;top;сколько стоит свадьба
сколько стоит выездная свадьба;16;top;сколько стоит свадьба
сколько стоит фото свадьбы;16;top;сколько стоит свадьба
сколько стоит лепс на свадьбу;16;top;сколько стоит свадьба
сколько стоят цветы на свадьбу;16;top;сколько стоит свадьба
роль ведущего на свадьбе;16;top;ведущий на свадьбу
работа ведущим на свадьбах;16;top;ведущий на свадьбу
рейтинг ведущих на свадьбу;16;top;ведущий на свадьбу
услуги фотографа на свадьбу екатеринбург;16;top;фотограф на свадьбу
фотограф на свадьбу ростов;16;top;фотограф на свадьбу
видеограф воронеж на свадьбу;16;top;видеограф на свадьбу
декор свадебной свечи;16;top;свадебный декор
свадьба оформление тканью;16;top;оформление свадьбы
оформление рассадки на свадьбу шаблоны;16;top;оформление свадьбы
рассадка гостей на свадьбе оформление шаблоны;16;top;оформление свадьбы | рассадка гостей на свадьбе
оформление свадьбы бесплатно;16;top;оформление свадьбы
оформление свадьбы зона;16;top;оформление свадьбы
модный свадебный торт;16;top;свадебный торт
свадебный торт 30 кг;16;top;свадебный торт
церемония свадебного торта;16;top;свадебный торт
шакотис свадебный торт;16;top;свадебный торт
торт свадебный одноярусный с ягодами;16;top;свадебный торт
оформление торта свадебные фото;16;top;свадебный торт
свадебный торт прямоугольный с цветами;16;top;свадебный торт
свадебный торт молодоженам;16;top;свадебный торт
торт фисташка малина свадебный;16;top;свадебный торт
как украсить домашний свадебный торт;16;top;свадебный торт
как украсить свадебный торт в домашних условиях;16;top;свадебный торт
свадебный торт на заказ цена;16;top;свадебный торт
свадебный торт калининград;16;top;свадебный торт
свадебный торт и невестка;16;top;свадебный торт
свадебный торт муж и невестка;16;top;свадебный торт
прямоугольный свадебный торт 3 кг;16;top;свадебный торт
свадебный торт с розами;16;top;свадебный торт
подложка для свадебного торта;16;top;свадебный торт
подставка для свадебного торта;16;top;свадебный торт
свадебный торт без мастики;16;top;свадебный торт
выездная регистрация декор;16;top;выездная регистрация
выездная регистрация коломна;16;top;выездная регистрация
лучшая выездная регистрация;16;top;выездная регистрация
как подать заявление на выездную регистрацию брака;16;top;выездная регистрация
интересный сценарий на свадьбу;16;top;сценарий свадьбы
сценарий рубиновой свадьбы прикольный;16;top;сценарий свадьбы
2 день свадьбы сценарий прикольный;16;top;сценарий свадьбы
сценарий 10 свадьбы;16;top;сценарий свадьбы
сценарий свадьбы 45 лет;16;top;сценарий свадьбы
готовый сценарий свадьбы прикольный;16;top;сценарий свадьбы
сценарий на свадьбу с конкурсами готовый прикольный;16;top;сценарий свадьбы
полный сценарий золотой свадьбы для тамады;16;top;сценарий свадьбы
сценарий золотой свадьбы для тамады готовый;16;top;сценарий свадьбы
сценарий золотой свадьбы для тамады готовый полный;16;top;сценарий свадьбы
готовый сценарий на второй день свадьбы;16;top;сценарий свадьбы
домашняя свадьба сценарий с тамадой;16;top;сценарий свадьбы
смешные идеи для свадьбы;16;top;идеи для свадьбы
стиль свадьбы пинтерест;16;top;стили свадьбы
стили пригласительных на свадьбу;16;top;стили свадьбы
свадьба в стиле царская охота;16;top;стили свадьбы
стиль свадьбы дрейн;16;top;стили свадьбы
свадьба в стиле рустик vs горько;16;top;стили свадьбы | свадьба в стиле рустик
свадьба в розовом стиле;16;top;стили свадьбы
свадьба в стиле рустик провинциальная свадьба;16;top;стили свадьбы | свадьба в стиле рустик
четыре свадьбы в тропическом стиле;16;top;стили свадьбы
свадьба в голливудском стиле vs свадьба;16;top;стили свадьбы
свадьба в индийском стиле;16;top;стили свадьбы
четыре свадьбы свадьба в стиле барокко;16;top;стили свадьбы
4 свадьбы свадьба в стиле горько;16;top;стили свадьбы
свадьба в стиле девяностых;16;top;стили свадьбы
свадьба в красном стиле;16;top;стили свадьбы
четыре свадьбы в стиле гэтсби;16;top;стили свадьбы
свадьба в стиле дошик 4 свадьбы;16;top;стили свадьбы
подарок на свадьбу в стиле 90;16;top;стили свадьбы
создать рассадку гостей на свадьбу онлайн бесплатно;16;top;рассадка гостей на свадьбе
карточки рассадки гостей на свадьбе печать;16;top;рассадка гостей на свадьбе
свадебные площадки на природе москва;15;top;свадебная площадка | свадебные площадки москва
площадка для фотосессии свадебная;15;top;свадебная площадка
площадки для свадьбы клин;15;top;площадка для свадьбы
площадка для свадьбы в подмосковье на природе;15;top;площадка для свадьбы | свадьба на природе | площадка для свадьбы подмосковье | свадьба в подмосковье
площадки для свадьбы екатеринбург;15;top;площадка для свадьбы
загородные площадки для свадьбы в подмосковье;15;top;площадка для свадьбы | площадка для свадьбы подмосковье | свадьба в подмосковье | загородная свадьба
загородные площадки для свадьбы москва;15;top;площадка для свадьбы | загородная свадьба
скай ривер площадка для свадьбы;15;top;площадка для свадьбы
лучшие площадки для свадьбы в подмосковье;15;top;площадка для свадьбы | площадка для свадьбы подмосковье | свадьба в подмосковье
панорама площадка для свадьбы;15;top;площадка для свадьбы
площадки для проведения свадьбы в ближайшем подмосковье;15;top;площадка для свадьбы | площадка для свадьбы подмосковье | свадьба в подмосковье
топ мест для свадьбы в москве;15;top;место для свадьбы
красивые места для фотосессии свадьбы;15;top;место для свадьбы
места для фотосессий в москве на свадьбу;15;top;место для свадьбы
банкетный зал в одинцово для свадьбы;15;top;банкетный зал для свадьбы
видное банкетный зал для свадьбы;15;top;банкетный зал для свадьбы
казань мусульманский банкетный зал для свадьбы;15;top;банкетный зал для свадьбы
банкетные залы для свадеб московская область;15;top;банкетный зал для свадьбы
банкетный зал для свадьбы московская область;15;top;банкетный зал для свадьбы
банкетные залы для свадьбы в домодедово;15;top;банкетный зал для свадьбы
банкетный зал в домодедово для свадьбы;15;top;банкетный зал для свадьбы
банкетный зал для свадьбы спб;15;top;банкетный зал для свадьбы
банкетные залы для маленькой свадьбы;15;top;банкетный зал для свадьбы | маленькая свадьба
банкетный зал для маленькой свадьбы;15;top;банкетный зал для свадьбы | маленькая свадьба
шатер ресторан для свадьбы;15;top;ресторан для свадьбы | шатер для свадьбы
ресторан в царицыно для свадьбы;15;top;ресторан для свадьбы
ресторан для свадьбы пушкино;15;top;ресторан для свадьбы
рестораны для свадьбы оренбург;15;top;ресторан для свадьбы
seashell wedding свадебный салон;15;assoc;ресторан для свадьбы | яхт клуб свадьба
как проводить церемонию свадьбы;15;top;провести свадьбу
как провести второй день свадьбы;15;top;провести свадьбу
сколько стоит провести свадьбу в коломенском;15;top;провести свадьбу | сколько стоит свадьба
проводим свадьбу сами;15;top;провести свадьбу
как провести серебряную свадьбу;15;top;провести свадьбу
организация свадьбы поэтапно;15;top;организация свадьбы
купить шатер для свадьбы в дмитрове;15;top;шатер для свадьбы | свадьба в шатре
яхт клуб адмирал свадьба;15;top;яхт клуб свадьба
яхт клуб свадьба москва;15;top;яхт клуб свадьба
овощная тарелка на праздничный стол оформление;15;assoc;банкетный зал с панорамными окнами
после свадьбы в лесу;15;top;свадьба в лесу
свадьба в лесу порно;15;top;свадьба в лесу
где организовать свадьбу на природе;15;top;свадьба на природе
что надеть на свадьбу на природе;15;top;свадьба на природе
сколько алкоголя нужно на свадьбу 20 человек;15;top;свадьба на 20 человек
сценарий свадьбы на 20 человек;15;top;свадьба на 20 человек | сценарий свадьбы
камерная свадьба это сколько;15;top;камерная свадьба
камерная свадьба дома;15;top;камерная свадьба
оркестр маленьких жучков серебряная свадьба;15;top;маленькая свадьба
маленькие подарочки на свадьбу;15;top;маленькая свадьба
свадьба маленькое платье;15;top;маленькая свадьба
свадьба для двоих идеи без гостей;15;top;свадьба для двоих | идеи для свадьбы
свадьба за городом банкетный зал;15;top;свадьба за городом
загородная усадьба свадьба;15;top;загородная свадьба
снять загородный дом для свадьбы;15;top;загородная свадьба
свадьба под ключ москва недорого;15;top;свадьба недорого | свадьба под ключ
сыграть свадьбу в раменском недорого;15;top;свадьба недорого
самая недорогая свадьба;15;top;свадьба недорого
недорогие варианты свадьбы;15;top;свадьба недорого
свадьба недорого 30 человека;15;top;свадьба недорого
украсить зал на свадьбу недорого;15;top;свадьба недорого
свадьба под ключ казань;15;top;свадьба под ключ
свадьба под ключ смотреть;15;top;свадьба под ключ
стоимость выездной свадьбы;15;top;стоимость свадьбы
стоимость свадьбы в россии;15;top;стоимость свадьбы
сколько стоит гуф на свадьбу;15;top;сколько стоит свадьба
сколько стоит позвать киркорова на свадьбу;15;top;сколько стоит свадьба
сколько денег стоит свадьба;15;top;сколько стоит свадьба
сколько стоила самая дорогая свадьба;15;top;сколько стоит свадьба
сколько стоит позвать басту на свадьбу;15;top;сколько стоит свадьба
сколько стоит видеограф на свадьбу;15;top;сколько стоит свадьба | видеограф на свадьбу
ведущие на свадьбу любовь;15;top;ведущий на свадьбу
ведущий на свадьбу чебоксары;15;top;ведущий на свадьбу
речь на свадьбу в загсе ведущая;15;top;ведущий на свадьбу
кто был ведущим на свадьбе клавы коки;15;top;ведущий на свадьбу
ведущий на свадьбу тула;15;top;ведущий на свадьбу
средняя цена ведущего на свадьбу;15;top;ведущий на свадьбу
топ ведущих на свадьбу;15;top;ведущий на свадьбу
армянский ведущий на свадьбу;15;top;ведущий на свадьбу
ведущий на свадьбу ростов на дону;15;top;ведущий на свадьбу
фотограф на свадьбу видное;15;top;фотограф на свадьбу
фотограф на свадьбу лучшие;15;top;фотограф на свадьбу
оформление пригласительных на свадьбу;15;top;оформление свадьбы
оформление свадеб тона;15;top;оформление свадьбы
свадебный организатор обучение;15;top;свадебный организатор
свадебные ивент агентства;15;top;свадебное агентство
свадебные агентства event;15;top;свадебное агентство
свадебный торт с рюшами;15;top;свадебный торт
свадебный торт одноярусный длинный;15;top;свадебный торт
свадебные торты пирожные;15;top;свадебный торт
современные свадебные торты фото;15;top;свадебный торт
литовский свадебный торт шакотис;15;top;свадебный торт
подставка под свадебный торт;15;top;свадебный торт
белый одноярусный свадебный торт;15;top;свадебный торт
свадебный торт сникерс;15;top;свадебный торт
свадебный торт ламбет;15;top;свадебный торт
заказать недорогой свадебный торт;15;top;свадебный торт
как приготовить свадебный торт;15;top;свадебный торт
украшение свадебного торта вафельной бумагой;15;top;свадебный торт
свадебный стилист с выездом москва;15;top;свадебный стилист
выездная регистрация архангельск;15;top;выездная регистрация
выездная регистрация в кусково;15;top;выездная регистрация
сколько стоит официальная выездная регистрация брака;15;top;выездная регистрация
где провести выездную регистрацию;15;top;выездная регистрация
выездная регистрация калининград;15;top;выездная регистрация
музыка для выездной регистрации;15;top;выездная регистрация
выездная регистрация мфц;15;top;выездная регистрация
сценарий свадьбы для ведущего в узком кругу;15;top;сценарий свадьбы
сценарии свадьбы готовые для ведущего современные;15;top;сценарий свадьбы
сценарии свадьбы 50 лет совместной жизни;15;top;сценарий свадьбы
сценарий свадьбы 50 лет совместной;15;top;сценарий свадьбы
свадьба вести сценарий;15;top;сценарий свадьбы
сценарий вечера свадьбы;15;top;сценарий свадьбы
сценарий видео поздравления на свадьбу;15;top;сценарий свадьбы
сценарий золотой свадьбы для родителей;15;top;сценарий свадьбы
сценарии свадьбы бесплатно;15;top;сценарий свадьбы
готовый сценарий свадьбы без тамады;15;top;сценарий свадьбы
сценарий веселой свадьбы с конкурсами;15;top;сценарий свадьбы
сценарии праздника юбилеи свадьбы;15;top;сценарий свадьбы
готовый сценарий на современную свадьбу;15;top;сценарий свадьбы
сценарий свадьбы прикольный современный с конкурсами;15;top;сценарий свадьбы
красивая дата для свадьбы в сентябре;15;top;свадьба в сентябре
что одеть на свадьбу в сентябре;15;top;свадьба в сентябре
в сентябре играли свадьбы;15;top;свадьба в сентябре
идея для украшения свадьбы;15;top;идеи для свадьбы
идеи для свадьбы без гостей;15;top;идеи для свадьбы
идеи для празднования свадьбы;15;top;идеи для свадьбы
идеи для свадьбы 2026;15;top;идеи для свадьбы
свадьба стиль 90 годов;15;top;стили свадьбы
4 свадьбы в новом стиле;15;top;стили свадьбы
свадьба в стиле 90 х одежда;15;top;стили свадьбы
эко стиль свадьба;15;top;стили свадьбы
еврейская свадьба vs свадьба в стиле стимпанк;15;top;стили свадьбы
еврейская свадьба свадьба в стиле стимпанк;15;top;стили свадьбы
свадьба в еврейском стиле;15;top;стили свадьбы
свадьба в сиреневом стиле платье для торжества;15;top;стили свадьбы
свадьба в стиле рэп;15;top;стили свадьбы
свадьба в стиле алиса в стране;15;top;стили свадьбы
свадьба в стиле стране чудес;15;top;стили свадьбы
стиль свадьбы алиса в стране чудес;15;top;стили свадьбы
свадьба в стиле бохо фото;15;top;стили свадьбы | свадьба в стиле бохо
свадьба в старославянском стиле;15;top;стили свадьбы
конкурсы на свадьбу в стиле 90;15;top;стили свадьбы
свадьба в русском стиле 2026;15;top;стили свадьбы
конкурсы на свадьбу в русском стиле;15;top;стили свадьбы
распечатать план рассадки гостей на свадьбу;15;top;рассадка гостей на свадьбе
лесной берег свадебная площадка планерная;14;top;свадебная площадка
свадебные площадки москва и московская область;14;top;свадебная площадка | свадебные площадки москва
свадебные площадки сочи;14;top;свадебная площадка
отражение свадебная площадка;14;top;свадебная площадка
лермонтов свадебная площадка;14;top;свадебная площадка
площадки для свадьбы в питере;14;top;площадка для свадьбы
площадки для свадьбы дмитров;14;top;площадка для свадьбы
где отметить свадьбу 10 человек;14;top;где отметить свадьбу
где дешево отметить свадьбу;14;top;где отметить свадьбу
где отметить серебряную свадьбу;14;top;где отметить свадьбу
банкетные залы краснодара для свадьбы;14;top;банкетный зал для свадьбы
банкетный зал для свадьбы краснодар;14;top;банкетный зал для свадьбы
банкетный зал для свадьбы коломна;14;top;банкетный зал для свадьбы
банкетные залы для свадьбы махачкала;14;top;банкетный зал для свадьбы
банкетный зал для свадьбы махачкала;14;top;банкетный зал для свадьбы
рестораны для маленькой свадьбы москва;14;top;ресторан для свадьбы
ресторан для свадьбы подольск;14;top;ресторан для свадьбы
ресторан для мини свадьбы;14;top;ресторан для свадьбы
ресторан в армении для свадьбы;14;top;ресторан для свадьбы
ресторан с террасой для свадьбы;14;top;ресторан для свадьбы
банкетное меню для кафе;14;assoc;ресторан для свадьбы
свадебный банкет стоимость человека;14;top;свадебный банкет
заказать свадебный банкет;14;top;свадебный банкет
провести свадебный банкет;14;top;свадебный банкет
ресторан свадебный банкет москва;14;top;свадебный банкет
как проводить каравай на свадьбе;14;top;провести свадьбу
2 свадьба как провести;14;top;провести свадьбу
организация свадьбы вакансии;14;top;организация свадьбы
свадебная организация свадьбы;14;top;организация свадьбы
усадьба валуево свадьба в шатре;14;top;свадьба в шатре
загородный клуб для проведения свадьбы;14;top;загородный клуб для свадьбы | загородная свадьба
веранды для проведения свадьбы;14;top;веранда для свадьбы
как завершить свадебную церемонию в симс 4;14;assoc;яхт клуб свадьба
свадьба на природе оренбург;14;top;свадьба на природе
свадьба на природе в рязани;14;top;свадьба на природе
рассчитать свадьбу на 50 человек;14;top;свадьба на 50 человек
камерная свадьба в нижнем новгороде;14;top;камерная свадьба
камерная свадьба это сколько человек;14;top;камерная свадьба
маленькая свадьба в москве ресторан;14;top;маленькая свадьба
золотая свадьба сценарий для маленькой компании;14;top;маленькая свадьба | сценарий свадьбы
хочу маленькую свадьбу;14;top;маленькая свадьба
от маленькой сестры на свадьбу;14;top;маленькая свадьба
выездная свадьба в подмосковье цены;14;top;свадьба в подмосковье
бюджетная свадьба в подмосковье;14;top;свадьба в подмосковье
сафиса банкетный зал цены на свадьбу москва;14;top;банкетный зал москва свадьба
купить фату на свадьбу недорого;14;top;свадьба недорого
как отпраздновать свадьбу недорого и красиво;14;top;свадьба недорого
кафе свадьба недорого ресторан;14;top;свадьба недорого
свадьба недорого отзывы;14;top;свадьба недорого
фильм свадьба под ключ;14;top;свадьба под ключ
свадебное агентство москва свадьба под ключ;14;top;свадьба под ключ | свадебное агентство
торт на свадьбу стоимость;14;top;стоимость свадьбы
свадьба в царицыно стоимость аренды зала;14;top;стоимость свадьбы
свадьба стоимость банкета;14;top;стоимость свадьбы
сколько стоят свадьбы звезд;14;top;сколько стоит свадьба
сколько стоит на свадьбу заказ;14;top;сколько стоит свадьба
сколько стоит свадьба отзывы;14;top;сколько стоит свадьба
оформление свадеб сколько стоит;14;top;сколько стоит свадьба | оформление свадьбы
сколько стоит свадьба в московской области;14;top;сколько стоит свадьба
сколько стоит пригласить мота на свадьбу;14;top;сколько стоит свадьба
сколько стоит каравай на свадьбу;14;top;сколько стоит свадьба
сколько стоит тамада на свадьбу в москве;14;top;сколько стоит свадьба
сколько стоит свадьба в церкви;14;top;сколько стоит свадьба
как выбрать ведущего на свадьбу;14;top;ведущий на свадьбу
молодые ведущие на свадьбу;14;top;ведущий на свадьбу
пара ведущих на свадьбу;14;top;ведущий на свадьбу
ведущий на свадьбу дмитров;14;top;ведущий на свадьбу
кормят ли ведущих на свадьбе;14;top;ведущий на свадьбу
начинающий ведущий на свадьбу;14;top;ведущий на свадьбу
ведущий на свадьбу спб;14;top;ведущий на свадьбу
лучшие ведущие на свадьбу москва;14;top;ведущий на свадьбу
2 ведущих на свадьбу;14;top;ведущий на свадьбу
семейный очаг на свадьбе слова ведущего;14;top;ведущий на свадьбу
фото фотографа на свадьбе;14;top;фотограф на свадьбу
фотограф на свадьбу ростов на дону;14;top;фотограф на свадьбу
свадебные кольца декор;14;top;свадебный декор
свадебный декор 2026 тренды;14;top;свадебный декор
оформление зала на свадьбу своими руками;14;top;оформление свадьбы
оформление документов для свадьбы;14;top;оформление свадьбы
оформление свадеб примеры;14;top;оформление свадьбы
оформление юбилея свадьбы;14;top;оформление свадьбы
свадебное агентство организатор;14;top;свадебный организатор | свадебное агентство
свадебное агентство ксении;14;top;свадебное агентство
свадебное агентство москва под ключ;14;top;свадебное агентство
кавер группа на свадьбу цена;14;top;кавер группа на свадьбу
тренды в свадебных тортах;14;top;свадебный торт
свадебные торты популярные;14;top;свадебный торт
торт свадебный двухъярусный 2026;14;top;свадебный торт
агзамов свадебные торты;14;top;свадебный торт
свадебный торт агзамова;14;top;свадебный торт
выносят свадебный торт;14;top;свадебный торт
свадебный торт 90х;14;top;свадебный торт
свадебный торт фото одноярусный современный;14;top;свадебный торт
современный свадебный торт одноярусный;14;top;свадебный торт
свадебный торт с жемчугом;14;top;свадебный торт
свадебные торты золотой;14;top;свадебный торт
свадебные торты фото самые;14;top;свадебный торт
свадебный торт авито;14;top;свадебный торт
свадебный торт с бусинами;14;top;свадебный торт
свадебный торт какой выбрать;14;top;свадебный торт
торт свадебный добрынинский;14;top;свадебный торт
осенний свадебный торт;14;top;свадебный торт
свадебный стилист одинцово;14;top;свадебный стилист
выездная регистрация орехово зуево;14;top;выездная регистрация
выездная регистрация регистратор;14;top;выездная регистрация
выездная регистрация нижний новгород;14;top;выездная регистрация
сколько стоит выездная регистрация цена;14;top;выездная регистрация
сценарий выездной регистрации брака;14;top;выездная регистрация
выкуп на свадьбе сценарий современный прикольный;14;top;сценарий свадьбы
сценарии 45 юбилеем свадьбы;14;top;сценарий свадьбы
юбилей золотой свадьбы сценарий;14;top;сценарий свадьбы
сценарий видео поздравления на свадьбу с шутками;14;top;сценарий свадьбы
домашний сценарий серебряной свадьбы;14;top;сценарий свадьбы
сценарий серебряной свадьбы в домашних условиях;14;top;сценарий свадьбы
форум сценарии свадеб;14;top;сценарий свадьбы
выкуп невесты перед свадьбой сценарий;14;top;сценарий свадьбы
сценарии празднования свадьбы;14;top;сценарий свадьбы
сценарий на свадьбу в стиле 90;14;top;сценарий свадьбы | стили свадьбы
идеи для велком зоны на свадьбе;14;top;идеи для свадьбы
интересные идеи для свадьбы;14;top;идеи для свадьбы
идеи для подарка родителям на свадьбу;14;top;идеи для свадьбы
свадьба в стиле дошик 4 свадьбы бридж;14;top;стили свадьбы
стили свадеб с фото;14;top;стили свадьбы
свадьба выкуп невесты в русском стиле;14;top;стили свадьбы
свадьба в стиле кино;14;top;стили свадьбы
свадьба в стиле вампиров;14;top;стили свадьбы
четыре свадьбы свадьба в стиле лас вегас;14;top;стили свадьбы
свадьба в тюремном стиле vs свадьба;14;top;стили свадьбы
второй день свадьбы в стиле 90х;14;top;стили свадьбы
свадьба в стиле модного показа;14;top;стили свадьбы
свадьба в жемчужном стиле;14;top;стили свадьбы
стиль одежды на свадьбу для гостей;14;top;стили свадьбы
морская свадьба vs свадьба в стиле вечеринки;14;top;стили свадьбы
морская свадьба свадьба в стиле вечеринки;14;top;стили свадьбы
свадьба в викторианском стиле;14;top;стили свадьбы
свадьба в стиле диско;14;top;стили свадьбы
свадьба стиле love;14;top;стили свадьбы
дрейн свадьба vs свадьба в классическом стиле;14;top;стили свадьбы
свадьба выкуп невесты в народном стиле;14;top;стили свадьбы
свадьба в королевском стиле;14;top;стили свадьбы
правила рассадки гостей на свадьбе;14;top;рассадка гостей на свадьбе
рассадка гостей на свадьбе шаблоны онлайн;14;top;рассадка гостей на свадьбе
план рассадки гостей на свадьбе шаблон бесплатно;14;top;рассадка гостей на свадьбе
свадебные площадки краснодар;13;top;свадебная площадка
свадебная площадка в итальянском стиле;13;top;свадебная площадка
свадебная площадка коломна;13;top;свадебная площадка
свадебная площадка на природе с проживанием;13;top;свадебная площадка
ранчо свадебная площадка солнечногорск;13;top;свадебная площадка
бор свадебная площадка;13;top;свадебная площадка
свадебная площадка спарк;13;top;свадебная площадка
площадки для свадьбы нижний новгород;13;top;площадка для свадьбы
площадки для свадьбы минск;13;top;площадка для свадьбы
площадка для небольшой свадьбы;13;top;площадка для свадьбы
выбрать место для свадьбы;13;top;место для свадьбы
место для свадьбы спб;13;top;место для свадьбы
где галич отмечала свадьбу;13;top;где отметить свадьбу
где отметить маленькую свадьбу;13;top;где отметить свадьбу | маленькая свадьба
где отмечать свадьбу в 2026;13;top;где отметить свадьбу
кафе где отметить свадьбу;13;top;где отметить свадьбу
банкетный зал для свадьбы в красногорске;13;top;банкетный зал для свадьбы
ресторан для свадьбы с живой музыкой;13;top;ресторан для свадьбы
ресторан для свадьбы воронеж;13;top;ресторан для свадьбы
открытый ресторан для свадьбы;13;top;ресторан для свадьбы
рестораны для свадьбы химки;13;top;ресторан для свадьбы
лучшие рестораны москвы для камерной свадьбы;13;top;ресторан для свадьбы | камерная свадьба
самые красивые рестораны для свадьбы;13;top;ресторан для свадьбы
проведение свадебных банкетов;13;top;свадебный банкет
сколько стоит свадебный банкет на человека;13;top;свадебный банкет
тайминг свадебного банкета;13;top;свадебный банкет
сценарий свадебного банкета;13;top;свадебный банкет
свадьба как провести жениха;13;top;провести свадьбу
как провести первую годовщину свадьбы;13;top;провести свадьбу
симс где лучше провести свадьбу;13;top;провести свадьбу
как провести день свадьбы весело;13;top;провести свадьбу
как проводят девичник перед свадьбой;13;top;провести свадьбу
организация камерной свадьбы в москве;13;top;организация свадьбы | камерная свадьба
организация свадеб камеди клаб;13;top;организация свадьбы
организация годовщины свадьбы для двоих ярославская область;13;top;организация свадьбы | свадьба для двоих
свадебный шатер в подмосковье для свадьбы;13;top;шатер для свадьбы | свадьба в шатре | свадьба в подмосковье
коттедж для свадьбы ленинградская;13;top;коттедж для свадьбы
свадьба на теплоходе спб;13;top;свадьба на теплоходе
свадьба на 30 человек цена;13;top;свадьба на 30 человек
сколько кг торта на 50 человек свадьбу;13;top;свадьба на 50 человек
камерная свадьба недорого;13;top;камерная свадьба | свадьба недорого
проведение маленьких свадеб;13;top;маленькая свадьба
маленькое поздравление с днем свадьбы;13;top;маленькая свадьба
свадьба без тамады для маленькой компании;13;top;маленькая свадьба
маленький букет цветов на свадьбу;13;top;маленькая свадьба
подарок для двоих на годовщину свадьбы;13;top;свадьба для двоих
где сыграть свадьбу в подмосковье;13;top;свадьба в подмосковье
полицейский с рублевки свадьба сестры;13;top;свадьба рублевка
что подарить на 25 свадьбы недорого;13;top;свадьба недорого
платье на свадьбу невесте недорого;13;top;свадьба недорого
хорошее недорогое шампанское на свадьбу;13;top;свадьба недорого
шампанское на свадьбу какое купить недорогое хорошее;13;top;свадьба недорого
снять кафе на свадьбу недорого цены;13;top;свадьба недорого
свадьба под ключ спб;13;top;свадьба под ключ
свадьба под ключ нижний;13;top;свадьба под ключ
вилла ротонда стоимость свадьбы;13;top;стоимость свадьбы
стоимость свадьбы галич;13;top;стоимость свадьбы
стоимость свадьбы иды галич;13;top;стоимость свадьбы
стоимость мужского костюма на свадьбу;13;top;стоимость свадьбы
сколько стоит пригласить иванушек на свадьбу;13;top;сколько стоит свадьба
сколько стоит координатор на свадьбу;13;top;сколько стоит свадьба
сколько стоит стол на свадьбу;13;top;сколько стоит свадьба
сколько стоит свадьба в царицыно;13;top;сколько стоит свадьба
сколько стоит позвать на свадьбу эльбруса джанмирзоева;13;top;сколько стоит свадьба
сколько стоит позвать эльбруса на свадьбу;13;top;сколько стоит свадьба
сколько стоит рилсмейкер на свадьбу;13;top;сколько стоит свадьба
сколько стоит еда на свадьбу;13;top;сколько стоит свадьба
сколько стоила свадьба роналду;13;top;сколько стоит свадьба
сколько стоит арка на свадьбу;13;top;сколько стоит свадьба
литвин свадьба сколько стоит;13;top;сколько стоит свадьба
сколько стоит заказать лимузин на свадьбу;13;top;сколько стоит свадьба
сколько стоит зайнаб махаева на свадьбу;13;top;сколько стоит свадьба
как зовут ведущего на свадьбе;13;top;ведущий на свадьбу
ведущий на свадьбу домодедово;13;top;ведущий на свадьбу
ведущий на свадьбу список;13;top;ведущий на свадьбу
ведущие на свадьбу нижний;13;top;ведущий на свадьбу
ведущий на свадьбу нижний новгород;13;top;ведущий на свадьбу
услуги фотографа на свадьбу цена;13;top;фотограф на свадьбу
свадебный декор без цветов;13;top;свадебный декор
сколько стоит свадебный декор;13;top;свадебный декор
студия свадебного декора;13;top;свадебный декор
декор свадебный из цветов на стол;13;top;свадебный декор
оформление свадьбы купить;13;top;оформление свадьбы
оформление бокалов на свадьбу;13;top;оформление свадьбы
оформление стола молодоженов на свадьбу;13;top;оформление свадьбы
цветочное оформление свадьбы;13;top;оформление свадьбы
оформление зала на свадьбу фото;13;top;оформление свадьбы
оформление голубой свадьбы;13;top;оформление свадьбы
оформление свадьбы город клин;13;top;оформление свадьбы
оформление зала на свадьбу цена;13;top;оформление свадьбы
ксения афанасьева свадебный организатор;13;top;свадебный организатор
wedoagency свадебное агентство;13;top;свадебное агентство
свадебное агентство любовь;13;top;свадебное агентство
ezwed свадебное агентство отзывы;13;top;свадебное агентство
свадебное агентство рейтинг;13;top;свадебное агентство
свадебное агентство darsy;13;top;свадебное агентство
фильм про свадебное агентство;13;top;свадебное агентство
свадебное агентство организация;13;top;свадебное агентство
кавер группа на свадьбу москва цена;13;top;кавер группа на свадьбу
свадебные торты 8 кг;13;top;свадебный торт
свадебный торт домашний украшение;13;top;свадебный торт
украшение свадебного торта в домашних условиях;13;top;свадебный торт
дорогой свадебный торт;13;top;свадебный торт
покажи свадебные торты;13;top;свадебный торт
свадебный торт прикольный;13;top;свадебный торт
пробники свадебных тортов;13;top;свадебный торт
свадебный торт с лягушками;13;top;свадебный торт
итальянский свадебный торт с ягодами;13;top;свадебный торт
свадебный торт коржи;13;top;свадебный торт
свадебный торт на свадьбу одноярусный;13;top;свадебный торт
кому первый кусок свадебного торта;13;top;свадебный торт
два шефа и свадебный торт;13;top;свадебный торт
два шефа и свадебный торт фильм;13;top;свадебный торт
свадебный торт 10 кг цена;13;top;свадебный торт
торт 40 кг свадебный;13;top;свадебный торт
высокий свадебный торт;13;top;свадебный торт
торт свадебный 2026 прямоугольный видео;13;top;свадебный торт
название свадебных тортов;13;top;свадебный торт
как в симс 4 заказать свадебный торт;13;top;свадебный торт
как заказать свадебный торт в симс;13;top;свадебный торт
свадебный торт в морском стиле;13;top;свадебный торт
свадебный торт двухъярусный с цветами;13;top;свадебный торт
свадебный торт калуга;13;top;свадебный торт
свадебный торт рафаэлло;13;top;свадебный торт
свадебный торт слова;13;top;свадебный торт
свадебный прямоугольный торт медовик размеры;13;top;свадебный торт
торжественная музыка на выездную регистрацию;13;top;выездная регистрация
как сделать выездную регистрацию брака через госуслуги;13;top;выездная регистрация
можно ли заказать выездную регистрацию;13;top;выездная регистрация
выездная регистрация чебоксары;13;top;выездная регистрация
делать ли выездную регистрацию;13;top;выездная регистрация
особняк спиридонова выездная регистрация;13;top;выездная регистрация
сценарий 2 дня свадьбы с конкурсами;13;top;сценарий свадьбы
свадьба тамада сценарий конкурсы на день;13;top;сценарий свадьбы
сценарий немолодой свадьбы;13;top;сценарий свадьбы
сценарий свадьбы для немолодой пары;13;top;сценарий свадьбы
сценарий свадьбы дома конкурсы;13;top;сценарий свадьбы
сценарий свадьбы в деревне;13;top;сценарий свадьбы
свадьба вслепую сценарий;13;top;сценарий свадьбы
рубиновая свадьба сценарий в домашних;13;top;сценарий свадьбы
рубиновая свадьба сценарий в домашних условиях;13;top;сценарий свадьбы
свадьба 60 сценарий;13;top;сценарий свадьбы
готовый смешной сценарий свадьбы;13;top;сценарий свадьбы
свадьба ведение сценарий;13;top;сценарий свадьбы
свадьба текст сценария;13;top;сценарий свадьбы
свадьба в сентябре фото;13;top;свадьба в сентябре
какая дата в сентябре для свадьбы;13;top;свадьба в сентябре
какой месяц лучше для свадьбы;13;top;лучший месяц для свадьбы
идеи для сюрприза на свадьбу;13;top;идеи для свадьбы
идеи для призов на свадьбе;13;top;идеи для свадьбы
4 свадьбы в стиле барокко;13;top;стили свадьбы
4 свадьбы свадьба в стиле кибер барокко;13;top;стили свадьбы
четыре свадьбы свадьба в стиле кибер барокко;13;top;стили свадьбы
свадьба в золотом стиле;13;top;стили свадьбы
свадьба в лесном стиле;13;top;стили свадьбы
подарок на свадьбу в стиле 90 х;13;top;стили свадьбы
стили тематических свадеб;13;top;стили свадьбы
свадьба в стиле барби четыре свадьбы;13;top;стили свадьбы
свадьба в стиле патриотизма vs;13;top;стили свадьбы
свадьба в стиле патриотизма vs молодежная свадьба;13;top;стили свадьбы
свадьба в стиле лофт;13;top;стили свадьбы
свадьба в стиле оскар;13;top;стили свадьбы
свадьба в татарском стиле;13;top;стили свадьбы
свадебные площадки на улице;12;top;свадебная площадка
свадебные площадки ростов;12;top;свадебная площадка
дом у леса свадебная площадка алабушево;12;top;свадебная площадка
площадки для свадьбы за городом;12;top;площадка для свадьбы | свадьба за городом
площадки для свадьбы курск;12;top;площадка для свадьбы
площадки для свадьбы тульская область;12;top;площадка для свадьбы
площадка для свадьбы в коломне;12;top;площадка для свадьбы
площадки для свадьбы воронеж;12;top;площадка для свадьбы
где отметить свадьбу в солнечногорске;12;top;где отметить свадьбу
где лучше отметить свадьбу;12;top;где отметить свадьбу
где отметить свадьбу петербург;12;top;где отметить свадьбу
где отметить роспись без свадьбы;12;top;где отметить свадьбу
большой банкетный зал для свадьбы;12;top;банкетный зал для свадьбы
лучшие банкетные залы для свадьбы;12;top;банкетный зал для свадьбы
лучший банкетный зал для свадьбы;12;top;банкетный зал для свадьбы
рестораны санкт петербурга для камерной свадьбы;12;top;ресторан для свадьбы | камерная свадьба
рестораны в зеленограде для свадьбы;12;top;ресторан для свадьбы
ресторан для свадьбы фото;12;top;ресторан для свадьбы
музыка для свадьбы в ресторане;12;top;ресторан для свадьбы
рестораны для свадьбы в москве и подмосковье;12;top;ресторан для свадьбы | свадьба в подмосковье
ресторан для свадьбы с отдельным залом;12;top;ресторан для свадьбы
панорамные рестораны для свадеб;12;top;ресторан для свадьбы
ресторан для свадьбы белгород;12;top;ресторан для свадьбы
ресторан семейный для свадьбы;12;top;ресторан для свадьбы
место свадебного банкета;12;top;свадебный банкет
ведущие свадебных банкетов;12;top;свадебный банкет
где провести свадебный банкет;12;top;свадебный банкет
как проводить свадьбу сценарий;12;top;провести свадьбу | сценарий свадьбы
киркоров провел свадьбу коки;12;top;провести свадьбу
как называется человек проводящий свадьбу;12;top;провести свадьбу
как провести золотую свадьбу;12;top;провести свадьбу
сколько стоит провести свадьбу в усадьбе середниково;12;top;провести свадьбу | сколько стоит свадьба
проводим свадьбы банкеты;12;top;провести свадьбу
где красиво провести свадьбу;12;top;провести свадьбу
как правильно проводить свадьбу;12;top;провести свадьбу
организация свадьбы отель;12;top;организация свадьбы
организация свадьбы с чего начать поэтапно;12;top;организация свадьбы
свадьбы организация торжеств;12;top;организация свадьбы
организация свадьбы самостоятельно;12;top;организация свадьбы
снять лофт москва для свадьбы;12;top;лофт для свадьбы
сколько стоит шатер для свадьбы;12;top;шатер для свадьбы | сколько стоит свадьба
загородный клуб для свадьбы в подмосковье;12;top;загородный клуб для свадьбы | свадьба в подмосковье | загородная свадьба
свадьба в питере на теплоходе;12;top;свадьба на теплоходе
где отметить свадьбу на 10 человек;12;top;свадьба на 10 человек
стоимость свадьбы на 20 человек;12;top;свадьба на 20 человек | стоимость свадьбы
банкет на свадьбу 20 человек;12;top;свадьба на 20 человек
организовать свадьбу на 30 человек;12;top;свадьба на 30 человек
как рассчитать алкоголь на свадьбу 50 человек;12;top;свадьба на 50 человек
камерная уютная свадьба;12;top;камерная свадьба
конкурсы для камерной свадьбы;12;top;камерная свадьба
маленькая песня на свадьбу;12;top;маленькая свадьба
маленькие сюрпризы на свадьбу;12;top;маленькая свадьба
ведущий маленькая свадьба;12;top;маленькая свадьба
ужин на годовщину свадьбы для двоих;12;top;свадьба для двоих
недорогая свадьба за городом;12;top;свадьба за городом | свадьба недорого
рианна на свадьбе в подмосковье;12;top;свадьба в подмосковье
полицейский с рублевки поют на свадьбе;12;top;свадьба рублевка
недорогой подарок на серебряную свадьбу;12;top;свадьба недорого
свадьба санкт петербурге недорого;12;top;свадьба недорого
подарки гостям на свадьбу от молодоженов недорогие;12;top;свадьба недорого
сколько стоит недорогая свадьба;12;top;свадьба недорого | сколько стоит свадьба
шампанское недорогое и вкусное на свадьбу;12;top;свадьба недорого
что подарить мужу на годовщину свадьбы недорого;12;top;свадьба недорого
недорогая свадьба тамада;12;top;свадьба недорого
фруктовый салат на праздничный стол;12;assoc;недорогой банкетный зал для свадьбы
выездная свадьба под ключ;12;top;свадьба под ключ
свадьба под ключ нижний новгород;12;top;свадьба под ключ
сколько стоят кольца на свадьбу;12;top;сколько стоит свадьба
сколько стоит пригласить киркорова на свадьбу;12;top;сколько стоит свадьба
сколько стоит пригласить на свадьбу нагиева;12;top;сколько стоит свадьба
сколько стоит свадьба в таджикистане;12;top;сколько стоит свадьба
сколько стоит свадьба на 60 человек;12;top;сколько стоит свадьба
сколько стоит бюджетная свадьба;12;top;сколько стоит свадьба
сколько стоит свадьба в узбекистане;12;top;сколько стоит свадьба
ведущий на свадьбу краснодар;12;top;ведущий на свадьбу
песни ведущих на свадьбе;12;top;ведущий на свадьбу
ведущий церемонии на свадьбу;12;top;ведущий на свадьбу
алексей алексеев ведущий на свадьбу;12;top;ведущий на свадьбу
ведущий на свадьбу алексей;12;top;ведущий на свадьбу
отзыв о ведущем на свадьбе;12;top;ведущий на свадьбу
ведущий на свадьбу подольск;12;top;ведущий на свадьбу
илья сатир ведущий на свадьбу;12;top;ведущий на свадьбу
фотограф на свадьбу москва цена за час;12;top;фотограф на свадьбу
свадебный фотограф на свадьбу;12;top;фотограф на свадьбу
фотограф на свадьбу ростов на дону анна;12;top;фотограф на свадьбу
свадебный декор курсы;12;top;свадебный декор
оформление свадебного декора;12;top;свадебный декор
стили свадебного декора;12;top;свадебный декор
оформление машины на свадьбу;12;top;оформление свадьбы
оформление бокалов и бутылок на свадьбу;12;top;оформление свадьбы
минимализм свадьба оформление;12;top;оформление свадьбы
оформление залов свадеб цветами;12;top;оформление свадьбы
зеленое оформление свадьбы;12;top;оформление свадьбы
оформление свадьбы фотографиями;12;top;оформление свадьбы
novo wed свадебное агентство;12;top;свадебное агентство
свадебное агентство веддинг;12;top;свадебное агентство
свадебное эвент агентство москва;12;top;свадебное агентство
свадебное агентство иды галич;12;top;свадебное агентство
проджект менеджер в свадебное агентство;12;top;свадебное агентство
свадебное агентство романа боярова;12;top;свадебное агентство
свадебные агентства премиум;12;top;свадебное агентство
александр ходолев свадебное агентство авито;12;top;свадебное агентство
свадебный торт на 3 кг;12;top;свадебный торт
свадебный торт цена за 1 кг;12;top;свадебный торт
вес торта на 40 человек свадебного;12;top;свадебный торт
свадебный торт продается;12;top;свадебный торт
свадебные торты 2026 год;12;top;свадебный торт
свадебный торт 3х ярусный;12;top;свадебный торт
свадебный торт в стиле итальянского пирога;12;top;свадебный торт
где можно заказать свадебный торт;12;top;свадебный торт
вместо свадебного торта;12;top;свадебный торт
трехярусный свадебный торт;12;top;свадебный торт
итальянский свадебный торт рецепт;12;top;свадебный торт
свадебные торты на 25 человек;12;top;свадебный торт
обычные свадебные торты;12;top;свадебный торт
торт свадебный 2026 улуг в петербург;12;top;свадебный торт
свадебный торт на 4 кг;12;top;свадебный торт
свадебный дом торт;12;top;свадебный торт
свадебный торт в один ярус;12;top;свадебный торт
свадебный торт с инициалами и шариками двухярусный;12;top;свадебный торт
найти свадебный торт;12;top;свадебный торт
мастер класс по изготовлению свадебного торта;12;top;свадебный торт
сколько кг должен быть свадебный торт;12;top;свадебный торт
свадебный торт зеленоград;12;top;свадебный торт
секс свадебный стилист;12;top;свадебный стилист
свадебный флорист краснодар;12;top;свадебный флорист
выездная регистрация на берегу;12;top;выездная регистрация
мос ру выездная регистрация брака;12;top;выездная регистрация
можно ли заказать выездную регистрацию брака;12;top;выездная регистрация
выездная церемония регистрации брака;12;top;выездная регистрация
как проводится выездная регистрация;12;top;выездная регистрация
сколько бюджет свадьбы;12;top;бюджет свадьбы
сценарий свадьбы для начинающих;12;top;сценарий свадьбы
сценарий свадьбы прикол;12;top;сценарий свадьбы
25 лет серебряная свадьба сценарии;12;top;сценарий свадьбы
сценарий свадьбы 25 серебряная свадьба;12;top;сценарий свадьбы
сценарий серебряная свадьба 25 лет прикольные;12;top;сценарий свадьбы
сценарий второго дня свадьбы прикольный с конкурсами;12;top;сценарий свадьбы
программа на свадьбу сценарий;12;top;сценарий свадьбы
готовый современный сценарий полной свадьбы;12;top;сценарий свадьбы
современный подробный сценарий свадьбы;12;top;сценарий свадьбы
сценарий свадьбы для ведущего готовый полный современный;12;top;сценарий свадьбы
свадьба оригинальный сценарий;12;top;сценарий свадьбы
сценарий свадьбы с музыкой;12;top;сценарий свадьбы
свадьба 60 лет сценарий;12;top;сценарий свадьбы
сценарий свадьбы и дня рождения;12;top;сценарий свадьбы
50 летие свадьбы сценарий;12;top;сценарий свадьбы
у иринки свадьба в сентябре слушать;12;top;свадьба в сентябре
удачные даты для свадьбы в сентябре;12;top;свадьба в сентябре
удачные даты для свадьбы в сентябре 2026;12;top;свадьба в сентябре
что надеть на свадьбу в сентябре;12;top;свадьба в сентябре
идеи для невесты на свадьбу;12;top;идеи для свадьбы
идеи для жемчужной свадьбы;12;top;идеи для свадьбы
идей для свадьбы своими руками;12;top;идеи для свадьбы
идеи стилей для свадьбы;12;top;идеи для свадьбы
идеи для подарка на день свадьбы;12;top;идеи для свадьбы
прикольные стили свадьбы;12;top;стили свадьбы
стиль зала на свадьбу;12;top;стили свадьбы
подарок на свадьбу в деревенском стиле;12;top;стили свадьбы
4 свадьбы свадьба в греческом стиле;12;top;стили свадьбы
второй день свадьбы в стиле горько;12;top;стили свадьбы
фото свадьбы в стиле 90;12;top;стили свадьбы
стиль бохо свадьба гости;12;top;стили свадьбы
четыре свадьбы свадьба в греческом стиле;12;top;стили свадьбы
свадьба в стиле гаи;12;top;стили свадьбы
свадьба в гангстерском стиле;12;top;стили свадьбы
свадьба в средневековом стиле;12;top;стили свадьбы
четыре свадьбы стиль кукольно вампирский;12;top;стили свадьбы
выбираем стиль свадьбы;12;top;стили свадьбы
стиль девочки на свадьбу;12;top;стили свадьбы
свадьба в стиле козырьков;12;top;стили свадьбы
свадьба в стиле острых козырьков;12;top;стили свадьбы
свадьба в стиле 00;12;top;стили свадьбы
стили свадеб какие бывают фото;12;top;стили свадьбы
план рассадки гостей на свадьбу скачать;12;top;рассадка гостей на свадьбе
мольберт для рассадки гостей на свадьбу;12;top;рассадка гостей на свадьбе
варианты рассадки гостей на свадьбе;12;top;рассадка гостей на свадьбе
макет плана рассадки гостей на свадьбе;12;top;рассадка гостей на свадьбе
рассадка гостей на свадьбе шаблоны пустые;12;top;рассадка гостей на свадьбе
макет рассадки гостей на свадьбе шаблон;12;top;рассадка гостей на свадьбе
ранчо клин свадебная площадка;11;top;свадебная площадка
свадебные площадки волгоград;11;top;свадебная площадка
свадебные площадки самара;11;top;свадебная площадка
свадебные площадки воронеж;11;top;свадебная площадка
свадебные площадки москва и мо;11;top;свадебная площадка | свадебные площадки москва
площадка для свадебной церемонии;11;top;свадебная площадка
площадка для свадьбы пушкино;11;top;площадка для свадьбы
площадки для свадьбы в итальянском стиле;11;top;площадка для свадьбы | стили свадьбы
площадки для свадьбы на улице;11;top;площадка для свадьбы
площадка для свадьбы чебоксары;11;top;площадка для свадьбы
место для годовщины свадьбы;11;top;место для свадьбы
где отметить свадьбу недорого и необычно;11;top;где отметить свадьбу | свадьба недорого
где отметить свадьбу в подольске;11;top;где отметить свадьбу
банкетные залы энгельс для свадьбы;11;top;банкетный зал для свадьбы
банкетный зал энгельс для свадьбы;11;top;банкетный зал для свадьбы
банкетный зал для свадьбы тверь;11;top;банкетный зал для свадьбы
лучший ресторан для проведения свадеб;11;top;ресторан для свадьбы
новые рестораны для свадьбы;11;top;ресторан для свадьбы
ресторан для дня свадьбы;11;top;ресторан для свадьбы
рестораны в ереване для свадьбы;11;top;ресторан для свадьбы
ресторан для свадьбы на юге москвы;11;top;ресторан для свадьбы
ресторан на берегу для свадьбы;11;top;ресторан для свадьбы
заказать ресторан для свадьбы;11;top;ресторан для свадьбы
ресторан для свадьбы пенза;11;top;ресторан для свадьбы
рестораны для свадьбы список;11;top;ресторан для свадьбы
ресторан для свадьбы рязань;11;top;ресторан для свадьбы
рестораны для свадьбы душанбе;11;top;ресторан для свадьбы
рестораны для небольшой свадьбы москва;11;top;ресторан для свадьбы
свадебный банкет под ключ;11;top;свадебный банкет
свадебный банкет 30;11;top;свадебный банкет
свадебный банкет волгоград;11;top;свадебный банкет
как сейчас проводят свадьбы;11;top;провести свадьбу
золушка проводит меня на свадьбу;11;top;провести свадьбу
праздник проводить свадьба;11;top;провести свадьбу
идеи как провести свадьбу;11;top;провести свадьбу
организация обрядов свадеб юбилеев;11;top;организация свадьбы
организация свадеб волгоград;11;top;организация свадьбы
коттедж для свадьбы ленинградская область;11;top;коттедж для свадьбы
яхт клуб родина свадьба;11;top;яхт клуб свадьба
терраса кафе богинь манга;11;assoc;ресторан с верандой для свадьбы
банкетные залы с панорамными окнами;11;top;банкетный зал с панорамными окнами
банкетный зал с панорамными окнами;11;top;банкетный зал с панорамными окнами
домик в лесу свадьба;11;top;свадьба в лесу
сыграть свадьбу на природе;11;top;свадьба на природе
камерная свадьба ресторан на природе ступино;11;top;свадьба на природе | камерная свадьба
годовщина свадьбы на природе;11;top;свадьба на природе
меню на 10 человек на свадьбу;11;top;свадьба на 10 человек
рассчитать алкоголь на свадьбу 30 человек;11;top;свадьба на 30 человек
банкетное меню на свадьбу на 30 человек;11;top;свадьба на 30 человек
локации камерных свадеб;11;top;камерная свадьба
камерная свадьба в питере;11;top;камерная свадьба
как организовать камерную свадьбу;11;top;камерная свадьба
камерная свадьба воронеж;11;top;камерная свадьба
порно свадьба маленькие;11;top;маленькая свадьба
идеи маленьких свадеб;11;top;маленькая свадьба
свадьба за городом в подмосковье недорого;11;top;свадьба за городом | свадьба в подмосковье | свадьба недорого
загородные свадьбы спб;11;top;загородная свадьба
отель авиаторов воротынск отзывы отдыхающих;11;assoc;свадьба новая рига
полицейский с рублевки свадьба ники;11;top;свадьба рублевка
полицейский с рублевки серия с свадьбой;11;top;свадьба рублевка
что подарить недорогое на серебряную свадьбу друзьям;11;top;свадьба недорого
что подарить подруге на свадьбу недорогое;11;top;свадьба недорого
свадьба в петербурге недорого;11;top;свадьба недорого
фото и видеосъемка свадьбы под ключ;11;top;свадьба под ключ
свадьба под ключ воронеж;11;top;свадьба под ключ
средняя стоимость свадьбы в россии;11;top;стоимость свадьбы
сколько стоит поменять документы после свадьбы;11;top;сколько стоит свадьба
сколько стоит свадьба в 2027 году;11;top;сколько стоит свадьба
сколько стоит свадьба на 1 человека;11;top;сколько стоит свадьба
сколько стоит снять ресторан на свадьбу;11;top;сколько стоит свадьба
сколько стоит съемка свадьбы;11;top;сколько стоит свадьба
сколько стоит свадьба на 25 человек;11;top;сколько стоит свадьба
сколько стоит свадьба в ростове;11;top;сколько стоит свадьба
сколько стоит отметить свадьбу в москве;11;top;сколько стоит свадьба
сколько стоит пригласить ваню дмитриенко на свадьбу;11;top;сколько стоит свадьба
ведущий на свадьбу россия;11;top;ведущий на свадьбу
характеристика ведущего на свадьбу;11;top;ведущий на свадьбу
dj ведущий на свадьбу немецкоговорящий;11;top;ведущий на свадьбу
ведущий на свадьбе 6;11;top;ведущий на свадьбу
ведущий на свадьбу русские;11;top;ведущий на свадьбу
профи ру ведущий на свадьбу;11;top;ведущий на свадьбу
готовый сценарий на свадьбу для ведущего;11;top;ведущий на свадьбу | сценарий свадьбы
развлечения на свадьбу без ведущего;11;top;ведущий на свадьбу
веселый ведущий на свадьбу;11;top;ведущий на свадьбу
ведущий на свадьбу тамбов;11;top;ведущий на свадьбу
ведущий на свадьбу пенза;11;top;ведущий на свадьбу
ведущий на свадьбу иваново;11;top;ведущий на свадьбу
ведущий на свадьбу воронеж;11;top;ведущий на свадьбу
фотограф на свадьбу домодедово;11;top;фотограф на свадьбу
свадебные аксессуары декор;11;top;свадебный декор
свадебный декор сухоцветы;11;top;свадебный декор
оформление зала на свадьбу шарами;11;top;оформление свадьбы
искусственные цветы на свадьбу оформление;11;top;оформление свадьбы
оформление бутылки вина на свадьбу;11;top;оформление свадьбы
свадебные торты на годовщину;11;top;свадебный торт
свадебный муссовый торт;11;top;свадебный торт
как рассчитать вес свадебного торта;11;top;свадебный торт
торт полоска свадебный;11;top;свадебный торт
торт свадебный бело голубой;11;top;свадебный торт
свадебный торт муж и невестка дорама;11;top;свадебный торт
торт свадебный 2026 вафельная бумага;11;top;свадебный торт
сделать цветы из мастики на свадебный торт;11;top;свадебный торт
цветы на свадебный торт из мастики;11;top;свадебный торт
торт 30 см свадебный;11;top;свадебный торт
свадебные торты фото необычные;11;top;свадебный торт
продажа свадебного торта;11;top;свадебный торт
свадебный торт 5 ярусный;11;top;свадебный торт
свадебный торт нижний новгород;11;top;свадебный торт
свадебные торты фото самые красивые;11;top;свадебный торт
свадебный торт 28 см;11;top;свадебный торт
белый свадебный торт двухъярусный;11;top;свадебный торт
свадебный торт стихи;11;top;свадебный торт
свадебный торт на свадьбу трехъярусный;11;top;свадебный торт
свадебный торт на свадьбу трехъярусный фото;11;top;свадебный торт
свадебный торт одноярусный с кольцами;11;top;свадебный торт
анна кондитер она готовит свадебный торт;11;top;свадебный торт
свадебный торт самые вкусные;11;top;свадебный торт
свадебный торт от палыча цена;11;top;свадебный торт
бордовый свадебный торт;11;top;свадебный торт
свадебный торт на 40 человек сколько кг;11;top;свадебный торт
свадебный торт традиции;11;top;свадебный торт
свадебный торт человек паук;11;top;свадебный торт
ягодный свадебный торт;11;top;свадебный торт
оформление свадебного торта одноярусного;11;top;свадебный торт
про свадебный торт;11;top;свадебный торт
свадебный стилист по украшениям;11;top;свадебный стилист
стилист визажист на свадьбу новокосино;11;top;визажист на свадьбу
визажист и парикмахер на свадьбу;11;top;визажист на свадьбу
выездные регистрации брака в москве от загса;11;top;выездная регистрация
текст выездной регистрации для ведущего;11;top;выездная регистрация
выездная регистрация екатеринбург;11;top;выездная регистрация
оформление выездной регистрации брака;11;top;выездная регистрация
рестораны свадьбы выездной регистрацией;11;top;выездная регистрация
выездная регистрация авто;11;top;выездная регистрация
выездная регистрация свадьбы цена;11;top;выездная регистрация
выход невесты с папой на выездной регистрации;11;top;выездная регистрация
шуточный сценарий на свадьбу;11;top;сценарий свадьбы
сценарий 50 лет свадьбы золотая свадьба;11;top;сценарий свадьбы
свадьба смешной сценарий тамада;11;top;сценарий свадьбы
25 годовщина свадьбы сценарий;11;top;сценарий свадьбы
сценарий веселой прикольной свадьбы;11;top;сценарий свадьбы
сценарий морковкина свадьба;11;top;сценарий свадьбы
ведение свадьбы без тамады сценарий;11;top;сценарий свадьбы
сценарий золотой свадьбы без тамады;11;top;сценарий свадьбы
сценарий выкупа невесты на свадьбу прикольный;11;top;сценарий свадьбы
сценарий свадьбы для ведущего скачать;11;top;сценарий свадьбы
интересный сценарий на золотую свадьбу;11;top;сценарий свадьбы
у иринки свадьба в сентябре аккорды;11;top;свадьба в сентябре
песня свадьба в сентябре;11;top;свадьба в сентябре
красивые даты для свадьбы в сентябре 2026;11;top;свадьба в сентябре
стили свадьбы примеры;11;top;стили свадьбы
свадьба в стиле игры престолов;11;top;стили свадьбы
4 свадьбы свадьба в готическом стиле;11;top;стили свадьбы
свадьба в стиле 80 х;11;top;стили свадьбы
свадьба в стиле чикаго;11;top;стили свадьбы
свадьба в стиле викингов;11;top;стили свадьбы
свадьба без стиля;11;top;стили свадьбы
свадебное платье для свадьбы в русском стиле;11;top;стили свадьбы
свадьба в стиле властелин колец;11;top;стили свадьбы
стиль свадьбы голливуд;11;top;стили свадьбы
олд мани стиль мужской на свадьбу;11;top;стили свадьбы
подарок на свадьбу в русском стиле;11;top;стили свадьбы
в каком стиле можно сделать свадьбу;11;top;стили свадьбы
костюм на свадьбу в стиле 90;11;top;стили свадьбы
стиль свадьбы урбан;11;top;стили свадьбы
свадьба выкуп невесты в стиле гаи;11;top;стили свадьбы
четыре свадьбы свадьба в тюремном стиле;11;top;стили свадьбы
свадьба в кавказском стиле;11;top;стили свадьбы
четыре свадьбы в стиле 90;11;top;стили свадьбы
стили свадьбы осень;11;top;стили свадьбы
карта рассадки гостей на свадьбе;11;top;рассадка гостей на свадьбе
размер плана рассадки гостей на свадьбе;11;top;рассадка гостей на свадьбе
заказать план рассадки гостей на свадьбе;11;top;рассадка гостей на свадьбе
программа для рассадки гостей на свадьбе;11;top;рассадка гостей на свадьбе
свадебные площадки крым;10;top;свадебная площадка
берег желаний свадебная площадка;10;top;свадебная площадка
свадебные площадки истра;10;top;свадебная площадка
свадебная площадка симс 4 участок;10;top;свадебная площадка
свадебные площадки ижевск;10;top;свадебная площадка
свадебные площадки у воды москва;10;top;свадебная площадка | свадебные площадки москва
hide площадка для свадьбы цена;10;top;площадка для свадьбы
площадка для свадьбы пушкин;10;top;площадка для свадьбы
площадки для свадьбы волгоград;10;top;площадка для свадьбы
скайривер площадка для свадьбы;10;top;площадка для свадьбы
необычные места для свадьбы;10;top;место для свадьбы
красивые места для проведения свадьбы;10;top;место для свадьбы
недорогие места для свадьбы;10;top;место для свадьбы | свадьба недорого
где отметить свадьбу в подмосковье недорого;10;top;где отметить свадьбу | свадьба в подмосковье | свадьба недорого
где отметить свадьбу на 30 человек;10;top;где отметить свадьбу | свадьба на 30 человек
где отметить камерную свадьбу в москве;10;top;где отметить свадьбу | камерная свадьба
банкетные залы для свадьбы 100;10;top;банкетный зал для свадьбы
банкетный зал серпухов для свадьбы;10;top;банкетный зал для свадьбы
банкетные залы пенза для свадьбы;10;top;банкетный зал для свадьбы
банкетные залы ульяновск для свадьбы;10;top;банкетный зал для свадьбы
банкетный зал для свадьбы ульяновск;10;top;банкетный зал для свадьбы
ресторан для проведения камерной свадьбы;10;top;ресторан для свадьбы | камерная свадьба
топ ресторанов для камерной свадьбы;10;top;ресторан для свадьбы | камерная свадьба
ресторан для свадьбы банкета;10;top;ресторан для свадьбы
стоимость ресторана для свадьбы;10;top;ресторан для свадьбы
рестораны для свадьбы ростов;10;top;ресторан для свадьбы
рестораны для свадьбы курск;10;top;ресторан для свадьбы
начало свадебного банкета;10;top;свадебный банкет
выездной свадебный банкет;10;top;свадебный банкет
залы для свадебных банкетов;10;top;свадебный банкет
кафе для свадебного банкета;10;top;свадебный банкет
где провести годовщину свадьбы вдвоем в москве;10;top;провести свадьбу
ресторан где можно провести свадьбу;10;top;провести свадьбу
где провести камерную свадьбу в москве;10;top;провести свадьбу | камерная свадьба
как провести свадьбу в симс 4;10;top;провести свадьбу
провести свадьбу нижний новгород;10;top;провести свадьбу
свадьба в нижнем новгороде где провести;10;top;провести свадьбу
где провести свадьбу на природе;10;top;провести свадьбу | свадьба на природе
где лучше проводить свадьбу в симс 4;10;top;провести свадьбу
кравец организация свадьбы;10;top;организация свадьбы
свадьба в турции организация;10;top;организация свадьбы
организация свадьбы дома;10;top;организация свадьбы
организация свадьбы для двоих коломна;10;top;организация свадьбы | свадьба для двоих
организация свадьбы пункты;10;top;организация свадьбы
лучшие усадьбы москвы для свадьбы;10;top;усадьба для свадьбы
снять особняк для свадьбы;10;top;особняк для свадьбы
арендовать шатер для свадьбы;10;top;шатер для свадьбы
снять шатер на свадьбу в подмосковье;10;top;свадьба в шатре | свадьба в подмосковье
коттедж для свадьбы спб;10;top;коттедж для свадьбы
домик в саду вднх 4 свадьбы;10;top;свадьба в саду
сколько алкоголя нужно на свадьбу 30 человек;10;top;свадьба на 30 человек
декор камерной свадьбы;10;top;камерная свадьба
нужен ли ведущий на камерную свадьбу;10;top;камерная свадьба | ведущий на свадьбу
камерный стиль свадьбы это;10;top;камерная свадьба | стили свадьбы
как сделать маленькую свадьбу;10;top;маленькая свадьба
песни для двоих свадьба;10;top;свадьба для двоих
свадьба в рязани за городом;10;top;свадьба за городом
отпраздновать свадьбу за городом;10;top;свадьба за городом
базы отдыха в подмосковье для свадьбы;10;top;свадьба в подмосковье
аренда загородного дома для свадьбы;10;top;загородная свадьба
загородные комплексы для свадьбы;10;top;загородная свадьба
подарок на рубиновую свадьбу друзьям недорого;10;top;свадьба недорого
свадьба у воды недорого;10;top;свадьба недорого
где купить недорогой мужской костюм на свадьбу;10;top;свадьба недорого
свадьба недорого спб;10;top;свадьба недорого
подарки на серебряную свадьбу оригинальное и недорогое;10;top;свадьба недорого
смотреть сериал свадьба под ключ;10;top;свадьба под ключ
сколько стоит позвать думикяна на свадьбу;10;top;сколько стоит свадьба
сколько стоит нормальная свадьба;10;top;сколько стоит свадьба
сколько стоит скромная свадьба;10;top;сколько стоит свадьба
сколько стоит рианна на свадьбе;10;top;сколько стоит свадьба
игнатий винтуров сколько стоит на свадьбу;10;top;сколько стоит свадьба
сколько стоит аренда ресторана на свадьбу;10;top;сколько стоит свадьба
сколько стоит дым на свадьбу для танца;10;top;сколько стоит свадьба
сколько стоит декоратор на свадьбу;10;top;сколько стоит свадьба
сколько стоит фейерверк на свадьбу;10;top;сколько стоит свадьба
сколько стоит выступление иванушек интернешнл на свадьбе;10;top;сколько стоит свадьба
сколько стоит позвать мияги на свадьбу;10;top;сколько стоит свадьба
сколько стоит украсить свадьбу;10;top;сколько стоит свадьба
конкурс от ведущего на свадьбе;10;top;ведущий на свадьбу
ведущий фотограф на свадьбу;10;top;ведущий на свадьбу | фотограф на свадьбу
ведущий на свадьбу тверь;10;top;ведущий на свадьбу
благодарность ведущему на свадьбе;10;top;ведущий на свадьбу
ведущий на свадьбу михаил;10;top;ведущий на свадьбу
ищем ведущего на свадьбу;10;top;ведущий на свадьбу
как развлечь гостей на свадьбе без ведущего;10;top;ведущий на свадьбу
встреча с ведущим на свадьбу;10;top;ведущий на свадьбу
анкета для ведущего на свадьбу;10;top;ведущий на свадьбу
характеристики гостей для ведущего на свадьбе;10;top;ведущий на свадьбу
вопросы ведущему на свадьбу при первой встрече;10;top;ведущий на свадьбу
ведущий на свадьбу максим максимов;10;top;ведущий на свадьбу
dj ведущий на свадьбу русский немецкий;10;top;ведущий на свадьбу
ведущий на свадьбу в гагарине;10;top;ведущий на свадьбу
ведущий на свадьбу панов роман;10;top;ведущий на свадьбу
как называется ведущий на свадьбе;10;top;ведущий на свадьбу
ведущий на свадьбу коломна башаратов илья фото;10;top;ведущий на свадьбу
шоу ведущий на свадьбу;10;top;ведущий на свадьбу
невеста на свадьбе изменяет мужу с фотографом;10;top;фотограф на свадьбу
фотограф на свадьбу подмосковье;10;top;фотограф на свадьбу
декор свадебного стола своими руками;10;top;свадебный декор
свадебный декор зеленый;10;top;свадебный декор
оформление под свадьбу;10;top;оформление свадьбы
оформление свадьбы на 15 человек;10;top;оформление свадьбы
бохо оформление свадеб;10;top;оформление свадьбы
свадьба оформление белое;10;top;оформление свадьбы
пинтерест оформление свадьбы;10;top;оформление свадьбы
красивое оформление подарка на свадьбу;10;top;оформление свадьбы
оформление шампанского на свадьбу;10;top;оформление свадьбы
apriori married свадебное агентство отзывы;10;top;свадебное агентство
свадебное агентство навсегда;10;top;свадебное агентство
небо свадебное агентство;10;top;свадебное агентство
воздух веддинг свадебное агентство;10;top;свадебное агентство
сколько килограммов свадебный торт;10;top;свадебный торт
пеку свадебные торты;10;top;свадебный торт
свадебный торт бисквит;10;top;свадебный торт
высоты свадебные торты;10;top;свадебный торт
свадебные торты 20 кг;10;top;свадебный торт
плоский свадебный торт;10;top;свадебный торт
недорогой свадебный торт на заказ;10;top;свадебный торт
свадебный торт на 15 человек;10;top;свадебный торт
свадебный торт гипсофила;10;top;свадебный торт
самая удивительная подача свадебного торта;10;top;свадебный торт
торт свадебный двухъярусный купить;10;top;свадебный торт
свадебный сет тортов;10;top;свадебный торт
свадебный торт на озоне;10;top;свадебный торт
свадебный торт с порциями для гостей;10;top;свадебный торт
стол для свадебного торта на колесах;10;top;свадебный торт
рисунки свадебный торт;10;top;свадебный торт
как украсить свадебный торт своими руками;10;top;свадебный торт
свадебный торт 5кг;10;top;свадебный торт
игра свадебные торты;10;top;свадебный торт
задувают свечи на свадебном торте;10;top;свадебный торт
как сделать свадебный торт в домашних условиях;10;top;свадебный торт
оригинальный свадебный торт;10;top;свадебный торт
скачать свадебные торты;10;top;свадебный торт
черные свадебные торты;10;top;свадебный торт
свадебный стилист обучение;10;top;свадебный стилист
выездная регистрация права;10;top;выездная регистрация
речь на выездную регистрацию;10;top;выездная регистрация
выездная регистрация в зале;10;top;выездная регистрация
как работает выездная регистрация;10;top;выездная регистрация
выездная регистрация тамбов;10;top;выездная регистрация
выездная регистрация брака рязань;10;top;выездная регистрация
как называется выездная регистрация;10;top;выездная регистрация
выездная регистрация брака в туле;10;top;выездная регистрация
выездная регистрация с сотрудником загса;10;top;выездная регистрация
как заказать выездную регистрацию брака в москве;10;top;выездная регистрация
план подготовки к свадьбе список;10;top;план подготовки к свадьбе
подготовка к свадьбе пошагово план список;10;top;план подготовки к свадьбе
сценарий фильма свадьба;10;top;сценарий свадьбы
готовый сценарий свадьбы без конкурсов;10;top;сценарий свадьбы
сценарии прикольных смешных конкурсов на свадьбу;10;top;сценарий свадьбы
прикольный сценарий юбилея свадьбы;10;top;сценарий свадьбы
сценарий на проведение свадьбы дома;10;top;сценарий свадьбы
украсть невесту на свадьбе сценарий;10;top;сценарий свадьбы
готовый сценарий свадьбы в узком кругу;10;top;сценарий свадьбы
сценарий серебряной свадьбы с юмором;10;top;сценарий свадьбы
сценарий зажжения семейного очага на свадьбе;10;top;сценарий свадьбы
ведение свадьбы без тамады сценарий со словами;10;top;сценарий свадьбы
сценарий проведения золотой свадьбы;10;top;сценарий свадьбы
сценарий свадьба для гостей;10;top;сценарий свадьбы
сценарий свадьбы 2026 для ведущего;10;top;сценарий свадьбы
песня у иринки свадьба в сентябре;10;top;свадьба в сентябре
у иринки свадьба в сентябре слушать песня;10;top;свадьба в сентябре
в чем идти на свадьбу в сентябре;10;top;свадьба в сентябре
прикольные идеи для свадьбы;10;top;идеи для свадьбы
свадьба в стиле 90 х годов;10;top;стили свадьбы
букет на свадьбу в деревенском стиле;10;top;стили свадьбы
четыре свадьбы свадьба в стиле киносъемки;10;top;стили свадьбы
четыре свадьбы стиль бохо;10;top;стили свадьбы
свадьба в стиле рус;10;top;стили свадьбы
четыре свадьбы в деревенском стиле;10;top;стили свадьбы
дипинс смотрит четыре свадьбы в секретном стиле;10;top;стили свадьбы
четыре свадьбы в казачьем стиле;10;top;стили свадьбы
четыре свадьбы свадьба в стиле дрейн;10;top;стили свадьбы
свадьба в стиле россии;10;top;стили свадьбы
свадьба в стиле стиляги;10;top;стили свадьбы
свадьба а стиле средиземноморье;10;top;стили свадьбы
макияж на свадьбу в нюдовом стиле;10;top;стили свадьбы
свадьба в стиле авиации;10;top;стили свадьбы
свадьба в черном стиле гости;10;top;стили свадьбы
свадьба в стиле old money;10;top;стили свадьбы
свадьба в стиле винтаж;10;top;стили свадьбы
необычные стили свадеб;10;top;стили свадьбы
сыграть свадьбу в стиле;10;top;стили свадьбы
свадьба в стиле бохо гости;10;top;свадьба в стиле бохо
свадебные площадки веранды;9;top;свадебная площадка
бюджетные свадебные площадки;9;top;свадебная площадка
мос ру свадебные площадки;9;top;свадебная площадка
свадебные площадки питер;9;top;свадебная площадка
свадебные площадки калуга;9;top;свадебная площадка
загородные свадебные площадки;9;top;свадебная площадка
топ свадебных площадок;9;top;свадебная площадка
свадебные площадки 2026;9;top;свадебная площадка
свадебные площадки одинцово;9;top;свадебная площадка
свадебные площадки уфа;9;top;свадебная площадка
свадебная площадка подмосковье у воды;9;top;свадебная площадка
лермонтов площадка для свадьбы;9;top;площадка для свадьбы
площадки для свадьбы новосибирск;9;top;площадка для свадьбы
лесная сказка площадка для свадьбы;9;top;площадка для свадьбы
площадки для свадьбы казань;9;top;площадка для свадьбы
летние площадки для свадьбы;9;top;площадка для свадьбы
место для свадьбы популярное;9;top;место для свадьбы
самые красивые места для свадьбы в москве;9;top;место для свадьбы
места для свадьбы волгоград;9;top;место для свадьбы
сколько мест в лимузине для свадьбы;9;top;место для свадьбы
уютное место для маленькой свадьбы в феодосии;9;top;место для свадьбы | маленькая свадьба
свадьба в волгограде где отметить;9;top;где отметить свадьбу
где отметить свадьбу в одинцово;9;top;где отметить свадьбу
где отметить свадьбу отзывы;9;top;где отметить свадьбу
где отметить свадьбу в омске;9;top;где отметить свадьбу
свадьба во владимире где отметить;9;top;где отметить свадьбу
где отмечать 1 свадьбу;9;top;где отметить свадьбу
ногинск где отметить свадьбу на природе;9;top;где отметить свадьбу | свадьба на природе
где отмечали свадьбу клава кока и масленников;9;top;где отметить свадьбу
где отметить свадьбу в щелково;9;top;где отметить свадьбу
снять банкетный зал для свадьбы недорого;9;top;банкетный зал для свадьбы | свадьба недорого | недорогой банкетный зал для свадьбы
банкетный зал для свадьбы 15 человек;9;top;банкетный зал для свадьбы
банкетный зал для свадьбы в солнечногорском районе;9;top;банкетный зал для свадьбы
банкетный зал для свадьбы егорьевск;9;top;банкетный зал для свадьбы
банкетные залы для свадьбы стоимость;9;top;банкетный зал для свадьбы | стоимость свадьбы
банкетные залы для свадьбы с отелями;9;top;банкетный зал для свадьбы
отель с банкетным залом для свадьбы;9;top;банкетный зал для свадьбы
банкетный зал для свадьбы наро фоминск;9;top;банкетный зал для свадьбы
дешевый ресторан для свадьбы;9;top;ресторан для свадьбы
воскресенский район ресторан для свадьбы;9;top;ресторан для свадьбы
дорогой ресторан для свадьбы;9;top;ресторан для свадьбы
рестораны чебоксары для свадьбы;9;top;ресторан для свадьбы
как выбрать ресторан для свадьбы;9;top;ресторан для свадьбы
сколько стоит аренда зала для свадьбы;9;top;аренда зала для свадьбы
зал для свадьбы без аренды;9;top;аренда зала для свадьбы
залы для свадьбы без аренды;9;top;аренда зала для свадьбы
свадебный банкет 20 человек;9;top;свадебный банкет
свадебные банкеты отзывы;9;top;свадебный банкет
свадебный банкет спб;9;top;свадебный банкет
свадебные банкеты на природе;9;top;свадебный банкет
свадебный банкет 30 человек;9;top;свадебный банкет
свадебный банкет 1993;9;top;свадебный банкет
как провести свадьбу недорого;9;top;провести свадьбу | свадьба недорого
где можно провести свадьбу недорого;9;top;провести свадьбу | свадьба недорого
как провести второй день свадьбы весело;9;top;провести свадьбу
как провести мальчишник перед свадьбой;9;top;провести свадьбу
проводим корпоративы свадьбы;9;top;провести свадьбу
как провести весело свадьбу тамаде;9;top;провести свадьбу
провести веселую свадьбу без тамады;9;top;провести свадьбу
провести свадьбу воронеж;9;top;провести свадьбу
организация золотой свадьбы;9;top;организация свадьбы
организация свадьбы ведущие;9;top;организация свадьбы
организация годовщин свадьбы для двоих рязанская область;9;top;организация свадьбы | свадьба для двоих
организация свадеб магнитогорск;9;top;организация свадьбы
организация свадьбы под ключ недорого;9;top;организация свадьбы | свадьба недорого | свадьба под ключ
свадьба организация и проведение;9;top;организация свадьбы
организация свадеб обучение;9;top;организация свадьбы
снять лофт для свадьбы в петербурге;9;top;лофт для свадьбы
свадьба в шатре нижний новгород;9;top;свадьба в шатре
коттедж для празднования свадьбы;9;top;коттедж для свадьбы
большие коттеджи для свадьбы;9;top;коттедж для свадьбы
коттедж на сутки для свадьбы;9;top;коттедж для свадьбы
свадьба в лесу после анал;9;top;свадьба в лесу
свадьба на крыше санкт петербург;9;top;свадьба на крыше
свадьба в оранжерее подмосковье;9;top;свадьба в оранжерее | свадьба в подмосковье
свадьба на природе казань;9;top;свадьба на природе
свадьба на природе аренда;9;top;свадьба на природе
камерная свадьба в москве на 20 человек;9;top;свадьба на 20 человек | камерная свадьба
ведущий на свадьбу 20 человек;9;top;свадьба на 20 человек | ведущий на свадьбу
сколько стоит сыграть свадьбу на 30 человек;9;top;свадьба на 30 человек | сколько стоит свадьба
камерная свадьба отзывы;9;top;камерная свадьба
залы для камерной свадьбы в москве;9;top;камерная свадьба
сколько стоит камерная свадьба;9;top;камерная свадьба | сколько стоит свадьба
камерная свадьба в отеле;9;top;камерная свадьба
кафе для камерной свадьбы;9;top;камерная свадьба
маленькое поздравление со свадьбой;9;top;маленькая свадьба
платья на свадьбу маленького роста;9;top;маленькая свадьба
свадьба мала руки;9;top;маленькая свадьба
маленький букет детям на свадьбу;9;top;маленькая свадьба
свадьба для двоих под ключ;9;top;свадьба для двоих | свадьба под ключ
подарок молодоженам для двоих на свадьбу;9;top;свадьба для двоих
свадьба для двоих на море;9;top;свадьба для двоих
замок для свадьбы в подмосковье;9;top;свадьба в подмосковье
снять дом под свадьбу в подмосковье;9;top;свадьба в подмосковье
лафа загородный клуб свадьба;9;top;загородная свадьба
можжевельник андора вариегата описание и фото;9;assoc;свадьба новая рига
что дарить на свадьбу недорого;9;top;свадьба недорого
украсить зал на свадьбу своими руками недорого;9;top;свадьба недорого
визажист на свадьбу москва на дом недорого;9;top;свадьба недорого | визажист на свадьбу
недорогой декор на свадьбу;9;top;свадьба недорого
что подарить на золотую свадьбу родителям недорого;9;top;свадьба недорого
свадьба недорого в москве зал;9;top;свадьба недорого
подарок на день свадьбы недорогой;9;top;свадьба недорого
недорогие варианты отпраздновать свадьбу;9;top;свадьба недорого
цветы на свадьбу недорого;9;top;свадьба недорого
сыграть свадьбу в раменском недорого форум;9;top;свадьба недорого
недорогие классические мужские костюмы на свадьбу;9;top;свадьба недорого
таджикская свадьба под ключ;9;top;свадьба под ключ
свадьба под ключ отзывы;9;top;свадьба под ключ
свадьба под ключ сергиев посад;9;top;свадьба под ключ
свадьба под ключ wed;9;top;свадьба под ключ
свадьба роналду стоимость;9;top;стоимость свадьбы
свадьба спб стоимость;9;top;стоимость свадьбы
свадьба в архангельском стоимость;9;top;стоимость свадьбы
сколько стоит ургант на свадьбу;9;top;сколько стоит свадьба
сколько стоит заказать киркорова на свадьбу;9;top;сколько стоит свадьба
сколько стоит прическа на свадьбу;9;top;сколько стоит свадьба
сколько стоит торжественная свадьба;9;top;сколько стоит свадьба
сколько стоит свадьба в кусково;9;top;сколько стоит свадьба
сколько стоит цветной салют на свадьбу;9;top;сколько стоит свадьба
аркадий думикян сколько стоит пригласить на свадьбу;9;top;сколько стоит свадьба
сколько стоит пригласить думикяна на свадьбу;9;top;сколько стоит свадьба
сколько стоит свадьба сочи;9;top;сколько стоит свадьба
сколько стоит выступление мота на свадьбе;9;top;сколько стоит свадьба
сколько стоит свадьба в архангельском;9;top;сколько стоит свадьба
сколько стоит свадьба в ижевске;9;top;сколько стоит свадьба
сколько стоит ведущий на свадьбу в среднем;9;top;сколько стоит свадьба | ведущий на свадьбу
сколько стоит позвать на свадьбу иванушек;9;top;сколько стоит свадьба
гурам амарян сколько стоила свадьба;9;top;сколько стоит свадьба
сколько стоила свадьба амаряна;9;top;сколько стоит свадьба
сколько стоила свадьба гурама амаряна;9;top;сколько стоит свадьба
сколько стоит свадьба гурама амаряна;9;top;сколько стоит свадьба
сколько стоит самая дорогая свадьба в мире;9;top;сколько стоит свадьба
сколько стоит дима билан на свадьбу;9;top;сколько стоит свадьба
сколько стоит средняя свадьба в россии;9;top;сколько стоит свадьба
сколько стоит пригласить на свадьбу егора крида;9;top;сколько стоит свадьба
сколько стоит музыка на свадьбу;9;top;сколько стоит свадьба
ведущий на свадьбу раменское;9;top;ведущий на свадьбу
сценарий на свадьбу без ведущего;9;top;ведущий на свадьбу
ведущий на свадьбу средняя цена в москве;9;top;ведущий на свадьбу
популярный ведущий на свадьбу;9;top;ведущий на свадьбу
характеристика гостей на свадьбу для ведущего примеры;9;top;ведущий на свадьбу
ведущий на годовщину свадьбы;9;top;ведущий на свадьбу
свадебный ведущий на свадьбу;9;top;ведущий на свадьбу
что говорит ведущий на свадьбе;9;top;ведущий на свадьбу
как найти ведущего на свадьбу;9;top;ведущий на свадьбу
ургант ведущий на свадьбе;9;top;ведущий на свадьбу
фотограф на свадьбу загс;9;top;фотограф на свадьбу
отзывы фотографу на свадьбе;9;top;фотограф на свадьбу
фотограф на свадьбу одинцово;9;top;фотограф на свадьбу
фотографа на свадьбу свердловская область;9;top;фотограф на свадьбу
фотограф на свадьбу вакансии;9;top;фотограф на свадьбу
фотограф на свадьбу зеленоград;9;top;фотограф на свадьбу
фотограф на свадьбу на екатеринбургсентябрь;9;top;фотограф на свадьбу
свадебный декор бу авито;9;top;свадебный декор
прокат свадебного декора;9;top;свадебный декор
свадебный декор и цветы;9;top;свадебный декор
ткань для свадебного декора;9;top;свадебный декор
пион декор свадебные аксессуары;9;top;свадебный декор
свадебный декор в александрове;9;top;свадебный декор
аренда свадебного декора стойки;9;top;свадебный декор
оформления свадеб тренд;9;top;оформление свадьбы
оформление розовой свадьбы;9;top;оформление свадьбы
стиль бохо оформление свадьбы;9;top;оформление свадьбы | стили свадьбы
оформление жемчужной свадьбы;9;top;оформление свадьбы
оформление свадеб букетами;9;top;оформление свадьбы
сколько стоит свадебный организатор;9;top;свадебный организатор
сайты свадебных агентств;9;top;свадебное агентство
сериал про свадебное агентство;9;top;свадебное агентство
свадебные агентства топ;9;top;свадебное агентство
агентство свадебный день;9;top;свадебное агентство
агентство название свадебный;9;top;свадебное агентство
свадебные торты рената агзамова;9;top;свадебный торт
свадебный торт ренат агзамов;9;top;свадебный торт
свадебный торт рената;9;top;свадебный торт
ингредиенты для свадебного торта;9;top;свадебный торт
какие свадебные торты в тренде;9;top;свадебный торт
какие свадебные торты сейчас в тренде;9;top;свадебный торт
свадебный торт фрукты;9;top;свадебный торт
свадебные торты сердечком;9;top;свадебный торт
прямоугольный свадебный торт с ягодами;9;top;свадебный торт
песня для свадебного торта;9;top;свадебный торт
свадебный торт шрек;9;top;свадебный торт
свадебный торт со светодиодами;9;top;свадебный торт
сколько весит свадебный торт;9;top;свадебный торт
свадебный торт три яруса;9;top;свадебный торт
как подается свадебный торт;9;top;свадебный торт
начинка для свадебного торта какую выбрать;9;top;свадебный торт
итальянские свадебные торты мода август 2026 года;9;top;свадебный торт
как рассчитать количество свадебного торта;9;top;свадебный торт
как рассчитать свадебный торт на гостей;9;top;свадебный торт
свадебный торт как рассчитать на количество гостей;9;top;свадебный торт
красивые двухъярусные свадебные торты;9;top;свадебный торт
литовский свадебный торт шакотис фото;9;top;свадебный торт
музыка для выноса свадебного торта;9;top;свадебный торт
образцы свадебных тортов;9;top;свадебный торт
свадебный стилист на дом;9;top;свадебный стилист
регина свадебный стилист визажист;9;top;свадебный стилист
свадебный стилист цена;9;top;свадебный стилист
визажист и прическа на свадьбу;9;top;визажист на свадьбу
выездная регистрация брака в коломенском;9;top;выездная регистрация
выездная регистрация под ключ;9;top;выездная регистрация
красивые места для выездной регистрации;9;top;выездная регистрация
аренда выездной регистрации;9;top;выездная регистрация
выездная регистрация волгоград;9;top;выездная регистрация
где можно провести выездную регистрацию;9;top;выездная регистрация
выездная регистрация брака для участников сво;9;top;выездная регистрация
что такое выездная регистрация свадьбы;9;top;выездная регистрация
выездная регистрация на дом;9;top;выездная регистрация
таганский загс выездная регистрация;9;top;выездная регистрация
выездная регистрация анапа;9;top;выездная регистрация
башня око выездная регистрация;9;top;выездная регистрация
выездная регистрация автомобиля;9;top;выездная регистрация
выездная регистрация видео;9;top;выездная регистрация
выездная шуточная регистрация;9;top;выездная регистрация
выездная регистрация заключения брака;9;top;выездная регистрация
выездная регистрация брака фотозоны;9;top;выездная регистрация
выездная регистрация в музее;9;top;выездная регистрация
домашний сценарий проведения свадьбы;9;top;сценарий свадьбы
сценарий проведения свадьбы в домашних условиях;9;top;сценарий свадьбы
конкурс свадьба года сценарий;9;top;сценарий свадьбы
какие сценарии свадьбы;9;top;сценарий свадьбы
свадьба 90х сценарий;9;top;сценарий свадьбы
свадьба в стиле 90х сценарий;9;top;сценарий свадьбы | стили свадьбы
христианская свадьба сценарий;9;top;сценарий свадьбы
сценарий серебряной свадьбы конкурсы;9;top;сценарий свадьбы
форум ин ку для ведущих сценарий свадьбы;9;top;сценарий свадьбы
сценарии свадьбы без тамады в кафе;9;top;сценарий свадьбы
сценарий свадьбы в кафе для тамады;9;top;сценарий свадьбы
сценарий свадьбы начинающей тамады;9;top;сценарий свадьбы
сценарий на 25 лет свадьбы;9;top;сценарий свадьбы
прикольные сценарии на домашнюю свадьбу;9;top;сценарий свадьбы
сценарий серебряной свадьбы в домашних условиях прикольные;9;top;сценарий свадьбы
сценарий свадьба для небольшой компании;9;top;сценарий свадьбы
сценарий изумрудной свадьбы;9;top;сценарий свадьбы
сценарий свадьбы с караваем;9;top;сценарий свадьбы
сценарий свадьбы сценарием песен;9;top;сценарий свадьбы
сценарий на 30 лет свадьбы;9;top;сценарий свадьбы
поздравок сценарий на второй день свадьбы;9;top;сценарий свадьбы
поздравок сценарий на свадьбу;9;top;сценарий свадьбы
лучшие дни для свадьбы в сентябре 2026;9;top;свадьба в сентябре
идеи призов для гостей на свадьбе;9;top;идеи для свадьбы
идеи для подарка мужу на годовщину свадьбы;9;top;идеи для свадьбы
идеи торта для свадьбы;9;top;идеи для свадьбы
идея для фотосессии на жемчужную свадьбу;9;top;идеи для свадьбы
оригинальные идеи для свадеб;9;top;идеи для свадьбы
лучшие идеи для свадьбы;9;top;идеи для свадьбы
кэжуал стиль мужской на свадьбу;9;top;стили свадьбы
свадьба в стиле принцессы;9;top;стили свадьбы
4 свадьбы в стиле барби;9;top;стили свадьбы
четыре свадьбы свадьба в стиле комиксов;9;top;стили свадьбы
четыре свадьбы свадьба в русском стиле;9;top;стили свадьбы
стиль рустик на свадьбе что это означает;9;top;стили свадьбы
стиль одежды мужской на свадьбу;9;top;стили свадьбы
свадьба в эльфийском стиле;9;top;стили свадьбы
свадьба в стиле бригады;9;top;стили свадьбы
свадьба в свободном стиле;9;top;стили свадьбы
золотая свадьба стиль;9;top;стили свадьбы
платье на свадьбу в русском стиле;9;top;стили свадьбы
стиль свадьбы современная классика;9;top;стили свадьбы
свадьба в старом стиле;9;top;стили свадьбы
4 свадьбы в стиле 90 х;9;top;стили свадьбы
свадьба в цыганском стиле;9;top;стили свадьбы
свадьба в русском стиле летом;9;top;стили свадьбы
стиль на свадьбу для мужчин гость лето;9;top;стили свадьбы
свадьба в стиле 2000 х;9;top;стили свадьбы
бумажный стиль свадьбы;9;top;стили свадьбы
4 свадьбы в стиле аниме;9;top;стили свадьбы
какие бывают стили свадьбы название стилей;9;top;стили свадьбы
стили свадеб какие бывают фото и название;9;top;стили свадьбы
стили свадеб фото и название;9;top;стили свадьбы
свадьба в народном стиле фото;9;top;стили свадьбы
свадьба в русском народном стиле фото;9;top;стили свадьбы
свадьба в пиратском стиле;9;top;стили свадьбы
стили свадеб 2027;9;top;стили свадьбы
свадьба в стиле блэк;9;top;стили свадьбы
современная свадьба в русском стиле;9;top;стили свадьбы
четыре свадьбы свадьба в стиле мафии;9;top;стили свадьбы
свадьба в синем стиле;9;top;стили свадьбы
королевская свадьба свадьба в стиле урбан;9;top;стили свадьбы
свадьба в стиле урбан шик;9;top;стили свадьбы
платье в славянском стиле современное на свадьбу;9;top;стили свадьбы
веселые конкурсы на свадьбу в русском стиле;9;top;стили свадьбы
серебряная свадьба стиль;9;top;стили свадьбы
свадьба в дачном стиле;9;top;стили свадьбы
шуточные подарки на свадьбу в деревенском стиле;9;top;стили свадьбы
оформления свадьбы в стиле бохо;9;top;свадьба в стиле бохо
свадебные площадки чехов;8;top;свадебная площадка
свадебные площадки тольятти;8;top;свадебная площадка
остров любви свадебная площадка;8;top;свадебная площадка
лучшие свадебные площадки москвы;8;top;свадебная площадка | свадебные площадки москва
симс 4 моды свадебная площадка;8;top;свадебная площадка
свадебные площадки красногорск;8;top;свадебная площадка
дворянское гнездо площадка для свадьбы;8;top;площадка для свадьбы
подборка площадок для свадьбы;8;top;площадка для свадьбы
площадки для маленьких свадеб;8;top;площадка для свадьбы | маленькая свадьба
площадки для свадьбы ярославль;8;top;площадка для свадьбы
площадка для итальянской свадьбы в москве;8;top;площадка для свадьбы
муза площадка для свадеб;8;top;площадка для свадьбы
нептун площадка для свадьбы;8;top;площадка для свадьбы
площадки для свадьбы 2026;8;top;площадка для свадьбы
hide москва площадка для свадьбы;8;top;площадка для свадьбы
как выбрать площадку для свадьбы;8;top;площадка для свадьбы | как выбрать площадку для свадьбы
русская сказка площадка для свадьбы;8;top;площадка для свадьбы
родина площадка для свадьбы;8;top;площадка для свадьбы
место для проведения свадеб в ногинске;8;top;место для свадьбы
место для проведения свадьбы на природе;8;top;место для свадьбы | свадьба на природе
места для свадьбы пржмосковье;8;top;место для свадьбы
волгоград места для фотосессии на свадьбу;8;top;место для свадьбы
загородные места для свадеб;8;top;место для свадьбы | загородная свадьба
где отметить свадьбу в санкт петербурге;8;top;где отметить свадьбу
где отметить свадьбу в серпухове;8;top;где отметить свадьбу
кафе где можно отметить свадьбу;8;top;где отметить свадьбу
где отмечала свадьбу ида галич;8;top;где отметить свадьбу
где отметить свадьбу в раменском;8;top;где отметить свадьбу
где отметить роспись без свадьбы в москве;8;top;где отметить свадьбу
где отметить свадьбу форум;8;top;где отметить свадьбу
банкетные залы для свадьбы раменское;8;top;банкетный зал для свадьбы
банкетный зал для свадьбы раменское;8;top;банкетный зал для свадьбы
банкетный зал в царицыно для свадьбы;8;top;банкетный зал для свадьбы
банкетный зал для свадьбы орехово зуево;8;top;банкетный зал для свадьбы
банкетные залы дома для свадьбы;8;top;банкетный зал для свадьбы
подборка ресторанов для камерной свадьбы;8;top;ресторан для свадьбы | камерная свадьба
ресторан на крыше для свадьбы;8;top;ресторан для свадьбы | свадьба на крыше
рестораны для свадьбы отзывы;8;top;ресторан для свадьбы
ресторан для свадьбы казань;8;top;ресторан для свадьбы
рестораны минска для свадьбы;8;top;ресторан для свадьбы
ресторан для свадьбы брянск;8;top;ресторан для свадьбы
ресторан для свадьбы тверь;8;top;ресторан для свадьбы
рестораны с верандой в москве для свадьбы;8;top;ресторан для свадьбы | веранда для свадьбы | ресторан с верандой для свадьбы
рестораны для свадьбы ярославль;8;top;ресторан для свадьбы
музыка для свадебного банкета;8;top;свадебный банкет
свадебный банкет смотреть онлайн;8;top;свадебный банкет
фото свадебного банкета;8;top;свадебный банкет
как провести свадьбу детей;8;top;провести свадьбу
как называется человек который проводит свадьбу;8;top;провести свадьбу
провести свадьбу самостоятельно;8;top;провести свадьбу
провести сыну свадьбу;8;top;провести свадьбу
как прикольно провести второй день свадьбы;8;top;провести свадьбу
провести свадьбу за городом;8;top;провести свадьбу | свадьба за городом
как провести девичник перед свадьбой прикольный;8;top;провести свадьбу
за сколько до свадьбы проводят девичник;8;top;провести свадьбу
как провести свадьбу без гостей;8;top;провести свадьбу
как интересно провести свадьбу;8;top;провести свадьбу
в москве три пары собак провели свадьбу;8;top;провести свадьбу
как провести роспись без свадьбы красиво;8;top;провести свадьбу
что нужно для организации свадьбы самостоятельно;8;top;организация свадьбы
выездная организация свадеб;8;top;организация свадьбы
свадебное агентство организация свадеб;8;top;организация свадьбы | свадебное агентство
организация свадьбы камеди кравец;8;top;организация свадьбы
помощь в организации свадеб;8;top;организация свадьбы
лофт для свадьбы в москве недорого;8;top;лофт для свадьбы | свадьба недорого
усадьба для свадьбы спб;8;top;усадьба для свадьбы
загородный коттедж для свадьбы;8;top;коттедж для свадьбы | загородная свадьба
банкетный коттедж для свадьбы;8;top;коттедж для свадьбы
коттеджи посуточно для свадьбы;8;top;коттедж для свадьбы
мини свадьба на теплоходе;8;top;свадьба на теплоходе
свадьба на теплоходе рэдиссон в москве цена;8;top;свадьба на теплоходе
свадьба на крыше магнитогорск;8;top;свадьба на крыше
бюджетная свадьба на природе;8;top;свадьба на природе
камерная свадьба в нижнем новгороде на природе;8;top;свадьба на природе | камерная свадьба
стоимость свадьбы на природе;8;top;свадьба на природе | стоимость свадьбы
свадьба под ключ на природе;8;top;свадьба на природе | свадьба под ключ
свадьба на природе образы;8;top;свадьба на природе
зал на 10 человек для свадьбы;8;top;свадьба на 10 человек
сколько будет стоить свадьба на 30 человек;8;top;свадьба на 30 человек | сколько стоит свадьба
во сколько обходится свадьба на 30 человек;8;top;свадьба на 30 человек
сколько будет стоить свадьба на 50 человек;8;top;свадьба на 50 человек | сколько стоит свадьба
сколько надо алкоголя на свадьбу 50 человек;8;top;свадьба на 50 человек
меню на свадьбу на 50 человек;8;top;свадьба на 50 человек
камерная свадьба платье;8;top;камерная свадьба
как сделать камерную свадьбу;8;top;камерная свадьба
камерная свадьба стол;8;top;камерная свадьба
сценарий для ведущего камерной свадьбы;8;top;камерная свадьба | сценарий свадьбы
танец маленьких на свадьбе;8;top;маленькая свадьба
маленький сувенир на свадьбу;8;top;маленькая свадьба
мой маленький пони свадьба каденса;8;top;маленькая свадьба
свадьба жених меньше невесты;8;top;маленькая свадьба
рестораны отметить маленькую свадьбу;8;top;маленькая свадьба
маленькие кофе для проведения свадьбы;8;top;маленькая свадьба
тост на свадьбу маленький;8;top;маленькая свадьба
конкурсы на свадьбу для маленькой компании;8;top;маленькая свадьба
ужин на годовщину свадьбы для двоих дома;8;top;свадьба для двоих
свадьба за городом места;8;top;свадьба за городом
свадьба за городом спб;8;top;свадьба за городом
загородные отели для свадьбы в подмосковье;8;top;свадьба в подмосковье | загородная свадьба
выплаты за золотую свадьбу в подмосковье;8;top;свадьба в подмосковье
хилтон гарден инн новая рига свадьба отзывы;8;top;свадьба новая рига
полицейский с рублевки поют песню на свадьбе;8;top;свадьба рублевка
какая серия полицейского с рублевки свадьба;8;top;свадьба рублевка
как сделать свадьбу недорого;8;top;свадьба недорого
что подарить на рубиновую свадьбу родителям недорого;8;top;свадьба недорого
недорогой ведущий свадьба москва;8;top;свадьба недорого
как отметить свадьбу недорого и необычно;8;top;свадьба недорого
аренда для свадьбы недорого;8;top;свадьба недорого
справить свадьбу недорого;8;top;свадьба недорого
недорого шатер на свадьбу подмосковье балашиха;8;top;свадьба недорого
стоимость организатора свадьбы;8;top;стоимость свадьбы
свадьба на 35 человек стоимость;8;top;стоимость свадьбы
стоимость декора на свадьбу;8;top;стоимость свадьбы
приглашения на свадьбу стоимость;8;top;стоимость свадьбы
свадьба на 25 человек стоимость;8;top;стоимость свадьбы
что входит в стоимость свадьбы;8;top;стоимость свадьбы
видеосъемка свадьбы стоимость;8;top;стоимость свадьбы
стоимость лимузина на свадьбу;8;top;стоимость свадьбы
сколько стоит басков на свадьбу;8;top;сколько стоит свадьба
сколько стоит красивая свадьба;8;top;сколько стоит свадьба
сколько стоят услуги организатора свадеб;8;top;сколько стоит свадьба
сколько стоит позвать аркадия думикяна на свадьбу;8;top;сколько стоит свадьба
сколько стоит декорация свадьбы;8;top;сколько стоит свадьба
теремок сколько стоит свадьба ижевск в теремке;8;top;сколько стоит свадьба
сколько стоит меладзе на свадьбу;8;top;сколько стоит свадьба
сколько стоит пригласить на свадьбу эльбруса;8;top;сколько стоит свадьба
эльбрус джанмирзоев сколько стоит пригласить на свадьбу;8;top;сколько стоит свадьба
сколько стоит пригласить артиста на свадьбу;8;top;сколько стоит свадьба
макка межиева сколько стоит на свадьбу;8;top;сколько стоит свадьба
сколько стоит украшение свадьбы;8;top;сколько стоит свадьба
сколько стоит трансфер на свадьбу;8;top;сколько стоит свадьба
сколько стоит заказать артиста на свадьбу;8;top;сколько стоит свадьба
сколько стоила свадьба литвина;8;top;сколько стоит свадьба
ведущий на свадьбу иван;8;top;ведущий на свадьбу
ведущий на праздник свадьбу;8;top;ведущий на свадьбу
нагиев ведущий на свадьбу;8;top;ведущий на свадьбу
ведущая на свадьбу москва недорого;8;top;ведущий на свадьбу
ведущие на свадьбе дагестан;8;top;ведущий на свадьбу
евгений ведущий на свадьбах;8;top;ведущий на свадьбу
как называют ведущего на свадьбе;8;top;ведущий на свадьбу
ведущий на свадьбу петербург;8;top;ведущий на свадьбу
ведущий на свадьбу санкт петербург;8;top;ведущий на свадьбу
где искать ведущего на свадьбу;8;top;ведущий на свадьбу
что делать на свадьбе без ведущего;8;top;ведущий на свадьбу
ведущий на свадьбу казань;8;top;ведущий на свадьбу
первый тост на свадьбе от ведущего;8;top;ведущий на свадьбу
фотограф раменское на свадьбу;8;top;фотограф на свадьбу
фотограф на свадьбу секс;8;top;фотограф на свадьбу
нужен ли фотограф на свадьбу;8;top;фотограф на свадьбу
фотографа на свадьбу осенние даты екатеринбург;8;top;фотограф на свадьбу
нужен видеограф на свадьбу;8;top;видеограф на свадьбу
авито видеограф на свадьбу;8;top;видеограф на свадьбу
свадебный декор картинки;8;top;свадебный декор
торт свадебный белый декор;8;top;свадебный декор | свадебный торт
декор свадебных платьев;8;top;свадебный декор
свадебный декор на стол купить;8;top;свадебный декор
простой свадебный декор;8;top;свадебный декор
свадебный декор мастер класс;8;top;свадебный декор
свадебные украшения декор;8;top;свадебный декор
декор свадебного шампанского;8;top;свадебный декор
свадебный декор живыми цветами;8;top;свадебный декор
комната невесты оформление на свадьбу;8;top;оформление свадьбы
оформление регистрации свадьбы;8;top;оформление свадьбы
оформление свадьбы воздушными шарами;8;top;оформление свадьбы
оформление бутылки на свадьбу своими руками;8;top;оформление свадьбы
идеи для оформления свадьбы;8;top;оформление свадьбы | идеи для свадьбы
оформление велком зоны на свадьбе;8;top;оформление свадьбы
оформление праздников свадеб;8;top;оформление свадьбы
свадьба в стиле бохо фото оформление;8;top;оформление свадьбы | стили свадьбы | свадьба в стиле бохо
как стать свадебным организатором;8;top;свадебный организатор
свадебное агентство попаданки читать онлайн бесплатно;8;top;свадебное агентство
свадебные агентства онлайн;8;top;свадебное агентство
свадебное агентство ксении афанасьевой;8;top;свадебное агентство
свадебное агентство дарси отзывы;8;top;свадебное агентство
открыть свадебное агентство;8;top;свадебное агентство
свадебное агентство сочи;8;top;свадебное агентство
для двоих свадебное агентство;8;top;свадебное агентство
нужен диджей на свадьбу;8;top;диджей на свадьбу
свадебный торт с крем чизом;8;top;свадебный торт
свадебный торт сколько грамм на человека;8;top;свадебный торт
свадебный торт 3кг;8;top;свадебный торт
кусочек свадебного торта;8;top;свадебный торт
свадебный торт двухъярусный с ягодами;8;top;свадебный торт
дегустационный набор тортов свадебный;8;top;свадебный торт
вкусные начинки для свадебного торта;8;top;свадебный торт
модные свадебные торты 2026;8;top;свадебный торт
сколько стоит свадебный торт на 50 человек;8;top;свадебный торт
оформление свадебного торта одноярусного фото;8;top;свадебный торт
симс 3 свадебный торт;8;top;свадебный торт
свадебный торт описание;8;top;свадебный торт
минималистичный свадебный торт;8;top;свадебный торт
столик для свадебного торта;8;top;свадебный торт
кремовый свадебный торт;8;top;свадебный торт
свадебный торт мытищи;8;top;свадебный торт
свадебный торт три шоколада;8;top;свадебный торт
торт свадебный белый прямоугольный;8;top;свадебный торт
свадебный торт история;8;top;свадебный торт
свадебные торты королев;8;top;свадебный торт
свадебные торты королева тортов;8;top;свадебный торт
свадебный торт на 3 кг фото;8;top;свадебный торт
одноэтажный свадебный торт;8;top;свадебный торт
муж изменяет с невесткой свадебный торт дорама;8;top;свадебный торт
украшения своими руками свадебный торт;8;top;свадебный торт
приметы свадебного торта;8;top;свадебный торт
свадебный торт на 20 человек сколько;8;top;свадебный торт
красивые свадебные торты двухъярусные фото;8;top;свадебный торт
дегустационный сет свадебных тортов;8;top;свадебный торт
симс 4 свадебный торт код;8;top;свадебный торт
торт свадебная тематика;8;top;свадебный торт
курс по свадебным тортам;8;top;свадебный торт
свадебные торты картинки фото;8;top;свадебный торт
свадебный стилист визажист москва;8;top;свадебный стилист
флорист свадебные букеты;8;top;свадебный флорист
организация выездной регистрации брака;8;top;выездная регистрация
выездная регистрация брака воронеж;8;top;выездная регистрация
выездная регистрация за границей;8;top;выездная регистрация
стили выездных регистраций;8;top;выездная регистрация
арка для выездной регистрации свадьбы;8;top;выездная регистрация
выездная регистрация фуршет;8;top;выездная регистрация
речь для выездной регистрации брака;8;top;выездная регистрация
что значит выездная регистрация;8;top;выездная регистрация
дым на выездную регистрацию;8;top;выездная регистрация
выездная регистрация автомобиля в гибдд;8;top;выездная регистрация
выездная регистрация гибдд;8;top;выездная регистрация
как проводится выездная регистрация брака;8;top;выездная регистрация
выездная регистрация серпухов;8;top;выездная регистрация
выездная регистрация брака санкт петербург;8;top;выездная регистрация
выездная регистрация брака в царицыно;8;top;выездная регистрация
как делается выездная регистрация;8;top;выездная регистрация
как устроить выездную регистрацию брака;8;top;выездная регистрация
выездная регистрация сергиев посад;8;top;выездная регистрация
выход жениха на выездной регистрации;8;top;выездная регистрация
сценарии современной веселой свадьбы;8;top;сценарий свадьбы
сценарий веселого выкупа на свадьбу;8;top;сценарий свадьбы
сценарий свадьбы веселый смешной;8;top;сценарий свадьбы
свадьба сценарий сценарий традиции;8;top;сценарий свадьбы
сценарий юбилея 55 свадьбы;8;top;сценарий свадьбы
конец свадьбы сценарий;8;top;сценарий свадьбы
сценарий свадьбы от начала до конца;8;top;сценарий свадьбы
сценарий 15 годовщина свадьбы;8;top;сценарий свадьбы
сценарий годовщины свадьбы 15 лет;8;top;сценарий свадьбы
цыгане на свадьбе сценарий;8;top;сценарий свадьбы
сценарий проведения свадьбы для тамады;8;top;сценарий свадьбы
сценарий свадьбы в стиле горько;8;top;сценарий свадьбы | стили свадьбы
сценарий свадьбы горько;8;top;сценарий свадьбы
сценарий годовщины свадьбы прикольные;8;top;сценарий свадьбы
мини сценарий на свадьбу;8;top;сценарий свадьбы
годовщина свадьбы дома сценарий;8;top;сценарий свадьбы
серебряная свадьба сценарий для тамады;8;top;сценарий свадьбы
сценарий на второй день свадьбы без тамады;8;top;сценарий свадьбы
домашний сценарий свадьбы для родителей;8;top;сценарий свадьбы
купить сценарий свадьбы;8;top;сценарий свадьбы
сценарии свадьбы 30 лет прикольные;8;top;сценарий свадьбы
сценарий проведения года свадьбы;8;top;сценарий свадьбы
лучший месяц для свадьбы приметы;8;top;лучший месяц для свадьбы
идеи для родителей на годовщину свадьбы;8;top;идеи для свадьбы
идеи для серебряной свадьбы;8;top;идеи для свадьбы
идеи для проведения свадьбы;8;top;идеи для свадьбы
идеи для золотой свадьбы;8;top;идеи для свадьбы
наряд на свадьбу в стиле 90;8;top;стили свадьбы
как одеться на свадьбу в стиле 90;8;top;стили свадьбы
свадьба в стиле 50;8;top;стили свадьбы
образ на свадьбу в стиле 90 х;8;top;стили свадьбы
поздравление со свадьбой в современном стиле;8;top;стили свадьбы
свадеб в звездном стиле;8;top;стили свадьбы
свадьба в стиле звездных войн;8;top;стили свадьбы
коктейльный стиль на свадьбу;8;top;стили свадьбы
французская свадьба стиль;8;top;стили свадьбы
свадьба виды стилей;8;top;стили свадьбы
платье в итальянском стиле на свадьбу;8;top;стили свадьбы
одежда на свадьбу в русском стиле;8;top;стили свадьбы
свадьба в стиле фэшн;8;top;стили свадьбы
поздравление на свадьбу в русском народном стиле;8;top;стили свадьбы
четыре свадьбы свадьба в вампирском стиле;8;top;стили свадьбы
4 свадьбы свадьба в пляжном стиле;8;top;стили свадьбы
свадьба в винтажном стиле;8;top;стили свадьбы
поздравление на свадьбу в стиле рэп;8;top;стили свадьбы
свадьба в стиле розовый дым;8;top;стили свадьбы
свадьба в стиле форсаж;8;top;стили свадьбы
свадьба в стиле готов;8;top;стили свадьбы
4 свадьбы в тюремном стиле;8;top;стили свадьбы
четыре свадьбы в стиле бохо;8;top;свадьба в стиле бохо
свадебные площадки псков;7;top;свадебная площадка
свадебные площадки смоленск;7;top;свадебная площадка
свадебные площадки тула;7;top;свадебная площадка
свадебная площадка с бассейном;7;top;свадебная площадка
the sun свадебная площадка;7;top;свадебная площадка
долина москва свадебная площадка;7;top;свадебная площадка | свадебные площадки москва
свадебные площадки краснодарский край;7;top;свадебная площадка
площадки для свадебных мероприятий;7;top;свадебная площадка
красивые свадебные площадки;7;top;свадебная площадка
площадки для свадьбы на юге подмосковья;7;top;площадка для свадьбы | площадка для свадьбы подмосковье
площадки для свадеб с гостевыми домами подмосковье;7;top;площадка для свадьбы | площадка для свадьбы подмосковье
площадка для свадьбы в юзао и ювао;7;top;площадка для свадьбы
площадка для свадьбы в химках;7;top;площадка для свадьбы
площадки для свадьбы во владимире;7;top;площадка для свадьбы
площадки для свадьбы саратов;7;top;площадка для свадьбы
площадки для свадьбы тамбов;7;top;площадка для свадьбы
площадки для свадьбы омск;7;top;площадка для свадьбы
бюджетные площадки для свадьбы в подмосковье;7;top;площадка для свадьбы | площадка для свадьбы подмосковье | свадьба в подмосковье
бор площадка для свадьбы;7;top;площадка для свадьбы
аренда площадки для свадьбы на природе;7;top;площадка для свадьбы | свадьба на природе
места для свадьбы уфа;7;top;место для свадьбы
место для подарков на свадьбе;7;top;место для свадьбы
места для свадеб банкет;7;top;место для свадьбы
места для камерной свадьбы москва;7;top;место для свадьбы | камерная свадьба
лучшие места для проведения свадьбы;7;top;место для свадьбы
топ мест для проведения свадьбы;7;top;место для свадьбы
лучшие места для свадьбы спб;7;top;место для свадьбы
где в москве отметить второй день свадьбы;7;top;где отметить свадьбу
где можно отметить свадьбу в егорьевске;7;top;где отметить свадьбу
где отметить свадьбу маленькой компанией;7;top;где отметить свадьбу | маленькая свадьба
где отметить свадьбу в зеленограде;7;top;где отметить свадьбу
рестораны где отмечают юбилей свадьбы;7;top;где отметить свадьбу
банкетные залы чебоксары для свадьбы;7;top;банкетный зал для свадьбы
банкетный зал для свадьбы чебоксары;7;top;банкетный зал для свадьбы
коттедж с банкетным залом для свадьбы;7;top;банкетный зал для свадьбы | коттедж для свадьбы
банкетные залы для свадьбы анапа;7;top;банкетный зал для свадьбы
банкетный зал для свадьбы анапа;7;top;банкетный зал для свадьбы
банкетные залы для свадьбы отзывы;7;top;банкетный зал для свадьбы
банкетный зал для свадьбы отзывы;7;top;банкетный зал для свадьбы
банкетные залы для свадьбы 100 человек;7;top;банкетный зал для свадьбы
банкетные залы для свадьбы фото;7;top;банкетный зал для свадьбы
банкетный зал для свадьбы фото;7;top;банкетный зал для свадьбы
рестораны серпухова для свадьбы;7;top;ресторан для свадьбы
ресторан для свадьбы барнаул;7;top;ресторан для свадьбы
рестораны в нальчике для свадеб;7;top;ресторан для свадьбы
ресторан для проведения свадьбы в москве бюджетный;7;top;ресторан для свадьбы
ресторан в люблино для свадьбы;7;top;ресторан для свадьбы
недорогие рестораны для камерной свадьбы;7;top;ресторан для свадьбы | камерная свадьба | свадьба недорого
рестораны для свадьбы липецк;7;top;ресторан для свадьбы
рестораны для свадьбы саратов;7;top;ресторан для свадьбы
ресторан для свадьбы 200 человек;7;top;ресторан для свадьбы
москва банкет свадебный на теплоходе стоимость;7;top;свадебный банкет
свадебный банкет на теплоходе;7;top;свадебный банкет
рестораны для свадебных банкетов на 25 человек;7;top;свадебный банкет
свадебный банкет 50 человек;7;top;свадебный банкет
свадьба на бору нижегородская область где провести;7;top;провести свадьбу
где можно провести свадьбу на природе;7;top;провести свадьбу | свадьба на природе
где можно годовщину свадьбы провести;7;top;провести свадьбу
как провести юбилей свадьбы;7;top;провести свадьбу
как провести день росписи без свадьбы;7;top;провести свадьбу
где провести фотосессию на свадьбу;7;top;провести свадьбу
благодарность за проведенную свадьбу;7;top;провести свадьбу
как провести свадьбу в узком;7;top;провести свадьбу
как провести свадьбу в узком кругу;7;top;провести свадьбу
как можно провести годовщину свадьбы;7;top;провести свадьбу
провести 10 лет свадьбы;7;top;провести свадьбу
как провести день свадьбы вдвоем;7;top;провести свадьбу
где в москве провести маленькую свадьбу недорого;7;top;провести свадьбу | маленькая свадьба | свадьба недорого
провести мусульманскую свадьбу;7;top;провести свадьбу
провести свадьбу форум;7;top;провести свадьбу
как провести свадьбу подруге;7;top;провести свадьбу
услуги по организации свадьбы;7;top;организация свадьбы
фемилинк организация свадьбы горько;7;top;организация свадьбы
организация свадеб рязань;7;top;организация свадьбы
организация свадьбы на природе;7;top;организация свадьбы | свадьба на природе
организация свадьбы владимир;7;top;организация свадьбы
приложение для организации свадьбы;7;top;организация свадьбы
организация свадеб смоленск;7;top;организация свадьбы
при свадьбе сколько дают выходных в организации;7;top;организация свадьбы
фильмы про организацию свадьбы;7;top;организация свадьбы
камеди клаб кравец организация свадьбы;7;top;организация свадьбы
балашиха организация свадеб под ключ;7;top;организация свадьбы | свадьба под ключ
лофт для свадьбы в москве 30 человек;7;top;лофт для свадьбы
лофт для камерной свадьбы;7;top;лофт для свадьбы | камерная свадьба
особняк для свадьбы в подмосковье;7;top;особняк для свадьбы | свадьба в подмосковье
проведение свадеб в шатре;7;top;свадьба в шатре
коттеджи для свадьбы в подмосковье одинцово;7;top;коттедж для свадьбы | свадьба в подмосковье
коттедж для свадьбы с залом;7;top;коттедж для свадьбы
четыре свадьбы на теплоходе;7;top;свадьба на теплоходе
бутерброды с креветками на праздничный стол рецепты;7;assoc;банкетный зал с панорамными окнами
свадьба в стиле леса;7;top;свадьба в лесу | стили свадьбы
свадьба на природе тула;7;top;свадьба на природе
второй день свадьбы на природе сценарий;7;top;свадьба на природе | сценарий свадьбы
сценарий второго дня свадьбы на природе;7;top;свадьба на природе | сценарий свадьбы
сценарий свадьбы на природе;7;top;свадьба на природе | сценарий свадьбы
свадьба под шатром на природе;7;top;свадьба на природе
банкет на природе свадьба;7;top;свадьба на природе
маленькая свадьба на 10 человек;7;top;свадьба на 10 человек | маленькая свадьба
торт на свадьбу на 20 человек;7;top;свадьба на 20 человек
свадьба дома меню на 20 человек;7;top;свадьба на 20 человек
заказать автобус на свадьбу пушкино 30 человек;7;top;свадьба на 30 человек
бюджетная свадьба на 30 человек;7;top;свадьба на 30 человек
свадьбы на 30 человек спб;7;top;свадьба на 30 человек
расчет свадьбы на 50 человек;7;top;свадьба на 50 человек
бюджет свадьбы на 50 человек;7;top;свадьба на 50 человек | бюджет свадьбы
сколько стоит организовать свадьбу на 50 человек;7;top;свадьба на 50 человек | сколько стоит свадьба
локации для камерной свадьбы москва телеграм;7;top;камерная свадьба
камерная свадьба саратов;7;top;камерная свадьба
камерные свадьбы как проходят;7;top;камерная свадьба
что означает камерная свадьба;7;top;камерная свадьба
что подарить маленькое на свадьбу;7;top;маленькая свадьба
маленькие призы на свадьбу;7;top;маленькая свадьба
игры на маленькую свадьбу;7;top;маленькая свадьба
стол на годовщину свадьбы для двоих;7;top;свадьба для двоих
свадьба в твери за городом;7;top;свадьба за городом
загородный дом под свадьбу;7;top;загородная свадьба
загородный дом магнитогорск для свадеб;7;top;загородная свадьба
песня из полицейского с рублевки на свадьбе;7;top;свадьба рублевка
истра холидей свадьба;7;top;свадьба истра
фотограф на свадьбу истра;7;top;свадьба истра | фотограф на свадьбу
магазины недорогой для свадьбы;7;top;свадьба недорого
что дарить на свадьбу друзьям недорого;7;top;свадьба недорого
как сыграть свадьбу недорого и красиво;7;top;свадьба недорого
украшение зала на свадьбу недорого;7;top;свадьба недорого
украшение свадьбы недорого;7;top;свадьба недорого
отметить свадьбу в кафе недорого;7;top;свадьба недорого
свадьба в москве недорого но стильно;7;top;свадьба недорого
сколько стоит недорогой декор на свадьбу;7;top;свадьба недорого | сколько стоит свадьба
презент на свадьбу молодоженам недорого;7;top;свадьба недорого
какое недорогое шампанское взять на свадьбу;7;top;свадьба недорого
подарок на бумажную свадьбу друзьям недорого;7;top;свадьба недорого
какой недорогой подарок на свадьбу;7;top;свадьба недорого
свадьба под ключ сочи;7;top;свадьба под ключ
свадьба под ключ минск;7;top;свадьба под ключ
свадьба под ключ под минском;7;top;свадьба под ключ
организатор свадьбы под ключ;7;top;свадьба под ключ
средняя стоимость ведущего на свадьбу;7;top;стоимость свадьбы | ведущий на свадьбу
свадьба в турандот стоимость;7;top;стоимость свадьбы
средняя стоимость свадьбы в 2026;7;top;стоимость свадьбы
средняя стоимость свадьбы в россии 2026;7;top;стоимость свадьбы
минимальная стоимость свадьбы;7;top;стоимость свадьбы
стоимость свадьбы калькулятор;7;top;стоимость свадьбы
стоимость артистов на свадьбу;7;top;стоимость свадьбы
академия штиглица фотосессия свадьба стоимость;7;top;стоимость свадьбы
сколько стоит свадьба на 70 человек;7;top;сколько стоит свадьба
сколько стоит пригласить звезду на свадьбу;7;top;сколько стоит свадьба
сколько стоит автобус на свадьбу;7;top;сколько стоит свадьба
сколько стоит свадьба самара;7;top;сколько стоит свадьба
сколько стоит госпошлина на свадьбу;7;top;сколько стоит свадьба
сколько стоит пригласить агутина на свадьбу;7;top;сколько стоит свадьба
сколько стоит илья сатир на свадьбу;7;top;сколько стоит свадьба
сколько стоит свадьба в нижнем новгороде;7;top;сколько стоит свадьба
сколько стоит пригласить сосо павлиашвили на свадьбу;7;top;сколько стоит свадьба
сколько стоит позвать крида на свадьбу;7;top;сколько стоит свадьба
сколько стоит бармен на свадьбу;7;top;сколько стоит свадьба
сколько стоит свадьба на мальдивах;7;top;сколько стоит свадьба
сколько стоит свадьба на корабле в москве;7;top;сколько стоит свадьба
сколько стоит выступление басты на свадьбе;7;top;сколько стоит свадьба
сколько стоит простая свадьба;7;top;сколько стоит свадьба
сколько стоит позвать клаву коку на свадьбу;7;top;сколько стоит свадьба
сколько стоит дмитрий нагиев на свадьбу;7;top;сколько стоит свадьба
патимат расулова сколько стоит на свадьбу;7;top;сколько стоит свадьба
сколько стоят живые цветы на свадьбу;7;top;сколько стоит свадьба
сколько стоит свадьба в тольятти;7;top;сколько стоит свадьба
сколько стоит сергей лазарев на свадьбу;7;top;сколько стоит свадьба
сколько стоит светлаков на свадьбу;7;top;сколько стоит свадьба
сколько стоит свадьба в тамбове;7;top;сколько стоит свадьба
сколько стоит свадьба на 150 человек;7;top;сколько стоит свадьба
сколько стоит свадьба в саратове;7;top;сколько стоит свадьба
сколько стоит нормальное вино на свадьбу;7;top;сколько стоит свадьба
сколько стоит заказать баста на свадьбу;7;top;сколько стоит свадьба
сколько стоит аренда машины свадьбу;7;top;сколько стоит свадьба
эффект золушки на свадьбе сколько стоит;7;top;сколько стоит свадьба
ведущий на свадьбу сергиев посад;7;top;ведущий на свадьбу
как написать ведущему на свадьбу;7;top;ведущий на свадьбу
лучший ведущий на свадьбу ростов на дону;7;top;ведущий на свадьбу
что делает ведущий на свадьбе геев;7;top;ведущий на свадьбу
план ведущего на свадьбу;7;top;ведущий на свадьбу
вступление на свадьбу для ведущего;7;top;ведущий на свадьбу
что подарить ведущему на свадьбе;7;top;ведущий на свадьбу
ведущий на свадьбу кирилл;7;top;ведущий на свадьбу
ведущий на свадьбу чехов;7;top;ведущий на свадьбу
ведущий на выездную свадьбу;7;top;ведущий на свадьбу
конкурс на свадьбу без ведущего;7;top;ведущий на свадьбу
поющая ведущий на свадьбу;7;top;ведущий на свадьбу
ведущий и саксофонист на свадьбу;7;top;ведущий на свадьбу
фотограф и видеограф на свадьбу екатеринбург;7;top;фотограф на свадьбу | видеограф на свадьбу
фотограф на свадьбу ект;7;top;фотограф на свадьбу
фотографы коломна на свадьбу;7;top;фотограф на свадьбу
фотограф на свадьбу найму;7;top;фотограф на свадьбу
фотографа не покормили на свадьбе;7;top;фотограф на свадьбу
профи ру фотограф на свадьбу;7;top;фотограф на свадьбу
вопросы фотографу на свадьбу;7;top;фотограф на свадьбу
заказ фотографа на свадьбу;7;top;фотограф на свадьбу
видеограф на свадьбу екатеринбург;7;top;видеограф на свадьбу
видеографы коломна на свадьбу;7;top;видеограф на свадьбу
где купить свадебный декор;7;top;свадебный декор
свадебный декор волгоград;7;top;свадебный декор
свадебный торт съедобный декор;7;top;свадебный декор | свадебный торт
искусственные цветы для декора свадебного торта белые;7;top;свадебный декор | свадебный торт
простой декор свадебного торта;7;top;свадебный декор | свадебный торт
оформление президиума молодоженов на свадьбу;7;top;оформление свадьбы
оформление выездной свадьбы;7;top;оформление свадьбы
оформление свадьбы красный;7;top;оформление свадьбы
варианты оформления свадеб;7;top;оформление свадьбы
оформление плана рассадки на свадьбу;7;top;оформление свадьбы
план оформления свадьбы;7;top;оформление свадьбы
план рассадки гостей на свадьбе оформление;7;top;оформление свадьбы | рассадка гостей на свадьбе
бордовая свадьба оформление;7;top;оформление свадьбы
оформление свадьбы живыми;7;top;оформление свадьбы
оформление свадьбы живыми цветами;7;top;оформление свадьбы
оформление зала на свадьбу цена москва;7;top;оформление свадьбы
оформление президиума на свадьбу минимализм;7;top;оформление свадьбы
работа свадебным организатором отзывы;7;top;свадебный организатор
свадебный организатор цена;7;top;свадебный организатор
тнт в свадебном агентстве;7;top;свадебное агентство
винокур про свадебное агентство;7;top;свадебное агентство
свадебное агентство мытищи;7;top;свадебное агентство
свадебное агентство калининград;7;top;свадебное агентство
свадебное агентство волгоград;7;top;свадебное агентство
кейт и лео свадебное агентство;7;top;свадебное агентство
свадебные агентства список;7;top;свадебное агентство
свадебное агентство белгород;7;top;свадебное агентство
свадебное агентство подмосковье;7;top;свадебное агентство
лучшие свадебные агентства москвы;7;top;свадебное агентство
важный день свадебное агентство;7;top;свадебное агентство
торты свадебные из шоколада;7;top;свадебный торт
торт свадебный прямоугольный со свечами;7;top;свадебный торт
украшение свадебного торта одноярусного;7;top;свадебный торт
заказать свадебный торт в фили бейкер;7;top;свадебный торт
свадебные торты в виде корзины;7;top;свадебный торт
свадебный авто цветы на торте картинки;7;top;свадебный торт
свадебный торт 2 яруса на 2 5кг;7;top;свадебный торт
купить свадебный торт железнодорожный;7;top;свадебный торт
свадебный прямоугольный торт медовик 6 кг размеры;7;top;свадебный торт
топпер на свадебный торт с инициалами;7;top;свадебный торт
свадебный торт 12 кг;7;top;свадебный торт
торт трехъярусный свадебный с цветами;7;top;свадебный торт
свадебный торт дешево;7;top;свадебный торт
свадебный торт с фонтаном;7;top;свадебный торт
симс 3 где свадебный торт;7;top;свадебный торт
свадебный торт наполеон;7;top;свадебный торт
свадебный торт бело зеленый;7;top;свадебный торт
sims 4 свадебный торт;7;top;свадебный торт
заказать свадебный торт прямоугольный;7;top;свадебный торт
свадебные торты купить нижний новгород;7;top;свадебный торт
свадебный торт в стиле 90х;7;top;свадебный торт
что написать на свадебном торте;7;top;свадебный торт
где найти свадебный торт в симс;7;top;свадебный торт
где найти свадебный торт в симс 4;7;top;свадебный торт
длинный свадебный торт размеры;7;top;свадебный торт
красиво снять свадебный торт видео;7;top;свадебный торт
сколько стоит свадебный торт 7 кг;7;top;свадебный торт
торт свадебный длинный цена;7;top;свадебный торт
свадебный торт 2026 пинтерест;7;top;свадебный торт
торт свадебный 27 лет деревянная;7;top;свадебный торт
свадебный торт 2000;7;top;свадебный торт
свадебный торт 15 кг;7;top;свадебный торт
как приготовить свадебный торт в симс;7;top;свадебный торт
как приготовить свадебный торт в симс 4;7;top;свадебный торт
торты сайт свадебные;7;top;свадебный торт
как выглядит свадебный торт;7;top;свадебный торт
свадебный торт розовый;7;top;свадебный торт
свадебный торт щелково;7;top;свадебный торт
свадебный торт 50 кг;7;top;свадебный торт
свадебный торт купить раменское;7;top;свадебный торт
салоны свадебных стилистов;7;top;свадебный стилист
стилист свадебного образа;7;top;свадебный стилист
визажист макияж на свадьбу;7;top;визажист на свадьбу
слова для выездной регистрации;7;top;выездная регистрация
выездная регистрация брака екатеринбург;7;top;выездная регистрация
выездные площадки для регистрации брака в подмосковье;7;top;выездная регистрация
стойка для выездной регистрации;7;top;выездная регистрация
смешная выездная регистрация;7;top;выездная регистрация
выездная регистрация брака в архангельском;7;top;выездная регистрация
шипиловский загс выездная регистрация;7;top;выездная регистрация
выездная регистрация брака в ресторане;7;top;выездная регистрация
выездная регистрация саратов;7;top;выездная регистрация
что нужно для выездной регистрации;7;top;выездная регистрация
регистрация выездной торговли;7;top;выездная регистрация
выездная регистрация брянск;7;top;выездная регистрация
как оформить выездную регистрацию брака через госуслуги;7;top;выездная регистрация
украшение выездной регистрации;7;top;выездная регистрация
выездная регистрация в горах;7;top;выездная регистрация
выездная регистрация брака ведущая;7;top;выездная регистрация
делает ли загс выездную регистрацию;7;top;выездная регистрация
выездная регистрация в лесу;7;top;выездная регистрация
клятва на выездную регистрацию;7;top;выездная регистрация
как работает выездная регистрация брака;7;top;выездная регистрация
свадьба на 40 человек бюджет;7;top;бюджет свадьбы
сценарий золотая свадьба 50 лет совместной;7;top;сценарий свадьбы
сценарий золотой свадьбы 50 лет совместной жизни;7;top;сценарий свадьбы
фарфоровая свадьба сценарий;7;top;сценарий свадьбы
сценарий свадьбы подарки;7;top;сценарий свадьбы
сценарий свадьбы сценки;7;top;сценарий свадьбы
сценарий свадьбы для ведущего готовый полный скачать;7;top;сценарий свадьбы
сценарий свадьбы совместной жизни прикольные;7;top;сценарий свадьбы
сценарий простой свадьбы;7;top;сценарий свадьбы
регистрация свадьбы сценарий;7;top;сценарий свадьбы
сценарий небольшой свадьбы для тамады;7;top;сценарий свадьбы
сценарий свадьбы юбилей 30;7;top;сценарий свадьбы
сказка на свадьбу прикольные сценарий;7;top;сценарий свадьбы
сценарий серебряной свадьбы для тамады прикольный;7;top;сценарий свадьбы
сценарий годовщины свадьбы 40;7;top;сценарий свадьбы
сценарий годовщины свадьбы 40 лет;7;top;сценарий свадьбы
сценарий свадьбы в стиле сказки;7;top;сценарий свадьбы | стили свадьбы
сценарии золотой свадьбы конкурсы;7;top;сценарий свадьбы
сценарий проведения годовщины свадьбы;7;top;сценарий свадьбы
4 свадьбы сценарий;7;top;сценарий свадьбы
сценарий с днем свадьбы без тамады;7;top;сценарий свадьбы
образ на свадьбу в сентябре;7;top;свадьба в сентябре
платье на свадьбу в качестве гостя сентябрь;7;top;свадьба в сентябре
идеи для свадьбы на даче;7;top;идеи для свадьбы
идеи призов для конкурсов на свадьбу;7;top;идеи для свадьбы
идеи для свадьбы в москве;7;top;идеи для свадьбы
идеи для фотосессии на годовщину свадьбы;7;top;идеи для свадьбы
идеи для проведения годовщины свадьбы;7;top;идеи для свадьбы
идеи для свадьбы вдвоем;7;top;идеи для свадьбы
пинтерест идеи для свадьбы;7;top;идеи для свадьбы
идеи для бюджетной свадьбы;7;top;идеи для свадьбы
четыре свадьбы свадьба в стиле 90 х;7;top;стили свадьбы
свадьба в стиле модерн;7;top;стили свадьбы
стиль рустик на свадьбе фото;7;top;стили свадьбы
приглашение на свадьбу в русском стиле;7;top;стили свадьбы
четыре свадьбы в танцевальном стиле;7;top;стили свадьбы
наряд на свадьбу в стиле 90 х;7;top;стили свадьбы
свадьба в гавайском стиле;7;top;стили свадьбы
свадьба в стиле 90 х фото;7;top;стили свадьбы
свадьба в античном стиле vs свадьба;7;top;стили свадьбы
свадьба в стиле бохо что надеть гостю;7;top;стили свадьбы | свадьба в стиле бохо
стиль 50 годов свадьба;7;top;стили свадьбы
свадьба в стиле фэнтези;7;top;стили свадьбы
аля бридж свадьба в стиле дошик;7;top;стили свадьбы
свадьба в русском стиле локации;7;top;стили свадьбы
свадьба в деревенском стиле летом;7;top;стили свадьбы
наряд на свадьбу в русском стиле;7;top;стили свадьбы
свадьба в английском стиле;7;top;стили свадьбы
наряд на свадьбу в стиле прованс;7;top;стили свадьбы
платье на свадьбу в стиле бохо;7;top;стили свадьбы | свадьба в стиле бохо
свадьба в бордовом стиле;7;top;стили свадьбы
4 свадьбы в стиле мафии;7;top;стили свадьбы
свадьба в стиле великолепный век;7;top;стили свадьбы
свадьба в традиционном стиле;7;top;стили свадьбы
свадьба в сельском стиле;7;top;стили свадьбы
стиль свадьбы какие бывают тематические свадьбы;7;top;стили свадьбы
свадьба в стиле шрека;7;top;стили свадьбы
четыре свадьбы в осеннем стиле;7;top;стили свадьбы
четыре свадьбы свадьба в стиле рок;7;top;стили свадьбы
свадьба стиль 80х;7;top;стили свадьбы
4 свадьбы свадьба в стиле морской;7;top;стили свадьбы
свадьба в стиле минимализма vs гангстерская свадьба;7;top;стили свадьбы
свадьба в стиле минимализма гангстерская свадьба;7;top;стили свадьбы
4 свадьбы свадьба в стиле царская охота;7;top;стили свадьбы
свадьба в морском стиле молодежная свадьба;7;top;стили свадьбы
наряд на свадьбу в стиле горько;7;top;стили свадьбы
свадьба в голубом стиле;7;top;стили свадьбы
свадьба в стиле стендап;7;top;стили свадьбы
свадьба в стиле киберпанк;7;top;стили свадьбы
свадьба в ассирийском стиле;7;top;стили свадьбы
мужской стиль на свадьбу гостю;7;top;стили свадьбы
свадьба в итальянском стиле в москве;7;top;стили свадьбы
свадьба в стиле 2000 х годов;7;top;стили свадьбы
стиль свадьбы шебби шик;7;top;стили свадьбы
доска для рассадки гостей на свадьбу;7;top;рассадка гостей на свадьбе
как оформить рассадку гостей на свадьбе;7;top;рассадка гостей на свадьбе
подставка под рассадку гостей на свадьбу;7;top;рассадка гостей на свадьбе
как называется рассадка гостей на свадьбе;7;top;рассадка гостей на свадьбе
фон для плана рассадки гостей на свадьбе;7;top;рассадка гостей на свадьбе
план рассадки гостей на свадьбе пример;7;top;рассадка гостей на свадьбе
свадебная площадка ступино;6;top;свадебная площадка
свадебные площадки ростов на дону;6;top;свадебная площадка
дьюти лав свадебная площадка;6;top;свадебная площадка
свадебные площадки анапа;6;top;свадебная площадка
свадебные площадки у воды москва и подмосковье;6;top;свадебная площадка | свадебные площадки москва
свадебные площадки омск;6;top;свадебная площадка
самые популярные свадебные площадки в москве;6;top;свадебная площадка | свадебные площадки москва
свадебная площадка грин хаус москва;6;top;свадебная площадка | свадебные площадки москва
свадебные площадки в итальянском стиле москва;6;top;свадебная площадка | свадебные площадки москва
свадебные площадки сыктывкар;6;top;свадебная площадка
свадебная площадка ранчо д давыдково 4а отзывы;6;top;свадебная площадка
свадебные площадки пятигорск;6;top;свадебная площадка
свадебные площадки нижний;6;top;свадебная площадка
свадебные площадки нижний новгород;6;top;свадебная площадка
свадебные площадки рязань;6;top;свадебная площадка
свадебные площадки тульская область;6;top;свадебная площадка
свадебная площадка санкт петербург;6;top;свадебная площадка
площадка для свадьбы загородом;6;top;площадка для свадьбы
площадки для свадьбы калуга;6;top;площадка для свадьбы
площадки для свадеб в подмосковье фото;6;top;площадка для свадьбы | площадка для свадьбы подмосковье | свадьба в подмосковье
молоково площадка для свадьбы;6;top;площадка для свадьбы
открытые площадки для свадьбы город краснодар;6;top;площадка для свадьбы
площадка для свадьбы нн;6;top;площадка для свадьбы
площадки для свадьбы крестовский остров санкт петербург;6;top;площадка для свадьбы
площадки открытые для свадьбы краснодар;6;top;площадка для свадьбы
площадка для свадьбы симферополь;6;top;площадка для свадьбы
площадки для свадьбы брянск;6;top;площадка для свадьбы
площадка для свадьбы около москва сити;6;top;площадка для свадьбы
площадки для свадьбы калужская область;6;top;площадка для свадьбы
площадки для свадьбы в рязанской области;6;top;площадка для свадьбы
хайт площадка для свадьбы;6;top;площадка для свадьбы
зеленоград круглое озеро площадка для свадьбы;6;top;площадка для свадьбы
площадка для свадьбы киров;6;top;площадка для свадьбы
подбор площадки для свадьбы;6;top;площадка для свадьбы
места для проведения свадьбы таганрог;6;top;место для свадьбы
место для свадьбы санкт петербург;6;top;место для свадьбы
топ мест для свадьбы в йошкар оле;6;top;место для свадьбы
где отметить свадьбу в туле;6;top;где отметить свадьбу
где отметить зимнюю свадьбу;6;top;где отметить свадьбу
рестораны где можно отметить свадьбу маленькой компанией;6;top;где отметить свадьбу | маленькая свадьба
места где можно отметить свадьбу;6;top;где отметить свадьбу
где отметить свадьбу в питере;6;top;где отметить свадьбу
банкетный зал для свадьбы подмосковье недорого;6;top;банкетный зал для свадьбы | свадьба недорого | недорогой банкетный зал для свадьбы
банкетные залы для свадьбы с едой;6;top;банкетный зал для свадьбы
банкетные залы для свадьбы 40 человек;6;top;банкетный зал для свадьбы
банкетный зал для свадьбы 40 человек;6;top;банкетный зал для свадьбы
банкетные залы для свадеб рязань;6;top;банкетный зал для свадьбы
банкетный зал рязань для свадьбы;6;top;банкетный зал для свадьбы
банкетный зал орел для свадьбы;6;top;банкетный зал для свадьбы
банкетный зал для свадьбы тула;6;top;банкетный зал для свадьбы
арендовать ресторан для свадьбы;6;top;ресторан для свадьбы
ресторан для свадьбы тамбов;6;top;ресторан для свадьбы
рестораны г королев для свадеб;6;top;ресторан для свадьбы
рестораны в москве для юбилея свадьбы;6;top;ресторан для свадьбы
самые лучшие рестораны для свадьбы;6;top;ресторан для свадьбы
ресторан в пушкине для свадьбы;6;top;ресторан для свадьбы
форум рестораны для свадьбы в нижнем новгороде;6;top;ресторан для свадьбы
армавир рестораны для свадьбы;6;top;ресторан для свадьбы
ресторан стерлитамак для свадьбы;6;top;ресторан для свадьбы
рестораны для свадьбы город армавир;6;top;ресторан для свадьбы
рестораны для свадьбы на таганке;6;top;ресторан для свадьбы
рестораны для свадьбы екатеринбург;6;top;ресторан для свадьбы
ресторан для свадьбы без аренды;6;top;ресторан для свадьбы
рестораны и залы для свадьбы;6;top;ресторан для свадьбы
украшения для свадьбы зала аренда;6;top;аренда зала для свадьбы
организация свадебного банкета;6;top;свадебный банкет
свадебный банкет фильм 1993;6;top;свадебный банкет
новороссийск геленджик свадебный банкет рестораны;6;top;свадебный банкет
заведения для свадебного банкета дешевого;6;top;свадебный банкет
кафе для свадебного банкета недорого;6;top;свадебный банкет
где провести свадьбу в архангельске;6;top;провести свадьбу
дешево провести свадьбу;6;top;провести свадьбу
провести свадьба сценарий тамада;6;top;провести свадьбу | сценарий свадьбы
провести свадьбу без тамады сценарий;6;top;провести свадьбу | сценарий свадьбы
кто проводит свадьбу как называется;6;top;провести свадьбу
провести свадьбу в петербурге;6;top;провести свадьбу
провести свадьбу в санкт петербурге;6;top;провести свадьбу
провести свадьбу в иркутске;6;top;провести свадьбу
как провести церемонию с караваем на свадьбе;6;top;провести свадьбу
отзывы о проведенных свадьбах;6;top;провести свадьбу
киркоров провел свадьбу коки и масленникова;6;top;провести свадьбу
киркоров провел свадьбу масленникова;6;top;провести свадьбу
как провести свадьбу в 2026;6;top;провести свадьбу
как сейчас проводят свадьбы 2026;6;top;провести свадьбу
сайт для организации свадьбы;6;top;организация свадьбы
организация свадьбы самостоятельно план;6;top;организация свадьбы
что нужно для организации свадьбы самостоятельно план;6;top;организация свадьбы
организация свадьбы ростов;6;top;организация свадьбы
организация свадеб дни рождения;6;top;организация свадьбы
организация свадьбы пушкино;6;top;организация свадьбы
организация свадеб урюпинск;6;top;организация свадьбы
организация девичника перед свадьбой;6;top;организация свадьбы
брюле организация свадеб;6;top;организация свадьбы
что нужно учесть при организации свадьбы;6;top;организация свадьбы
зал для свадьбы лофт;6;top;лофт для свадьбы
залы для свадеб лофт;6;top;лофт для свадьбы
свадебные торты в ресторанах;6;assoc+top;аренда лофта для свадьбы | шатер для свадьбы | свадьба в шатре | свадебный торт
шатер чебоксары для свадьбы;6;top;шатер для свадьбы
выездной шатер для свадьбы;6;top;шатер для свадьбы
шатер на природе для свадьбы;6;top;шатер для свадьбы
отметить свадьбу в шатре в домодедово;6;top;свадьба в шатре
свадьба на природе в шатре;6;top;свадьба в шатре | свадьба на природе
снять коттедж на сутки для свадьбы;6;top;коттедж для свадьбы
коттедж для свадьбы новосибирск;6;top;коттедж для свадьбы
коттедж для свадьбы самара;6;top;коттедж для свадьбы
аренда теплохода в спб на свадьбу;6;top;свадьба на теплоходе
свадьба в лесу спб;6;top;свадьба в лесу
свадьба в ресторане гранатовый сад 1;6;top;свадьба в саду
свадьба летом на природе;6;top;свадьба на природе
сделать свадьбу на природе;6;top;свадьба на природе
свадьба на природе идеи;6;top;свадьба на природе
свадьба на природе московская область;6;top;свадьба на природе
свадьба на 20 человек кафе;6;top;свадьба на 20 человек
свадьба на 15 20 человек;6;top;свадьба на 20 человек
отметить свадьбу на 20 человек;6;top;свадьба на 20 человек
стол на свадьбу на 30 человек;6;top;свадьба на 30 человек
сколько стоит сыграть свадьбу на 50 человек;6;top;свадьба на 50 человек | сколько стоит свадьба
алкоголь на свадьбу расчет на 50 человек;6;top;свадьба на 50 человек
банкет на свадьбу 50 человек;6;top;свадьба на 50 человек
сколько стоит банкет на свадьбу 50 человек;6;top;свадьба на 50 человек | сколько стоит свадьба
стоимость свадьбы на 100 человек;6;top;свадьба на 100 человек | стоимость свадьбы
сколько обойдется свадьба на 100 человек;6;top;свадьба на 100 человек
камерная свадьба цена;6;top;камерная свадьба
камерная свадьба на 25 человек;6;top;камерная свадьба
камерный вид свадьбы;6;top;камерная свадьба
камерный ужин на свадьбу;6;top;камерная свадьба
сабрина маленькая ведьма свадьба;6;top;маленькая свадьба
стих на свадьбу сестры маленький;6;top;маленькая свадьба
маленькая девочка танцует на свадьбе;6;top;маленькая свадьба
сценарий свадьбы с маленьким бюджетом;6;top;маленькая свадьба | бюджет свадьбы | сценарий свадьбы
маленькие презенты на свадьбу;6;top;маленькая свадьба
маленькая семейная свадьба;6;top;маленькая свадьба
свадьба на маленькое количество гостей;6;top;маленькая свадьба
бюджетная свадьба на море для двоих;6;top;свадьба для двоих
свадьба для двоих идеи без гостей коломна;6;top;свадьба для двоих | идеи для свадьбы
как организовать свадьбу для двоих;6;top;свадьба для двоих
свадьба стоимость за городом;6;top;свадьба за городом | стоимость свадьбы
загородные дома для свадьбы в подмосковье;6;top;свадьба в подмосковье | загородная свадьба
снять дом для свадьбы в подмосковье недорого;6;top;свадьба в подмосковье | свадьба недорого
загородные дома для проведения свадьбы;6;top;загородная свадьба
свадьба в загородном доме как организовать;6;top;загородная свадьба
загородные домики для свадьбы;6;top;загородная свадьба
кейтеринг на свадьбу недорого;6;top;свадьба недорого
недорого мышоать свадьбу;6;top;свадьба недорого
вино на свадьбу какое купить недорогое;6;top;свадьба недорого
какое вино купить на свадьбу гостям недорого;6;top;свадьба недорого
где можно сыграть свадьбу недорого;6;top;свадьба недорого
тамада на свадьбу недорого цена;6;top;свадьба недорого
что подарить жене на серебряную свадьбу недорого;6;top;свадьба недорого
банкеты под свадьбу под ключ;6;top;свадьба под ключ
свадьба под ключ тверь;6;top;свадьба под ключ
декор свадьбы под ключ;6;top;свадьба под ключ
что значит свадьба под ключ;6;top;свадьба под ключ
банкетный зал под ключ свадьба;6;top;свадьба под ключ
съемка свадьбы стоимость;6;top;стоимость свадьбы
стоимость декоратора на свадьбу;6;top;стоимость свадьбы
услуги декоратора на свадьбу стоимость;6;top;стоимость свадьбы
свадьба в суздале стоимость;6;top;стоимость свадьбы
свадьба стоимость кафе;6;top;стоимость свадьбы
свадьба на 70 человек стоимость;6;top;стоимость свадьбы
свадьба клавы коки и димы масленникова стоимость;6;top;стоимость свадьбы
свадьба в абрау дюрсо стоимость;6;top;стоимость свадьбы
свадьба в артиленд балашиха стоимость;6;top;стоимость свадьбы
стоимость видеографа на свадьбу;6;top;стоимость свадьбы | видеограф на свадьбу
свадьба гуцериева стоимость;6;top;стоимость свадьбы
сколько стоила самая дорогая свадьба в мире;6;top;сколько стоит свадьба
сколько стоит выступление the hatters на свадьбе;6;top;сколько стоит свадьба
сколько стоит свет на свадьбу;6;top;сколько стоит свадьба
сколько стоит позвать акмаля на свадьбу;6;top;сколько стоит свадьба
сколько стоит свадьба на 200 человек;6;top;сколько стоит свадьба
сколько стоит свадьба в туле;6;top;сколько стоит свадьба
сколько стоила свадьба в воронеже 2004 году;6;top;сколько стоит свадьба
сколько стоит костюм на свадьбу;6;top;сколько стоит свадьба
сколько стоила свадьба моргенштерна;6;top;сколько стоит свадьба
сколько стоит выступление агутина на свадьбе;6;top;сколько стоит свадьба
сколько стоит банкетный зал на свадьбу;6;top;сколько стоит свадьба
сколько стоит заказать ваню дмитриенко на свадьбу;6;top;сколько стоит свадьба
сколько стоит роскошная свадьба;6;top;сколько стоит свадьба
сколько стоит сделать свадьбу в 2026;6;top;сколько стоит свадьба
сколько стоит кортеж на свадьбу;6;top;сколько стоит свадьба
сосо павлиашвили сколько стоит заказать на свадьбу;6;top;сколько стоит свадьба
сколько стоит нагиев ведущим на свадьбу;6;top;сколько стоит свадьба | ведущий на свадьбу
сколько стоит аренда лимузина на свадьбу;6;top;сколько стоит свадьба
сколько стоит выступление акмаля на свадьбе;6;top;сколько стоит свадьба
сколько стоит чумаков на свадьбу;6;top;сколько стоит свадьба
сколько стоит бурунов на свадьбу;6;top;сколько стоит свадьба
сколько стоит пиротехника на свадьбу;6;top;сколько стоит свадьба
сколько стоит выступление киркорова на свадьбе;6;top;сколько стоит свадьба
сколько стоит снять кафе на свадьбу;6;top;сколько стоит свадьба
сколько стоит свадьба на озере комо;6;top;сколько стоит свадьба
макка межиева сколько стоит выступление на свадьбе;6;top;сколько стоит свадьба
сколько стоит пригласить лепса на свадьбу;6;top;сколько стоит свадьба
сколько стоит пригласить мияги на свадьбу;6;top;сколько стоит свадьба
сколько стоит аренда кафе на свадьбу;6;top;сколько стоит свадьба
сколько стоит ведущий сатир на свадьбу;6;top;сколько стоит свадьба | ведущий на свадьбу
сколько стоит дзыбов на свадьбу;6;top;сколько стоит свадьба
сколько стоит сделать приглашение на свадьбу;6;top;сколько стоит свадьба
сколько стоит позвать егора крида на свадьбу;6;top;сколько стоит свадьба
торжественная свадьба в загсе сколько стоит;6;top;сколько стоит свадьба
сколько стоит свадьба на 15 человек;6;top;сколько стоит свадьба
сколько стоит свадьба на 300 человек;6;top;сколько стоит свадьба
ведущий на свадьбу электросталь;6;top;ведущий на свадьбу
ведущий на свадьбу солнечногорск;6;top;ведущий на свадьбу
как представить гостей на свадьбе для ведущего;6;top;ведущий на свадьбу
как стать ведущим на свадьбах;6;top;ведущий на свадьбу
ведущий четыре свадьбы на пятнице кто озвучивает;6;top;ведущий на свадьбу
ведущий на свадьбу на 15 человек;6;top;ведущий на свадьбу
ведущий на свадьбу денис;6;top;ведущий на свадьбу
ведущий на свадьбу денисов;6;top;ведущий на свадьбу
ведущий на свадьбе авито рязань;6;top;ведущий на свадьбу
диджей на свадьбе что делает без ведущего;6;top;ведущий на свадьбу | диджей на свадьбу
ведущий на свадьбу во владимире;6;top;ведущий на свадьбу
горько ведущий на свадьбу;6;top;ведущий на свадьбу
ведущий на свадьбу саранск;6;top;ведущий на свадьбу
фотограф на свадьбу турандот;6;top;фотограф на свадьбу
найти фотографа на свадьбу цена екатеринбург;6;top;фотограф на свадьбу
фотограф на свадьбу нанять;6;top;фотограф на свадьбу
девушка фотограф на свадьбе;6;top;фотограф на свадьбу
как выбрать фотографа на свадьбу;6;top;фотограф на свадьбу
петербург фотографы на свадьбу;6;top;фотограф на свадьбу
фотограф на свадьбу санкт;6;top;фотограф на свадьбу
фотограф на свадьбу санкт петербург;6;top;фотограф на свадьбу
нужен ли видеограф на свадьбу;6;top;видеограф на свадьбу
свадебные идеи декора;6;top;свадебный декор
варианты свадебного декора;6;top;свадебный декор
пинтерест свадебный декор;6;top;свадебный декор
что такое модульные системы в свадебном декоре;6;top;свадебный декор
свадебный декор кострома;6;top;свадебный декор
свадебный декор воронеж;6;top;свадебный декор
свадебный декор минимализм;6;top;свадебный декор
декор свадебных бокалов;6;top;свадебный декор
оформление денег на свадьбу;6;top;оформление свадьбы
оформление свадьбы своими руками идеи;6;top;оформление свадьбы
оформление торта на год свадьбы;6;top;оформление свадьбы
оформление свадеб саранск;6;top;оформление свадьбы
оформление приглашения на свадьбу;6;top;оформление свадьбы
оформление выездной регистрации на свадьбу;6;top;оформление свадьбы | выездная регистрация
оформление свадьбы 90;6;top;оформление свадьбы
оригинальные оформление свадьбы;6;top;оформление свадьбы
оформление бутылки вина в подарок на свадьбу;6;top;оформление свадьбы
оформление свадьбы образец;6;top;оформление свадьбы
оформление арки на свадьбу своими руками;6;top;оформление свадьбы
оформление столов на свадьбу для гостей;6;top;оформление свадьбы
свадьба в бордовом цвете оформление;6;top;оформление свадьбы
свадебный организатор профессия;6;top;свадебный организатор
сколько зарабатывает свадебный организатор;6;top;свадебный организатор
организатор свадебных мероприятий;6;top;свадебный организатор
компанич ezwed свадебное агентство отзывы;6;top;свадебное агентство
свадебное агентство еееvent;6;top;свадебное агентство
ксения миронова свадебное агентство;6;top;свадебное агентство
свадебное агентство моя невеста;6;top;свадебное агентство
kate leo свадебное агентство;6;top;свадебное агентство
агентство мероприятия свадебные;6;top;свадебное агентство
кавер группа на свадьбу где есть мужчина;6;top;кавер группа на свадьбу
диджей на свадьбу цена москва;6;top;диджей на свадьбу
итальянский свадебный торт с ягодами рецепт;6;top;свадебный торт
двухъярусный свадебный торт цена;6;top;свадебный торт
свадебные фигурки на торт бабушка и дедушка;6;top;свадебный торт
свадебный торт купить цены двухъярусный;6;top;свадебный торт
тумба для свадебного торта;6;top;свадебный торт
свадебный торт готовый купить в москве;6;top;свадебный торт
свадебный торт с ягодами одноярусный широкий;6;top;свадебный торт
свадебный торт с лебедями одноярусный;6;top;свадебный торт
как продать свадебный торт;6;top;свадебный торт
сон свадебный торт;6;top;свадебный торт
вынос свадебного торта красивые песни;6;top;свадебный торт
свадебный торт кострома;6;top;свадебный торт
какие бывают свадебные торты;6;top;свадебный торт
свадебный торт в стиле американского пирога;6;top;свадебный торт
как оформить свадебный торт;6;top;свадебный торт
прямоугольный свадебный торт с бумагой;6;top;свадебный торт
свадебные торты белого цвета;6;top;свадебный торт
крем чиз для свадебного торта рецепт;6;top;свадебный торт
печем торты свадебные;6;top;свадебный торт
свадебные торты орел;6;top;свадебный торт
свадебный торт бело черный;6;top;свадебный торт
смотреть свадебные торты;6;top;свадебный торт
свадебный торт уфа;6;top;свадебный торт
торт прямоугольник свадебный;6;top;свадебный торт
свадебный торт велюр;6;top;свадебный торт
дизайн свадебного торта 2026;6;top;свадебный торт
самые популярные свадебные торты;6;top;свадебный торт
торты мира свадебные;6;top;свадебный торт
сборка прямоугольного свадебного торта;6;top;свадебный торт
торт свадебный прямоугольной формы;6;top;свадебный торт
торт с каллами свадебный;6;top;свадебный торт
свадебный торт с клубникой;6;top;свадебный торт
не велл свадебный торт;6;top;свадебный торт
нож и лопатка для свадебного торта именнык;6;top;свадебный торт
свадебный торт белый красный;6;top;свадебный торт
магазины свадебных тортов;6;top;свадебный торт
свадебный торт разрезают;6;top;свадебный торт
свадебный торт 2026 тренды одноярусный;6;top;свадебный торт
свадебные торты с золотом;6;top;свадебный торт
средняя цена свадебного торта;6;top;свадебный торт
вес свадебного торта на 30 человек;6;top;свадебный торт
свадебный торт 2027;6;top;свадебный торт
свадебный торт на 20 человек сколько кг;6;top;свадебный торт
свадебный торт саратов;6;top;свадебный торт
свадебные торты минимализм одноярусный;6;top;свадебный торт
как собрать поэтапно двухъярусный свадебный торт видео;6;top;свадебный торт
свадебный стилист москва с выездом на дом;6;top;свадебный стилист
стилист визажист на свадьбу железнодорожный;6;top;визажист на свадьбу
парикмахер визажист на свадьбу на дом;6;top;визажист на свадьбу
места для выездной регистрации мос обл;6;top;выездная регистрация
выездная регистрация брака подольск;6;top;выездная регистрация
как проходит выездная регистрация брака официально;6;top;выездная регистрация
выездная регистрация иваново;6;top;выездная регистрация
парк коломенское выездная регистрация;6;top;выездная регистрация
выездная регистрация ростов;6;top;выездная регистрация
выездная регистрация ростов на дону;6;top;выездная регистрация
тверская площадь выездная регистрация адрес;6;top;выездная регистрация
что значит выездная регистрация брака;6;top;выездная регистрация
выездная регистрация брака в сочи;6;top;выездная регистрация
как понять выездная регистрация;6;top;выездная регистрация
выездная регистрация калуга;6;top;выездная регистрация
тайминг свадебного дня с загсом;6;top;тайминг свадебного дня
как вести свадьбу тамада сценарий;6;top;сценарий свадьбы
сценарий бабы яги на свадьбу;6;top;сценарий свадьбы
сценарий годовщины свадьбы 20;6;top;сценарий свадьбы
сценарий годовщины свадьбы 20 лет;6;top;сценарий свадьбы
проведение золотой свадьбы сценарий в домашних;6;top;сценарий свадьбы
проведение золотой свадьбы сценарий в домашних условиях;6;top;сценарий свадьбы
сценарий поздравления с днем свадьбы;6;top;сценарий свадьбы
выкуп на свадьбу прикольный сценарий с конкурсами;6;top;сценарий свадьбы
сценарии юбилеев свадеб для тамады;6;top;сценарий свадьбы
годовщина свадьбы сценарий в домашних условиях;6;top;сценарий свадьбы
свадьба в деревенском стиле сценарий;6;top;сценарий свадьбы | стили свадьбы
сценарий для свадьбы с треками;6;top;сценарий свадьбы
начало свадьбы сценарий для тамады;6;top;сценарий свадьбы
сценарий ч днем свадьбы;6;top;сценарий свадьбы
свадьба дома сценарий готовый;6;top;сценарий свадьбы
сценарий поздравления на свадьбу молодоженам;6;top;сценарий свадьбы
оригинальный сценарий поздравления на свадьбу;6;top;сценарий свадьбы
сценарий на 5 лет свадьбы;6;top;сценарий свадьбы
сценарий свадьбы 5;6;top;сценарий свадьбы
свадьба сценарий новое;6;top;сценарий свадьбы
сценарий поздравления со свадьбой;6;top;сценарий свадьбы
сценарий проведения второго дня свадьбы;6;top;сценарий свадьбы
сценарий который разнесет свадьбу;6;top;сценарий свадьбы
написать сценарий свадьбы;6;top;сценарий свадьбы
праздник золотая свадьба сценарий;6;top;сценарий свадьбы
семейный очаг на свадьбе сценарий со словами;6;top;сценарий свадьбы
сценарий серебряной свадьбы без тамады;6;top;сценарий свадьбы
сценарий золотой свадьбы в кафе;6;top;сценарий свадьбы
сценарий золотой свадьбы для родителей в кафе;6;top;сценарий свадьбы
свадьба 30 лет сценарий конкурсы;6;top;сценарий свадьбы
сценарий 2 дня свадьбы новенькое;6;top;сценарий свадьбы
сценарий на юбилей свадьбы 30 лет;6;top;сценарий свадьбы
сценарии для небольшой свадьбы без тамады;6;top;сценарий свадьбы
сценарии свадьбы без тамады для небольшой компании;6;top;сценарий свадьбы
сценарий конкурсов для гостей на свадьбу;6;top;сценарий свадьбы
у ирины свадьба в сентябре;6;top;свадьба в сентябре
лунный календарь для свадеб в сентябре 2026;6;top;свадьба в сентябре
свадьба в сентябре что значит;6;top;свадьба в сентябре
лучшие месяца для свадьбы в 2026;6;top;лучший месяц для свадьбы
идеи для открытки на свадьбу;6;top;идеи для свадьбы
идеи для подарка родителям на годовщину свадьбы;6;top;идеи для свадьбы
идеи для подарка на годовщину свадьбы жене;6;top;идеи для свадьбы
идеи для бумажной свадьбы;6;top;идеи для свадьбы
4 свадьбы свадьба в стиле киносъемки;6;top;стили свадьбы
свадьба в пожарном стиле;6;top;стили свадьбы
свадьба в стиле 18;6;top;стили свадьбы
аля бридж 4 свадьбы в стиле;6;top;стили свадьбы
аля бридж 4 свадьбы в стиле дошик;6;top;стили свадьбы
свадьба в стиле античности;6;top;стили свадьбы
четыре свадьбы в таджикском стиле;6;top;стили свадьбы
итальянская свадьба стиль 90;6;top;стили свадьбы
свадьба в бело черном стиле гости;6;top;стили свадьбы
поздравления молодоженам в стиле деревенской свадьбы;6;top;стили свадьбы
прикол на свадьбу в стиле 90;6;top;стили свадьбы
4 свадьбы в кукольном стиле;6;top;стили свадьбы
свадьба в стиле средневековья;6;top;стили свадьбы
годовщина свадьбы в стиле 90;6;top;стили свадьбы
годовщина свадьбы в стиле 90 х;6;top;стили свадьбы
свадьба в стиле адидас;6;top;стили свадьбы
свадьба в стиле гэтсби фото;6;top;стили свадьбы
свадьба в корейском стиле;6;top;стили свадьбы
2 день свадьбы в стиле;6;top;стили свадьбы
свадьба в стиле король и шут;6;top;стили свадьбы
свадьба в стиле джаз;6;top;стили свадьбы
свадьба в стиле зож;6;top;стили свадьбы
четыре свадьбы в рыбном стиле;6;top;стили свадьбы
наряд на свадьбу в стиле бохо;6;top;стили свадьбы | свадьба в стиле бохо
одежда в стиле 90 на свадьбу;6;top;стили свадьбы
как одеться на свадьбу в русском стиле;6;top;стили свадьбы
поздравление со свадьбой в стиле 90;6;top;стили свадьбы
свадьба в деревенском стиле фото;6;top;стили свадьбы
свадьба в зимнем стиле;6;top;стили свадьбы
поздравление на свадьбу в стиле 90х;6;top;стили свадьбы
свадьба в стиле маскарад;6;top;стили свадьбы
свадьба в скандинавском стиле;6;top;стили свадьбы
свадьба в стиле 80 90;6;top;стили свадьбы
4 свадьбы в стиле рок;6;top;стили свадьбы
второй день свадьбы в русском стиле;6;top;стили свадьбы
4 свадьбы свадьба в стиле минимализм;6;top;стили свадьбы
юбилей свадьбы в русском стиле;6;top;стили свадьбы
план рассадки гостей на свадьбе фото;6;top;рассадка гостей на свадьбе
свадебные площадки ярославль на зиму;5;top;свадебная площадка
свадебные площадки калининград;5;top;свадебная площадка
свадебные площадки пермь;5;top;свадебная площадка
хорошие свадебные площадки у орехово зуево;5;top;свадебная площадка
свадебная площадка москва в митино;5;top;свадебная площадка | свадебные площадки москва
светлица свадебная площадка отзывы;5;top;свадебная площадка
площадки для свадьбы иваново;5;top;площадка для свадьбы
площадки для свадьбы кострома;5;top;площадка для свадьбы
площадки для свадьбы рязань;5;top;площадка для свадьбы
площадки для свадьбы тольятти;5;top;площадка для свадьбы
площадки для свадьбы пермь;5;top;площадка для свадьбы
площадки для свадьбы в подмосковье с проживанием;5;top;площадка для свадьбы | площадка для свадьбы с проживанием | площадка для свадьбы подмосковье | свадьба в подмосковье
площадки для свадьбы орел;5;top;площадка для свадьбы
площадки для свадьбы тюмень;5;top;площадка для свадьбы
комплект шариков для свадьбы на торговых площадках;5;top;площадка для свадьбы
площадка для свадьбы в русском стиле;5;top;площадка для свадьбы | стили свадьбы
место для свадьбы красноярск;5;top;место для свадьбы
место для свадьбы в лесу;5;top;место для свадьбы | свадьба в лесу
места для свадеб пенза;5;top;место для свадьбы
речь для продажи места на свадьбе;5;top;место для свадьбы
бюджетные места для свадьбы;5;top;место для свадьбы
интересные места для свадьбы;5;top;место для свадьбы
красивое место для свадьбы фото;5;top;место для свадьбы
где отметить серебряную свадьбу в москве;5;top;где отметить свадьбу
где отметить свадьбу в нижнем новгороде;5;top;где отметить свадьбу
свадьба в балашихе где отметить;5;top;где отметить свадьбу
где можно отметить день свадьбы;5;top;где отметить свадьбу
где отметить свадьбу в калуге;5;top;где отметить свадьбу
где лучше отметить годовщину свадьбы;5;top;где отметить свадьбу
где можно отметить свадьбу в волгограде;5;top;где отметить свадьбу
красивые банкетные залы для свадьбы;5;top;банкетный зал для свадьбы
красивый банкетный зал для свадьбы;5;top;банкетный зал для свадьбы
банкетный зал для свадьбы сершиев посад;5;top;банкетный зал для свадьбы
банкетные залы в твери для свадьбы;5;top;банкетный зал для свадьбы
банкетные залы для свадьбы челябинск;5;top;банкетный зал для свадьбы
банкетный зал для свадьбы челябинск;5;top;банкетный зал для свадьбы
рестораны для свадьбы 2026;5;top;ресторан для свадьбы
ресторан для свадьбы на природе москва;5;top;ресторан для свадьбы | свадьба на природе
ресторан для свадьбы сочи;5;top;ресторан для свадьбы
ресторан для свадьбы краснодар;5;top;ресторан для свадьбы
самый дорогой ресторан для свадьбы;5;top;ресторан для свадьбы
кафе ресторан для проведения свадьбы;5;top;ресторан для свадьбы
рестораны для свадьбы около парка патриот;5;top;ресторан для свадьбы
рестораны для свадьбы самара;5;top;ресторан для свадьбы
ресторан для свадьбы смоленск;5;top;ресторан для свадьбы
рестораны кафе для свадьбы видное;5;top;ресторан для свадьбы
ресторан дар точикистон для свадьбы;5;top;ресторан для свадьбы
ресторан с площадью на территории для свадьбы;5;top;ресторан для свадьбы
ресторан в парке для свадьбы;5;top;ресторан для свадьбы
ресторан с гостиницей для свадьбы;5;top;ресторан для свадьбы
рестораны тбилиси для свадьбы;5;top;ресторан для свадьбы
рестораны в черноголовке для проведения свадеб;5;top;ресторан для свадьбы
где в москве недорого провести свадебный банкет;5;top;свадебный банкет
свадебный банкет в химках;5;top;свадебный банкет
симс 4 свадебный банкет;5;top;свадебный банкет
провести свадьбу в питере;5;top;провести свадьбу
сколько стоит провести свадьбу в 2026;5;top;провести свадьбу | сколько стоит свадьба
какие конкурсы можно провести на свадьбе;5;top;провести свадьбу
как провести 2 день свадьбы;5;top;провести свадьбу
провести свадьбу цена;5;top;провести свадьбу
сколько дней проводят свадьбы;5;top;провести свадьбу
где проводят бюджетную свадьбу;5;top;провести свадьбу
как провести маленькую свадьбу;5;top;провести свадьбу | маленькая свадьба
как провести девишник перед свадьбой;5;top;провести свадьбу
ургант провел свадьбу;5;top;провести свадьбу
романтично провести годовщину свадьбы в шатуре;5;top;провести свадьбу
как провести годовщину свадьбы с ребенком;5;top;провести свадьбу
кафе где проводят свадьбы;5;top;провести свадьбу
как проводят свадьбы в россии;5;top;провести свадьбу
горетово проводят свадьбу снимают;5;top;провести свадьбу
как провести свадьбу без ведущего самим;5;top;провести свадьбу
лиски воронежская диджей алекс проводит свадьбы;5;top;провести свадьбу
проводят свадьбу по молодежному в москве;5;top;провести свадьбу
как провести свадьбу без банкета;5;top;провести свадьбу | свадьба без банкета
провести свадьбу тула;5;top;провести свадьбу
провести свадьбу на 40 человек;5;top;провести свадьбу
провести свадьбу молодым;5;top;провести свадьбу
патент организация свадеб;5;top;организация свадьбы
компанию по организации свадьбы;5;top;организация свадьбы
организация свадеб нижний новгород;5;top;организация свадьбы
организация свадьбы нижний;5;top;организация свадьбы
пошаговая организация свадьбы;5;top;организация свадьбы
план организации свадьбы по пунктам;5;top;организация свадьбы
организация свадьбы своими руками;5;top;организация свадьбы
организация свадьбы под ключ цена;5;top;организация свадьбы | свадьба под ключ | свадьба под ключ цена
услуги организации свадеб цена;5;top;организация свадьбы
организация свадьбы в махачкале недорого;5;top;организация свадьбы | свадьба недорого
организация свадьбы в русском стиле;5;top;организация свадьбы | стили свадьбы
ирина корнева организация свадьбы;5;top;организация свадьбы
организация свадьбы ульяновск;5;top;организация свадьбы
французская комедия про организацию свадьбы;5;top;организация свадьбы
лофт для свадьбы спб;5;top;лофт для свадьбы
снять шатер для свадьбы цены;5;top;шатер для свадьбы
банкетный шатер для свадьбы;5;top;шатер для свадьбы
шатры для свадьбы в волоколамском районе;5;top;шатер для свадьбы | свадьба в шатре
снять веранду для свадьбы;5;top;веранда для свадьбы
веранды для свадьбы москва и московская область;5;top;веранда для свадьбы
отметить свадьбу на теплоходе;5;top;свадьба на теплоходе
свадьба на теплоходе vs казахская свадьба;5;top;свадьба на теплоходе
свадьба на теплоходе казахская свадьба;5;top;свадьба на теплоходе
порционные салаты на праздничный стол в креманках;5;assoc;банкетный зал с панорамными окнами
свадьба в лесу видео;5;top;свадьба в лесу
купольные беседки для свадьбы млсква на крыше;5;top;свадьба на крыше
свадьба на природе у воды;5;top;свадьба на природе
выездная свадьба на природе стоимость;5;top;свадьба на природе | стоимость свадьбы
коломна свадьба на природе;5;top;свадьба на природе
свадьба с выездной регистрацией на природе;5;top;свадьба на природе | выездная регистрация
свадьба на природе в минводах;5;top;свадьба на природе
стол на свадьбу на природе;5;top;свадьба на природе
свадьба на природе меню;5;top;свадьба на природе
бюджет свадьбы на 20 человек;5;top;свадьба на 20 человек | бюджет свадьбы
сколько обходится свадьба на 20 человек;5;top;свадьба на 20 человек
банкет на свадьбу 30 человек;5;top;свадьба на 30 человек
сценарий свадьбы на 30 человек;5;top;свадьба на 30 человек | сценарий свадьбы
свадьба на 50 человек спб;5;top;свадьба на 50 человек
сколько примерно стоит свадьба на 50 человек;5;top;свадьба на 50 человек | сколько стоит свадьба
камерная свадьба видное;5;top;камерная свадьба
камерная свадьба за городом;5;top;камерная свадьба | свадьба за городом
программа камерной свадьбы;5;top;камерная свадьба
сценарий камерной свадьбы без ведущего;5;top;камерная свадьба | сценарий свадьбы
камерная свадьба ростов;5;top;камерная свадьба
варианты камерной свадьбы;5;top;камерная свадьба
какой букет подарить подруге на свадьбу маленький;5;top;маленькая свадьба
свадьба в слепую герой с маленьким ребенком;5;top;маленькая свадьба
оркестр маленьких жучков серебряная свадьба где послушать;5;top;маленькая свадьба
украшение стола на свадьбу маленькими бабочками;5;top;маленькая свадьба
свадьба в подмосковье красивые места недорого;5;top;свадьба в подмосковье | свадьба недорого
свадьбы зимой в подмосковье места;5;top;свадьба в подмосковье
загородные локации для свадьбы;5;top;загородная свадьба
загородные отели в ногинске для проведения свадеб;5;top;загородная свадьба
александр и анастасия свадьба фото истра;5;top;свадьба истра
заказать каравай на свадьбу с доставкой истра;5;top;свадьба истра
подарки на конкурсы на свадьбу недорогие;5;top;свадьба недорого
недорогой символический подарок на свадьбу;5;top;свадьба недорого
символический подарок на свадьбу молодоженам недорого;5;top;свадьба недорого
аренда чехлов на стулья для свадьбы недорого;5;top;свадьба недорого
что подарить на жемчужную свадьбу недорого;5;top;свадьба недорого
как сделать свадьбу недорого но красиво;5;top;свадьба недорого
конверты для денег на свадьбу купить недорого;5;top;свадьба недорого
купить недорогое платье на свадьбу дочери;5;top;свадьба недорого
недорогой подарок на перламутровую свадьбу;5;top;свадьба недорого
подарок на годовщину свадьбы родителям недорого;5;top;свадьба недорого
свадьба под ключ екатеринбург;5;top;свадьба под ключ
свадьба под ключ в усадьбе;5;top;свадьба под ключ
йошкар ола свадьба под ключ;5;top;свадьба под ключ
свадьба под ключ брянск;5;top;свадьба под ключ
свадьба в питере под ключ;5;top;свадьба под ключ
свадьба под ключ королев;5;top;свадьба под ключ
свадьба под ключ белгород;5;top;свадьба под ключ
свадьба под ключ петербург;5;top;свадьба под ключ
свадьба под ключ санкт петербург;5;top;свадьба под ключ
рассчитать стоимость свадьбы онлайн;5;top;стоимость свадьбы
средняя стоимость подарка на свадьбу;5;top;стоимость свадьбы
рилсмейкер на свадьбу стоимость;5;top;стоимость свадьбы
стоимость алкоголя на свадьбу;5;top;стоимость свадьбы
выстрел красками на церемонии свадьбы стоимость;5;top;стоимость свадьбы
средняя стоимость фотографа на свадьбу;5;top;стоимость свадьбы | фотограф на свадьбу
завидное стоимость свадьбы;5;top;стоимость свадьбы
расчет стоимости свадьбы;5;top;стоимость свадьбы
торт прямоугольный на свадьбу 5 кг стоимость;5;top;стоимость свадьбы
balzi rossi стоимость свадьбы;5;top;стоимость свадьбы
пригласительные на свадьбу стоимость;5;top;стоимость свадьбы
свадьба воронеж стоимость;5;top;стоимость свадьбы
сколько стоит пошлина на свадьбу;5;top;сколько стоит свадьба
петербург сколько стоит свадьба;5;top;сколько стоит свадьба
сколько стоит свадьба в санкт петербурге;5;top;сколько стоит свадьба
альфина азгамова сколько стоит пригласить на свадьбу;5;top;сколько стоит свадьба
сколько стоит асти на свадьбу;5;top;сколько стоит свадьба
сколько стоит свадьба зубарева;5;top;сколько стоит свадьба
сколько стоит пригласить басту на свадьбу;5;top;сколько стоит свадьба
свадьба 2026 сколько в среднем стоит;5;top;сколько стоит свадьба
сколько сейчас стоит меню для свадьбы рязань;5;top;сколько стоит свадьба
сколько стоит свадьба в америке;5;top;сколько стоит свадьба
сколько стоит свадьба в беларуси;5;top;сколько стоит свадьба
сколько стоит позвать билана на свадьбу;5;top;сколько стоит свадьба
сколько стоит пригласить певца на свадьбу;5;top;сколько стоит свадьба
filly лошадки свадьба сколько стоит вся коллекция;5;top;сколько стоит свадьба
сколько будет стоить заказать фаершоу на свадьбу;5;top;сколько стоит свадьба
сколько стоит живая музыка на свадьбу;5;top;сколько стоит свадьба
сколько стоит макияж на свадьбу;5;top;сколько стоит свадьба
сколько стоит монтаж свадьбы;5;top;сколько стоит свадьба
сколько стоит аренда зала на свадьбу;5;top;сколько стоит свадьба
сколько стоит организовать свадьбу в москве;5;top;сколько стоит свадьба
сколько стоит свадьба в рязани;5;top;сколько стоит свадьба
сколько должна стоить свадьба;5;top;сколько стоит свадьба
заказать ведущего на свадьбу дмитров;5;top;ведущий на свадьбу
александр касаткин ведущий на свадьбу;5;top;ведущий на свадьбу
каравай на свадьбе слова ведущего;5;top;ведущий на свадьбу
слова благодарности ведущему на свадьбе;5;top;ведущий на свадьбу
выбор ведущего на свадьбу;5;top;ведущий на свадьбу
топ ведущих на свадьбу москва;5;top;ведущий на свадьбу
ведущий на свадьбу красногорск;5;top;ведущий на свадьбу
ведущий на свадьбу липецк;5;top;ведущий на свадьбу
ведущий на свадьбу кострома;5;top;ведущий на свадьбу
ведущие на свадьбу серпухов;5;top;ведущий на свадьбу
ведущий на свадьбу мытищи;5;top;ведущий на свадьбу
сколько зарабатывает ведущий на свадьбе;5;top;ведущий на свадьбу
ведущий тамада на свадьбу город чебоксары;5;top;ведущий на свадьбу
ведущий на второй день свадьбы;5;top;ведущий на свадьбу
где найти ведущего на свадьбу;5;top;ведущий на свадьбу
что обсудить с ведущим на свадьбу;5;top;ведущий на свадьбу
ведущий на свадьбу дмитрий усков пенза;5;top;ведущий на свадьбу
фотограф на свадьбе трахнулась с гостем;5;top;фотограф на свадьбу
фотограф на свадьбу электросталь;5;top;фотограф на свадьбу
заказать видеографа на свадьбу;5;top;видеограф на свадьбу
декор свадебных букетов;5;top;свадебный декор
декор свадебной бутылки шампанского;5;top;свадебный декор
саранск свадебный декор;5;top;свадебный декор
свадебная атрибутика для декора картинка;5;top;свадебный декор
декор на свадебные столы фото;5;top;свадебный декор
свадебный декор заказать;5;top;свадебный декор
свадебный декор для президиум молодоженам;5;top;свадебный декор
оформление поздравления на свадьбу;5;top;оформление свадьбы
оформление пригласительных на свадьбу бесплатно онлайн;5;top;оформление свадьбы
оформление пригласительных на свадьбу онлайн;5;top;оформление свадьбы
оформление стола жениха и невесты на свадьбу;5;top;оформление свадьбы
оформление стола на свадьбу жениха;5;top;оформление свадьбы
оформление свадьбы своими руками фото;5;top;оформление свадьбы
шарики на свадьбу оформление;5;top;оформление свадьбы
рассадка гостей на свадьбе оформление шаблоны пустые;5;top;оформление свадьбы | рассадка гостей на свадьбе
стол молодых на свадьбе оформление;5;top;оформление свадьбы
оформление свадьбы изумрудная;5;top;оформление свадьбы
капкейки на свадьбу оформление;5;top;оформление свадьбы
оформление фотозоны на свадьбу своими руками;5;top;оформление свадьбы
свадебное оформление свадеб;5;top;оформление свадьбы
оформление ресторана на свадьбу;5;top;оформление свадьбы
оформление банкетного зала на свадьбу своими руками;5;top;оформление свадьбы
оформление веранд на праздник свадьба;5;top;оформление свадьбы
красивое оформление комнаты и двор для свадьбы;5;top;оформление свадьбы
оформление круглого стола на свадьбу;5;top;оформление свадьбы
цвета свадьбы оформление зала;5;top;оформление свадьбы
свадебный организатор услуга;5;top;свадебный организатор
свадебный организатор стоимость;5;top;свадебный организатор
свадебный организатор ип мария елкина;5;top;свадебный организатор
свадебное агентство цены;5;top;свадебное агентство
soulmates свадебное агентство;5;top;свадебное агентство
familink свадебное агентство отзывы;5;top;свадебное агентство
свадебное агентство коломна;5;top;свадебное агентство
свадебное агентство казань;5;top;свадебное агентство
диджей музыки на свадьбу;5;top;диджей на свадьбу
простой дизайн свадебного торта;5;top;свадебный торт
свадебный торт 7 кг цена;5;top;свадебный торт
расчет свадебного торта на человека;5;top;свадебный торт
свадебный торт в осенних тонах;5;top;свадебный торт
нужны ли свечи на свадебный торт;5;top;свадебный торт
свадебный торт на 50 человек сколько кг;5;top;свадебный торт
живые цветы для свадебного торта купить;5;top;свадебный торт
купить цветы для свадебного торта;5;top;свадебный торт
свадебный торт с котиками;5;top;свадебный торт
свадебный торт форме колец рецепт;5;top;свадебный торт
свадебный торт в санкт петербурге заказать;5;top;свадебный торт
литовский свадебный торт как называется;5;top;свадебный торт
свадебный торт какой крем;5;top;свадебный торт
ганаш для свадебного торта;5;top;свадебный торт
свадебный торт двухъярусный рецепт;5;top;свадебный торт
торт свадебный буквы аа;5;top;свадебный торт
свадебные двухъярусные торты без мастики;5;top;свадебный торт
свадебный торт двухъярусный без;5;top;свадебный торт
свадебный торт двухъярусный мастикой;5;top;свадебный торт
свадебный торт из капкейков;5;top;свадебный торт
свадебный торт белый с цветами;5;top;свадебный торт
свадебный торт украшенный ягодами;5;top;свадебный торт
свадебный торт двухъярусный в домашних условиях;5;top;свадебный торт
свадебный торт саранск;5;top;свадебный торт
иваново торт свадебный цена;5;top;свадебный торт
как красиво оформить свадебный торт дома;5;top;свадебный торт
купить свадебный торт в орле готовый;5;top;свадебный торт
подставка для свадебного торта многоярусная;5;top;свадебный торт
пробник свадебных тортов москва цена;5;top;свадебный торт
свадебные маленькие торты украшения;5;top;свадебный торт
свадебный торт иваново;5;top;свадебный торт
свадебный торт с капкейками для гостей;5;top;свадебный торт
свадебный торт цвет тиффани;5;top;свадебный торт
торт свадебный 7 килограмм;5;top;свадебный торт
торт свадебный до 10000 москва;5;top;свадебный торт
жених психанул сбросил свадебный торт;5;top;свадебный торт
торт свадебный 2кг;5;top;свадебный торт
украшение прямоугольного свадебного торта;5;top;свадебный торт
низкий широкий свадебный торт;5;top;свадебный торт
украшение для торта свадебный белый розы;5;top;свадебный торт
свадебный торт 2026 фото двухъярусный;5;top;свадебный торт
заказать свадебный торт в подольске;5;top;свадебный торт
свадебный торт платье невесты;5;top;свадебный торт
торт свадебный одноярусный с платьем невесты;5;top;свадебный торт
праздничный свадебный торт;5;top;свадебный торт
под какую музыку выносят свадебный торт;5;top;свадебный торт
сколько свечей на свадебный торт;5;top;свадебный торт
свадебные торты с красными цветами;5;top;свадебный торт
свадебные торты от палыча фото;5;top;свадебный торт
свадебный торт бирюзовый;5;top;свадебный торт
свадебный торт на 7 кг;5;top;свадебный торт
квадратный свадебный торт в один ярус;5;top;свадебный торт
где купить свадебный торт в симс 3;5;top;свадебный торт
средний вес свадебного торта;5;top;свадебный торт
самые вкусные начинки для свадебного торта;5;top;свадебный торт
свадебные торты знаменитостей;5;top;свадебный торт
свадебный торт одноярусный круглый;5;top;свадебный торт
свадебный торт в разрезе;5;top;свадебный торт
как испечь свадебный торт;5;top;свадебный торт
как испечь свадебный торт в симс 4;5;top;свадебный торт
свадебный торт трехэтажный;5;top;свадебный торт
авито свадебный стилист;5;top;свадебный стилист
стилист свадебных платьев;5;top;свадебный стилист
курсы свадебного стилиста за 5 000 рублей;5;top;свадебный стилист
визажист на свадьбу в подольске на дом;5;top;визажист на свадьбу
текст для выездной регистрации брака;5;top;выездная регистрация
пример выездной регистрации;5;top;выездная регистрация
выездную регистрацию брака с работником загса;5;top;выездная регистрация
выездная регистрация места проведения;5;top;выездная регистрация
выездная регистрация после загса;5;top;выездная регистрация
выездная регистрация на берегу моря;5;top;выездная регистрация
арка для выездной регистрации фото;5;top;выездная регистрация
выездная регистрация краснодар;5;top;выездная регистрация
выездная регистрация молодоженов;5;top;выездная регистрация
выездная регистрация ярославль;5;top;выездная регистрация
выездная регистрация пенза;5;top;выездная регистрация
выездная регистрация пермь;5;top;выездная регистрация
организация выездной регистрации в подмосковье;5;top;выездная регистрация
выездная регистрация и банкетный зал москва подмосковье;5;top;выездная регистрация
фон для выездной регистрации;5;top;выездная регистрация
выездная регистрация зимой;5;top;выездная регистрация
выездная регистрация новороссийск;5;top;выездная регистрация
места для выездной регистрации в городецком районе;5;top;выездная регистрация
выездная регистрация на кораблике госуслуги;5;top;выездная регистрация
выездная регистрация на речном трамвае;5;top;выездная регистрация
стойка для выездной регистрации брака;5;top;выездная регистрация
выездная регистрация рф;5;top;выездная регистрация
выездная регистрация квартиры;5;top;выездная регистрация
как проходит выездная регистрация брака в ресторане;5;top;выездная регистрация
архангельск выездная регистрация брака;5;top;выездная регистрация
что нужно для выездной регистрации брака;5;top;выездная регистрация
бюджет свадьбы иды галич;5;top;бюджет свадьбы
свадьба минимальный бюджет;5;top;бюджет свадьбы
бюджет свадьбы 2027;5;top;бюджет свадьбы
самый дорогой бюджет свадьбы;5;top;бюджет свадьбы
сценарий выездной свадьбы;5;top;сценарий свадьбы
сценарий свадьбы готовый текст;5;top;сценарий свадьбы
выкуп на свадьбу сценарий в квартире;5;top;сценарий свадьбы
сценарий выкупа невесты на свадьбу в квартире;5;top;сценарий свадьбы
готовый сценарий домашней свадьбы;5;top;сценарий свадьбы
готовый сценарий свадьбы в домашних условиях;5;top;сценарий свадьбы
сценарий свадьбы в домашних для ведущей;5;top;сценарий свадьбы
как вести свадьбу без тамады сценарий;5;top;сценарий свадьбы
сценарий проведения золотой свадьбы без тамады;5;top;сценарий свадьбы
сценарий свадьбы в кругу родных;5;top;сценарий свадьбы
подробные сценарии свадьбы для тамады;5;top;сценарий свадьбы
сценарии свадьбы для тамады полный подробный;5;top;сценарий свадьбы
сценарий свадьбы для тамады готовый полный подробный;5;top;сценарий свадьбы
сценарий свадьбы второго брака;5;top;сценарий свадьбы
сценарий свадьбы второй брак;5;top;сценарий свадьбы
сценарий сапфировой свадьбы;5;top;сценарий свадьбы
сценарий для бумажной свадьбы;5;top;сценарий свадьбы
поздравление с годовщиной свадьбы сценарий;5;top;сценарий свадьбы
сценарий свадьбы самостоятельно;5;top;сценарий свадьбы
веселый свадьба сценарий тамада;5;top;сценарий свадьбы
сценарий домашнего юбилея свадьбы;5;top;сценарий свадьбы
юбилей свадьбы сценарий в домашних условиях;5;top;сценарий свадьбы
помощь тамаде на свадьбе готовый сценарий;5;top;сценарий свадьбы
смешной сценарий на второй день свадьбы;5;top;сценарий свадьбы
сценарий взрослой свадьбы;5;top;сценарий свадьбы
сценарий 2го дня свадьбы;5;top;сценарий свадьбы
поздравляю с днем свадьбы сценарий;5;top;сценарий свадьбы
сценарий на серебряную свадьбу с конкурсами готовый;5;top;сценарий свадьбы
сценарий поздравления золотой свадьбы;5;top;сценарий свадьбы
сценарии 35 свадьбы;5;top;сценарий свадьбы
сценарии на свадьбу детям;5;top;сценарий свадьбы
сценарий на юбилей свадьбы 15 лет;5;top;сценарий свадьбы
свадьба в сентябре 16 сентября;5;top;свадьба в сентябре
комплимент для гостей на свадьбе идеи;5;top;идеи для свадьбы
идеи для поздравления с днем свадьбы;5;top;идеи для свадьбы
видео для молодоженов на свадьбу идеи;5;top;идеи для свадьбы
идеи для второго дня свадьбы;5;top;идеи для свадьбы
фото для свадьбы идеи для фотосессии;5;top;идеи для свадьбы
идеи для рисунков на свадьбу;5;top;идеи для свадьбы
идеи девичника перед свадьбой для невесты;5;top;идеи для свадьбы
идеи для историй про годовщину свадьбы;5;top;идеи для свадьбы
плакат на свадьбу с идеями для фото;5;top;идеи для свадьбы
для денег на свадьбу идеи;5;top;идеи для свадьбы
идеи подарков на свадьбу для активных гостей;5;top;идеи для свадьбы
идея подарка для денег на свадьбу;5;top;идеи для свадьбы
деревенская свадьба стиль гости;5;top;стили свадьбы
свадьба в элегантном стиле;5;top;стили свадьбы
свадьба в русском стиле летом одежда;5;top;стили свадьбы
свадьба в русском стиле летом одежда гостям;5;top;стили свадьбы
свадьба в древнерусском стиле;5;top;стили свадьбы
морская свадьба vs в стиле рустик;5;top;стили свадьбы | свадьба в стиле рустик
морская свадьба свадьба в стиле рустик;5;top;стили свадьбы | свадьба в стиле рустик
свадьба в коричневом стиле;5;top;стили свадьбы
в каком стиле отметить свадьбу;5;top;стили свадьбы
ресторан под свадьбу в стиле барокко;5;top;стили свадьбы
свадьба в разных стилях;5;top;стили свадьбы
свадьба в стиле шансона;5;top;стили свадьбы
4 свадьбы в немецком стиле;5;top;стили свадьбы
свадьба в немецком стиле;5;top;стили свадьбы
свадьба в стиле ивана купала;5;top;стили свадьбы
свадьба в стиле китч читать;5;top;стили свадьбы
стиль свадьбы варианты;5;top;стили свадьбы
украшения на свадьбу в русском стиле;5;top;стили свадьбы
свадьба в русском народном стиле костюмы;5;top;стили свадьбы
свадьба в стиле манга;5;top;стили свадьбы
свадьба в русском стиле агентство;5;top;стили свадьбы
свадьба в собчак в стиле;5;top;стили свадьбы
свадьба стили белый розовый и голубой;5;top;стили свадьбы
украшения свадьбы в православном стиле;5;top;стили свадьбы
свадьба в европейском стиле места в москве;5;top;стили свадьбы
четыре свадьбы телепередача в кавказском стиле;5;top;стили свадьбы
мужской костюм в стиле свадьбы дона корлеоне;5;top;стили свадьбы
в каком стиле сыграть свадьбу;5;top;стили свадьбы
свадьба в стиле ростик;5;top;стили свадьбы
тосты на свадьбу в стиле 90х;5;top;стили свадьбы
стиль свадьбы бохо шик;5;top;стили свадьбы
свадьба в стиле стиляги фото;5;top;стили свадьбы
свадьба в стиле инь янь;5;top;стили свадьбы
свадьба в руском стиле;5;top;стили свадьбы
4 свадьбы свадьба в стиле патриотизма;5;top;стили свадьбы
свадьба в стиле 90х годов;5;top;стили свадьбы
4 свадьбы в японском стиле;5;top;стили свадьбы
рассадка гостей на свадьбе своими руками;5;top;рассадка гостей на свадьбе
рассадка гостей на свадьбе геншин;5;top;рассадка гостей на свадьбе
карта рассадки гостей на свадьбе шаблон;5;top;рассадка гостей на свадьбе
свадебные площадки ло;4;top;свадебная площадка
свадебные площадки спб и ло;4;top;свадебная площадка
свадебные площадки чебоксары;4;top;свадебная площадка
свадебная площадка тамбов;4;top;свадебная площадка
свадебные площадки в калужской области;4;top;свадебная площадка
свадебная площадка курск;4;top;свадебная площадка
свадебные площадки курган;4;top;свадебная площадка
свадебные площадки ленобласть;4;top;свадебная площадка
площадки для свадьбы ижевск;4;top;площадка для свадьбы
амбар площадка для свадьбы;4;top;площадка для свадьбы
рублево успенское площадка для свадьбы;4;top;площадка для свадьбы
площадка для свадьбы тула;4;top;площадка для свадьбы
площадки для свадьбы челябинск;4;top;площадка для свадьбы
вопросы площадке для свадьбы;4;top;площадка для свадьбы
площадки для свадьбы самара;4;top;площадка для свадьбы
места для свадеб тула;4;top;место для свадьбы
места для свадьбы в краснодаре;4;top;место для свадьбы
место регистрации для свадьбы;4;top;место для свадьбы
самые лучшие места для свадьбы;4;top;место для свадьбы
места для выездной свадьбы;4;top;место для свадьбы
где отметить свадьбу в спб;4;top;где отметить свадьбу
где отметить свадьбу в рязани;4;top;где отметить свадьбу
где отметить свадьбу в воронеже;4;top;где отметить свадьбу
где отметить свадьбу в самаре;4;top;где отметить свадьбу
где отметить свадьбу в казани;4;top;где отметить свадьбу
где отметить 25 лет свадьбы;4;top;где отметить свадьбу
где отметить свадьбу 20 человек;4;top;где отметить свадьбу
где отметить свадьбу в минске;4;top;где отметить свадьбу
где отметить свадьбу в сочи;4;top;где отметить свадьбу
где отметить 20 лет свадьбы;4;top;где отметить свадьбу
банкетные залы в туле для свадьбы;4;top;банкетный зал для свадьбы
банкетные залы тюмень для свадьбы;4;top;банкетный зал для свадьбы
банкетный зал для свадьбы тюмень;4;top;банкетный зал для свадьбы
банкетный зал для свадьбы омск;4;top;банкетный зал для свадьбы
банкетный зал для свадьбы лофт;4;top;банкетный зал для свадьбы | лофт для свадьбы
дома с банкетным залом для свадьбы;4;top;банкетный зал для свадьбы
банкетные залы самара для свадьбы;4;top;банкетный зал для свадьбы
банкетный зал самара для свадьбы;4;top;банкетный зал для свадьбы
банкетные залы для свадьбы тамбов;4;top;банкетный зал для свадьбы
банкетные залы для свадьбы смоленск;4;top;банкетный зал для свадьбы
смоленск банкетный зал для свадьбы;4;top;банкетный зал для свадьбы
банкетные залы саранск для свадьбы;4;top;банкетный зал для свадьбы
банкетный зал саранск для свадьбы;4;top;банкетный зал для свадьбы
рестораны с видом красивым для свадьбы;4;top;ресторан для свадьбы
рестораны для свадеб дом ресторан;4;top;ресторан для свадьбы
видовой ресторан для свадьбы;4;top;ресторан для свадьбы
рестораны для свадьбы владикавказ;4;top;ресторан для свадьбы
ресторан для свадьбы ростов на дону;4;top;ресторан для свадьбы
ресторан за городом для свадьбы;4;top;ресторан для свадьбы | свадьба за городом
песни для свадебного банкета;4;top;свадебный банкет
свадебный банкет на 40 человек;4;top;свадебный банкет
свадебный банкет 2025 смотреть;4;top;свадебный банкет
свадебный банкет 2025 смотреть онлайн;4;top;свадебный банкет
свадебный банкет фильм 2025 смотреть;4;top;свадебный банкет
свадебный банкет фильм 2025 смотреть онлайн;4;top;свадебный банкет
сколько длится свадебный банкет;4;top;свадебный банкет
украшение свадебного банкета;4;top;свадебный банкет
оформление свадебного банкета;4;top;свадебный банкет
где провести свадьбу в смоленске;4;top;провести свадьбу
провести свадьбу в смоленске;4;top;провести свадьбу
где провести свадьбу за городом;4;top;провести свадьбу | свадьба за городом
провести выкуп на свадьбе;4;top;провести свадьбу
свадьба на 30 человек как провести;4;top;провести свадьбу | свадьба на 30 человек
все хорошо проводили на свадьбе;4;top;провести свадьбу
где провести свадьбу в калининграде;4;top;провести свадьбу
помоги итану и анне провести идеальную свадьбу;4;top;провести свадьбу
как проводят свадьбы видео;4;top;провести свадьбу
сценарий провести весело свадьбу;4;top;провести свадьбу | сценарий свадьбы
тамбов провести свадьбу;4;top;провести свадьбу
где провести 2 день свадьбы;4;top;провести свадьбу
сколько стоит провести свадьбу в ресторане;4;top;провести свадьбу | сколько стоит свадьба
как проводят свадьбу в деревне;4;top;провести свадьбу
в каком стиле провести свадьбу;4;top;провести свадьбу | стили свадьбы
организация свадеб идеи;4;top;организация свадьбы
организация свадьбы бюджет;4;top;организация свадьбы | бюджет свадьбы
организация свадеб оквэд;4;top;организация свадьбы
организация свадеб нальчик;4;top;организация свадьбы
договор на организацию свадьбы;4;top;организация свадьбы
организация обрядов свадеб юбилеев патент;4;top;организация свадьбы
симс 4 организация свадьбы;4;top;организация свадьбы
организация свадеб спб;4;top;организация свадьбы
помощник в организации свадеб;4;top;организация свадьбы
организация свадьбы екатеринбург;4;top;организация свадьбы
спасибо за организацию свадьбы;4;top;организация свадьбы
банкетный лофт для свадьбы;4;top;лофт для свадьбы
усадьба в спб для проведения свадьбы;4;top;усадьба для свадьбы
шатер беседка для свадьбы;4;top;шатер для свадьбы
большой шатер для свадьбы;4;top;шатер для свадьбы
шатер для свадьбы нижний новгород;4;top;шатер для свадьбы
шатры в нижнем новгороде для проведения свадьбы;4;top;шатер для свадьбы | свадьба в шатре
шатры для свадьбы нижний;4;top;шатер для свадьбы
шатер оренбург для свадьбы;4;top;шатер для свадьбы
белый шатер для свадьбы;4;top;шатер для свадьбы
свадьба в шатре отзывы;4;top;свадьба в шатре
коттедж для свадьбы нижний новгород;4;top;коттедж для свадьбы
свадьба на теплоходе фото;4;top;свадьба на теплоходе
свадьба на природе 30 человек;4;top;свадьба на природе | свадьба на 30 человек
свадьба на природе спб;4;top;свадьба на природе
беседка для свадьбы на природе;4;top;свадьба на природе
что приготовить на свадьбу на природе;4;top;свадьба на природе
свадьба на природе калуга;4;top;свадьба на природе
игры на свадьбу на природе;4;top;свадьба на природе
красивые свадьбы на природе;4;top;свадьба на природе
празднование свадьбы на природе;4;top;свадьба на природе
свадьба тольятти на природе;4;top;свадьба на природе
свадьба на природе тюмень;4;top;свадьба на природе
как одеться на свадьбу на природе;4;top;свадьба на природе
проведение свадьбы на 20 человек;4;top;свадьба на 20 человек
рассадка на свадьбу 30 человек;4;top;свадьба на 30 человек
сколько выйдет свадьба на 50 человек;4;top;свадьба на 50 человек
калькулятор алкоголя на свадьбу 50 человек;4;top;свадьба на 50 человек
во сколько обходится свадьба на 50 человек;4;top;свадьба на 50 человек
цена свадьбы на 100 человек;4;top;свадьба на 100 человек
камерная свадьба ижевск;4;top;камерная свадьба
как камерно отпраздновать свадьбу;4;top;камерная свадьба
камерная свадьба без ведущего идеи;4;top;камерная свадьба
помещение для камерной свадьбы;4;top;камерная свадьба
маленькая камерная свадьба;4;top;камерная свадьба | маленькая свадьба
интерактив на камерную свадьбу;4;top;камерная свадьба
сценарий камерной свадьбы без ведущего в ресторане;4;top;камерная свадьба | сценарий свадьбы
мой маленький пони дружба и чудо свадьба;4;top;маленькая свадьба
прически на свадьбу маленьким;4;top;маленькая свадьба
организовать маленькую свадьбу;4;top;маленькая свадьба
сценарий маленькой свадьбы для близких родственников;4;top;маленькая свадьба | сценарий свадьбы
поздравление маленькой сестры с днем свадьбы;4;top;маленькая свадьба
свадьба в тайланде для двоих;4;top;свадьба для двоих
свадьба в тайланде для двоих стоимость;4;top;свадьба для двоих | стоимость свадьбы
свадьба для двоих питер;4;top;свадьба для двоих
проведение свадьбы за городом;4;top;свадьба за городом
отели в москве и подмосковье свадьба;4;top;свадьба в подмосковье
проведение свадьбы в подмосковье недорого;4;top;свадьба в подмосковье | свадьба недорого
где можно сыграть свадьбу в подмосковье;4;top;свадьба в подмосковье
полицейский с рублевки сериал свадьба;4;top;свадьба рублевка
свадьба на 15 человек недорого;4;top;свадьба недорого
презент на свадьбу молодоженам недорого и оригинально;4;top;свадьба недорого
как отметить серебряную свадьбу недорого и необычно;4;top;свадьба недорого
недорогой президиум на свадьбу;4;top;свадьба недорого
оформление президиума на свадьбу недорого;4;top;свадьба недорого | оформление свадьбы
кафе проведение свадеб недорого;4;top;свадьба недорого
свадьба под ключ ростов;4;top;свадьба под ключ
свадьба под ключ смоленск;4;top;свадьба под ключ
свадьба под ключ волгоград;4;top;свадьба под ключ
стоимость на человека банкет свадьба;4;top;стоимость свадьбы
золотая свадьба в загсе документы и стоимость;4;top;стоимость свадьбы
стоимость тамады на свадьбу;4;top;стоимость свадьбы
сколько стоит кавер группа на свадьбу;4;top;сколько стоит свадьба | кавер группа на свадьбу
сколько стоит пригласить джонни на свадьбу;4;top;сколько стоит свадьба
сколько стоит поставить танец на свадьбу;4;top;сколько стоит свадьба
сколько стоит пригласить патимат расулову на свадьбу;4;top;сколько стоит свадьба
сколько будет стоить сделать свадьбу;4;top;сколько стоит свадьба
сколько стоила свадьба криштиану роналду;4;top;сколько стоит свадьба
сколько стоила свадьба мистера биста;4;top;сколько стоит свадьба
сколько стоит позвать зайнаб махаева на свадьбу;4;top;сколько стоит свадьба
сколько стоит позвать на свадьбу зайнаб махаеву;4;top;сколько стоит свадьба
тимур темиров сколько стоит пригласить на свадьбу;4;top;сколько стоит свадьба
сколько стоит отметить свадьбу в ресторане;4;top;сколько стоит свадьба
сколько стоит позвать нагиева на свадьбу;4;top;сколько стоит свадьба
сколько стоит свадьба в спб;4;top;сколько стоит свадьба
сколько стоит свадьба форум;4;top;сколько стоит свадьба
сколько стоит пригласить наваи на свадьбу;4;top;сколько стоит свадьба
свадьба зубарева сколько стоила;4;top;сколько стоит свадьба
сколько стоит заказать певца на свадьбу;4;top;сколько стоит свадьба
сколько стоит свадьба на 80 человек;4;top;сколько стоит свадьба
сколько в среднем стоит фотограф на свадьбу;4;top;сколько стоит свадьба | фотограф на свадьбу
сколько стоит свадьба в армении;4;top;сколько стоит свадьба
анна асти на свадьбу сколько стоит;4;top;сколько стоит свадьба
сколько стоит филипп киркоров на свадьбу;4;top;сколько стоит свадьба
сколько стоит свадьба челябинск;4;top;сколько стоит свадьба
сколько стоит заказать иванушек на свадьбу;4;top;сколько стоит свадьба
сколько стоит позвать рианну на свадьбу;4;top;сколько стоит свадьба
сколько стоит рушник на свадьбу;4;top;сколько стоит свадьба
сколько стоит среднестатистическая свадьба;4;top;сколько стоит свадьба
арсен шахунц сколько стоит пригласить на свадьбу;4;top;сколько стоит свадьба
сколько стоит позвать на свадьбу диму билана;4;top;сколько стоит свадьба
сколько стоит армянская свадьба;4;top;сколько стоит свадьба
сколько стоит поменять фамилию после свадьбы;4;top;сколько стоит свадьба
сколько стоит видеосъемка на свадьбу;4;top;сколько стоит свадьба
ведущий на маленькую свадьбу;4;top;ведущий на свадьбу
ведущий на свадьбу саратов;4;top;ведущий на свадьбу
каким должен быть ведущий на свадьбе;4;top;ведущий на свадьбу
песочная церемония на свадьбе текст для ведущей;4;top;ведущий на свадьбу
ведущий на свадьбу ставрополь;4;top;ведущий на свадьбу
костюм ведущего на свадьбу;4;top;ведущий на свадьбу
курсы ведущего на свадьбе;4;top;ведущий на свадьбу
мужчина ведущий на свадьбе;4;top;ведущий на свадьбу
нужно ли кормить ведущих на свадьбе;4;top;ведущий на свадьбу
выход ведущего на свадьбу;4;top;ведущий на свадьбу
ведущий свадьбы на английском;4;top;ведущий на свадьбу
договор на ведущего свадьбы;4;top;ведущий на свадьбу
знаменитые ведущие на свадьбу;4;top;ведущий на свадьбу
слова ведущего на свадьбе сценарий на свадьбу;4;top;ведущий на свадьбу | сценарий свадьбы
тост за родителей на свадьбе от ведущего;4;top;ведущий на свадьбу
ведущий на свадьбу описание;4;top;ведущий на свадьбу
ведущий на свадьбу вк;4;top;ведущий на свадьбу
красивая ведущая на свадьбу;4;top;ведущий на свадьбу
на сколько берут фотографа на свадьбу;4;top;фотограф на свадьбу
средняя цена фотографа на свадьбу;4;top;фотограф на свадьбу
фотограф на свадьбу барнаул;4;top;фотограф на свадьбу
благодарность фотографу на свадьбе;4;top;фотограф на свадьбу
фотограф видеограф на свадьбу цена;4;top;фотограф на свадьбу | видеограф на свадьбу
как написать фотографу на свадьбу;4;top;фотограф на свадьбу
профессиональное фотограф на свадьбу;4;top;фотограф на свадьбу
фотограф на свадьбу липецк;4;top;фотограф на свадьбу
услуги видеографа на свадьбу;4;top;видеограф на свадьбу
видеограф пенза на свадьбу;4;top;видеограф на свадьбу
обучение свадебному декору;4;top;свадебный декор
декор свадебный для дома;4;top;свадебный декор
декор торта свадебного фото;4;top;свадебный декор | свадебный торт
свадебный декор цена;4;top;свадебный декор
план рассадки гостей на свадьбе оформление шаблоны;4;top;оформление свадьбы | рассадка гостей на свадьбе
оливковая свадьба оформление;4;top;оформление свадьбы
свадьба рустик оформление;4;top;оформление свадьбы
коричневое оформление свадьбы;4;top;оформление свадьбы
оформление президиума на свадьбу фото;4;top;оформление свадьбы
оформление президиума на свадьбу 2026;4;top;оформление свадьбы
оформление свадьбы казань;4;top;оформление свадьбы
оформление свадьбы в голубом цвете;4;top;оформление свадьбы
идеи оформления зала на свадьбу;4;top;оформление свадьбы
стили оформления зала свадьбу;4;top;оформление свадьбы | стили свадьбы
оформление шатра на свадьбу;4;top;оформление свадьбы
оформление денежного подарка на свадьбу;4;top;оформление свадьбы
оформление бутылки шампанского на свадьбу;4;top;оформление свадьбы
свадьба на даче оформление;4;top;оформление свадьбы
ассистент свадебного организатора;4;top;свадебный организатор
свадебный организатор тюмень;4;top;свадебный организатор
вопросы свадебному организатору;4;top;свадебный организатор
свадебный организатор курск;4;top;свадебный организатор
сколько стоят услуги свадебного организатора;4;top;свадебный организатор
свадебный организатор фильм;4;top;свадебный организатор
свадебное агентство про любовь;4;top;свадебное агентство
свадебное агентство белый;4;top;свадебное агентство
свадебное агентство darsy отзывы;4;top;свадебное агентство
свадебное агентство рязань;4;top;свадебное агентство
уральские пельмени свадебное агентство;4;top;свадебное агентство
свадебное агентство тула;4;top;свадебное агентство
свадебные агентства россии;4;top;свадебное агентство
свадебное агентства петербурга;4;top;свадебное агентство
свадебное агентство санкт;4;top;свадебное агентство
свадебное агентство санкт петербург;4;top;свадебное агентство
morozova wedding свадебное агентство;4;top;свадебное агентство
свадебное агентство тверь;4;top;свадебное агентство
тамада и диджей на свадьбу;4;top;диджей на свадьбу
диджей на свадьбу воронеж;4;top;диджей на свадьбу
каталог свадебные торты;4;top;свадебный торт
советский торт свадебный;4;top;свадебный торт
популярные начинки для свадебного торта;4;top;свадебный торт
свадебный торт с подсветкой;4;top;свадебный торт
прямоугольный торт на 6 кг свадебный;4;top;свадебный торт
цена свадебного торта 5 кг;4;top;свадебный торт
самый дорогой свадебный торт;4;top;свадебный торт
свадебный торт рязань;4;top;свадебный торт
круглый свадебный торт с ягодами;4;top;свадебный торт
свадебный торт с цветами фото;4;top;свадебный торт
торт свадебный 20 лет;4;top;свадебный торт
обучение свадебным тортом;4;top;свадебный торт
лебеди из мастики на свадебный торт;4;top;свадебный торт
невилл мой свадебный торт;4;top;свадебный торт
дегустация свадебных тортов набор;4;top;свадебный торт
свадебный торт квадратный 1 ярус;4;top;свадебный торт
свадебный торт прямоугольный пинтерест;4;top;свадебный торт
как сделать свадебный торт в симс;4;top;свадебный торт
сколько в среднем стоит свадебный торт;4;top;свадебный торт
свадебный торт чита;4;top;свадебный торт
дизайн свадебного торта 3;4;top;свадебный торт
дизайн свадебного торта 3 яруса;4;top;свадебный торт
цветы вафельные для торта свадебные;4;top;свадебный торт
свадебные торты онлайн;4;top;свадебный торт
стильный свадебный торт;4;top;свадебный торт
купить свадебное украшение для торта;4;top;свадебный торт
трендовые свадебные торты 2026;4;top;свадебный торт
средняя стоимость свадебного торта;4;top;свадебный торт
лот от свадебного торта;4;top;свадебный торт
фейерверк для свадебного торта;4;top;свадебный торт
свадебный торт на 60 человек;4;top;свадебный торт
спираль для свадебного торта;4;top;свадебный торт
крем для выравнивания свадебного торта;4;top;свадебный торт
свадебный торт с гипсофилой;4;top;свадебный торт
свадебный торт иды галич;4;top;свадебный торт
свадебный торт белый два яруса;4;top;свадебный торт
домашние свадебные торты рецепты;4;top;свадебный торт
примеры свадебных тортов;4;top;свадебный торт
прикольные надписи на свадебный торт;4;top;свадебный торт
свадебный торт 2х ярусный;4;top;свадебный торт
свадебный торт 2026 цена;4;top;свадебный торт
свадебный торт с лилиями;4;top;свадебный торт
свадебный торт фон;4;top;свадебный торт
вынос свадебного торта красивые песни где послушать;4;top;свадебный торт
свадебный торт на 10 человек;4;top;свадебный торт
свадебные торты фото самые красивые двухъярусные;4;top;свадебный торт
свадебный стилист софья дубинина;4;top;свадебный стилист
свадебный стилист сочи;4;top;свадебный стилист
выездная регистрация брака ростов;4;top;выездная регистрация
выездная регистрация брака ростов на дону;4;top;выездная регистрация
варианты выездной регистрации;4;top;выездная регистрация
выездная регистрация барнаул;4;top;выездная регистрация
выездная регистрация брака барнаул;4;top;выездная регистрация
выездная регистрация на берегу сочи;4;top;выездная регистрация
выездная регистрация сочи на берегу моря;4;top;выездная регистрация
подиум для выездной регистрации;4;top;выездная регистрация
арки для выездной регистрации готовые;4;top;выездная регистрация
выездная регистрация брака фото;4;top;выездная регистрация
выездная регистрация ульяновск;4;top;выездная регистрация
тайминг выездной регистрации;4;top;выездная регистрация
тайминг свадьбы с выездной регистрацией;4;top;выездная регистрация
можно ли сделать выездную регистрацию брака;4;top;выездная регистрация
выездная регистрация казань;4;top;выездная регистрация
выездная регистрация липецк;4;top;выездная регистрация
сценарий выездной регистрации брака текст;4;top;выездная регистрация
сценарий выездной регистрации текст;4;top;выездная регистрация
выездная регистрация брака пермь;4;top;выездная регистрация
выездная регистрация на теплоходе;4;top;выездная регистрация
выездная регистрация брака орел;4;top;выездная регистрация
выездная регистрация это официально или нет;4;top;выездная регистрация
выездная регистрация челябинск;4;top;выездная регистрация
виды выездной регистрации;4;top;выездная регистрация
выездная регистрация права собственности;4;top;выездная регистрация
как делается выездная регистрация брака;4;top;выездная регистрация
выездные регистрации брака краснодар;4;top;выездная регистрация
музыка для выездной регистрации брака;4;top;выездная регистрация
выездная регистрация ленобласть;4;top;выездная регистрация
выездная регистрация музыка выход невесты;4;top;выездная регистрация
в осетии выездная регистрация брака;4;top;выездная регистрация
выездная регистрация брака видео;4;top;выездная регистрация
выездная регистрация биометрии;4;top;выездная регистрация
выездная регистрация на улице;4;top;выездная регистрация
написать сценарий с помощью ии бесплатно;4;assoc;план подготовки к свадьбе
какой бюджет свадьбы в 2026;4;top;бюджет свадьбы
расчет бюджета на свадьбу;4;top;бюджет свадьбы
бюджет свадьбы клавы коки;4;top;бюджет свадьбы
какой бюджет нужен на свадьбу;4;top;бюджет свадьбы
сценарий на 10 лет свадьбы;4;top;сценарий свадьбы
сценарий на юбилей свадьбы 10 лет;4;top;сценарий свадьбы
сценарий свадьбы в семейном кругу;4;top;сценарий свадьбы
сценарий свадьбы в узком семейном круге;4;top;сценарий свадьбы
сценарий свадьбы с конкурсами и играми веселый;4;top;сценарий свадьбы
лучшие сценарии свадьбы;4;top;сценарий свадьбы
сказка на свадьбу прикольные сценарий с музыкой;4;top;сценарий свадьбы
сценарий второго дня свадьбы прикольный с ряжеными;4;top;сценарий свадьбы
сценарий свадьбы конкурсы и приколы;4;top;сценарий свадьбы
сценарий свадьбы 2025;4;top;сценарий свадьбы
сценарий свадьбы 55 лет совместной;4;top;сценарий свадьбы
сценарий свадьбы 55 лет совместной жизни;4;top;сценарий свадьбы
сценарий свадьбы загс;4;top;сценарий свадьбы
сценарий юбилея серебряной свадьбы;4;top;сценарий свадьбы
сценарий свадьба для друга;4;top;сценарий свадьбы
сценарий свадьбы для немолодой пары второй брак;4;top;сценарий свадьбы
небольшой сценарий на свадьбу;4;top;сценарий свадьбы
свадьба вечеринка сценарий;4;top;сценарий свадьбы
сценарий свадьбы юмористический;4;top;сценарий свадьбы
второй день свадьбы сценарий в деревне;4;top;сценарий свадьбы
сценарий второго дня свадьбы в деревне;4;top;сценарий свадьбы
готовый сценарий свадьбы 2026;4;top;сценарий свадьбы
сценарий свадьбы 50 лет для тамады;4;top;сценарий свадьбы
сценарий поздравления на свадьбу от родственников;4;top;сценарий свадьбы
купить сценарий свадьбы для ведущего;4;top;сценарий свадьбы
сценарий ситцевой свадьбы;4;top;сценарий свадьбы
сценарий поздравления на свадьбу от родителей;4;top;сценарий свадьбы
сценарий рубиновой свадьбы в домашних условиях прикольный;4;top;сценарий свадьбы
сценарий свадьбы 25 лет совместной;4;top;сценарий свадьбы
сценарий свадьбы 25 лет совместной жизни;4;top;сценарий свадьбы
свадьба в сентябре значение;4;top;свадьба в сентябре
идеи для подарка на бумажную свадьбу;4;top;идеи для свадьбы
идеи для поздравления на свадьбу от друзей;4;top;идеи для свадьбы
идеи декора для свадьбы;4;top;идеи для свадьбы
идеи для подарка на свадьбу своими руками;4;top;идеи для свадьбы
идеи для подарка на кожаную свадьбу;4;top;идеи для свадьбы
идея для кожаной свадьбы;4;top;идеи для свадьбы
идеи для лотереи на свадьбу;4;top;идеи для свадьбы
идеи для красивой свадьбы;4;top;идеи для свадьбы
стиль жениха на свадьбу 2026;4;top;стили свадьбы
свадьба в стиле 90х как одеться;4;top;стили свадьбы
поздравление на свадьбу в стиле 90;4;top;стили свадьбы
стиль на свадьбу черная рубашка;4;top;стили свадьбы
женская мода и стиль для свадеб;4;top;стили свадьбы
свадьба в стиле аля рус;4;top;стили свадьбы
свадьба в стиле италии;4;top;стили свадьбы
конкурсы на свадьбу в стиле 90 х;4;top;стили свадьбы
четыре свадьбы свадьба в стиле зож;4;top;стили свадьбы
4 свадьбы свадьба в стиле голливудская;4;top;стили свадьбы
свадьба в черном стиле фото;4;top;стили свадьбы
стиль рустик на свадьбе в одежде;4;top;стили свадьбы | свадьба в стиле рустик
четыре свадьбы свадьба в японском стиле;4;top;стили свадьбы
свадьба в итальянском стиле одежда;4;top;стили свадьбы
свадьба в деревенском стиле vs свадьба маскарад;4;top;стили свадьбы
свадьба в турецком стиле;4;top;стили свадьбы
свадьба в стиле итальянской мафии;4;top;стили свадьбы
свадьба в стиле фильма горько;4;top;стили свадьбы
свадьба в стиле бдсм;4;top;стили свадьбы
свадьба в стиле русских традиций;4;top;стили свадьбы
цветовые стили свадеб;4;top;стили свадьбы
свадьба в средиземноморском стиле;4;top;стили свадьбы
стиль свадьбы 2025;4;top;стили свадьбы
свадьба в русско славянском стиле;4;top;стили свадьбы
день рождения в стиле свадьба;4;top;стили свадьбы
армянский стиль свадьбы;4;top;стили свадьбы
свадьба в ковбойском стиле;4;top;стили свадьбы
свадьба в стиле руси;4;top;стили свадьбы
свадьба в стиле цирк;4;top;стили свадьбы
свадьба в деревенском стиле пожарная свадьба;4;top;стили свадьбы
свадьба в джинсовом стиле;4;top;стили свадьбы
свадьба в стиле пиратов карибского моря;4;top;стили свадьбы
как оформить план рассадки гостей на свадьбе;4;top;рассадка гостей на свадьбе
стол рассадки гостей на свадьбу шаблон;4;top;рассадка гостей на свадьбе
план рассадки гостей на свадьбе плакат;4;top;рассадка гостей на свадьбе
рамка для рассадки гостей на свадьбе шаблон;4;top;рассадка гостей на свадьбе
сделать рассадку гостей на свадьбу онлайн;4;top;рассадка гостей на свадьбе
создать макет рассадки гостей на свадьбу онлайн;4;top;рассадка гостей на свадьбе
таблички для рассадки гостей на свадьбе;4;top;рассадка гостей на свадьбе
генератор рассадки гостей на свадьбе;4;top;рассадка гостей на свадьбе
свадебные площадки спб за городом;3;top;свадебная площадка
свадебные площадки магнитогорск;3;top;свадебная площадка
свадебные площадки ставрополь;3;top;свадебная площадка
свадебные площадки кострома;3;top;свадебная площадка
свадебные площадки киров;3;top;свадебная площадка
свадебные площадки энгельс;3;top;свадебная площадка
свадебные площадки брянск;3;top;свадебная площадка
свадебные площадки казань;3;top;свадебная площадка
свадебная площадка симс 4 участок скачать;3;top;свадебная площадка
свадебные площадки оренбург;3;top;свадебная площадка
свадебная площадка тартоза;3;top;свадебная площадка
площадка для проведения свадьбы в нн;3;top;площадка для свадьбы
загородные площадки для свадьбы спб;3;top;площадка для свадьбы | загородная свадьба
площадка для свадьбы симс 4;3;top;площадка для свадьбы
площадка для свадьбы дзержинск;3;top;площадка для свадьбы
площадки для свадьбы красноярск;3;top;площадка для свадьбы
площадки для свадеб на воздухе;3;top;площадка для свадьбы
площадка для свадьбы белгород;3;top;площадка для свадьбы
площадки для свадьбы барнаул;3;top;площадка для свадьбы
места для свадьбы брянск;3;top;место для свадьбы
красивые места россии для свадьбы;3;top;место для свадьбы
места для свадьбы россия;3;top;место для свадьбы
самые красивые места для свадьбы в россии;3;top;место для свадьбы
места для свадьбы в орле;3;top;место для свадьбы
места для свадьбы тольятти;3;top;место для свадьбы
места для организации свадьбы;3;top;место для свадьбы | организация свадьбы
место для свадьбы киров;3;top;место для свадьбы
места для свадьбы екатеринбург;3;top;место для свадьбы
найти место для свадьбы;3;top;место для свадьбы
места для свадьбы в питере;3;top;место для свадьбы
место для свадьбы воронеж;3;top;место для свадьбы
место для свадьбы самара;3;top;место для свадьбы
место для свадьбы в солнечногорске;3;top;место для свадьбы
снять место для свадьбы;3;top;место для свадьбы
места для свадьбы калининград;3;top;место для свадьбы
места для фотосессий свадьбы пенза;3;top;место для свадьбы
где отметить второй день свадьбы летом;3;top;где отметить свадьбу
свадьба летом где отметить;3;top;где отметить свадьбу
варианты где отмечают свадьбу;3;top;где отметить свадьбу
где отметить свадьбу в москве и подмосковье;3;top;где отметить свадьбу | свадьба в подмосковье
где отметить свадьбу в красноярске;3;top;где отметить свадьбу
где отметить свадьбу в калининграде;3;top;где отметить свадьбу
где отметить свадьбу новосибирск;3;top;где отметить свадьбу
где можно отметить на природе свадьбу;3;top;где отметить свадьбу | свадьба на природе
банкетные залы в орле для свадьбы;3;top;банкетный зал для свадьбы
банкетные залы для свадьбы в спб;3;top;банкетный зал для свадьбы
банкетный зал калуга для свадьбы;3;top;банкетный зал для свадьбы
калуга банкетные залы для свадеб;3;top;банкетный зал для свадьбы
банкетные залы для свадьбы липецк;3;top;банкетный зал для свадьбы
банкетный зал для свадьбы липецк;3;top;банкетный зал для свадьбы
банкетные залы для свадьбы курск;3;top;банкетный зал для свадьбы
банкетный зал для свадьбы курск;3;top;банкетный зал для свадьбы
банкетный зал стерлитамак для свадьбы;3;top;банкетный зал для свадьбы
банкетные залы для свадьбы пушкино;3;top;банкетный зал для свадьбы
банкетные залы пушкина для свадьбы;3;top;банкетный зал для свадьбы
банкетный зал для свадьбы пушкино;3;top;банкетный зал для свадьбы
банкетные залы для свадьбы за городом;3;top;банкетный зал для свадьбы | свадьба за городом
банкетный зал за городом для свадьбы;3;top;банкетный зал для свадьбы
банкетные залы киров для свадьбы;3;top;банкетный зал для свадьбы
банкетный зал для свадьбы киров;3;top;банкетный зал для свадьбы
банкетные залы для свадьбы волгоград;3;top;банкетный зал для свадьбы
банкетный зал для свадьбы волгоград;3;top;банкетный зал для свадьбы
банкетные залы волжский для свадьбы;3;top;банкетный зал для свадьбы
банкетные залы для свадеб ростов;3;top;банкетный зал для свадьбы
банкетный зал ростова для свадьбы;3;top;банкетный зал для свадьбы
банкетные залы екатеринбурга для свадьбы;3;top;банкетный зал для свадьбы
банкетный зал для свадьбы екатеринбург;3;top;банкетный зал для свадьбы
банкетные залы ярославль для свадьбы;3;top;банкетный зал для свадьбы
банкетный зал для свадьбы ярославль;3;top;банкетный зал для свадьбы
банкетные залы пятигорск для свадьбы;3;top;банкетный зал для свадьбы
банкетный зал пятигорск для свадеб;3;top;банкетный зал для свадьбы
банкетные залы в москве для камерных свадеб;3;top;банкетный зал для свадьбы | камерная свадьба | банкетный зал москва свадьба
банкетные залы белгород для свадьбы;3;top;банкетный зал для свадьбы
банкетный зал для свадеб белгород;3;top;банкетный зал для свадьбы
оформление банкетного зала для свадьбы;3;top;банкетный зал для свадьбы
рестораны симферополь для свадьбы;3;top;ресторан для свадьбы
ресторан у воды для свадьбы;3;top;ресторан для свадьбы
рестораны спб для свадьбы до 20 человек;3;top;ресторан для свадьбы
пятигорск ресторан для свадьбы;3;top;ресторан для свадьбы
ресторан для свадьбы анапа;3;top;ресторан для свадьбы
ресторан для свадьбы вологда;3;top;ресторан для свадьбы
ресторан для свадьбы ижевск;3;top;ресторан для свадьбы
рестораны для проведения свадеб спб;3;top;ресторан для свадьбы
рестораны для свадьбы крым;3;top;ресторан для свадьбы
забронировать ресторан для свадьбы;3;top;ресторан для свадьбы
рестораны в баксане для свадьбы;3;top;ресторан для свадьбы
ресторан для свадьбы вдвоем;3;top;ресторан для свадьбы
выездной ресторан для свадьбы;3;top;ресторан для свадьбы
рестораны для свадьбы орел;3;top;ресторан для свадьбы
рестораны в грозном для свадеб;3;top;ресторан для свадьбы
рестораны для свадьбы кострома;3;top;ресторан для свадьбы
ресторан для свадьбы спб на 30 человек;3;top;ресторан для свадьбы | свадьба на 30 человек
рестораны для свадьбы орехово зуево;3;top;ресторан для свадьбы
бронирование ресторана для свадьбы;3;top;ресторан для свадьбы
рестораны для свадьбы архангельск;3;top;ресторан для свадьбы
сколько стоит свадебный банкет на 30 человек;3;top;свадебный банкет
программа свадебного банкета;3;top;свадебный банкет
свадебный банкет цена человека;3;top;свадебный банкет
свадебный банкет фильм 1993 смотреть онлайн;3;top;свадебный банкет
как проходит свадебный банкет;3;top;свадебный банкет
свадебный банкет за городом;3;top;свадебный банкет
обслуживание свадебного банкета;3;top;свадебный банкет
где роналду проведет свадьбу;3;top;провести свадьбу
как проводят свадьбу в наше время;3;top;провести свадьбу
где провести свадьбу в туле;3;top;провести свадьбу
как провести свадьбу без ресторана;3;top;провести свадьбу
в какой день недели проводят свадьбу;3;top;провести свадьбу
как провести свадьбу в римворлд;3;top;провести свадьбу
пожелать хорошо провести свадьбу;3;top;провести свадьбу
венчание когда проводят до свадьбы или после;3;top;провести свадьбу
как провести свадьбу вдвоем без гостей;3;top;провести свадьбу
провести свадьбу волгоград;3;top;провести свадьбу
провести свадьбу ярославль;3;top;провести свадьбу
как провести время на годовщину свадьбы;3;top;провести свадьбу
как провести золотую свадьбу самостоятельно;3;top;провести свадьбу
провести свадьбу самостоятельно без тамады;3;top;провести свадьбу
провести свадьбу самостоятельно без тамады сценарий;3;top;провести свадьбу | сценарий свадьбы
провести свадьбу самостоятельно сценарий;3;top;провести свадьбу | сценарий свадьбы
игры проводить свадьбу;3;top;провести свадьбу
провести свадьбу тюмень;3;top;провести свадьбу
как провести весело свадьбу без тамады сценарий;3;top;провести свадьбу | сценарий свадьбы
где можно провести 2 день свадьбы;3;top;провести свадьбу
как весело провести золотую свадьбу;3;top;провести свадьбу
что входит в организацию свадьбы;3;top;организация свадьбы
организация маленькой свадьбы;3;top;организация свадьбы | маленькая свадьба
организация свадьбы архангельск;3;top;организация свадьбы
организация свадьбы новокузнецк;3;top;организация свадьбы
организация свадьбы россия;3;top;организация свадьбы
список для организации свадьбы;3;top;организация свадьбы
курсы по организации свадеб;3;top;организация свадьбы
организация свадьбы калуга;3;top;организация свадьбы
чек лист по организации свадьбы;3;top;организация свадьбы
организации свадеб брянск;3;top;организация свадьбы
этапы организации свадьбы;3;top;организация свадьбы
организация фуршета на свадьбу;3;top;организация свадьбы
организация свадеб бали;3;top;организация свадьбы
организация обслуживания свадеб;3;top;организация свадьбы
особняк для свадьбы спб;3;top;особняк для свадьбы
аренда особняка для свадьбы;3;top;особняк для свадьбы
амазония шатер для свадьбы;3;top;шатер для свадьбы
шатер для свадьбы спб;3;top;шатер для свадьбы
шатер для свадьбы во владимире;3;top;шатер для свадьбы
коттеджи казани для свадьбы;3;top;коттедж для свадьбы
снять коттедж для проведения свадьбы;3;top;коттедж для свадьбы
коттедж с бассейном для свадьбы;3;top;коттедж для свадьбы
снять коттедж нижний новгород для свадьбы;3;top;коттедж для свадьбы
свадьба на теплоходе ульяновск;3;top;свадьба на теплоходе
идеи бутербродов для праздничного стола;3;assoc;банкетный зал с панорамными окнами
свадьба в лесу фото;3;top;свадьба в лесу
как называется свадьба в лесу;3;top;свадьба в лесу
свадьба в лесу 3 буквы;3;top;свадьба в лесу
свадьба в таврическом саду;3;top;свадьба в саду
украшения на крышу свадьбу;3;top;свадьба на крыше
свадьба в стеклянной оранжерее;3;top;свадьба в оранжерее
свадьба на природе ростов;3;top;свадьба на природе
свадьба на природе брянск;3;top;свадьба на природе
фотозона на свадьбу на природе;3;top;свадьба на природе
веранда свадьба на природе;3;top;свадьба на природе
порно свадьба на природе;3;top;свадьба на природе
сколько стоит свадьба на природе;3;top;свадьба на природе | сколько стоит свадьба
второй день свадьбы сценарий прикольный на природе;3;top;свадьба на природе | сценарий свадьбы
свадьба на природе челябинск;3;top;свадьба на природе
отпраздновать свадьбу на природе;3;top;свадьба на природе
идеи для свадьбы на 10 человек;3;top;свадьба на 10 человек | идеи для свадьбы
где отметить свадьбу на 20 человек;3;top;свадьба на 20 человек
расстановка столов на свадьбу на 20 человек;3;top;свадьба на 20 человек
стол на свадьбу на 20 человек;3;top;свадьба на 20 человек
сценарий свадьбы без тамады на 30 человек;3;top;свадьба на 30 человек | сценарий свадьбы
примерное меню на свадьбу на 30 человек;3;top;свадьба на 30 человек
калькулятор алкоголя на свадьбу 30 человек;3;top;свадьба на 30 человек
сколько алкоголя надо на свадьбу 30 человек;3;top;свадьба на 30 человек
что значит камерный стиль свадьбы;3;top;камерная свадьба | стили свадьбы
что нужно для камерной свадьбы;3;top;камерная свадьба
камерная свадьба сколько лет;3;top;камерная свадьба
камерная свадьба уфа;3;top;камерная свадьба
организатор камерной свадьбы;3;top;камерная свадьба
камерная свадьба это какая;3;top;камерная свадьба
развлечения для камерной свадьбы;3;top;камерная свадьба
камерная свадьба как организовать самому;3;top;камерная свадьба
камерная свадьба без конкурсов;3;top;камерная свадьба
конкурсы для камерной свадьбы без ведущего;3;top;камерная свадьба
сценарии для маленькой свадьбы без тамады;3;top;маленькая свадьба | сценарий свадьбы
сценарий маленькой свадьбы для тамады;3;top;маленькая свадьба | сценарий свадьбы
маленький тост на свадьбу брата;3;top;маленькая свадьба
самый маленький бюджет в 4 свадьбы;3;top;маленькая свадьба | бюджет свадьбы
свадьба маленький секс;3;top;маленькая свадьба
поздравление на свадьбу от маленькой девочки;3;top;маленькая свадьба
маленькая свадьба у азербайджанцев;3;top;маленькая свадьба
маленькая свадьба с родителями;3;top;маленькая свадьба
настольная игра для двоих на свадьбу;3;top;свадьба для двоих
свадьба для двоих как называется;3;top;свадьба для двоих
день свадьбы для двоих;3;top;свадьба для двоих
свадьба за границей для двоих;3;top;свадьба для двоих
свадьба за границей для двоих где лучше;3;top;свадьба для двоих
свадьба за городом краснодар;3;top;свадьба за городом
загородная свадьба тюмень;3;top;загородная свадьба
загородные клубы спб свадьба;3;top;загородная свадьба
загородная свадьба екатеринбург;3;top;загородная свадьба
полицейский с рублевки свадьба вероники;3;top;свадьба рублевка
песня со свадьбы полицейский с рублевки;3;top;свадьба рублевка
подарок молодоженам на свадьбу оригинальный прикольный недорогой;3;top;свадьба недорого
недорого отпраздновать свадьбу в узком кругу;3;top;свадьба недорого
отпраздновать свадьбу недорого и необычно;3;top;свадьба недорого
идеи недорогих подарков на серебряную свадьбу;3;top;свадьба недорого
оформление зала на свадьбу недорого;3;top;свадьба недорого | оформление свадьбы
что подарить знакомым на свадьбу недорого;3;top;свадьба недорого
букет невесты на свадьбу недорогой;3;top;свадьба недорого
где можно отпраздновать свадьбу недорого;3;top;свадьба недорого
заказать свадьбу под ключ;3;top;свадьба под ключ
свадьба под ключ томск;3;top;свадьба под ключ
свадьба под ключ калуга;3;top;свадьба под ключ
свадьба под ключ ростов на дону;3;top;свадьба под ключ
что входит в свадьбу под ключ;3;top;свадьба под ключ
свадьба под ключ владимир;3;top;свадьба под ключ
старый оскол свадьба под ключ;3;top;свадьба под ключ
свадьба под ключ ногинск;3;top;свадьба под ключ
свадьба под ключ саратов;3;top;свадьба под ключ
проведение свадеб под ключ;3;top;свадьба под ключ
петровский путевой дворец свадьба стоимость;3;top;стоимость свадьбы
свадьба на 60 человек стоимость;3;top;стоимость свадьбы
диджей на свадьбу стоимость;3;top;стоимость свадьбы | диджей на свадьбу
свадьба в новосибирске в феврале стоимость;3;top;стоимость свадьбы
стоимость свадьбы челябинск;3;top;стоимость свадьбы
фото свадьбы стоимость;3;top;стоимость свадьбы
стоимость украшений на свадьбу;3;top;стоимость свадьбы
голуби на свадьбу стоимость;3;top;стоимость свадьбы
стоимость банкетного зала на свадьбу;3;top;стоимость свадьбы
стоимость свадьбы нижний новгород;3;top;стоимость свадьбы
сколько стоит госпошлина на свадьбу 2026;3;top;сколько стоит свадьба
сколько стоит оформить свадьбу;3;top;сколько стоит свадьба
сколько стоит свадьба в белгороде;3;top;сколько стоит свадьба
сколько стоит свадьба в калуге;3;top;сколько стоит свадьба
сколько стоит пригласить мартина на свадьбу;3;top;сколько стоит свадьба
сколько стоит выступление лепса на свадьбе;3;top;сколько стоит свадьба
сколько стоит сделать свадьбу в 2026 году;3;top;сколько стоит свадьба
сколько стоит пригласить чумакова на свадьбу;3;top;сколько стоит свадьба
сколько стоит украсить зал на свадьбу;3;top;сколько стоит свадьба
сколько стоит выступление егора крида на свадьбе;3;top;сколько стоит свадьба
сколько стоит бюджетная свадьба в москве;3;top;сколько стоит свадьба
сколько стоит позвать на свадьбу мурата тхагалегова;3;top;сколько стоит свадьба
сколько стоит пригласить диму билана на свадьбу;3;top;сколько стоит свадьба
сколько стоит сыграть свадьбу в тамбове;3;top;сколько стоит свадьба
сколько стоит элджей на свадьбу;3;top;сколько стоит свадьба
сколько стоит выездная регистрация свадьбы;3;top;сколько стоит свадьба | выездная регистрация
сколько стоит стас михайлов на свадьбу;3;top;сколько стоит свадьба
сколько стоит лсп на свадьбу;3;top;сколько стоит свадьба
сколько стоит позвать лсп на свадьбу;3;top;сколько стоит свадьба
сколько стоит пригласительный на свадьбу;3;top;сколько стоит свадьба
сколько стоит свадьба в италии;3;top;сколько стоит свадьба
сколько стоит свадьба в омске;3;top;сколько стоит свадьба
сколько стоит заказать басту на свадьбу;3;top;сколько стоит свадьба
сколько стоит пригласить the hatters на свадьбу;3;top;сколько стоит свадьба
сколько стоит фотограф и видеограф на свадьбу;3;top;сколько стоит свадьба | фотограф на свадьбу | видеограф на свадьбу
сколько стоит президиум на свадьбу;3;top;сколько стоит свадьба
сколько стоит покатать свадьбу;3;top;сколько стоит свадьба
сколько стоит заказать сатира на свадьбу;3;top;сколько стоит свадьба
сколько стоит цветной дым на свадьбу;3;top;сколько стоит свадьба
сколько стоит позвать сатира на свадьбу;3;top;сколько стоит свадьба
сколько стоит букет на свадьбу;3;top;сколько стоит свадьба
сколько стоит заказать голубей на свадьбу;3;top;сколько стоит свадьба
сколько стоит пригласить рианну на свадьбу;3;top;сколько стоит свадьба
сколько стоят услуги фотографа на свадьбу;3;top;сколько стоит свадьба | фотограф на свадьбу
сколько стоит позвать игнатия винтурова на свадьбу;3;top;сколько стоит свадьба
сколько стоит макан на свадьбу;3;top;сколько стоит свадьба
сколько стоит позвать макана на свадьбу;3;top;сколько стоит свадьба
сколько стоит свадьба в чечне;3;top;сколько стоит свадьба
сколько стоит павел воля на свадьбу;3;top;сколько стоит свадьба
сколько стоит забронировать ресторан на свадьбу;3;top;сколько стоит свадьба
сколько стоит свадьба в краснодаре;3;top;сколько стоит свадьба
сколько стоит пригласить сатира на свадьбу;3;top;сколько стоит свадьба
сколько стоит заказать звезду на свадьбу;3;top;сколько стоит свадьба
сколько стоит позвать гуфа на свадьбу;3;top;сколько стоит свадьба
сколько стоила свадьба бородиной;3;top;сколько стоит свадьба
сколько стоит тяжелый дым на свадьбу;3;top;сколько стоит свадьба
сколько стоит свадьба в крыму;3;top;сколько стоит свадьба
сколько стоит свадьба в ярославле;3;top;сколько стоит свадьба
сколько стоит нанять машину на свадьбу;3;top;сколько стоит свадьба
ведущий на свадьбу смоленск;3;top;ведущий на свадьбу
дорогой ведущий на свадьбу;3;top;ведущий на свадьбу
ведущий на свадьбу уфа;3;top;ведущий на свадьбу
вопросы для ведущего на свадьбу при встрече;3;top;ведущий на свадьбу
обязанности ведущего на свадьбе;3;top;ведущий на свадьбу
ведущий на свадьбу пермь;3;top;ведущий на свадьбу
два ведущих на свадьбу;3;top;ведущий на свадьбу
как выбрать ведущего на свадьбу советы;3;top;ведущий на свадьбу
трахнул ведущую на свадьбе;3;top;ведущий на свадьбу
ведущий на свадьбу новосибирск;3;top;ведущий на свадьбу
отзыв ведущему на свадьбе своими словами;3;top;ведущий на свадьбу
образ ведущей на свадьбу;3;top;ведущий на свадьбу
ведущий на свадьбу севастополь;3;top;ведущий на свадьбу
ведущий на свадьбу белгород;3;top;ведущий на свадьбу
ведущий 4 свадьбы на пятнице фото;3;top;ведущий на свадьбу
подарок ведущему на свадьбу;3;top;ведущий на свадьбу
нанять ведущего на свадьбу;3;top;ведущий на свадьбу
ведущий на свадьбе харламова;3;top;ведущий на свадьбу
ведущая на свадьбу звезда;3;top;ведущий на свадьбу
ведущий на свадьбу ульяновск;3;top;ведущий на свадьбу
ведущий на свадьбе андрей;3;top;ведущий на свадьбу
ведущая на свадьбу татьяна;3;top;ведущий на свадьбу
ведущие на свадьбу г;3;top;ведущий на свадьбу
антон антонов ведущий на свадьбу;3;top;ведущий на свадьбу
ведущий на свадьбу антон;3;top;ведущий на свадьбу
форум ведущих на свадьбе;3;top;ведущий на свадьбу
пожелания ведущему на свадьбу;3;top;ведущий на свадьбу
ведущий на свадьбу егорьевск;3;top;ведущий на свадьбу
ведущий на свадьбу ярославль;3;top;ведущий на свадьбу
сколько фотографов нужно на свадьбу;3;top;фотограф на свадьбу
фотограф на свадьбе иды галич;3;top;фотограф на свадьбу
договор фотографа на свадьбу образец;3;top;фотограф на свадьбу
договор для фотографа на свадьбу;3;top;фотограф на свадьбу
ищу фотографа на свадьбу;3;top;фотограф на свадьбу
сколько зарабатывает фотограф на свадьбах;3;top;фотограф на свадьбу
пример свадебного декора;3;top;свадебный декор
свадебный декор из китая;3;top;свадебный декор
свадебный декор оптом;3;top;свадебный декор
аренда свадебного декора екатеринбург;3;top;свадебный декор
свадебный декор кружево;3;top;свадебный декор
вафельный декор на свадебный торт;3;top;свадебный декор | свадебный торт
декор свадебного стола для гостей;3;top;свадебный декор
свадебный декор своими руками для свадьбы;3;top;свадебный декор
декор свадебных бутылок своими руками;3;top;свадебный декор
свадебный декор шарами;3;top;свадебный декор
свадебный декор флористика;3;top;свадебный декор
торт свадебный 2026 декор;3;top;свадебный декор | свадебный торт
свадебный декор бохо;3;top;свадебный декор
оформление шампанского на свадьбу своими руками;3;top;оформление свадьбы
современные оформление свадьбы;3;top;оформление свадьбы
оформление потолка на свадьбу;3;top;оформление свадьбы
оформление свадеб вакансии;3;top;оформление свадьбы
оформление стола на свадьбу своими руками;3;top;оформление свадьбы
оформление беседки на свадьбу;3;top;оформление свадьбы
авито оформление свадеб;3;top;оформление свадьбы
оформление на хрустальную свадьбу;3;top;оформление свадьбы
оформление свадеб флористы;3;top;оформление свадьбы
услуги оформления свадеб;3;top;оформление свадьбы
оформление свадьбы 50 лет;3;top;оформление свадьбы
оформление серебряных свадеб;3;top;оформление свадьбы
оформление места жениха и невесты на свадьбу;3;top;оформление свадьбы
свадьба 90х оформление;3;top;оформление свадьбы
капкейки на свадьбу оформление фото;3;top;оформление свадьбы
оформление свадьбы белыми цветами;3;top;оформление свадьбы
оформление корзины на свадьбу;3;top;оформление свадьбы
оформление дома на свадьбу;3;top;оформление свадьбы
свадьба на улице оформление;3;top;оформление свадьбы
оформление свадеб цвета фото;3;top;оформление свадьбы
оформление свадеб цветами фото;3;top;оформление свадьбы
свадьба в стиле 90 х оформление;3;top;оформление свадьбы | стили свадьбы
оформление банкетного зала на свадьбу 2024;3;top;оформление свадьбы
оформление зоны молодоженов на свадьбу;3;top;оформление свадьбы
оформление свадьбы ижевск;3;top;оформление свадьбы
оформление стульев на свадьбу;3;top;оформление свадьбы
оформление шарами свадьбы цены;3;top;оформление свадьбы
свадебный организатор тверь;3;top;свадебный организатор
помощник свадебного организатора;3;top;свадебный организатор
обязанности свадебного организатора;3;top;свадебный организатор
свадебный организатор что входит в обязанности;3;top;свадебный организатор
свадебный организатор ижевск;3;top;свадебный организатор
свадебное агентство воронеж;3;top;свадебное агентство
март агентство свадебное;3;top;свадебное агентство
свадебное агентство самара;3;top;свадебное агентство
свадебное агентство иваново;3;top;свадебное агентство
феерик свадебное агентство;3;top;свадебное агентство
свадебное агентство прожектор;3;top;свадебное агентство
feerique свадебное агентство;3;top;свадебное агентство
уральские пельмени свадебное агентство дурова;3;top;свадебное агентство
свадебное агентство пермь;3;top;свадебное агентство
свадебное агентство момент;3;top;свадебное агентство
darcy свадебное агентство;3;top;свадебное агентство
нужен ли диджей на свадьбу;3;top;диджей на свадьбу
плейлист диджея на свадьбу;3;top;диджей на свадьбу
карточки для диджея на свадьбу;3;top;диджей на свадьбу
сколько получают диджеи на свадьбах;3;top;диджей на свадьбу
купить свадебный торт в санкт петербурге;3;top;свадебный торт
стих про свадебный торт;3;top;свадебный торт
торт свадебный в виде колец;3;top;свадебный торт
торт свадебный одноярусный украшенный;3;top;свадебный торт
свадебный торт 1.5 кг;3;top;свадебный торт
прямоугольный свадебный торт с живыми цветами;3;top;свадебный торт
свадебные торты сыктывкар;3;top;свадебный торт
свадебный торт лавандовый;3;top;свадебный торт
самый большой свадебный торт;3;top;свадебный торт
свадебные торты 2025;3;top;свадебный торт
к чему снится свадебный торт;3;top;свадебный торт
свадебный торт в стиле минимализм;3;top;свадебный торт
как украсить свадебный торт цветами;3;top;свадебный торт
свадебный торт на свадьбу купить;3;top;свадебный торт
свадебный торт омск;3;top;свадебный торт
свадебный торт с фальшярусом;3;top;свадебный торт
свадебный торт иркутск;3;top;свадебный торт
свадебный торт минимализм двухъярусный;3;top;свадебный торт
как сделать свадебный торт в симс 4;3;top;свадебный торт
классический свадебный торт;3;top;свадебный торт
идеи свадебного торта 2026;3;top;свадебный торт
свадебный торт екатеринбург;3;top;свадебный торт
футаж свадебный торт;3;top;свадебный торт
как выбрать свадебный торт в sims 4;3;top;свадебный торт
оформление прямоугольный торт свадебный;3;top;свадебный торт
свадебный торт один ярус фото;3;top;свадебный торт
белковые свадебные торты;3;top;свадебный торт
свадебный торт украшение кремом;3;top;свадебный торт
свадебный торт в русском стиле;3;top;свадебный торт
латвийский свадебный торт;3;top;свадебный торт
сколько весит свадебный торт на 50 человек;3;top;свадебный торт
отзыв на свадебный торт;3;top;свадебный торт
свадебный торт 4 яруса;3;top;свадебный торт
сколько стоит килограмм свадебного торта;3;top;свадебный торт
рецепт свадебного торта в домашних условиях;3;top;свадебный торт
свадебный одноярусный торт 2026 фото;3;top;свадебный торт
расчет свадебного торта на количество гостей;3;top;свадебный торт
горящий свадебный торт;3;top;свадебный торт
свадебный торт на 4 кг фото;3;top;свадебный торт
свадебный торт белый с бусинами;3;top;свадебный торт
сколько стоит 1 кг свадебного торта;3;top;свадебный торт
стоимость свадебного торта на 40 человек;3;top;свадебный торт
сколько весит свадебный торт на 30 человек;3;top;свадебный торт
торт полено свадебный;3;top;свадебный торт
сколько примерно стоит свадебный торт;3;top;свадебный торт
как разрезать свадебный торт в симс 4;3;top;свадебный торт
песня на вынос свадебного торта;3;top;свадебный торт
свадебный бенто торт на свадьбу;3;top;свадебный торт
свадебный торт на 25 человек сколько кг;3;top;свадебный торт
торт свадебный 25 кг;3;top;свадебный торт
свадебные торты питер;3;top;свадебный торт
цветок из вафельной бумаги на свадебный торт;3;top;свадебный торт
свадебный торт на английском;3;top;свадебный торт
свадебный торт на 35 человек;3;top;свадебный торт
вытянутый свадебные торты;3;top;свадебный торт
шикарные свадебные торты;3;top;свадебный торт
свадебный торт в виде сердца;3;top;свадебный торт
свадебный торт упал;3;top;свадебный торт
длинный свадебный торт с вафельной бумагой;3;top;свадебный торт
рецепт бисквита для свадебного торта;3;top;свадебный торт
фото украшение свадебного торта;3;top;свадебный торт
свадебный торт приколы;3;top;свадебный торт
аренда подставки для свадебного торта;3;top;свадебный торт
свадебный торт с голубями;3;top;свадебный торт
свадебные пирожные вместо торта;3;top;свадебный торт
свадебные торты на свадьбу 2026;3;top;свадебный торт
свадебный торт двухъярусный на заказ;3;top;свадебный торт
сколько стоит заказать свадебный торт;3;top;свадебный торт
фото свадебных тортов 3 ярусный;3;top;свадебный торт
визажист на свадьбу спб;3;top;визажист на свадьбу
услуги визажиста на свадьбу;3;top;визажист на свадьбу
как выглядит выездная регистрация;3;top;выездная регистрация
выездная регистрация брака в туле цена;3;top;выездная регистрация
выездная регистрация псков;3;top;выездная регистрация
выездная регистрация в нижнем;3;top;выездная регистрация
выездной осмотр автомобиля для регистрации;3;top;выездная регистрация
выездной осмотр автомобиля для регистрации в гибдд;3;top;выездная регистрация
свадьба без выездной регистрации;3;top;выездная регистрация
выездная регистрация астрахань;3;top;выездная регистрация
выездная регистрация как делать;3;top;выездная регистрация
выездная регистрация неофициальная;3;top;выездная регистрация
как делать выездную регистрацию брака;3;top;выездная регистрация
выездная регистрация брака рыбинск;3;top;выездная регистрация
выездная регистрация кострома;3;top;выездная регистрация
аренда арки для выездной регистрации;3;top;выездная регистрация
выездная регистрация без загса;3;top;выездная регистрация
что лучше выездная регистрация или загс;3;top;выездная регистрация
выездная регистрация старый оскол;3;top;выездная регистрация
фотозона для выездной регистрации;3;top;выездная регистрация
выездная регистрация брака ейск;3;top;выездная регистрация
выездная регистрация брака липецк;3;top;выездная регистрация
где сделать выездную регистрацию;3;top;выездная регистрация
можно ли зарегистрировать брак на выездной регистрации;3;top;выездная регистрация
как происходит выездная регистрация брака пошагово;3;top;выездная регистрация
салют на выездной регистрации;3;top;выездная регистрация
выход жениха на выездной регистрации музыка;3;top;выездная регистрация
выездная регистрация брака челябинск;3;top;выездная регистрация
сколько стоит выездная регистрация брака в челябинске;3;top;выездная регистрация
выездная регистрация брака владивосток;3;top;выездная регистрация
выездная регистрация владивосток;3;top;выездная регистрация
выездная регистрация сценарий для ведущего;3;top;выездная регистрация
где провести выездную регистрацию брака;3;top;выездная регистрация
цветной дым на выездную регистрацию;3;top;выездная регистрация
арка для выездной регистрации своими руками;3;top;выездная регистрация
выездная регистрация брака в спб;3;top;выездная регистрация
выездная регистрация брака геленджик;3;top;выездная регистрация
выездная регистрация геленджик;3;top;выездная регистрация
выездная регистрация загс цены;3;top;выездная регистрация
выездная регистрация своими руками;3;top;выездная регистрация
можно ли сделать выездную регистрацию официально;3;top;выездная регистрация
стоимость выездной регистрации загс;3;top;выездная регистрация
выездная регистрация брака на природе;3;top;выездная регистрация
банкетные залы с выездной регистрацией;3;top;выездная регистрация
банкетный зал с выездной регистрацией;3;top;выездная регистрация
можно ли расписаться на выездной регистрации;3;top;выездная регистрация
выездная регистрация питер;3;top;выездная регистрация
музыка для выездной регистрации скачать;3;top;выездная регистрация
оформление зоны выездной регистрации;3;top;выездная регистрация
выездная регистрация брака владикавказ;3;top;выездная регистрация
выездная регистрация владикавказ;3;top;выездная регистрация
сколько стоит выездная регистрация брака в екатеринбурге;3;top;выездная регистрация
выездная регистрация пушкин;3;top;выездная регистрация
чек лист подготовки к свадьбе по пунктам;3;top;чек лист подготовки к свадьбе
прикольный сценарий проведения свадьбы для тамады;3;top;сценарий свадьбы
сценарий шуточного юбилея свадьбы;3;top;сценарий свадьбы
свадебные сценарии для свадьбы;3;top;сценарий свадьбы
сценарий для золотой свадьбы для ведущего;3;top;сценарий свадьбы
скачать сценарий свадьбы с музыкой;3;top;сценарий свадьбы
выкуп на свадьбу прикольный сценарий дома;3;top;сценарий свадьбы
сценарий свадьбы дома современный;3;top;сценарий свадьбы
сценарий свадьбы коротко;3;top;сценарий свадьбы
сценарий на золотую свадьбу с конкурсами готовый;3;top;сценарий свадьбы
сценарий свадьбы летний;3;top;сценарий свадьбы
45 лет свадьбы сценарий прикольный;3;top;сценарий свадьбы
тамада сценарий свадьбы современный;3;top;сценарий свадьбы
сценарий коралловой свадьбы;3;top;сценарий свадьбы
пример сценария на свадьбу;3;top;сценарий свадьбы
свадьба сценарий проведения для ведущего;3;top;сценарий свадьбы
деревянная свадьба сценарий;3;top;сценарий свадьбы
сценарии свадьбы в современном стиле;3;top;сценарий свадьбы | стили свадьбы
сценарий свадьбы для ведущего с приколами;3;top;сценарий свадьбы
сценарий свадьбы с играми приколами;3;top;сценарий свадьбы
сценарий на 20 летие свадьбы;3;top;сценарий свадьбы
мальчик девочка сценарий на свадьбе;3;top;сценарий свадьбы
готовый сценарий свадьбы с музыкой;3;top;сценарий свадьбы
сценарий изумрудной свадьбы 55 лет;3;top;сценарий свадьбы
сценарий изумрудной свадьбы 55 лет совместной жизни;3;top;сценарий свадьбы
серпантин идей сценарий свадьбы;3;top;сценарий свадьбы
сценарий свадьбы серпантин;3;top;сценарий свадьбы
сценарий свадьбы 6 часов;3;top;сценарий свадьбы
сценарий годовщины свадьбы 50 лет;3;top;сценарий свадьбы
жемчужная свадьба сценарий в домашних;3;top;сценарий свадьбы
сценарий жемчужной свадьбы в домашних условиях;3;top;сценарий свадьбы
сценарий свадьбы самостоятельно без тамады;3;top;сценарий свадьбы
сценарий поздравления на свадьбу от друзей;3;top;сценарий свадьбы
свадьба в стиле 90 х сценарий конкурсы;3;top;сценарий свадьбы | стили свадьбы
сценарий свадьба в малиновке;3;top;сценарий свадьбы
необычные сценарии свадьбы;3;top;сценарий свадьбы
сценарий золотой свадьбы кругу семьи;3;top;сценарий свадьбы
красивый сценарий свадьбы;3;top;сценарий свадьбы
сценарий на 40 лет свадьбы;3;top;сценарий свадьбы
веселая свадьба без тамады сценарий;3;top;сценарий свадьбы
девичник свадьба сценарий;3;top;сценарий свадьбы
сценарий на золотую свадьбу родителям в домашних;3;top;сценарий свадьбы
сценарий годовщины свадьбы 5;3;top;сценарий свадьбы
сценарий на годовщину свадьбы 5 лет;3;top;сценарий свадьбы
сценарии свадьбы 20 лет прикольные;3;top;сценарий свадьбы
сценарий юбилея свадьбы 40;3;top;сценарий свадьбы
юбилей свадьбы 40 лет сценарий;3;top;сценарий свадьбы
сценарий проведения юбилея свадьбы;3;top;сценарий свадьбы
церемония свадьбы сценарий;3;top;сценарий свадьбы
сценарий на второй день свадьбы медсестры;3;top;сценарий свадьбы
сценарий на свадьбу со стороны невесты;3;top;сценарий свадьбы
сценарий свадьбы без родителей;3;top;сценарий свадьбы
сценарий юбилея свадьбы 5 лет;3;top;сценарий свадьбы
сценарный план мероприятия образец;3;assoc;сценарий свадьбы
удачные дни для свадьбы в сентябре;3;top;свадьба в сентябре
свадьба в сентябре приметы 2026;3;top;свадьба в сентябре
свадьбы в сентябре 2025;3;top;свадьба в сентябре
какой месяц самый лучший для свадьбы;3;top;лучший месяц для свадьбы
лучшие месяцы для свадьбы 2027;3;top;лучший месяц для свадьбы
лучший месяц для свадьбы в 2026 году;3;top;лучший месяц для свадьбы
идеи для празднования годовщины свадьбы;3;top;идеи для свадьбы
идея для маленькой свадьбы;3;top;идеи для свадьбы
идеи для годовщины свадьбы дома;3;top;идеи для свадьбы
идеи для свадьбы дома;3;top;идеи для свадьбы
идеи для тоста на свадьбу;3;top;идеи для свадьбы
креативные идеи для свадеб;3;top;идеи для свадьбы
идеи для поздравления с годовщиной свадьбы;3;top;идеи для свадьбы
идеи для свадьбы на природе;3;top;идеи для свадьбы
идеи для небольшой свадьбы;3;top;идеи для свадьбы
современные идеи для конкурсов на свадьбу;3;top;идеи для свадьбы
современные идеи для свадьбы;3;top;идеи для свадьбы
второй день свадьбы в деревенском стиле;3;top;стили свадьбы
образы на свадьбу в стиле бохо;3;top;стили свадьбы | свадьба в стиле бохо
свадьба в стиле лав из;3;top;стили свадьбы
свадьба в венецианском стиле;3;top;стили свадьбы
свадьба в римском стиле;3;top;стили свадьбы
свадьба в итальянском стиле с лимонами;3;top;стили свадьбы
торт в русском стиле на свадьбу;3;top;стили свадьбы
свадьба в красно белом стиле;3;top;стили свадьбы
свадьба в изумрудном стиле;3;top;стили свадьбы
свадьба в стиле днд;3;top;стили свадьбы
свадьба в руском народном стиле;3;top;стили свадьбы
описание стилей свадьбы;3;top;стили свадьбы
свадьба в стиле 60 х годов;3;top;стили свадьбы
стиль 60 свадьбы;3;top;стили свадьбы
свадьба в дворянском стиле;3;top;стили свадьбы
поздравление с днем свадьбы в стиле 90х;3;top;стили свадьбы
свадьба в стиле великий гэтсби;3;top;стили свадьбы
четыре свадьбы свадьба в тюремном стиле 2026;3;top;стили свадьбы
4 свадьбы в осеннем стиле;3;top;стили свадьбы
богемный стиль свадьбы;3;top;стили свадьбы
свадьба в стиле 70;3;top;стили свадьбы
свадьба в стиле 90 х vs квадросвадьба;3;top;стили свадьбы
свадьбы в стиле сказок русских;3;top;стили свадьбы
гламурный стиль свадьбы;3;top;стили свадьбы
свадьба в черном стиле гости фото;3;top;стили свадьбы
поздравление молодоженам на свадьбу в русском стиле;3;top;стили свадьбы
4 свадьбы в стиле рустик и горько;3;top;стили свадьбы | свадьба в стиле рустик
проведение свадьбы в русском стиле;3;top;стили свадьбы
свадьба в русском стиле декор;3;top;стили свадьбы
свадьба в итальянском стиле одежда для гостей;3;top;стили свадьбы
стиль 90х женский на свадьбу;3;top;стили свадьбы
какой выбрать стиль свадьбы;3;top;стили свадьбы
свадьба в стиле острые козырьки фото;3;top;стили свадьбы
образ на свадьбу в русском стиле;3;top;стили свадьбы
европейский стиль одежды на свадьбу;3;top;стили свадьбы
четыре свадьбы 3 сезон пляжный стиль;3;top;стили свадьбы
свадьба в русском стиле меню;3;top;стили свадьбы
свадьба в стиле тотал блэк;3;top;стили свадьбы
свадьба в чувашском стиле;3;top;стили свадьбы
свадьба в стиле вестерн;3;top;стили свадьбы
свадьба иды галич в стиле горько;3;top;стили свадьбы
свадьба в стиле викингов фото;3;top;стили свадьбы
свадьба в современном стиле традиции;3;top;стили свадьбы
свадьба в вампирском стиле 4 свадьбы;3;top;стили свадьбы
свадьба в стиле деревня дураков;3;top;стили свадьбы
4 свадьбы свадьба в русском стиле;3;top;стили свадьбы
костюмы на свадьбу в русском стиле;3;top;стили свадьбы
свадьба в стиле бриджертонов;3;top;стили свадьбы
четыре свадьбы в стиле урбан шик;3;top;стили свадьбы
природный стиль свадьбы;3;top;стили свадьбы
свадьба в сицилийском стиле;3;top;стили свадьбы
деревенская свадьба в стиле 90;3;top;стили свадьбы
4 свадьбы в стиле бохо;3;top;стили свадьбы | свадьба в стиле бохо
свадьба в дагестанском стиле;3;top;стили свадьбы
свадьба в стиле гранж;3;top;стили свадьбы
стиль свадьбы бордо;3;top;стили свадьбы
свадьба в стиле рапунцель;3;top;стили свадьбы
свадьба в стиле вдв;3;top;стили свадьбы
4 свадьбы деревенский стиль;3;top;стили свадьбы
рустикальный стиль свадьбы;3;top;стили свадьбы
свадьба в стиле 80 годов;3;top;стили свадьбы
свадьба в русском стиле что одеть;3;top;стили свадьбы
свадьба в стиле 18 века;3;top;стили свадьбы
смотреть четыре свадьбы в греческом стиле;3;top;стили свадьбы
план рассадки гостей на свадьбе шаблон пустой;3;top;рассадка гостей на свадьбе
план рассадки гостей на свадьбе своими руками;3;top;рассадка гостей на свадьбе
дизайн рассадки гостей на свадьбе;3;top;рассадка гостей на свадьбе
как сделать рассадку гостей на свадьбе шаблон;3;top;рассадка гостей на свадьбе
план рассадки гостей на свадьбе шаблон онлайн;3;top;рассадка гостей на свадьбе
свадебные площадки екб;2;top;свадебная площадка
свадебные площадки кемерово;2;top;свадебная площадка
свадебные площадки красноярск;2;top;свадебная площадка
свадебные площадки минск;2;top;свадебная площадка
свадебные площадки таганрог;2;top;свадебная площадка
свадебные площадки иркутск;2;top;свадебная площадка
свадебные площадки саратов;2;top;свадебная площадка
свадебная площадка симс 4 бусти;2;top;свадебная площадка
свадебные площадки екатеринбург;2;top;свадебная площадка
свадебная площадка ульяновск;2;top;свадебная площадка
площадка для свадьбы особняк;2;top;площадка для свадьбы | особняк для свадьбы
площадки для свадеб крым;2;top;площадка для свадьбы
бюджетные площадки для свадьбы спб;2;top;площадка для свадьбы
загородные площадки для проведения свадьбы;2;top;площадка для свадьбы | загородная свадьба
площадка для свадеб липецк;2;top;площадка для свадьбы
площадка для свадьбы в калининграде;2;top;площадка для свадьбы
площадка для свадьбы ставрополь;2;top;площадка для свадьбы
площадки для свадьбы ленобласть;2;top;площадка для свадьбы
площадки йошкар олы для свадьбы;2;top;площадка для свадьбы
снять площадку москва для свадьбы;2;top;площадка для свадьбы
площадки для свадеб ростов;2;top;площадка для свадьбы
площадки для свадьбы петергоф;2;top;площадка для свадьбы
площадки для свадьбы пенза;2;top;площадка для свадьбы
загородные площадки для свадьбы екатеринбург;2;top;площадка для свадьбы | загородная свадьба
какие вопросы задать площадке для свадьбы;2;top;площадка для свадьбы
лучшие площадки для свадьбы в нижнем новгороде;2;top;площадка для свадьбы
места для проведения свадеб в нижегородской области;2;top;место для свадьбы
банкетное место для свадьбы;2;top;место для свадьбы
место для проведения свадьбы спб;2;top;место для свадьбы
места для свадьбы в липецке;2;top;место для свадьбы
место для свадьбы в абрау дюрсо;2;top;место для свадьбы
место для свадьбы рязань;2;top;место для свадьбы
лучшие места для свадьбы в симс 4;2;top;место для свадьбы
места для проведения свадеб казань;2;top;место для свадьбы
места для свадьбы казань;2;top;место для свадьбы
места для проведения свадеб краснодар;2;top;место для свадьбы
места для свадьбы за городом;2;top;место для свадьбы
как называется место для свадьбы;2;top;место для свадьбы
где отметить 10 лет свадьбы;2;top;где отметить свадьбу
где отметить 15 лет свадьбы;2;top;где отметить свадьбу
где скромно отметить свадьбу;2;top;где отметить свадьбу
где отметить свадьбу в ижевске;2;top;где отметить свадьбу
где отметить свадьбу в крыму;2;top;где отметить свадьбу
где отметить свадьбу в курске;2;top;где отметить свадьбу
где отметить свадьбу в оренбурге;2;top;где отметить свадьбу
где отметить свадьбу ростов;2;top;где отметить свадьбу
где отметить свадьбу в великом новгороде;2;top;где отметить свадьбу
где отметить годовщину свадьбы в калининграде;2;top;где отметить свадьбу
где отметить свадьбу в брянске;2;top;где отметить свадьбу
где отметить свадьбу иваново;2;top;где отметить свадьбу
где отметить свадьбу в балаково;2;top;где отметить свадьбу
где отметить свадьбу за городом;2;top;где отметить свадьбу | свадьба за городом
где отметить свадьбу с друзьями;2;top;где отметить свадьбу
где отметить свадьбу в луганске;2;top;где отметить свадьбу
банкетные залы новороссийск для свадьбы;2;top;банкетный зал для свадьбы
банкетный зал новороссийск для свадеб;2;top;банкетный зал для свадьбы
банкетные залы псков для свадьбы;2;top;банкетный зал для свадьбы
банкетный зал псков для свадьбы;2;top;банкетный зал для свадьбы
банкетные залы томска для свадьбы;2;top;банкетный зал для свадьбы
банкетный зал для свадьбы томск;2;top;банкетный зал для свадьбы
банкетные залы для небольшой свадьбы;2;top;банкетный зал для свадьбы
небольшой банкетный зал для свадьбы;2;top;банкетный зал для свадьбы
банкетные залы кемерово для свадьбы;2;top;банкетный зал для свадьбы
банкетный зал в грозном для свадьбы;2;top;банкетный зал для свадьбы
банкетный зал для свадьбы кафе;2;top;банкетный зал для свадьбы
банкетный зал для свадьбы кемерово;2;top;банкетный зал для свадьбы
кафе банкетные залы для свадеб;2;top;банкетный зал для свадьбы
банкетные залы в саратове для свадьбы;2;top;банкетный зал для свадьбы
банкетный зал для свадьбы саратов;2;top;банкетный зал для свадьбы
банкетные залы в омске для свадьбы;2;top;банкетный зал для свадьбы
банкетные залы для свадьбы владимир;2;top;банкетный зал для свадьбы
банкетный зал для свадьбы владимир;2;top;банкетный зал для свадьбы
банкетный зал для свадьбы в пензе;2;top;банкетный зал для свадьбы
банкетные залы новосибирска для свадьбы;2;top;банкетный зал для свадьбы
банкетный зал для свадьбы новосибирск;2;top;банкетный зал для свадьбы
банкетные залы для свадьбы ростов на дону;2;top;банкетный зал для свадьбы
банкетный зал для свадьбы ростов на дону;2;top;банкетный зал для свадьбы
банкетные залы астрахани для свадьбы;2;top;банкетный зал для свадьбы
банкетный зал для свадьбы астрахань;2;top;банкетный зал для свадьбы
лучшие банкетные залы москвы для свадьбы;2;top;банкетный зал для свадьбы | банкетный зал москва свадьба
банкетный зал вологда для свадьбы;2;top;банкетный зал для свадьбы
вологда банкетные залы для свадьбы;2;top;банкетный зал для свадьбы
майкоп рестораны для свадьбы;2;top;ресторан для свадьбы
снять ресторан для свадьбы воронеж цпрв;2;top;ресторан для свадьбы
ресторан для свадьбы иркутск;2;top;ресторан для свадьбы
ресторан для свадьбы тюмень;2;top;ресторан для свадьбы
рестораны для свадеб махачкала;2;top;ресторан для свадьбы
какой ресторан выбрать для свадьбы;2;top;ресторан для свадьбы
рестораны во владимире для свадьбы;2;top;ресторан для свадьбы
рестораны для свадьбы спб с панорамным видом;2;top;ресторан для свадьбы
ресторан для свадьбы томск;2;top;ресторан для свадьбы
ресторан для свадьбы в туле;2;top;ресторан для свадьбы
аренда зала для свадьбы воронеж;2;top;аренда зала для свадьбы
свадебный банкет калининград;2;top;свадебный банкет
свадебный банкет челябинск;2;top;свадебный банкет
свадебный банкет санкт петербург;2;top;свадебный банкет
свадебный банкет тверь;2;top;свадебный банкет
свадебный банкет блюда;2;top;свадебный банкет
свадебный банкет the wedding banquet 2025;2;top;свадебный банкет
свадебные традиции на банкете;2;top;свадебный банкет
план свадебного банкета;2;top;свадебный банкет
свадебный банкет кейтеринг;2;top;свадебный банкет
где провести свадьбу в белгороде;2;top;провести свадьбу
где провести свадьбу в калужской области;2;top;провести свадьбу
золушка проводи меня на свадьбу марисса мейер;2;top;провести свадьбу
как провести день свадьбы без тамады;2;top;провести свадьбу
как называется место где проводят свадьбу;2;top;провести свадьбу
где провести свадьбу киров;2;top;провести свадьбу
провести свадьбу киров;2;top;провести свадьбу
где провести свадьбу в воронеже;2;top;провести свадьбу
провести свадьбу в сочи;2;top;провести свадьбу
сколько стоит провести свадьбу в иркутске;2;top;провести свадьбу | сколько стоит свадьба
где провести свадьбу в челябинске;2;top;провести свадьбу
провести свадьбу челябинск;2;top;провести свадьбу
где провести свадьбу в коломне;2;top;провести свадьбу
как проводят современные свадьбы;2;top;провести свадьбу
как провести небольшую свадьбу;2;top;провести свадьбу
где можно провести свадьбу в симс 4;2;top;провести свадьбу
свадьба в кругу семьи как провести;2;top;провести свадьбу
где проводила свадьбу ида галич;2;top;провести свадьбу
идеи как провести годовщину свадьбы;2;top;провести свадьбу
как бюджетно провести свадьбу;2;top;провести свадьбу
как провести камерную свадьбу;2;top;провести свадьбу | камерная свадьба
как провести камерную свадьбу без ведущего;2;top;провести свадьбу | камерная свадьба
сколько стоит провести свадьбу в 2026 году;2;top;провести свадьбу | сколько стоит свадьба
где проводить свадьбу в питере;2;top;провести свадьбу
кто проводит свадьбу в загсе;2;top;провести свадьбу
провести свадьбу краснодар;2;top;провести свадьбу
где провести свадьбу в спб;2;top;провести свадьбу
провести свадьбу спб;2;top;провести свадьбу
как интересно провести годовщину свадьбы;2;top;провести свадьбу
где провести свадьбу владивосток;2;top;провести свадьбу
где провести свадьбу омск;2;top;провести свадьбу
где провести свадьбу ярославль;2;top;провести свадьбу
как провести годовщину свадьбы 10 лет;2;top;провести свадьбу
где провести свадьбу в тамбове;2;top;провести свадьбу
дом провести свадьба тамада;2;top;провести свадьбу
как провести свадьбу без тамады дома;2;top;провести свадьбу
где провести свадьбу в волгограде;2;top;провести свадьбу
как провести мероприятие золотая свадьба;2;top;провести свадьбу
за сколько дней до свадьбы проводят девичник;2;top;провести свадьбу
где можно провести годовщину свадьбы вдвоем;2;top;провести свадьбу
как провести свадьбу в симс 3;2;top;провести свадьбу
самара провести свадьбу;2;top;провести свадьбу
слова как провести свадьба;2;top;провести свадьбу
организацией свадеб минск;2;top;организация свадьбы
организация свадеб армавир;2;top;организация свадьбы
организация мини свадьбы;2;top;организация свадьбы
организация свадьбы самара;2;top;организация свадьбы
организация свадеб тверь;2;top;организация свадьбы
организация свадьбы новосибирск;2;top;организация свадьбы
организация свадеб липецк;2;top;организация свадьбы
варианты организации свадьбы;2;top;организация свадьбы
организация свадьбы калининград;2;top;организация свадьбы
организация свадьбы омск;2;top;организация свадьбы
организация свадьбы челябинск;2;top;организация свадьбы
список дел для организации свадьбы;2;top;организация свадьбы
организация свадеб вологда;2;top;организация свадьбы
свадьба как в сумерках организация;2;top;организация свадьбы
организации идеальной свадьбы;2;top;организация свадьбы
организация свадьбы сочи;2;top;организация свадьбы
организация свадеб тула;2;top;организация свадьбы
как проходит организация свадьбы;2;top;организация свадьбы
организация свадьбы онлайн;2;top;организация свадьбы
марина кравец организация свадьбы;2;top;организация свадьбы
организация свадьбы казань;2;top;организация свадьбы
ростов работа организация свадеб;2;top;организация свадьбы
усадьбы для свадеб беларусь;2;top;усадьба для свадьбы
шатер для свадьбы пенза;2;top;шатер для свадьбы
свадебный шатер купить для проведения свадеб;2;top;шатер для свадьбы
шатер для свадьбы волгоград;2;top;шатер для свадьбы
шатер для свадьбы казань;2;top;шатер для свадьбы
дом коттедж для свадьбы;2;top;коттедж для свадьбы
снять коттедж для свадьбы новосибирск;2;top;коттедж для свадьбы
сниму коттедж посуточно для свадьбы;2;top;коттедж для свадьбы
свадьба на теплоходе в санкт петербурге;2;top;свадьба на теплоходе
свадьба на теплоходе петербург;2;top;свадьба на теплоходе
казань свадьба в лесу;2;top;свадьба в лесу
свадьба в оранжерее саду;2;top;свадьба в саду | свадьба в оранжерее
свадьба в оранжерее таврического сада;2;top;свадьба в саду | свадьба в оранжерее
какой сегодня праздник в доу;2;assoc;свадьба в саду
свадьба в таврической оранжерея;2;top;свадьба в оранжерее
свадьба на природе видео;2;top;свадьба на природе
свадьба на природе что приготовить на стол;2;top;свадьба на природе
стиль свадьбы на природе;2;top;свадьба на природе | стили свадьбы
арка на свадьбу на природе;2;top;свадьба на природе
салат на свадьбу на природе;2;top;свадьба на природе
конкурсы на второй день свадьбы на природе;2;top;свадьба на природе
свадьба на природе барнаул;2;top;свадьба на природе
конкурсы на природе на годовщину свадьбы;2;top;свадьба на природе
свадьба на природе ярославль;2;top;свадьба на природе
сценарий свадьбы без тамады на природе;2;top;свадьба на природе | сценарий свадьбы
свадьба на природе пинтерест;2;top;свадьба на природе
свадьба на природе волгоград;2;top;свадьба на природе
свадьба на природе ижевск;2;top;свадьба на природе
маленькая свадьба на природе;2;top;свадьба на природе | маленькая свадьба
где отпраздновать свадьбу на природе;2;top;свадьба на природе
свадьба на 10 человек как организовать;2;top;свадьба на 10 человек
банкетный залы на 10 человек свадьба;2;top;свадьба на 10 человек
свадьба на 10 человек спб;2;top;свадьба на 10 человек
банкетное меню на свадьбу на 20 человек;2;top;свадьба на 20 человек
бюджетная свадьба на 20 человек;2;top;свадьба на 20 человек
расчет алкоголя на свадьбу 30 человек;2;top;свадьба на 30 человек
расчет свадьбы на 30 человек;2;top;свадьба на 30 человек
расстановка столов на свадьбу на 30 человек;2;top;свадьба на 30 человек
свадьба без ведущего на 30 человек;2;top;свадьба на 30 человек | ведущий на свадьбу
средняя стоимость свадьбы на 50 человек;2;top;свадьба на 50 человек | стоимость свадьбы
кафе на свадьбу 50 человек;2;top;свадьба на 50 человек
меню на свадьбу на 100 человек;2;top;свадьба на 100 человек
камерная свадьба пермь;2;top;камерная свадьба
камерная свадьба ростов на дону;2;top;камерная свадьба
четыре свадьбы сказочная и камерная;2;top;камерная свадьба
камерная свадьба 2026;2;top;камерная свадьба
камерная свадьба до скольки человек;2;top;камерная свадьба
камерная свадьба екатеринбург;2;top;камерная свадьба
где отпраздновать камерную свадьбу;2;top;камерная свадьба
камерная свадьба концепция;2;top;камерная свадьба
камерная свадьба омск;2;top;камерная свадьба
как понять камерная свадьба;2;top;камерная свадьба
камерная свадьба почему так называется;2;top;камерная свадьба
оформление камерной свадьбы;2;top;камерная свадьба | оформление свадьбы
поздравление своими словами на свадьбу маленькое;2;top;маленькая свадьба
четыре свадьбы самый маленький бюджет;2;top;маленькая свадьба | бюджет свадьбы
танец маленьких утят на свадьбе;2;top;маленькая свадьба
тост на свадьбу сестре маленький;2;top;маленькая свадьба
поздравление на свадьбу от маленькой сестры;2;top;маленькая свадьба
маленькие мальчики на свадьбе;2;top;маленькая свадьба
что подарить маленьким детям на свадьбу;2;top;маленькая свадьба
конкурсы для маленькой компании свадьбы дома;2;top;маленькая свадьба
конкурсы для маленькой свадьбы без тамады;2;top;маленькая свадьба
маленькая свадьба спб;2;top;маленькая свадьба
маленькое кафе для маленькой свадьбы;2;top;маленькая свадьба
маленькая цыганская свадьба;2;top;маленькая свадьба
маленькая сестренка на свадьбе;2;top;маленькая свадьба
маленькое пожелание молодоженам на свадьбу;2;top;маленькая свадьба
сертификат на годовщину свадьбы для двоих липецк;2;top;свадьба для двоих
свадьба в джинсах и футболках для двоих;2;top;свадьба для двоих
свадьба для двоих спб;2;top;свадьба для двоих
деревянная свадьба картинки с поздравлением для двоих;2;top;свадьба для двоих
что подарить на свадьбу для двоих;2;top;свадьба для двоих
свадьба за городом воронеж;2;top;свадьба за городом
свадьба за городом с размещением;2;top;свадьба за городом
бюджетная свадьба в подмосковье под ключ;2;top;свадьба в подмосковье | свадьба под ключ
образ на годовщину свадьбы в загородном доме;2;top;загородная свадьба
загородная свадьба краснодар;2;top;загородная свадьба
ротонда тверь ресторан отзывы;2;assoc;свадьба новая рига
полицейский с рублевки свадьба ники какая серия;2;top;свадьба рублевка
серия полицейского с рублевки свадьба ники;2;top;свадьба рублевка
недорогой стол на свадьбу;2;top;свадьба недорого
свадьба воронеж недорого;2;top;свадьба недорого
свадьба воронеж недорого кафе;2;top;свадьба недорого
недорогая свадьба казань;2;top;свадьба недорого
видеограф на свадьбу недорого;2;top;свадьба недорого | видеограф на свадьбу
подарок на свадьбу коллеге от коллектива недорого;2;top;свадьба недорого
свадьба под ключ недорого цены;2;top;свадьба недорого | свадьба под ключ | свадьба под ключ цена
хорошее красное вино на свадьбу недорогое;2;top;свадьба недорого
недорогой подарок мужу на годовщину свадьбы;2;top;свадьба недорого
заказать кафе на свадьбу недорого;2;top;свадьба недорого
свадьба в екатеринбурге недорого;2;top;свадьба недорого
свадьба воронеж под ключ цена;2;top;свадьба под ключ | свадьба под ключ цена
свадьба под ключ в коттедже;2;top;свадьба под ключ
свадьба под ключ гомель;2;top;свадьба под ключ
свадьба под ключ нижний новгород цены;2;top;свадьба под ключ | свадьба под ключ цена
свадьба под ключ сургут;2;top;свадьба под ключ
свадьба под ключ кино;2;top;свадьба под ключ
свадьба под ключ пермь;2;top;свадьба под ключ
свадьба под ключ великий новгород;2;top;свадьба под ключ
свадьба под ключ орел;2;top;свадьба под ключ
фильм свадьба под ключ смотреть;2;top;свадьба под ключ
свадьба на мальдивах под ключ;2;top;свадьба под ключ
свадьба под ключ екатеринбург цена;2;top;свадьба под ключ | свадьба под ключ цена
свадьба под ключ екатеринбург цена проекты;2;top;свадьба под ключ | свадьба под ключ цена
свадьба под ключ ставрополь;2;top;свадьба под ключ
свадьба под ключ саранск;2;top;свадьба под ключ
средняя стоимость декора на свадьбу;2;top;стоимость свадьбы
стоимость банкета на свадьбу на 1 человека;2;top;стоимость свадьбы
замок бип свадьба стоимость;2;top;стоимость свадьбы
стоимость свадьбы в санкт петербурге;2;top;стоимость свадьбы
гос пошлина загс свадьба стоимость;2;top;стоимость свадьбы
гос пошлина загс свадьба стоимость 2026;2;top;стоимость свадьбы
рассчитать стоимость свадьбы калькулятор;2;top;стоимость свадьбы
свадьба в гатчинском дворце стоимость;2;top;стоимость свадьбы
константиновский дворец свадьба стоимость;2;top;стоимость свадьбы
свадьба в армении стоимость;2;top;стоимость свадьбы
юсуповский дворец фотосессия свадьба стоимость;2;top;стоимость свадьбы
стоимость бюджетной свадьбы;2;top;стоимость свадьбы
свадьба 40 человек стоимость;2;top;стоимость свадьбы
свадьба екатеринбург стоимость;2;top;стоимость свадьбы
оформление свадеб стоимость;2;top;стоимость свадьбы | оформление свадьбы
сколько стоят услуги ведущего на свадьбу;2;top;сколько стоит свадьба | ведущий на свадьбу
сколько стоит отметить свадьбу в кафе;2;top;сколько стоит свадьба
сколько стоит выступление клавы коки на свадьбе;2;top;сколько стоит свадьба
сколько стоит свадьба в иркутске;2;top;сколько стоит свадьба
сколько стоит азамат мусагалиев на свадьбу;2;top;сколько стоит свадьба
сколько стоит биштов на свадьбу;2;top;сколько стоит свадьба
сколько стоит играть свадьбу;2;top;сколько стоит свадьба
сколько стоит заказать егора крида на свадьбу;2;top;сколько стоит свадьба
сколько стоит позвать на свадьбу ваню дмитриенко;2;top;сколько стоит свадьба
сколько стоит выступление лазарева на свадьбе;2;top;сколько стоит свадьба
сколько стоит замена документов после свадьбы;2;top;сколько стоит свадьба
сколько стоит кравц на свадьбу;2;top;сколько стоит свадьба
сколько стоит позвать анну асти на свадьбу;2;top;сколько стоит свадьба
сколько стоит позвать баскова на свадьбу;2;top;сколько стоит свадьба
сколько стоит позвать тимати на свадьбу;2;top;сколько стоит свадьба
сколько стоит свадьба пермь;2;top;сколько стоит свадьба
сколько стоит заказать иванушек интернешнл на свадьбу;2;top;сколько стоит свадьба
сколько стоит нанять фотографа на свадьбу;2;top;сколько стоит свадьба | фотограф на свадьбу
сколько стоит заказать лепса на свадьбу;2;top;сколько стоит свадьба
сколько стоит кусок торта на свадьбе;2;top;сколько стоит свадьба
сколько стоит пригласить мари краймбрери на свадьбу;2;top;сколько стоит свадьба
сколько стоит свадьба в осетии;2;top;сколько стоит свадьба
сколько стоит позвать лепса на свадьбу;2;top;сколько стоит свадьба
сколько стоит заказать лазарева на свадьбу;2;top;сколько стоит свадьба
сколько стоит свадьба в уфе;2;top;сколько стоит свадьба
патимат расулова сколько стоит выступление на свадьбе;2;top;сколько стоит свадьба
сколько стоила свадьба тейлор свифт;2;top;сколько стоит свадьба
сколько стоят услуги декоратора на свадьбу;2;top;сколько стоит свадьба
сколько стоит свадьба в питере;2;top;сколько стоит свадьба
сколько стоит пригласить кристину на свадьбу;2;top;сколько стоит свадьба
сколько стоит федук на свадьбу;2;top;сколько стоит свадьба
сколько стоят белые голуби на свадьбу;2;top;сколько стоит свадьба
сколько стоит икона для свадьбы;2;top;сколько стоит свадьба
сколько денег стоит дарить на свадьбу;2;top;сколько стоит свадьба
сколько стоят музыканты на свадьбу;2;top;сколько стоит свадьба
сколько стоит заказать акмаля на свадьбу;2;top;сколько стоит свадьба
сколько стоит арендовать ресторан на свадьбу;2;top;сколько стоит свадьба
сколько стоит оформление зала на свадьбу;2;top;сколько стоит свадьба | оформление свадьбы
сколько стоит поменять паспорт после свадьбы;2;top;сколько стоит свадьба
сколько в среднем стоит организовать свадьбу;2;top;сколько стоит свадьба
сколько стоит дешевая свадьба;2;top;сколько стоит свадьба
сколько стоит заказать гуфа на свадьбу;2;top;сколько стоит свадьба
сколько стоит пригласить клаву коку на свадьбу;2;top;сколько стоит свадьба
сколько стоит свадьба в липецке;2;top;сколько стоит свадьба
сколько стоит свадьба покров и бабич;2;top;сколько стоит свадьба
сколько стоит пригласить гуфа на свадьбу;2;top;сколько стоит свадьба
сколько стоит пригласить иванушек интернешнл на свадьбу;2;top;сколько стоит свадьба
сколько стоит свадьба в курске;2;top;сколько стоит свадьба
сколько стоит пригласить лазарева на свадьбу;2;top;сколько стоит свадьба
сколько стоит свадьба в чебоксарах;2;top;сколько стоит свадьба
свадьба с фуршетом без банкета;2;top;свадьба без банкета
свадьба без банкета только загс;2;top;свадьба без банкета
табу для ведущего на свадьбе;2;top;ведущий на свадьбу
ведущий на свадьбу донецк;2;top;ведущий на свадьбу
ведущий на свадьбу рыбинск;2;top;ведущий на свадьбу
тост за любовь на свадьбе от ведущего;2;top;ведущий на свадьбу
тост за гостей на свадьбе от ведущего;2;top;ведущий на свадьбу
нагиев ведущий на свадьбу цена;2;top;ведущий на свадьбу
на сколько часов брать ведущего на свадьбу;2;top;ведущий на свадьбу
сколько берет ведущий на свадьбу;2;top;ведущий на свадьбу
сколько берут ведущие на свадьбу;2;top;ведущий на свадьбу
ведущий и диджей на свадьбу спб;2;top;ведущий на свадьбу | диджей на свадьбу
ведущий на свадьбу мичуринск;2;top;ведущий на свадьбу
ведущий на свадьбу омск;2;top;ведущий на свадьбу
ведущий на свадьбу павел;2;top;ведущий на свадьбу
ведущий на свадьбу тульская область;2;top;ведущий на свадьбу
ведущий на свадьбу череповец;2;top;ведущий на свадьбу
илья сатир ведущий на свадьбу цена;2;top;ведущий на свадьбу
роль для ведущего на свадьбе сценарий;2;top;ведущий на свадьбу | сценарий свадьбы
сатир ведущий на свадьбу цена;2;top;ведущий на свадьбу
ведущий на свадьбу корпоратив праздник;2;top;ведущий на свадьбу
ведущие на свадьбу йошкар ола;2;top;ведущий на свадьбу
ведущий на христианскую свадьбу;2;top;ведущий на свадьбу
ведущая на свадьбу ольга;2;top;ведущий на свадьбу
илья соболев ведущий на свадьбу;2;top;ведущий на свадьбу
ведущий на золотую свадьбу;2;top;ведущий на свадьбу
звездный ведущий на свадьбу;2;top;ведущий на свадьбу
прикольная ведущая на свадьбе;2;top;ведущий на свадьбу
фон для ведущих на свадьбу;2;top;ведущий на свадьбу
александр касаткин ведущий на свадьбу цена;2;top;ведущий на свадьбу
ведущий на свадьбу иркутск;2;top;ведущий на свадьбу
ведущий на свадьбу минск;2;top;ведущий на свадьбу
зажигание семейного очага на свадьбе слова ведущего;2;top;ведущий на свадьбу
отбивки на свадьбу для ведущего;2;top;ведущий на свадьбу
ведущий на свадьбу луганск;2;top;ведущий на свадьбу
тост за молодых на свадьбе от ведущего;2;top;ведущий на свадьбу
в сальске ведущие на свадьбу;2;top;ведущий на свадьбу
первый танец молодых на свадьбе слова ведущего;2;top;ведущий на свадьбу
описание гостей для ведущего на свадьбу;2;top;ведущий на свадьбу
описание гостей на свадьбу для ведущего примеры;2;top;ведущий на свадьбу
ведущий на свадьбу красноярск;2;top;ведущий на свадьбу
торт на свадьбе слова ведущего;2;top;ведущий на свадьбу
как написать ведущему на свадьбу правильно;2;top;ведущий на свадьбу
ведущий на свадьбу артем;2;top;ведущий на свадьбу
ведущий на свадьбу пенза цена;2;top;ведущий на свадьбу
фотографа отказались кормить на свадьбе;2;top;фотограф на свадьбу
фотограф на свадьбу тюмень;2;top;фотограф на свадьбу
фотограф на свадьбу тула;2;top;фотограф на свадьбу
фотограф на свадьбу тверь;2;top;фотограф на свадьбу
слова благодарности фотографу на свадьбе;2;top;фотограф на свадьбу
фотограф и оператор на свадьбу;2;top;фотограф на свадьбу
на сколько часов нужен фотограф на свадьбу;2;top;фотограф на свадьбу
отзыв фотографу на свадьбе своими словами;2;top;фотограф на свадьбу
фотограф на свадьбу питер;2;top;фотограф на свадьбу
как одеться фотографу на свадьбу;2;top;фотограф на свадьбу
фотограф трахнул невесту на свадьбе;2;top;фотограф на свадьбу
нужно ли кормить фотографа на свадьбе;2;top;фотограф на свадьбу
фотограф на свадьбу спб;2;top;фотограф на свадьбу
фотограф и видеооператор на свадьбу;2;top;фотограф на свадьбу
благодарность видеографу на свадьбе;2;top;видеограф на свадьбу
видеограф на свадьбу спб;2;top;видеограф на свадьбу
изготовление свадебного декора;2;top;свадебный декор
что нужно для свадебного декора;2;top;свадебный декор
продажа свадебного декора;2;top;свадебный декор
тюль для декора свадебный;2;top;свадебный декор
аренда свадебного декора краснодар;2;top;свадебный декор
свадебный декор авто;2;top;свадебный декор
свадебный декор каркас;2;top;свадебный декор
свадебный декор краснодар;2;top;свадебный декор
свадебный декор курск;2;top;свадебный декор
свадебный декор пятигорск;2;top;свадебный декор
свадебный декор ресторана;2;top;свадебный декор
свадебный декор своими руками идеи;2;top;свадебный декор
декор свадебных стульев;2;top;свадебный декор
свадебный декор форум;2;top;свадебный декор
виды свадебного декора;2;top;свадебный декор
свадебный черный декор;2;top;свадебный декор
свадебный декор тверь;2;top;свадебный декор
свадебный декор симс 4;2;top;свадебный декор
декор свадебных бокалов своими руками;2;top;свадебный декор
свадебный декор самара;2;top;свадебный декор
свадебный декор фотозоны;2;top;свадебный декор
мелодрама про оформления свадьбы на твц;2;top;оформление свадьбы
оформление круглой арки на свадьбу;2;top;оформление свадьбы
оформление открытки на свадьбу;2;top;оформление свадьбы
оформление свадьбы ростов;2;top;оформление свадьбы
оригинальное оформление подарка на свадьбу;2;top;оформление свадьбы
оформление стен на свадьбу;2;top;оформление свадьбы
оформление свадьбы 2026 тренды;2;top;оформление свадьбы
оформление бенто торта на годовщину свадьбы;2;top;оформление свадьбы
оформление свадьбы новосибирск;2;top;оформление свадьбы
свадьба в белом цвете оформление;2;top;оформление свадьбы
цветовое оформление свадьбы;2;top;оформление свадьбы
бело зеленое оформление свадьбы;2;top;оформление свадьбы
оформление авто на свадьбу;2;top;оформление свадьбы
свадьба оформление помещения;2;top;оформление свадьбы
оформление зала на свадьбу 2026;2;top;оформление свадьбы
заказать оформление свадьбы;2;top;оформление свадьбы
оформление конверта на свадьбу;2;top;оформление свадьбы
оформление кафе на свадьбу;2;top;оформление свадьбы
договор оформления свадьбы;2;top;оформление свадьбы
оформление бумажной свадьбы;2;top;оформление свадьбы
оформление свадьбы банкет;2;top;оформление свадьбы
оформление свадьбы в стиле рустик;2;top;оформление свадьбы | стили свадьбы | свадьба в стиле рустик
оформление синей свадьбы;2;top;оформление свадьбы
черное оформление свадьбы;2;top;оформление свадьбы
оформление баннера на свадьбу;2;top;оформление свадьбы
торт золотая свадьба оформление;2;top;оформление свадьбы
классическое оформление свадьбы;2;top;оформление свадьбы
подарочное оформление на свадьбу;2;top;оформление свадьбы
бежевое оформление свадьбы;2;top;оформление свадьбы
оформление банкетного зала на свадьбу цены;2;top;оформление свадьбы
оформление выездной регистрации на свадьбу на улице;2;top;оформление свадьбы | выездная регистрация
уличное оформление свадеб;2;top;оформление свадьбы
школа свадебных организаторов;2;top;свадебный организатор
свадебный организатор саратов;2;top;свадебный организатор
анастасия нестерова свадебный организатор;2;top;свадебный организатор
свадебный организатор софья;2;top;свадебный организатор
свадебный организатор челябинск;2;top;свадебный организатор
свадебный организатор пермь;2;top;свадебный организатор
день свадебного организатора;2;top;свадебный организатор
нужен свадебный организатор;2;top;свадебный организатор
что делает свадебный организатор;2;top;свадебный организатор
договор свадебного организатора;2;top;свадебный организатор
свадебный организатор воронеж;2;top;свадебный организатор
свадебное агентство череповец;2;top;свадебное агентство
свадебное агентство псков;2;top;свадебное агентство
свадьберри свадебное агентство;2;top;свадебное агентство
свадебное агентство love;2;top;свадебное агентство
свадебное агентство краснодар;2;top;свадебное агентство
свадебное агентство смоленск;2;top;свадебное агентство
свадебное агентство томск;2;top;свадебное агентство
свадебные агентства ростов;2;top;свадебное агентство
bonweddings свадебное агентство;2;top;свадебное агентство
договор со свадебным агентством;2;top;свадебное агентство
свадебное агентство услуга;2;top;свадебное агентство
свадебное агентство пхукет;2;top;свадебное агентство
заказать кавер группу на свадьбу;2;top;кавер группа на свадьбу
услуги диджея на свадьбу;2;top;диджей на свадьбу
диджей на свадьбу спб;2;top;диджей на свадьбу
калькулятор свадебного торта;2;top;свадебный торт
свадебные торты прямоугольные с вафельной бумагой;2;top;свадебный торт
свадебный торт 2026 минимализм;2;top;свадебный торт
свадебный торт круглый большой;2;top;свадебный торт
свадебный торт новосибирск;2;top;свадебный торт
свадебный торт с черникой;2;top;свадебный торт
торт свадебный гендер пати;2;top;свадебный торт
салют свадебный торт;2;top;свадебный торт
свадебный торт владикавказ;2;top;свадебный торт
свадебный торт на заказ владикавказ;2;top;свадебный торт
переноска для свадебного торта;2;top;свадебный торт
свадебный торт одноярусный большой;2;top;свадебный торт
свадебный торт с ягодами фото;2;top;свадебный торт
свадебный торт красный бархат двухъярусный;2;top;свадебный торт
торт свадебный фисташковый;2;top;свадебный торт
свадебный торт с кремовыми цветами;2;top;свадебный торт
сколько стоит свадебный торт на 40 человек;2;top;свадебный торт
простое оформление свадебного торта;2;top;свадебный торт
нежный свадебный торт;2;top;свадебный торт
самая популярная начинка для свадебного торта;2;top;свадебный торт
свадебные торты астрахань;2;top;свадебный торт
свадебный торт бохо;2;top;свадебный торт
свадебный торт хохлома;2;top;свадебный торт
сколько надо свечей на свадебный торт;2;top;свадебный торт
двухъярусный свадебный торт картинки;2;top;свадебный торт
свадебный торт в стиле ламбет;2;top;свадебный торт
свадебный торт с орхидеями;2;top;свадебный торт
фотография свадебного торта;2;top;свадебный торт
сонник свадебный торт;2;top;свадебный торт
какого размера должен быть свадебный торт;2;top;свадебный торт
расчет веса свадебного торта;2;top;свадебный торт
2 х ярусный свадебный торт;2;top;свадебный торт
длинный свадебный торт со свечами;2;top;свадебный торт
как собрать свадебный прямоугольный торт;2;top;свадебный торт
купить стол свадебный для торта;2;top;свадебный торт
оформление свадебного торта вафельной бумагой;2;top;свадебный торт
свадебные торты 10кг;2;top;свадебный торт
свадебный торт из 90;2;top;свадебный торт
свадебный торт одноярусный минимализм на свадьбу;2;top;свадебный торт
свадебный торт с бусинками;2;top;свадебный торт
свадебный торт с рисовой бумагой;2;top;свадебный торт
свадебный торт стерлитамак;2;top;свадебный торт
торт свадебный 50 лет;2;top;свадебный торт
торт свадебный в виде свечи;2;top;свадебный торт
украсить прямоугольный свадебный торт;2;top;свадебный торт
французский свадебный торт;2;top;свадебный торт
песня под свадебный торт;2;top;свадебный торт
свадебный торт новороссийск;2;top;свадебный торт
свадебный торт воронеж;2;top;свадебный торт
торт свадебный 4кг;2;top;свадебный торт
прямоугольный торт свадебный с бусинами;2;top;свадебный торт
свадебный торт квадратный одноярусный;2;top;свадебный торт
ставят ли свечи на свадебный торт;2;top;свадебный торт
торт свадебный в голубом цвете;2;top;свадебный торт
заказ свадебного торта фото;2;top;свадебный торт
свадебный торт белгород;2;top;свадебный торт
сколько стоит свадебный торт на 30 человек;2;top;свадебный торт
торт свадебный интересный;2;top;свадебный торт
поднос для свадебного торта;2;top;свадебный торт
дизайн свадебного торта 2 яруса;2;top;свадебный торт
как резать свадебный торт;2;top;свадебный торт
свадебный торт в длину;2;top;свадебный торт
торты свадебные топ;2;top;свадебный торт
свадебный торт александра;2;top;свадебный торт
свадебный торт александров;2;top;свадебный торт
свадебный торт квадратный фото;2;top;свадебный торт
стоимость свадебного торта на 30 человек;2;top;свадебный торт
уронили свадебный торт;2;top;свадебный торт
договор на свадебный торт;2;top;свадебный торт
свадебный торт брянск;2;top;свадебный торт
свадебный торт киров;2;top;свадебный торт
вынос свадебного торта на свадьбе;2;top;свадебный торт
вынос свадебного торта на свадьбе музыка;2;top;свадебный торт
меренговый свадебный торт;2;top;свадебный торт
рецепт вкусного свадебного торта;2;top;свадебный торт
свадебный торт 1 ярусный;2;top;свадебный торт
свадебный торт ульяновск;2;top;свадебный торт
свадебный торт волгоград;2;top;свадебный торт
свадебный торт с фальш ярусом и подсветкой;2;top;свадебный торт
как перевозить свадебный торт;2;top;свадебный торт
большие свадебные торты цены;2;top;свадебный торт
свадебный торт с жемчужинами;2;top;свадебный торт
свадебные торты тюмень;2;top;свадебный торт
дизайн свадебного торта прямоугольный;2;top;свадебный торт
варианты украшения свадебного торта;2;top;свадебный торт
свадебный торт маленький одноярусный;2;top;свадебный торт
свадебный торт с голубикой;2;top;свадебный торт
свадебный торт с живыми цветами двухъярусный;2;top;свадебный торт
торт свадебный с шарами;2;top;свадебный торт
свадебный торт тверь;2;top;свадебный торт
лягушки на торте как сделать свадебные;2;top;свадебный торт
свадебные торты липецк;2;top;свадебный торт
сколько стоит свадебный торт на 60 человек;2;top;свадебный торт
свадебный торт краснодар;2;top;свадебный торт
свадебный торт с бусами;2;top;свадебный торт
проба свадебного торта;2;top;свадебный торт
свадебный торт в форме сердца;2;top;свадебный торт
свадебный торт пирог с ягодами;2;top;свадебный торт
бенто торт свадебный дизайн;2;top;свадебный торт
песня про свадебный торт;2;top;свадебный торт
свадебный торт с кружевом;2;top;свадебный торт
как можно украсить свадебный торт;2;top;свадебный торт
оформление свадебного торта в домашних условиях;2;top;свадебный торт
свадебный торт муж и невестка мини дорама;2;top;свадебный торт
свадебный торт с эустомой;2;top;свадебный торт
свадебный торт фото двухъярусный на свадьбу 2026;2;top;свадебный торт
торты 2026 свадебные квадратные;2;top;свадебный торт
свадебный стилист нижний новгород;2;top;свадебный стилист
свадебный стилист санкт петербург;2;top;свадебный стилист
студия свадебных стилистов;2;top;свадебный стилист
визажист на свадьбу цена;2;top;визажист на свадьбу
визажист на свадьбу самара;2;top;визажист на свадьбу
свадебный флорист вакансии;2;top;свадебный флорист
выездная регистрация брака иваново;2;top;выездная регистрация
выездная регистрация брака новороссийск;2;top;выездная регистрация
каркас для выездной регистрации;2;top;выездная регистрация
выездная регистрация минск;2;top;выездная регистрация
выездные регистрации в туапсе;2;top;выездная регистрация
где можно сделать выездную регистрацию;2;top;выездная регистрация
выездная регистрация брака калуга;2;top;выездная регистрация
выездная регистрация новосибирск;2;top;выездная регистрация
выездная регистрация брака в крыму;2;top;выездная регистрация
выездной регистрации крым;2;top;выездная регистрация
как оформляется выездная регистрация;2;top;выездная регистрация
выездная регистрация брака комсомольск;2;top;выездная регистрация
выездная регистрация ижевск;2;top;выездная регистрация
выездная регистрация почему;2;top;выездная регистрация
выездная регистрация саранск;2;top;выездная регистрация
можно ли официально расписаться на выездной регистрации;2;top;выездная регистрация
выездная регистрация брака нижний новгород;2;top;выездная регистрация
кто ведет выездную регистрацию;2;top;выездная регистрация
сколько стоит выездная регистрация брака в липецке;2;top;выездная регистрация
сколько стоит выездная регистрация в липецке;2;top;выездная регистрация
выездная регистрация брака казань;2;top;выездная регистрация
если выездная регистрация куда подавать заявление;2;top;выездная регистрация
как организовывается выездная регистрация;2;top;выездная регистрация
как организовывается выездная регистрация брака;2;top;выездная регистрация
как организуется выездная регистрация;2;top;выездная регистрация
выездная регистрация тольятти;2;top;выездная регистрация
выездная регистрация уфа;2;top;выездная регистрация
выездная регистрация стулья;2;top;выездная регистрация
стол для выездной регистрации;2;top;выездная регистрация
свидетельство для выездной регистрации;2;top;выездная регистрация
трогательная выездная регистрация;2;top;выездная регистрация
выездная регистрация брака пенза;2;top;выездная регистрация
выездная регистрация оренбург;2;top;выездная регистрация
как провести выездную регистрацию брака;2;top;выездная регистрация
выездная регистрация молодых;2;top;выездная регистрация
бланк для выездной регистрации;2;top;выездная регистрация
выездная регистрация брака владимир;2;top;выездная регистрация
выездная регистрация свадьбы сценарий;2;top;выездная регистрация | сценарий свадьбы
выездная регистрация брака чебоксары;2;top;выездная регистрация
клятва жениха на выездную регистрацию;2;top;выездная регистрация
выездная регистрация сделок;2;top;выездная регистрация
можно ли сделать выездную регистрацию брака официальной;2;top;выездная регистрация
сколько стоит выездная регистрация брака в орле;2;top;выездная регистрация
выездная регистрация брака краснодар стоимость;2;top;выездная регистрация
выездная регистрация краснодар стоимость;2;top;выездная регистрация
свадебная регистрация выездная фото;2;top;выездная регистрация
свадебные арки для выездной регистрации фото;2;top;выездная регистрация
дорожка для выездной регистрации;2;top;выездная регистрация
трибуна для выездной регистрации;2;top;выездная регистрация
столик для выездной регистрации;2;top;выездная регистрация
выездная регистрация у воды;2;top;выездная регистрация
выездная регистрация краснодарский край;2;top;выездная регистрация
чек лист невесты в подготовке к свадьбе;2;top;чек лист подготовки к свадьбе
примерный бюджет на свадьбу;2;top;бюджет свадьбы
как рассчитать бюджет на свадьбу;2;top;бюджет свадьбы
самый большой бюджет в 4 свадьбы;2;top;бюджет свадьбы
калькулятор бюджета свадьбы;2;top;бюджет свадьбы
бюджет свадьбы таблица;2;top;бюджет свадьбы
4 свадьбы с большим бюджетом;2;top;бюджет свадьбы
четыре свадьбы самый большой бюджет;2;top;бюджет свадьбы
средний бюджет свадьбы в россии;2;top;бюджет свадьбы
сценарий годовщины свадьбы 55;2;top;сценарий свадьбы
сценарий годовщины свадьбы 55 лет;2;top;сценарий свадьбы
встреча молодых на свадьбе сценарий;2;top;сценарий свадьбы
встреча молодых с караваем на свадьбе сценарий;2;top;сценарий свадьбы
встреча с караваем на свадьбе сценарий;2;top;сценарий свадьбы
сценарий годовщины свадьбы 1 год дома;2;top;сценарий свадьбы
2й день свадьбы сценарий;2;top;сценарий свадьбы
сценарий для неопытной тамады на свадьбу;2;top;сценарий свадьбы
прикольный сценарий 35 свадьбы;2;top;сценарий свадьбы
сценарий свадьбы 2026 год;2;top;сценарий свадьбы
скачать сценарий свадьбы для тамады;2;top;сценарий свадьбы
сценарий конкурса на свадьбу скачать;2;top;сценарий свадьбы
веселый сценарий свадьбы дома;2;top;сценарий свадьбы
выкуп жениха на свадьбе сценарий;2;top;сценарий свадьбы
сценарий поздравления на юбилей свадьбы;2;top;сценарий свадьбы
найти сценарий на свадьбу;2;top;сценарий свадьбы
программа на свадьбу сценарий для тамады;2;top;сценарий свадьбы
сценарий на юбилей свадьбы 45 лет;2;top;сценарий свадьбы
юбилей свадьбы 20 сценарий;2;top;сценарий свадьбы
программа проведения свадьбы сценарий для ведущего;2;top;сценарий свадьбы
сценарий свадьбы тосты;2;top;сценарий свадьбы
торт свадьба сценарий;2;top;сценарий свадьбы
сценарий на юбилей свадьбы 55 лет;2;top;сценарий свадьбы
сценарий свадьба 45 лет совместной;2;top;сценарий свадьбы
сценарий свадьбы 45 лет совместной жизни;2;top;сценарий свадьбы
сценарий свадьба славянская;2;top;сценарий свадьбы
сценарий свадьбы 2000;2;top;сценарий свадьбы
сценарий свадьбы в славянском стиле;2;top;сценарий свадьбы | стили свадьбы
сценарий юбилейной свадьбы;2;top;сценарий свадьбы
сценарий на годовщину свадьбы 25 лет;2;top;сценарий свадьбы
40 свадьба сценарий прикольный;2;top;сценарий свадьбы
русская традиционная свадьба сценарий;2;top;сценарий свадьбы
свадьба дома сценарий для самых близких;2;top;сценарий свадьбы
сценарий свадьбы 40 лет прикольный;2;top;сценарий свадьбы
сценарий традиционной свадьбы;2;top;сценарий свадьбы
сценарий розовой свадьбы;2;top;сценарий свадьбы
сценарий мероприятие свадьба;2;top;сценарий свадьбы
сценарий молодежной свадьбы;2;top;сценарий свадьбы
сценарий для девичника перед свадьбой;2;top;сценарий свадьбы
сценарий сельской свадьбы;2;top;сценарий свадьбы
сценарий свадьбы дочери;2;top;сценарий свадьбы
легкий сценарий для свадьбы;2;top;сценарий свадьбы
сценарий второй день свадьбы для ведущей;2;top;сценарий свадьбы
сценарий чувашской свадьбы;2;top;сценарий свадьбы
прикольный сценарий годовщины 5 лет свадьбы;2;top;сценарий свадьбы
сценарий празднования годовщины свадьбы;2;top;сценарий свадьбы
сценарий свадьбы слова родителей;2;top;сценарий свадьбы
свадьба 40 лет сценарий дома;2;top;сценарий свадьбы
кража невесты на свадьбе сценарий;2;top;сценарий свадьбы
сценарий веселый второго дня свадьбы;2;top;сценарий свадьбы
сценарий второй день свадьбы весело;2;top;сценарий свадьбы
сценарий второй день свадьбы весело и прикольно;2;top;сценарий свадьбы
смешной сценарий на годовщину свадьбы;2;top;сценарий свадьбы
купить готовый сценарий свадьбы;2;top;сценарий свадьбы
сценарий на 25 лет свадьбы прикольные;2;top;сценарий свадьбы
сценарии свадеб скачать бесплатно;2;top;сценарий свадьбы
сценарий свадьбы скачать бесплатно для ведущей;2;top;сценарий свадьбы
сценарий свадьбы на 25 человек;2;top;сценарий свадьбы
сценарий изумрудной свадьбы в домашних условиях;2;top;сценарий свадьбы
красивый сценарий свадьбы для тамады;2;top;сценарий свадьбы
начало свадьбы сценарий для тамады красивое;2;top;сценарий свадьбы
необычные сценарии свадьбы для тамады;2;top;сценарий свадьбы
свадьба сценарий для тамады красивое и необычное;2;top;сценарий свадьбы
свадьба сценарий красивое и необычное начало;2;top;сценарий свадьбы
готовый сценарий небольшой свадьбы;2;top;сценарий свадьбы
сценарий первого дня свадьбы;2;top;сценарий свадьбы
свадьба проведение праздника сценарий;2;top;сценарий свадьбы
сценарий квеста на свадьбу;2;top;сценарий свадьбы
сценарий на юбилей свадьбы 50 лет;2;top;сценарий свадьбы
сценарий с конкурсами на годовщину свадьбы;2;top;сценарий свадьбы
сценарий свадьбы 20 лет совместной жизни;2;top;сценарий свадьбы
сценарий свадьбы 30 лет совместной жизни прикольные;2;top;сценарий свадьбы
сценарий свадьбы в домашних условиях смешные;2;top;сценарий свадьбы
сценарий свадьбы с родственниками;2;top;сценарий свадьбы
сценарий цыганки на свадьбу;2;top;сценарий свадьбы
26 сентября свадьба в ираке;2;top;свадьба в сентябре
свадьба в сентябре мир космоса;2;top;свадьба в сентябре
как одеться на свадьбу в сентябре мужчине;2;top;свадьба в сентябре
лучшие месяцы для свадьбы по народным приметам;2;top;лучший месяц для свадьбы
идеи для скромной свадьбы;2;top;идеи для свадьбы
идеи для 2 дня свадьбы;2;top;идеи для свадьбы
идеи для свадьбы летом;2;top;идеи для свадьбы
идеи для фотозоны на свадьбу;2;top;идеи для свадьбы
интересные идеи для свадьбы для гостей;2;top;идеи для свадьбы
идеи платья для свадьбы;2;top;идеи для свадьбы
идеи для подарка на золотую свадьбу;2;top;идеи для свадьбы
идеи для видео поздравления на свадьбу;2;top;идеи для свадьбы
идеи для видео на годовщину свадьбы;2;top;идеи для свадьбы
идеи для рассадки гостей на свадьбе;2;top;идеи для свадьбы | рассадка гостей на свадьбе
идеи подарков для мам на свадьбу;2;top;идеи для свадьбы
свадьба в стиле 80 90х;2;top;стили свадьбы
четыре свадьбы свадьба в стиле фэшн;2;top;стили свадьбы
новые четыре свадьбы свадьба в стиле киносъемки;2;top;стили свадьбы
свадьба в стиле 90 х что надеть;2;top;стили свадьбы
годовщина свадьбы в стиле горько;2;top;стили свадьбы
свадьба в дачном стиле свадьба в замке;2;top;стили свадьбы
что подарить на свадьбу в русском стиле;2;top;стили свадьбы
свадьба в новогоднем стиле;2;top;стили свадьбы
свадьба в стиле 2010;2;top;стили свадьбы
свадьба в стиле тиффани;2;top;стили свадьбы
свадьба в стиле рококо;2;top;стили свадьбы
свадьба в лимонном стиле;2;top;стили свадьбы
свадьбы в стиле ню;2;top;стили свадьбы
свадьба в колхозном стиле;2;top;стили свадьбы
одеться на свадьбу стиль кэжуал;2;top;стили свадьбы
свадьба в стиле гжель;2;top;стили свадьбы
свадьба в стиле 2000х;2;top;стили свадьбы
свадьба в стиле горько образы;2;top;стили свадьбы
4 свадьбы свадьба в стиле комиксов;2;top;стили свадьбы
свадьба в стиле майнкрафт;2;top;стили свадьбы
наряд на свадьбу в деревенском стиле;2;top;стили свадьбы
свадьба в шоколадном стиле;2;top;стили свадьбы
интересные стили свадьбы;2;top;стили свадьбы
образ на свадьбу в морском стиле;2;top;стили свадьбы
подарок на свадьбу в стиле бригады;2;top;стили свадьбы
свадьба в испанском стиле;2;top;стили свадьбы
свадьба в стиле 00 х;2;top;стили свадьбы
свадьба в стиле 00 х годов;2;top;стили свадьбы
свадьба в стиле 70 х годов;2;top;стили свадьбы
свадьба в стиле порно;2;top;стили свадьбы
свадьба в стиле хиппи;2;top;стили свадьбы
свадьба в стиле 90 00;2;top;стили свадьбы
свадьба в арабском стиле;2;top;стили свадьбы
свадьба в стиле стендап вечеринки vs;2;top;стили свадьбы
популярные стили свадьбы;2;top;стили свадьбы
пригласительные на свадьбу в стиле 90 х;2;top;стили свадьбы
свадьба в стиле гетсби;2;top;стили свадьбы
4 свадьбы свадьба в стиле бдсм;2;top;стили свадьбы
свадьба в стиле готика;2;top;стили свадьбы
свадьба в бежевом стиле;2;top;стили свадьбы
свадьба в стиле горько фото;2;top;стили свадьбы
стиль свадьбы клавы коки;2;top;стили свадьбы
4 свадьбы выпуск в стиле 90;2;top;стили свадьбы
дофаминовый стиль свадьбы;2;top;стили свадьбы
свадьба в черно красном стиле;2;top;стили свадьбы
стили интерьера свадьба;2;top;стили свадьбы
стиль свадьбы а ля рус;2;top;стили свадьбы
свадьба в стиле арт деко;2;top;стили свадьбы
четыре свадьбы в стиле аниме;2;top;стили свадьбы
свадьба в старорусском стиле на современный лад;2;top;стили свадьбы
дискотека в стиле свадьбы;2;top;стили свадьбы
свадьба в стиле чикаго четыре свадьбы;2;top;стили свадьбы
как одеться на свадьбу в стиле горько;2;top;стили свадьбы
свадьба в стиле минимализм vs ассирийская свадьба;2;top;стили свадьбы
свадьба в стиле фуршет;2;top;стили свадьбы
свадьба в стиле блэк тай;2;top;стили свадьбы
подарок на свадьбу в ссср стиле;2;top;стили свадьбы
поздравление на свадьбу в стиле стендап;2;top;стили свадьбы
романтический стиль свадьбы;2;top;стили свадьбы
свадьба в деревенском стиле одежда;2;top;стили свадьбы
свадьба в стиле крестного отца;2;top;стили свадьбы
стиль на свадьбу паре;2;top;стили свадьбы
свадьба в стиле авиации vs пиратская свадьба;2;top;стили свадьбы
свадьба в стиле авиации пиратская свадьба;2;top;стили свадьбы
свадьба в стиле китч манга;2;top;стили свадьбы
свадьба в деревенском стиле vs пожарная;2;top;стили свадьбы
годовщина свадьбы в русском стиле;2;top;стили свадьбы
свадьба в стиле сафари;2;top;стили свадьбы
свадьба стиль гламур;2;top;стили свадьбы
смотреть 4 свадьбы в сказочном стиле;2;top;стили свадьбы
четыре свадьбы в стиле олд мани;2;top;стили свадьбы
свадьба в стиле рустик фото;2;top;свадьба в стиле рустик
как делать рассадку гостей на свадьбе;2;top;рассадка гостей на свадьбе
как правильно делать рассадку гостей на свадьбе;2;top;рассадка гостей на свадьбе
плакат для рассадки гостей на свадьбе;2;top;рассадка гостей на свадьбе
сгенерировать рассадку гостей на свадьбу;2;top;рассадка гостей на свадьбе
карточки рассадки гостей на свадьбе онлайн;2;top;рассадка гостей на свадьбе
шаблон для рассадки гостей на свадьбе word;2;top;рассадка гостей на свадьбе
рассадка гостей на свадьбу шаблон онлайн бесплатно;2;top;рассадка гостей на свадьбе
рассадка гостей на свадьбе буквой п;2;top;рассадка гостей на свадьбе
как правильно сделать рассадку гостей на свадьбе;2;top;рассадка гостей на свадьбе
список рассадки гостей на свадьбе шаблон;2;top;рассадка гостей на свадьбе
виды рассадки гостей на свадьбе;2;top;рассадка гостей на свадьбе
электронная рассадка гостей на свадьбу;2;top;рассадка гостей на свадьбе
как делается рассадка гостей на свадьбе;2;top;рассадка гостей на свадьбе
свадебная площадка небо;1;top;свадебная площадка
свадебные площадки геленджик;1;top;свадебная площадка
свадебные площадки ленинградской области;1;top;свадебная площадка
свадебные площадки на природе спб;1;top;свадебная площадка
свадебные площадки рязанская область;1;top;свадебная площадка
свадебные площадки владимир;1;top;свадебная площадка
вопросы для свадебной площадки;1;top;свадебная площадка
свадебные площадки кмв;1;top;свадебная площадка
свадебные площадки пенза;1;top;свадебная площадка
свадебные площадки тюмень;1;top;свадебная площадка
свадебные площадки челябинск;1;top;свадебная площадка
свадебные площадки иваново;1;top;свадебная площадка
свадебные площадки липецк;1;top;свадебная площадка
площадки для свадьбы с коттеджем;1;top;площадка для свадьбы | коттедж для свадьбы
площадка спб для камерной свадьбы;1;top;площадка для свадьбы | камерная свадьба
авито площадка для свадьбы;1;top;площадка для свадьбы
необычные площадки для свадьбы;1;top;площадка для свадьбы
площадка для свадьбы красная поляна;1;top;площадка для свадьбы
площадки для камерных свадеб нижний новгород;1;top;площадка для свадьбы | камерная свадьба
площадки для проведения свадьбы воронеж;1;top;площадка для свадьбы
площадки для проведения свадьбы нижний новгород;1;top;площадка для свадьбы
площадки для проведения свадьбы сочи;1;top;площадка для свадьбы
площадки для проведения свадьбы спб;1;top;площадка для свадьбы
площадки для свадьбы екб;1;top;площадка для свадьбы
площадки для свадьбы иркутск;1;top;площадка для свадьбы
площадки для свадьбы краснодарский край;1;top;площадка для свадьбы
площадки для свадьбы челны;1;top;площадка для свадьбы
лучшие площадки для свадьбы в спб;1;top;площадка для свадьбы
загородные площадки для свадьбы воронеж;1;top;площадка для свадьбы | загородная свадьба
площадка для проведения свадьбы на природе;1;top;площадка для свадьбы | свадьба на природе
площадки для проведения свадьбы красноярск;1;top;площадка для свадьбы
площадки для свадьбы ростов на дону;1;top;площадка для свадьбы
площадки для свадьбы севастополь;1;top;площадка для свадьбы
площадка для свадьбы саранск;1;top;площадка для свадьбы
места для свадьбы нижний новгород;1;top;место для свадьбы
места для фотосессии в спб на свадьбу;1;top;место для свадьбы
красивые места для свадьбы спб;1;top;место для свадьбы
места для свадеб сочи;1;top;место для свадьбы
места для свадьбы в калуге;1;top;место для свадьбы
места для свадьбы в крыму;1;top;место для свадьбы
место для свадьбы владивосток;1;top;место для свадьбы
место для свадьбы ульяновск;1;top;место для свадьбы
место на свадьбе для тех кто умер;1;top;место для свадьбы
место для свадьбы в смоленске;1;top;место для свадьбы
идеальное место для свадьбы;1;top;место для свадьбы
места для свадеб тверь;1;top;место для свадьбы
места для свадьбы саратов;1;top;место для свадьбы
красивые места для церемонии свадьбы;1;top;место для свадьбы
место для свадьбы минск;1;top;место для свадьбы
место для свадьбы ростов;1;top;место для свадьбы
места для свадьбы кострома;1;top;место для свадьбы
место для проведения свадьбы саранск;1;top;место для свадьбы
красивые места для свадьбы симс 4;1;top;место для свадьбы
ярославль места для свадьбы;1;top;место для свадьбы
где отметить свадьбу в анапе;1;top;где отметить свадьбу
где отметить свадьбу в орле;1;top;где отметить свадьбу
камышин где отметить свадьбу;1;top;где отметить свадьбу
где отметить свадьбу в тамбове;1;top;где отметить свадьбу
где можно отметить свадьбу спб;1;top;где отметить свадьбу
где можно отметить второй день свадьбы;1;top;где отметить свадьбу
где отметить небольшую свадьбу;1;top;где отметить свадьбу
где отметить свадьбу в богородском округе;1;top;где отметить свадьбу
где отметить свадьбу в кирове;1;top;где отметить свадьбу
где отметить свадьбу в новокузнецке;1;top;где отметить свадьбу
где отметить свадьбу в уфе;1;top;где отметить свадьбу
где отметить свадьбу тольятти;1;top;где отметить свадьбу
где отмечать свадьбу екатеринбург;1;top;где отметить свадьбу
кострома где отметить свадьбу;1;top;где отметить свадьбу
где отметить свадьбу в ставрополе;1;top;где отметить свадьбу
старый оскол где отметить свадьбу;1;top;где отметить свадьбу
где отметить 2 день свадьбы;1;top;где отметить свадьбу
где отметить годовщину свадьбы в воронеже;1;top;где отметить свадьбу
где отметить годовщину свадьбы в санкт петербурге;1;top;где отметить свадьбу
где отметить свадьбу в ярославле;1;top;где отметить свадьбу
где отметить свадьбу ульяновск;1;top;где отметить свадьбу
где отметить свадьбу в липецке;1;top;где отметить свадьбу
где отметить свадьбу в нижнем тагиле;1;top;где отметить свадьбу
где отметить годовщину свадьбы в ростове;1;top;где отметить свадьбу
где отметить свадьбу в ростове на дону;1;top;где отметить свадьбу
где отметить первую годовщину свадьбы;1;top;где отметить свадьбу
где отметить свадьбу в симферополе;1;top;где отметить свадьбу
где отметить свадьбу в чебоксарах;1;top;где отметить свадьбу
банкетные залы для свадьбы уфа;1;top;банкетный зал для свадьбы
банкетные залы череповец для свадьбы;1;top;банкетный зал для свадьбы
банкетный зал для свадьбы уфа;1;top;банкетный зал для свадьбы
банкетный зал череповец для свадьбы;1;top;банкетный зал для свадьбы
банкетный зал для свадьбы петергоф;1;top;банкетный зал для свадьбы
петергоф банкетные залы для свадьбы;1;top;банкетный зал для свадьбы
петергоф лофт банкетный зал для свадьбы;1;top;банкетный зал для свадьбы | лофт для свадьбы
банкетные залы новокузнецк для свадеб;1;top;банкетный зал для свадьбы
банкетный зал новокузнецк для свадьбы;1;top;банкетный зал для свадьбы
банкетные залы иваново для свадьбы;1;top;банкетный зал для свадьбы
банкетный зал для свадьбы иваново;1;top;банкетный зал для свадьбы
банкетный зал для свадеб и корпоративов;1;top;банкетный зал для свадьбы
банкетный зал для свадьбы 25 человек;1;top;банкетный зал для свадьбы
банкетные залы для свадьбы иркутск;1;top;банкетный зал для свадьбы
банкетные залы севастополь для свадьбы;1;top;банкетный зал для свадьбы
банкетные залы сочи для свадьбы;1;top;банкетный зал для свадьбы
банкетный зал для свадьбы иркутск;1;top;банкетный зал для свадьбы
банкетный зал севастополь для свадьбы;1;top;банкетный зал для свадьбы
банкетный зал сочи для свадьбы;1;top;банкетный зал для свадьбы
банкетный зал челябинск для свадьбы недорого;1;top;банкетный зал для свадьбы | свадьба недорого | недорогой банкетный зал для свадьбы
банкетные залы ессентуки для свадьбы;1;top;банкетный зал для свадьбы
банкетный зал ессентуки для свадеб;1;top;банкетный зал для свадьбы
банкетный зал для свадьбы дагестан;1;top;банкетный зал для свадьбы
банкетный зал для свадьбы таганрог;1;top;банкетный зал для свадьбы
красивые банкетные залы для свадеб москва;1;top;банкетный зал для свадьбы | банкетный зал москва свадьба
банкетные залы для свадьбы брянск;1;top;банкетный зал для свадьбы
банкетные залы симферополь для свадьбы;1;top;банкетный зал для свадьбы
банкетный зал в тамбове для свадьбы;1;top;банкетный зал для свадьбы
банкетный зал для свадьбы брянск;1;top;банкетный зал для свадьбы
банкетный зал для свадьбы симферополь;1;top;банкетный зал для свадьбы
рейтинг банкетных залов для свадьбы;1;top;банкетный зал для свадьбы
ресторан для свадьбы киров;1;top;ресторан для свадьбы
ресторан для свадьбы центр спб;1;top;ресторан для свадьбы
ресторан для свадьбы череповец;1;top;ресторан для свадьбы
рестораны для проведения свадьбы тверь;1;top;ресторан для свадьбы
рестораны для свадьбы донецк;1;top;ресторан для свадьбы
ресторан для свадьбы ульяновск;1;top;ресторан для свадьбы
кафе рестораны нижнего для свадьбы;1;top;ресторан для свадьбы
орск рестораны для свадьбы;1;top;ресторан для свадьбы
ресторан для камерной свадьбы екатеринбург;1;top;ресторан для свадьбы | камерная свадьба
рестораны в чегеме для свадеб;1;top;ресторан для свадьбы
рестораны для свадеб ессентуки;1;top;ресторан для свадьбы
рестораны для свадьбы ставрополь;1;top;ресторан для свадьбы
рестораны екб для свадьбы;1;top;ресторан для свадьбы
алматы рестораны для свадьбы;1;top;ресторан для свадьбы
рестораны для свадьбы челябинск;1;top;ресторан для свадьбы
рестораны читы для свадьбы;1;top;ресторан для свадьбы
лучшие рестораны для свадьбы спб;1;top;ресторан для свадьбы
рестораны иваново для свадьбы;1;top;ресторан для свадьбы
рестораны для свадьбы челны;1;top;ресторан для свадьбы
рестораны набережные челны для свадьбы;1;top;ресторан для свадьбы
рестораны для свадьбы калининград;1;top;ресторан для свадьбы
рестораны спб для свадьбы на 10 человек;1;top;ресторан для свадьбы | свадьба на 10 человек
аренда ресторана для свадьбы спб;1;top;ресторан для свадьбы
ресторан для свадьбы новосибирск;1;top;ресторан для свадьбы
свадебный банкет на 15 человек;1;top;свадебный банкет
свадебный банкет во владимире;1;top;свадебный банкет
свадебный банкет видео;1;top;свадебный банкет
свадебный банкет омск;1;top;свадебный банкет
свадебные банкеты краснодар;1;top;свадебный банкет
свадебные банкеты пенза;1;top;свадебный банкет
свадебные банкеты саратов;1;top;свадебный банкет
свадебные банкеты тамбов;1;top;свадебный банкет
свадебный банкет липецк;1;top;свадебный банкет
сколько обычно длится свадебный банкет;1;top;свадебный банкет
свадебные банкеты уфа;1;top;свадебный банкет
сколько по времени длится свадебный банкет;1;top;свадебный банкет
во время свадебного банкета новая;1;top;свадебный банкет
во время свадебного банкета новая свекровь;1;top;свадебный банкет
во время свадебного банкета свекровь;1;top;свадебный банкет
во время свадебного банкета свекровь вручила;1;top;свадебный банкет
свадебный банкет иркутск;1;top;свадебный банкет
свадебный банкет ростов;1;top;свадебный банкет
свадебный банкет тольятти;1;top;свадебный банкет
свадебный банкет самара;1;top;свадебный банкет
свадебные банкеты нижний;1;top;свадебный банкет
свадебный банкет белгород;1;top;свадебный банкет
свадебный банкет рязань;1;top;свадебный банкет
как провести свадьбу в симс 4 правильно;1;top;провести свадьбу
роналду будет проводить свадьбу;1;top;провести свадьбу
свадьба как провести скромно;1;top;провести свадьбу
свадьба провести иваново;1;top;провести свадьбу
скромная свадьба идеи как провести;1;top;провести свадьбу
как называют человека который проводит свадьбы;1;top;провести свадьбу
что нужно чтобы провести свадьбу;1;top;провести свадьбу
как провести домашнюю свадьбу;1;top;провести свадьбу
как провести свадьбу в домашних условиях;1;top;провести свадьбу
провести золотую свадьбу родителям;1;top;провести свадьбу
как проводят свадьбы в россии сейчас;1;top;провести свадьбу
провести свадьбу казань;1;top;провести свадьбу
свадьба только с родителями как провести;1;top;провести свадьбу
базы отдыха проводящие свадьбы;1;top;провести свадьбу
где провести свадьбу в барнауле;1;top;провести свадьбу
за сколько проводят девичник перед свадьбой;1;top;провести свадьбу
как провести выкуп невесты на свадьбе;1;top;провести свадьбу
как провести свадьбу недорого и необычно;1;top;провести свадьбу | свадьба недорого
камерная свадьба где можно провести;1;top;провести свадьбу | камерная свадьба
маленькая свадьба идеи как провести;1;top;провести свадьбу | маленькая свадьба
можно ли провести свадьбу без ведущего;1;top;провести свадьбу
можно провести камерную свадьбу без ведущего;1;top;провести свадьбу | камерная свадьба
нагиев провести свадьбу;1;top;провести свадьбу
провести свадьбу барнаул;1;top;провести свадьбу
провести свадьбу на базе отдыха;1;top;провести свадьбу
ростов провести свадьбу;1;top;провести свадьбу
бывшая невеста проводит свадьбу;1;top;провести свадьбу
где можно провести свадьбу в уфе;1;top;провести свадьбу
где провести свадьбу в уфе;1;top;провести свадьбу
провести свадьбу уфа;1;top;провести свадьбу
как проводят свадьбу в японии;1;top;провести свадьбу
50 лет свадьбы как провести;1;top;провести свадьбу
где провести выездную свадьбу;1;top;провести свадьбу
где провести свадьбу в ульяновске;1;top;провести свадьбу
как провести лотерею на свадьбе;1;top;провести свадьбу
как проводят свадьбы в китае;1;top;провести свадьбу
где провести свадьбу тюмень;1;top;провести свадьбу
как провести семейную свадьбу;1;top;провести свадьбу
как провести семейный очаг на свадьбе;1;top;провести свадьбу
где провести свадьбу в пензе;1;top;провести свадьбу
как можно интересно провести свадьбу;1;top;провести свадьбу
в каком стиле можно провести свадьбу;1;top;провести свадьбу | стили свадьбы
где провести свадьбу в костроме;1;top;провести свадьбу
как зовут человека который проводит свадьбу;1;top;провести свадьбу
как провести свадьбу на даче;1;top;провести свадьбу
кафе где можно провести свадьбу;1;top;провести свадьбу
организация свадеб псков;1;top;организация свадьбы
организация свадеб бюджетная;1;top;организация свадьбы
организация свадеб петербург;1;top;организация свадьбы
организация свадьбы в санкт петербурге;1;top;организация свадьбы
организация свадьбы фото;1;top;организация свадьбы
организация свадеб курск;1;top;организация свадьбы
организация свадеб саранск;1;top;организация свадьбы
организация свадьбы ярославль;1;top;организация свадьбы
однажды в россии организация свадьбы;1;top;организация свадьбы
организация свадеб краснодар;1;top;организация свадьбы
организация свадьбы организатор;1;top;организация свадьбы
организация свадьбы ростов на дону;1;top;организация свадьбы
организация свадьбы советы;1;top;организация свадьбы
свадьба организация и проведение мероприятия;1;top;организация свадьбы
организация обрядов свадеб юбилеев оквэд;1;top;организация свадьбы
таблица для организации свадьбы;1;top;организация свадьбы
transport fever 2 организация свадеб;1;top;организация свадьбы
виды организации свадьбы;1;top;организация свадьбы
сайт для организации свадьбы бесплатно;1;top;организация свадьбы
организация свадьбы луганск;1;top;организация свадьбы
снится организация свадьбы;1;top;организация свадьбы
организация свадьбы ижевск;1;top;организация свадьбы
организация свадеб крым;1;top;организация свадьбы
благодарность за организацию свадьбы;1;top;организация свадьбы
камеди клаб марина кравец организация свадьбы;1;top;организация свадьбы
организации гомеля свадьбы;1;top;организация свадьбы
организация свадеб воронеж;1;top;организация свадьбы
организация свадьбы на речном;1;top;организация свадьбы
организация свадьбы самостоятельно пошаговая;1;top;организация свадьбы
полная организация свадьбы;1;top;организация свадьбы
лофты петергоф для свадьбы;1;top;лофт для свадьбы
аренда лофта для свадьбы екатеринбург;1;top;лофт для свадьбы | аренда лофта для свадьбы
кобрино усадьба для свадьбы;1;top;усадьба для свадьбы
усадьба для свадьбы гомель;1;top;усадьба для свадьбы
усадьба для свадьбы минск;1;top;усадьба для свадьбы
арендовать особняк для свадьбы;1;top;особняк для свадьбы
шатер для свадьбы калуга;1;top;шатер для свадьбы
шатер воронеж для свадьбы;1;top;шатер для свадьбы
шатер для свадьбы вместимостью до 100 человек;1;top;шатер для свадьбы
шатер стерлитамак для свадьбы;1;top;шатер для свадьбы
шатер для свадьбы летний;1;top;шатер для свадьбы
шатер для свадьбы самара;1;top;шатер для свадьбы
шатер своими руками для свадьбы;1;top;шатер для свадьбы
шатры для свадьбы ижевск;1;top;шатер для свадьбы
свадьба в шатре спб;1;top;свадьба в шатре
свадьба в шатре тула;1;top;свадьба в шатре
аренда коттеджа на сутки для свадьбы;1;top;коттедж для свадьбы
коттедж для свадьбы барнаул;1;top;коттедж для свадьбы
коттедж для свадьбы курск;1;top;коттедж для свадьбы
коттедж для свадьбы омск;1;top;коттедж для свадьбы
загородные коттеджи спб для свадьбы;1;top;коттедж для свадьбы | загородная свадьба
коттедж для свадьбы пенза;1;top;коттедж для свадьбы
аренда теплохода на свадьбу ульяновск;1;top;свадьба на теплоходе
свадьба в лесу оформление;1;top;свадьба в лесу | оформление свадьбы
секс на свадьбе в лесу;1;top;свадьба в лесу
свадьба в вырасти сад;1;top;свадьба в саду
свадьба в краснодаре на природе;1;top;свадьба на природе
свадьба на природе воронеж;1;top;свадьба на природе
свадьба на природе екатеринбург;1;top;свадьба на природе
свадьба на природе иваново;1;top;свадьба на природе
свадьба на природе курск;1;top;свадьба на природе
свадьба на природе ростов на дону;1;top;свадьба на природе
в чем пойти на свадьбу на природе;1;top;свадьба на природе
свадьба в карелии на природе;1;top;свадьба на природе
свадьба на природе как называется;1;top;свадьба на природе
свадьба на природе киров;1;top;свадьба на природе
свадьба на природе пермь;1;top;свадьба на природе
свадьба на природе ставрополь;1;top;свадьба на природе
свадьба на природе что одеть;1;top;свадьба на природе
саратов свадьба на природе;1;top;свадьба на природе
свадьба на природе чебоксары;1;top;свадьба на природе
оформление свадьбы на природе;1;top;свадьба на природе | оформление свадьбы
летняя свадьба на природе;1;top;свадьба на природе
свадьба на природе калининград;1;top;свадьба на природе
где сыграть свадьбу на природе;1;top;свадьба на природе
свадьба на природе липецк;1;top;свадьба на природе
свадьба на 20 человек конкурсы;1;top;свадьба на 20 человек
сценарий свадьбы на 15 20 человек;1;top;свадьба на 20 человек | сценарий свадьбы
свадьба на 20 человек идеи;1;top;свадьба на 20 человек
свадьба без ведущего на 20 человек;1;top;свадьба на 20 человек | ведущий на свадьбу
сколько сейчас стоит свадьба на 30 человек;1;top;свадьба на 30 человек | сколько стоит свадьба
средняя цена свадьбы на 30 человек;1;top;свадьба на 30 человек
сколько выйдет свадьба на 30 человек;1;top;свадьба на 30 человек
свадьба на 30 человек фото;1;top;свадьба на 30 человек
сколько примерно стоит свадьба на 30 человек;1;top;свадьба на 30 человек | сколько стоит свадьба
сколько брать алкоголя на свадьбу 30 человек;1;top;свадьба на 30 человек
примерное меню на свадьбы 50 человек;1;top;свадьба на 50 человек
расстановка столов на свадьбу на 50 человек;1;top;свадьба на 50 человек
аренда под камерную свадьбу;1;top;камерная свадьба
камерная свадьба брянск;1;top;камерная свадьба
камерная свадьба в краснодаре;1;top;камерная свадьба
камерная свадьба место проведения;1;top;камерная свадьба
камерная свадьба сочи;1;top;камерная свадьба
камерная свадьба чебоксары;1;top;камерная свадьба
камерная свадьба владимир;1;top;камерная свадьба
камерная свадьба фото;1;top;камерная свадьба
камерная свадьба пенза;1;top;камерная свадьба
камерная свадьба как развлечь гостей;1;top;камерная свадьба
залы для камерной свадьбы спб;1;top;камерная свадьба
камерная свадьба идеи для небольшой свадьбы;1;top;камерная свадьба | идеи для свадьбы
камерный зал спб для свадьбы;1;top;камерная свадьба
костюм жениха для камерной свадьбы;1;top;камерная свадьба
камерная свадьба в городце;1;top;камерная свадьба
поздравление на свадьбу молодоженам маленькое;1;top;маленькая свадьба
поздравление на свадьбу с маленькими подарками;1;top;маленькая свадьба
свадьба маленьких цыган;1;top;маленькая свадьба
маленькие стишки на свадьбу;1;top;маленькая свадьба
букет невесты на свадьбу маленький фото;1;top;маленькая свадьба
стих маленький на свадьбу поздравление;1;top;маленькая свадьба
цыганская свадьба маленькие дети;1;top;маленькая свадьба
парные костюмы для двоих на свадьбу;1;top;свадьба для двоих
свадьба в питере для двоих стоимость;1;top;свадьба для двоих | стоимость свадьбы
идеи свадьбы для двоих без торжества;1;top;свадьба для двоих | идеи для свадьбы
праздничный ужин на годовщину свадьбы для двоих;1;top;свадьба для двоих
свадьба за городом минск;1;top;свадьба за городом
свадьба за городом самара;1;top;свадьба за городом
свадьба за городом омск;1;top;свадьба за городом
место проведения свадьбы за городом;1;top;свадьба за городом
свадьба за городом с размещением гостей;1;top;свадьба за городом
загородный дом для свадьбы екатеринбург;1;top;загородная свадьба
леди диана загородный дом свадьба;1;top;загородная свадьба
полицейский с рублевки свадьба сестры песня;1;top;свадьба рублевка
полицейский с рублевки 2 сезон свадьба;1;top;свадьба рублевка
образ на свадьбу в гости недорого;1;top;свадьба недорого
свадьба ростов недорого;1;top;свадьба недорого
как организовать недорогую свадьбу самостоятельно поэтапно;1;top;свадьба недорого
как организовать свадьбу самостоятельно недорого;1;top;свадьба недорого
как правильно организовать свадьбу самостоятельно поэтапно недорого;1;top;свадьба недорого
ресторан спб недорого свадьба;1;top;свадьба недорого
свадьба самостоятельно недорого;1;top;свадьба недорого
машина на свадьбу с водителем спб недорого;1;top;свадьба недорого
свадьба недорого челябинск;1;top;свадьба недорого
заказ лимузина на свадьбу недорого;1;top;свадьба недорого
как устроить свадьбу недорого но красиво;1;top;свадьба недорого
свадьба пермь недорого;1;top;свадьба недорого
оформление свадьбы под ключ;1;top;свадьба под ключ | оформление свадьбы
свадьба под ключ вл владикавказе;1;top;свадьба под ключ
свадьба под ключ иркутск;1;top;свадьба под ключ
свадьба под ключ киров;1;top;свадьба под ключ
свадьба под ключ крым;1;top;свадьба под ключ
свадьба под ключ курск;1;top;свадьба под ключ
свадьба под ключ новосибирск;1;top;свадьба под ключ
свадьба под ключ пенза;1;top;свадьба под ключ
свадьба под ключ пермь цены;1;top;свадьба под ключ | свадьба под ключ цена
свадьба под ключ тамбов;1;top;свадьба под ключ
свадьба под ключ мелодрама;1;top;свадьба под ключ
свадьба под ключ новороссийск;1;top;свадьба под ключ
свадьба под ключ пятигорск;1;top;свадьба под ключ
свадьба под ключ калининград;1;top;свадьба под ключ
свадьба под ключ красноярск;1;top;свадьба под ключ
свадьба под ключ хабаровск;1;top;свадьба под ключ
свадьба под ключ мурманск;1;top;свадьба под ключ
свадьба под ключ тула;1;top;свадьба под ключ
свадьба под ключ тюмень;1;top;свадьба под ключ
свадьба под ключ ярославль;1;top;свадьба под ключ
стоимость свадьба краснодар;1;top;стоимость свадьбы
стоимость свадьбы в самаре;1;top;стоимость свадьбы
стоимость фотографа на свадьбу за час;1;top;стоимость свадьбы | фотограф на свадьбу
стоимость свадьбы бородиной;1;top;стоимость свадьбы
минимальная стоимость свадьбы в москве;1;top;стоимость свадьбы
шато де талю свадьба стоимость;1;top;стоимость свадьбы
средняя стоимость свадьбы в спб;1;top;стоимость свадьбы
стоимость свадьбы в питере;1;top;стоимость свадьбы
стоимость свадьбы сколько стоит;1;top;стоимость свадьбы | сколько стоит свадьба
замок гарибальди стоимость свадьбы;1;top;стоимость свадьбы
песочное шоу на свадьбу стоимость;1;top;стоимость свадьбы
свадьба на 80 человек стоимость;1;top;стоимость свадьбы
стоимость каравая на свадьбу;1;top;стоимость свадьбы
стоимость свадьбы в тамбове;1;top;стоимость свадьбы
стоимость свадьбы ростов;1;top;стоимость свадьбы
сколько стоит выпустить голубей на свадьбе;1;top;сколько стоит свадьба
сколько стоит джигурда на свадьбу;1;top;сколько стоит свадьба
сколько стоит заказать мота на свадьбу;1;top;сколько стоит свадьба
сколько стоит свадьба в брянске;1;top;сколько стоит свадьба
сколько стоит свадьба тюмень;1;top;сколько стоит свадьба
сколько стоит украшение зала на свадьбу;1;top;сколько стоит свадьба
сколько стоит позвать филиппа киркорова на свадьбу;1;top;сколько стоит свадьба
сколько стоит свадьба волгоград;1;top;сколько стоит свадьба
сколько стоит шаман на свадьбу;1;top;сколько стоит свадьба
сколько стоит свадьба в казани;1;top;сколько стоит свадьба
меню на свадьбу сколько стоит;1;top;сколько стоит свадьба
сколько стоила свадьба покров и бабича;1;top;сколько стоит свадьба
сколько стоит выступление на свадьбе аркадия думикяна;1;top;сколько стоит свадьба
сколько стоит выступление рианны на свадьбе;1;top;сколько стоит свадьба
сколько стоит заказать мияги на свадьбу;1;top;сколько стоит свадьба
сколько стоит заказать нагиева на свадьбу;1;top;сколько стоит свадьба
сколько стоит заказать эльбруса джанмирзоева на свадьбу;1;top;сколько стоит свадьба
сколько стоит макияж и прическа на свадьбу;1;top;сколько стоит свадьба
сколько стоит позвать мота на свадьбу;1;top;сколько стоит свадьба
сколько стоит позвать нагиева на свадьбу ведущим;1;top;сколько стоит свадьба | ведущий на свадьбу
сколько стоит пригласить акмаля на свадьбу;1;top;сколько стоит свадьба
сколько стоит пригласить бтс на свадьбу;1;top;сколько стоит свадьба
сколько стоит сайт приглашение на свадьбу;1;top;сколько стоит свадьба
сколько стоит свадьба в китае;1;top;сколько стоит свадьба
сколько стоит свадьба в ставрополе;1;top;сколько стоит свадьба
сколько стоит свадьба ульяновск;1;top;сколько стоит свадьба
сколько стоит сделать пригласительные на свадьбу;1;top;сколько стоит свадьба
сколько стоит сыграть свадьбу в краснодаре;1;top;сколько стоит свадьба
сколько стоит фотограф на свадьбу в спб;1;top;сколько стоит свадьба | фотограф на свадьбу
сколько стоят услуги флориста на свадьбу;1;top;сколько стоит свадьба
сколько стоит алкоголь на свадьбу;1;top;сколько стоит свадьба
сколько стоит аниматор на свадьбу;1;top;сколько стоит свадьба
сколько стоит позвать лазарева на свадьбу;1;top;сколько стоит свадьба
сколько стоит свадьба ани покров;1;top;сколько стоит свадьба
сколько стоила свадьба литвина и адель;1;top;сколько стоит свадьба
сколько стоит мужской костюм на свадьбу;1;top;сколько стоит свадьба
сколько стоит свадьба в красноярске;1;top;сколько стоит свадьба
сколько стоила свадьба безоса;1;top;сколько стоит свадьба
сколько стоит визажист на свадьбу;1;top;сколько стоит свадьба | визажист на свадьбу
сколько стоит распечатать пригласительные на свадьбу;1;top;сколько стоит свадьба
сколько стоит свадьба безоса;1;top;сколько стоит свадьба
сколько стоит участие в 4 свадьбы;1;top;сколько стоит свадьба
сколько стоит пригласить макку межиеву на свадьбу;1;top;сколько стоит свадьба
сколько стоит пышная свадьба;1;top;сколько стоит свадьба
минск сколько стоит свадьба;1;top;сколько стоит свадьба
сколько стоит заказать автобус на свадьбу;1;top;сколько стоит свадьба
сколько стоит минимальная свадьба;1;top;сколько стоит свадьба
сатир сколько стоит позвать на свадьбу ведущим;1;top;сколько стоит свадьба | ведущий на свадьбу
сколько стоит выступление сосо павлиашвили на свадьбе;1;top;сколько стоит свадьба
сколько стоит гузель уразова на свадьбу;1;top;сколько стоит свадьба
сколько стоит позвать звезду на свадьбу;1;top;сколько стоит свадьба
сколько стоит позвать светлакова на свадьбу;1;top;сколько стоит свадьба
сколько стоит пригласить игнатия винтурова на свадьбу;1;top;сколько стоит свадьба
сколько стоит свадьба в турции;1;top;сколько стоит свадьба
сколько стоила свадьба маши руткис;1;top;сколько стоит свадьба
сколько стоит выкуп невесты на свадьбе;1;top;сколько стоит свадьба
сколько стоит костюм жениха на свадьбу;1;top;сколько стоит свадьба
сколько стоит пригласить сергея лазарева на свадьбу;1;top;сколько стоит свадьба
сколько стоит самая дешевая свадьба;1;top;сколько стоит свадьба
сколько стоит свадьба в орле;1;top;сколько стоит свадьба
сколько стоит свадьба в твери;1;top;сколько стоит свадьба
сколько стоит свадьба во владимире;1;top;сколько стоит свадьба
андрис ведущий на свадьбах;1;top;ведущий на свадьбу
ведущий на свадьбе армянин;1;top;ведущий на свадьбу
ведущий на свадьбу брянск;1;top;ведущий на свадьбу
ведущий на свадьбу вологда;1;top;ведущий на свадьбу
ведущий на свадьбу питер;1;top;ведущий на свадьбу
фоновая музыка для ведущих на свадьбу;1;top;ведущий на свадьбу
кто был ведущим на свадьбе зубарева;1;top;ведущий на свадьбу
порно с ведущей на свадьбе;1;top;ведущий на свадьбу
арсений попов ведущий на свадьбу;1;top;ведущий на свадьбу
ведущий на свадьбу волжский;1;top;ведущий на свадьбу
услуги ведущего на свадьбу цена;1;top;ведущий на свадьбу
ведущий на свадьбу конаково;1;top;ведущий на свадьбу
ведущий на свадьбу брест;1;top;ведущий на свадьбу
вступительное слово ведущего на свадьбе;1;top;ведущий на свадьбу
текст на свадьбу для ведущего в загсе;1;top;ведущий на свадьбу
ведущий на свадьбу хабаровск;1;top;ведущий на свадьбу
слова которые говорит ведущий на свадьбе;1;top;ведущий на свадьбу
ведущие балаково на свадьбу;1;top;ведущий на свадьбу
ведущий на свадьбу в орле;1;top;ведущий на свадьбу
ведущий на свадьбу владикавказ;1;top;ведущий на свадьбу
ведущий на свадьбу гомель;1;top;ведущий на свадьбу
ведущий на свадьбу екатеринбург;1;top;ведущий на свадьбу
ведущий на свадьбу калининград;1;top;ведущий на свадьбу
ведущий на свадьбу курган;1;top;ведущий на свадьбу
ведущий на свадьбу спб цены;1;top;ведущий на свадьбу
ведущий на свадьбу тамбов цена;1;top;ведущий на свадьбу
ведущий на свадьбу цена ростов;1;top;ведущий на свадьбу
ведущий на свадьбу что спрашивать;1;top;ведущий на свадьбу
илья соболев ведущий на свадьбу цена;1;top;ведущий на свадьбу
кавказский ведущий на свадьбу;1;top;ведущий на свадьбу
как поблагодарить ведущего на свадьбе;1;top;ведущий на свадьбу
речь ведущего на свадьбе церемония;1;top;ведущий на свадьбу
ростов на дону ведущая свадьбы цена;1;top;ведущий на свадьбу
чем отличается тамада от ведущего на свадьбе;1;top;ведущий на свадьбу
шутки ведущего на свадьбе;1;top;ведущий на свадьбу
самый популярный ведущий на свадьбу;1;top;ведущий на свадьбу
анекдот про ведущего на свадьбе;1;top;ведущий на свадьбу
ведущий на свадьбу тольятти;1;top;ведущий на свадьбу
анкета гостей на свадьбу для ведущего;1;top;ведущий на свадьбу
ведущий на свадьбе гарика харламова;1;top;ведущий на свадьбу
ведущий на свадьбу барнаул;1;top;ведущий на свадьбу
ведущий на свадьбу ижевск;1;top;ведущий на свадьбу
ведущий на свадьбу оренбург;1;top;ведущий на свадьбу
снятие фаты на свадьбе слова ведущего;1;top;ведущий на свадьбу
ведущий на свадьбу могилев;1;top;ведущий на свадьбу
ведущие на свадьбу обнинск;1;top;ведущий на свадьбу
договор ведущего на свадьбу образец;1;top;ведущий на свадьбу
ведущий на свадьбу москва дагестанец;1;top;ведущий на свадьбу
топ 10 ведущих на свадьбу;1;top;ведущий на свадьбу
ведущие на свадьбу елена;1;top;ведущий на свадьбу
ведущий на свадьбу благовещенск;1;top;ведущий на свадьбу
ведущий на свадьбу воронеж евгений;1;top;ведущий на свадьбу
вынос торта на свадьбе слова ведущего;1;top;ведущий на свадьбу
речь ведущего на свадьбе текст;1;top;ведущий на свадьбу
фотограф на свадьбу краснодар;1;top;фотограф на свадьбу
фотограф на свадьбу чебоксары;1;top;фотограф на свадьбу
фотограф на свадьбу воронеж;1;top;фотограф на свадьбу
репортажный фотограф на свадьбу;1;top;фотограф на свадьбу
фотограф на свадьбу брянск;1;top;фотограф на свадьбу
фотограф на свадьбу донецк;1;top;фотограф на свадьбу
фотограф на свадьбу калининград;1;top;фотограф на свадьбу
фотограф на свадьбу красноярск;1;top;фотограф на свадьбу
что спросить у фотографа на свадьбу;1;top;фотограф на свадьбу
фотограф на свадьбу во владимире;1;top;фотограф на свадьбу
фотограф на свадьбу челябинск;1;top;фотограф на свадьбу
фотограф на свадьбу орел;1;top;фотограф на свадьбу
фотограф смоленск на свадьбу;1;top;фотограф на свадьбу
фотограф удалил фото на свадьбе;1;top;фотограф на свадьбу
фотограф на свадьбу курск;1;top;фотограф на свадьбу
фотограф на свадьбу пенза;1;top;фотограф на свадьбу
фотограф на свадьбу рязань;1;top;фотограф на свадьбу
видеограф на свадьбу тюмень;1;top;видеограф на свадьбу
что делает видеограф на свадьбе;1;top;видеограф на свадьбу
видеограф на свадьбу липецк;1;top;видеограф на свадьбу
видеограф на свадьбу краснодар;1;top;видеограф на свадьбу
декор свадебного торта одноярусного;1;top;свадебный декор | свадебный торт
свадебный декор какой бывает;1;top;свадебный декор
свадебный декор 2027;1;top;свадебный декор
свадебный декор ростов;1;top;свадебный декор
свадебный декор сочи;1;top;свадебный декор
аренда свадебного декора воронеж;1;top;свадебный декор
свадебный декор иваново;1;top;свадебный декор
декор свадебного стола жениха и невесты;1;top;свадебный декор
свадебный декор стола невесты;1;top;свадебный декор
свадебный декор желтый;1;top;свадебный декор
свадебный декор шатра;1;top;свадебный декор
свадебный декор на автомобиль;1;top;свадебный декор
оформление свадьбы свадебный декор;1;top;свадебный декор | оформление свадьбы
декор свадебного торта двухъярусного;1;top;свадебный декор | свадебный торт
свадебный декор с бусами;1;top;свадебный декор
оформление гуся на свадьбу;1;top;оформление свадьбы
оформление свадьбы синего цвета;1;top;оформление свадьбы
оформление свадьбы синими цветами;1;top;оформление свадьбы
оформление торта на годовщину свадьбы 3 года;1;top;оформление свадьбы
лимонная свадьба оформление;1;top;оформление свадьбы
оформление бутылки шампанского на свадьбу своими руками;1;top;оформление свадьбы
оформление свадьбы летом;1;top;оформление свадьбы
свадьба на улице летом оформление;1;top;оформление свадьбы
оформление списка гостей на свадьбу;1;top;оформление свадьбы
список на свадьбу оформление;1;top;оформление свадьбы
дизайн свадьба оформление;1;top;оформление свадьбы
оформление зала золотой свадьбы;1;top;оформление свадьбы
оформление свадеб рязань;1;top;оформление свадьбы
оформление свадьбы оренбург;1;top;оформление свадьбы
оформление свадьбы сухоцветами;1;top;оформление свадьбы
оформление свадьбы что нужно;1;top;оформление свадьбы
свадьба во дворе частного дома оформление;1;top;оформление свадьбы
торт на хрустальную свадьбу оформление;1;top;оформление свадьбы
авито оформление зала на свадьбу;1;top;оформление свадьбы
обучение оформление свадеб;1;top;оформление свадьбы
оформление пожеланий на свадьбе;1;top;оформление свадьбы
сладкий стол на свадьбу оформление;1;top;оформление свадьбы
оформление свадьбы буквами;1;top;оформление свадьбы
оформление свадьбы спб;1;top;оформление свадьбы
оформление свадьбы тамбов;1;top;оформление свадьбы
оформление стола молодоженов на свадьбу своими руками;1;top;оформление свадьбы
оформление фуршета на свадьбу;1;top;оформление свадьбы
свадьба в итальянском стиле оформление;1;top;оформление свадьбы | стили свадьбы
оформление свадьбы свечами;1;top;оформление свадьбы
оформление торта на свадьбу одноярусный;1;top;оформление свадьбы
оформление торта на серебряную свадьбу;1;top;оформление свадьбы
оформление бокалов на свадьбу своими руками;1;top;оформление свадьбы
оформление русской свадьбы;1;top;оформление свадьбы
оформление свадеб картинки;1;top;оформление свадьбы
оформление свадеб курсы;1;top;оформление свадьбы
оформление свадьбы в русском стиле;1;top;оформление свадьбы | стили свадьбы
оформление свадьбы липецк;1;top;оформление свадьбы
свадьба в стиле прованс оформление;1;top;оформление свадьбы | стили свадьбы
свадьба на даче оформление своими руками;1;top;оформление свадьбы
свадебный организатор новосибирск;1;top;свадебный организатор
лучший свадебный организатор;1;top;свадебный организатор
помощник свадебного организатора вакансии;1;top;свадебный организатор
свадебные организаторы екатеринбург;1;top;свадебный организатор
свадебный организатор ирина червякова;1;top;свадебный организатор
свадебный организатор нижний;1;top;свадебный организатор
свадебный организатор нижний новгород;1;top;свадебный организатор
свадебный организатор самара;1;top;свадебный организатор
свадебный организатор спб;1;top;свадебный организатор
свадебный организатор ярославль;1;top;свадебный организатор
свадебный организатор краснодар;1;top;свадебный организатор
свадебный организатор калуга;1;top;свадебный организатор
чем отличается свадебный организатор от координатора;1;top;свадебный организатор
свадебное агентство калуга;1;top;свадебное агентство
мария кравец свадебное агентство;1;top;свадебное агентство
свадебное агентство липецк;1;top;свадебное агентство
свадебное агентство орел;1;top;свадебное агентство
свадебное агентство чебоксары;1;top;свадебное агентство
свадебные агентства екатеринбург;1;top;свадебное агентство
svadberry свадебное агентство;1;top;свадебное агентство
cheers свадебное агентство;1;top;свадебное агентство
свадебное агентство культура;1;top;свадебное агентство
feerique event свадебное агентство;1;top;свадебное агентство
март свадебное агентство тула;1;top;свадебное агентство
свадебные агентства ярославль;1;top;свадебное агентство
диджей на свадьбу екатеринбург;1;top;диджей на свадьбу
диджей сет на свадьбу;1;top;диджей на свадьбу
торт свадебный 8кг;1;top;свадебный торт
свадебный торт двухъярусный на свадьбу картинки;1;top;свадебный торт
свадебный торт на свадьбу картинки;1;top;свадебный торт
аня покров торт свадебный;1;top;свадебный торт
как получить свадебный торт в симс 4;1;top;свадебный торт
свадебные торты ставрополь;1;top;свадебный торт
свадебный торт новинка;1;top;свадебный торт
свадебный торт с белыми розами;1;top;свадебный торт
свадебный торт с рисовыми парусами;1;top;свадебный торт
свадебный торт состав;1;top;свадебный торт
торт ссср свадебный;1;top;свадебный торт
торты свадебные новые;1;top;свадебный торт
фото свадебных тортов 2 яруса;1;top;свадебный торт
чем покрыть свадебный торт;1;top;свадебный торт
юлия клочкова свадебный торт;1;top;свадебный торт
варианты свадебных тортов прямоугольник;1;top;свадебный торт
свадебный торт смоленск;1;top;свадебный торт
торт в стиле итальянского пирога свадебный описание;1;top;свадебный торт
вынос свадебного торта музыка скачать;1;top;свадебный торт
покрытие свадебного торта;1;top;свадебный торт
слои свадебного торта;1;top;свадебный торт
большой квадратный свадебный торт;1;top;свадебный торт
паруса на свадебном торте;1;top;свадебный торт
как украсить свадебный торт живыми цветами;1;top;свадебный торт
какие начинки делают на свадебный торт;1;top;свадебный торт
коробка под свадебный торт;1;top;свадебный торт
свадебный торт на 2 кг фото;1;top;свадебный торт
вынос свадебного торта сценарий;1;top;свадебный торт
желтый свадебный торт;1;top;свадебный торт
пятиярусный свадебный торт;1;top;свадебный торт
свадебный двухэтажный торт;1;top;свадебный торт
свадебный торт в стиле бохо;1;top;свадебный торт
свадебный торт луганск;1;top;свадебный торт
свадебный торт метровый;1;top;свадебный торт
свадебный торт полина;1;top;свадебный торт
свадебный торт с инжиром;1;top;свадебный торт
свадебный торт с капкейками на свадьбу;1;top;свадебный торт
свадебный торт с капкейками на свадьбу фото;1;top;свадебный торт
фото свадебного торта с капкейками;1;top;свадебный торт
свадебные торты бело золотой;1;top;свадебный торт
торт молодым свадебный;1;top;свадебный торт
бисквитный торт свадебный;1;top;свадебный торт
где заказать свадебный торт в симс 4;1;top;свадебный торт
декорирование свадебного торта;1;top;свадебный торт
длинные свадебные торты фото;1;top;свадебный торт
как подписать свадебный торт;1;top;свадебный торт
не вэлл мой свадебный торт;1;top;свадебный торт
свадебные торты 2 яруса с цветами;1;top;свадебный торт
свадебные торты на заказ фото и цены;1;top;свадебный торт
свадебные торты сиреневый;1;top;свадебный торт
свадебный торт бисквитный двор;1;top;свадебный торт
свадебный торт и трайфлы на свадьбу;1;top;свадебный торт
свадебный торт макет;1;top;свадебный торт
свадебный торт оригинальный небольшой;1;top;свадебный торт
свадебный торт с бабочками;1;top;свадебный торт
свадебный торт фото цена;1;top;свадебный торт
сколько нужно свечей на свадебный торт;1;top;свадебный торт
стоимость свадебного торта за кг;1;top;свадебный торт
торт свадебный белый с ягодами;1;top;свадебный торт
фото свадебных тортов белые;1;top;свадебный торт
дизайн свадебного торта 1 ярус;1;top;свадебный торт
как украсить свадебный торт вафельной бумагой;1;top;свадебный торт
какой купить свадебный торт;1;top;свадебный торт
оформление свадебного торта двухъярусного;1;top;свадебный торт
свадебные торты владимир;1;top;свадебный торт
свадебный торт в стаканчиках;1;top;свадебный торт
свадебный торт с инициалами и кольцами;1;top;свадебный торт
свеча фонтан в свадебный торт;1;top;свадебный торт
купить кусок свадебного торта;1;top;свадебный торт
длинный свадебный торт сборка;1;top;свадебный торт
свадебные торты чебоксары;1;top;свадебный торт
свадебный торт на 100 человек;1;top;свадебный торт
дизайны свадебных тортов одноярусных;1;top;свадебный торт
простой свадебный торт одноярусный;1;top;свадебный торт
подводка к свадебному торту;1;top;свадебный торт
надпись на свадебном торте варианты;1;top;свадебный торт
свадебный торт минск;1;top;свадебный торт
топпер кольца на свадебный торт;1;top;свадебный торт
шоу торт свадебный;1;top;свадебный торт
свадебный торт на день рождения;1;top;свадебный торт
гигантские свадебные торты;1;top;свадебный торт
торт свадебный с ромашками;1;top;свадебный торт
торт свадебный прямоугольный как сделать;1;top;свадебный торт
литовский свадебный торт шакотис рецепт;1;top;свадебный торт
свадебный торт самара;1;top;свадебный торт
торты свадебные с вафельным украшением;1;top;свадебный торт
итальянский свадебный торт пирог рецепт;1;top;свадебный торт
свадебные торты мастика фото;1;top;свадебный торт
свадебные торты фото без;1;top;свадебный торт
свадебный торт без мастики фото;1;top;свадебный торт
фото свадебных тортов двухъярусных без мастики;1;top;свадебный торт
свадебный торт 2009;1;top;свадебный торт
как красиво украсить свадебный торт;1;top;свадебный торт
свадебный торт ханты мансийск;1;top;свадебный торт
винтажный свадебный торт;1;top;свадебный торт
как сделать длинный свадебный торт;1;top;свадебный торт
красивые свадебные торты одноярусные;1;top;свадебный торт
приготовление свадебного торта в домашних условиях;1;top;свадебный торт
свадебная традиция продавать торт;1;top;свадебный торт
свадебные торты королевской семьи;1;top;свадебный торт
свадебные торты одноярусные красивые фото;1;top;свадебный торт
свадебный торт безе;1;top;свадебный торт
свадебный торт на 5 кг фото;1;top;свадебный торт
свадебный торт откуда традиция;1;top;свадебный торт
свадебный торт с бантиками;1;top;свадебный торт
свадебный торт с именами;1;top;свадебный торт
свадебный торт с пионами;1;top;свадебный торт
свадебный торт с юмором;1;top;свадебный торт
свадебный торт уроки;1;top;свадебный торт
торт под заказ свадебный;1;top;свадебный торт
торт свадебный фото 1 ярус;1;top;свадебный торт
торты свадебные 2026 с капкейками;1;top;свадебный торт
этаж свадебного торта;1;top;свадебный торт
юлия смолл итальянский свадебный торт;1;top;свадебный торт
свадебный стилист спб;1;top;свадебный стилист
выездная регистрация брака астрахань;1;top;выездная регистрация
выездная регистрация брака в брянске;1;top;выездная регистрация
выездная регистрация брака в калининграде;1;top;выездная регистрация
выездная регистрация брака севастополь;1;top;выездная регистрация
выездная регистрация брака тюмень;1;top;выездная регистрация
выездная регистрация курск;1;top;выездная регистрация
выездная регистрация севастополь;1;top;выездная регистрация
выездная регистрация сочи цена;1;top;выездная регистрация
выездная регистрация тюмень;1;top;выездная регистрация
выездная регистрация брака в минске;1;top;выездная регистрация
стоимость выездная регистрация брака в загсе;1;top;выездная регистрация
шлиссельбург выездная регистрация;1;top;выездная регистрация
как оформляется выездная регистрация брака;1;top;выездная регистрация
выездная регистрация брака кострома;1;top;выездная регистрация
в чем выносят кольца на выездной регистрации;1;top;выездная регистрация
выездная регистрация брака ижевск;1;top;выездная регистрация
выездная регистрация брака саратов;1;top;выездная регистрация
выездная регистрация брака тверь;1;top;выездная регистрация
выездная регистрация во владимире;1;top;выездная регистрация
выездная регистрация тверь;1;top;выездная регистрация
локации для выездной регистрации сочи;1;top;выездная регистрация
ресторан с выездной регистрации волгоград;1;top;выездная регистрация
сколько стоит выездная регистрация брака в саратове;1;top;выездная регистрация
сколько стоит выездная регистрация в рязани;1;top;выездная регистрация
сценарий выездной регистрации брака текст для ведущей;1;top;выездная регистрация
выездная регистрация волжский;1;top;выездная регистрация
кто проводит выездную регистрацию;1;top;выездная регистрация
текст для выездной регистрации брака трогательные;1;top;выездная регистрация
выездная регистрация 2025;1;top;выездная регистрация
выездная регистрация брака казань стоимость;1;top;выездная регистрация
аренда площадки для выездной регистрации;1;top;выездная регистрация
выездная регистрация брака в орле цены;1;top;выездная регистрация
выездная регистрация брака самара;1;top;выездная регистрация
выездная регистрация брака тамбов цена;1;top;выездная регистрация
выездная регистрация брака тольятти;1;top;выездная регистрация
выездная регистрация брака уфа;1;top;выездная регистрация
выездная регистрация на озере;1;top;выездная регистрация
выездная регистрация омск;1;top;выездная регистрация
выездная регистрация самара;1;top;выездная регистрация
выездная регистрация смоленск;1;top;выездная регистрация
сколько стоит выездная регистрация брака в уфе;1;top;выездная регистрация
выездная регистрация брака ярославль;1;top;выездная регистрация
выездная регистрация брака сценарий текст трогательный;1;top;выездная регистрация
проведение свадьбы с выездной регистрацией;1;top;выездная регистрация
идеи для выездной регистрации;1;top;выездная регистрация
свадьбы в области с выездной регистрацией;1;top;выездная регистрация
сервис выездной регистрации биометрии;1;top;выездная регистрация
выездная регистрация брака оренбург;1;top;выездная регистрация
выездная регистрация казань цена;1;top;выездная регистрация
белая выездная регистрация;1;top;выездная регистрация
выездная регистрация брака в питере;1;top;выездная регистрация
выездная регистрация слова ведущего;1;top;выездная регистрация
свадебные арки для выездной регистрации своими руками;1;top;выездная регистрация
тайминг свадебного дня по часам;1;top;тайминг свадебного дня
как составить тайминг свадебного дня;1;top;тайминг свадебного дня
тайминг свадебного дня шаблон;1;top;тайминг свадебного дня
свадьба в 2026 году бюджет;1;top;бюджет свадьбы
свадьба клавы коки и димы масленникова бюджет;1;top;бюджет свадьбы
таблица расчета бюджета свадьбы;1;top;бюджет свадьбы
4 свадьбы бюджет 20 тысяч;1;top;бюджет свадьбы
какой был самый большой бюджет свадьбы;1;top;бюджет свадьбы
бюджет свадьбы онлайн калькулятор;1;top;бюджет свадьбы
рассчитать бюджет свадьбы калькулятор онлайн;1;top;бюджет свадьбы
рассчитать бюджет свадьбы онлайн;1;top;бюджет свадьбы
50 лет свадьбы сценарий праздника;1;top;сценарий свадьбы
второй день свадьбы обычаи и традиции сценарий;1;top;сценарий свадьбы
второй день свадьбы сценарий и обычай;1;top;сценарий свадьбы
программа на свадьбу сценарий для тамады современный;1;top;сценарий свадьбы
свадебные сценарии для небольшой свадьбы;1;top;сценарий свадьбы
свадебные сценарии для небольшой свадьбы для тамады;1;top;сценарий свадьбы
свадьба 15 человек сценарий;1;top;сценарий свадьбы
сценарий к 45 годовщине свадьбы;1;top;сценарий свадьбы
сценарий на юбилей свадьбы 20 лет;1;top;сценарий свадьбы
сценарий первой годовщины свадьбы;1;top;сценарий свадьбы
сценарий проведения сапфировой свадьбы;1;top;сценарий свадьбы
сценарий сапфировой свадьбы в домашних условиях;1;top;сценарий свадьбы
сценарий свадьбы в кругу друзей;1;top;сценарий свадьбы
сценарий серебряной свадьбы в кругу друзей;1;top;сценарий свадьбы
примерный сценарий свадьбы;1;top;сценарий свадьбы
годовщина свадьбы 35 лет сценарии;1;top;сценарий свадьбы
сценарий 35 годовщины свадьбы;1;top;сценарий свадьбы
золотая свадьба сценарий шуточный;1;top;сценарий свадьбы
35 лет свадьбе прикольный сценарий;1;top;сценарий свадьбы
сценарий 35 лет совместной свадьбы;1;top;сценарий свадьбы
сценарий свадьбы 35 лет совместной жизни;1;top;сценарий свадьбы
сценарий свадьбы 35 лет совместной жизни прикольные;1;top;сценарий свадьбы
годовщина свадьбы 45 лет сценарий прикольный;1;top;сценарий свадьбы
смешные сценария для юбилея свадьбы;1;top;сценарий свадьбы
сценарий годовщины свадьбы 45 лет;1;top;сценарий свадьбы
сценарий свадьбы для ведущего готовый текст;1;top;сценарий свадьбы
49 лет свадьбы сценарий;1;top;сценарий свадьбы
сценарий безалкогольной свадьбы;1;top;сценарий свадьбы
сценарий казахской свадьбы;1;top;сценарий свадьбы
сценарий классической свадьбы;1;top;сценарий свадьбы
сценарий православной свадьбы;1;top;сценарий свадьбы
сценарий хрустальной свадьбы;1;top;сценарий свадьбы
снятие фаты на свадьбе сценарий;1;top;сценарий свадьбы
сценарий 25 летия свадьбы;1;top;сценарий свадьбы
сценарий на свадьбу 2026 с конкурсами;1;top;сценарий свадьбы
сценарий свадьбы 15 лет совместной жизни;1;top;сценарий свадьбы
юбилей свадьбы 25 сценарий;1;top;сценарий свадьбы
сценарий свадьбы с самого начала;1;top;сценарий свадьбы
готовый сценарий свадьбы без тамады дома;1;top;сценарий свадьбы
домашний сценарий свадьбы 50 лет;1;top;сценарий свадьбы
полный сценарий второго дня свадьбы;1;top;сценарий свадьбы
проведение свадьбы от начала до конца сценарий;1;top;сценарий свадьбы
сценарий второго дня свадьбы на даче;1;top;сценарий свадьбы
сценарий готовый свадьба для небольшой компании;1;top;сценарий свадьбы
сценарий для небольшой свадьбы без конкурсов;1;top;сценарий свадьбы
сценарий казачьей свадьбы;1;top;сценарий свадьбы
сценарий на небольшую свадьбу с конкурсами;1;top;сценарий свадьбы
сценарий небольшой свадьбы дома;1;top;сценарий свадьбы
сценарий проведения свадьбы начало;1;top;сценарий свадьбы
сценарий свадьба для небольшой компании дома;1;top;сценарий свадьбы
сценарий свадьбы 2024 для ведущего с конкурсами;1;top;сценарий свадьбы
сценарий свадьбы родителям 50 лет;1;top;сценарий свадьбы
сценарий свадьбы тамады играми;1;top;сценарий свадьбы
сценарий свадьбы тамады конкурсами и играми;1;top;сценарий свадьбы
варианты сценариев свадьбы;1;top;сценарий свадьбы
продажа торта на свадьбе сценарий;1;top;сценарий свадьбы
продажа торта на свадьбе сценарий для тамады;1;top;сценарий свадьбы
сценарий на свадьбу приветствие;1;top;сценарий свадьбы
сценарий тематической свадьбы;1;top;сценарий свадьбы
сценарий свадьбы 45 лет совместной жизни прикольные;1;top;сценарий свадьбы
сценарий 30 годовщины свадьбы;1;top;сценарий свадьбы
сценарий выкупа невесты на свадьбу в стихах;1;top;сценарий свадьбы
сценарий изумрудной свадьбы в домашних условиях прикольные;1;top;сценарий свадьбы
сценарий на 35 лет свадьбы;1;top;сценарий свадьбы
сценарий на юбилей свадьбы 35;1;top;сценарий свадьбы
сценарий юбилея свадьбы 35 лет;1;top;сценарий свадьбы
домашний сценарий 25 лет свадьбе;1;top;сценарий свадьбы
интересный сценарий на годовщину свадьбы;1;top;сценарий свадьбы
сценарий второго дня свадьбы в русском стиле;1;top;сценарий свадьбы | стили свадьбы
сценарий обряда свадьбы;1;top;сценарий свадьбы
сценарий прикольного поздравления на свадьбу;1;top;сценарий свадьбы
сценарий годовщины свадьбы в русско народном стиле;1;top;сценарий свадьбы | стили свадьбы
золотая свадьба сценарий золотой свадьбы дома;1;top;сценарий свадьбы
интересный веселый сценарий свадьбы;1;top;сценарий свадьбы
песочная церемония на свадьбе сценарий;1;top;сценарий свадьбы
сценарий банкета на свадьбу;1;top;сценарий свадьбы
сценарий золотая свадьба в кругу родных;1;top;сценарий свадьбы
сценарий проведения свадьбы конкурсы;1;top;сценарий свадьбы
сценарий свадьбы 25 лет совместной жизни прикольные;1;top;сценарий свадьбы
сценарий свадьбы с музыкой и конкурсами;1;top;сценарий свадьбы
сценарий серебряной свадьбы для тамады готовый полный;1;top;сценарий свадьбы
сценарий ситцевой свадьбы дома прикольный;1;top;сценарий свадьбы
читать сценарий свадьбы;1;top;сценарий свадьбы
что надеть на свадьбу гостье в сентябре;1;top;свадьба в сентябре
свадебные приметы свадьба в сентябре;1;top;свадьба в сентябре
образ на свадьбу к подруге в сентябре;1;top;свадьба в сентябре
идеи свадьбы в сентябре;1;top;свадьба в сентябре
свадьба в сентябре какую дату выбрать;1;top;свадьба в сентябре
август хороший месяц для свадьбы;1;top;лучший месяц для свадьбы
идеи для свадьбы в деревне;1;top;идеи для свадьбы
идеи для подарка на серебряную свадьбу;1;top;идеи для свадьбы
идеи для годовщины свадьбы 5 лет;1;top;идеи для свадьбы
идеи для поздравления со свадьбой;1;top;идеи для свадьбы
идеи для годовщины свадьбы с мужем;1;top;идеи для свадьбы
идеи для фуршета на свадьбу;1;top;идеи для свадьбы
идеи для 15 лет свадьбы;1;top;идеи для свадьбы
идеи для подарка на деревянную свадьбу;1;top;идеи для свадьбы
идеи для подарка на свадьбу молодым;1;top;идеи для свадьбы
идеи для фото на годовщину свадьбы;1;top;идеи для свадьбы
классные идеи для свадьбы;1;top;идеи для свадьбы
кутюр смотреть свадьба в стиле;1;top;стили свадьбы
платье на свадьбу в стиле горько;1;top;стили свадьбы
свадьба в классическом стиле дресс код;1;top;стили свадьбы
свадьба в русском стиле гжель;1;top;стили свадьбы
свадьба в стиле зож инь янь;1;top;стили свадьбы
стиль свадьбы 2026 рустик;1;top;стили свадьбы
свадьба вечеринка vs свадьба в стиле рок;1;top;стили свадьбы
поздравление на свадьбу в стиле бригада;1;top;стили свадьбы
свадьба в черно белом стиле наряд;1;top;стили свадьбы
четыре свадьбы свадьба в стиле 90 классическая;1;top;стили свадьбы
свадьба в стиле дарк фэнтези;1;top;стили свадьбы
4 свадьбы свадьба в стиле крым наш;1;top;стили свадьбы
4 свадьбы в стиле инь янь;1;top;стили свадьбы
4 свадьбы в стиле олд мани;1;top;стили свадьбы
конкурсы на свадьбу в стиле 90х;1;top;стили свадьбы
свадьба иды галич 2026 в стиле 90;1;top;стили свадьбы
свадьба в башкирском стиле;1;top;стили свадьбы
поздравление на свадьбу в стиле пушкина;1;top;стили свадьбы
2 день свадьбы в стиле 90;1;top;стили свадьбы
4 свадьбы свадьба в стиле диско;1;top;стили свадьбы
второй день свадьбы какой стиль;1;top;стили свадьбы
прическа на свадьбу в греческом стиле;1;top;стили свадьбы
свадьба в лавандовом стиле;1;top;стили свадьбы
свадьба в русском стиле что надеть;1;top;стили свадьбы
свадьба в стиле ведьм;1;top;стили свадьбы
свадьба в стиле дисней;1;top;стили свадьбы
свадьба в стиле игры престолов на байкале;1;top;стили свадьбы
свадьба в стиле человек паук;1;top;стили свадьбы
четыре свадьбы в стиле инь янь;1;top;стили свадьбы
этно стиль свадьбы;1;top;стили свадьбы
свадьба в белорусском стиле;1;top;стили свадьбы
свадьба в стиле 20 х годов;1;top;стили свадьбы
свадьба в итальянском стиле фото;1;top;стили свадьбы
свободный стиль одежды для мужчин на свадьбу;1;top;стили свадьбы
дворянская свадьба vs свадьба в стиле голливуд;1;top;стили свадьбы
4 свадьбы в молодежном стиле;1;top;стили свадьбы
4 свадьбы свадьба в казачьем стиле;1;top;стили свадьбы
4 свадьбы свадьба в стиле стендап вечеринка;1;top;стили свадьбы
на свадьбу в национальном стиле;1;top;стили свадьбы
поздравление на свадьбу в цыганском стиле;1;top;стили свадьбы
свадьба в итальянском стиле платья гостей;1;top;стили свадьбы
стиль свадьбы фотографии;1;top;стили свадьбы
4 свадьбы в стиле дрейн;1;top;стили свадьбы
свадьба в стиле пляжной вечеринки;1;top;стили свадьбы
стиль свадьбы фрик;1;top;стили свадьбы
свадьба в стиле 40;1;top;стили свадьбы
таджикская свадьба vs свадьба в стиле гэтсби;1;top;стили свадьбы
свадьба в стиле бохо vs сказочная свадьба;1;top;стили свадьбы | свадьба в стиле бохо
смотреть 4 свадьбы свадьба в стиле гринери;1;top;стили свадьбы
свадьба в кубанском стиле;1;top;стили свадьбы
второй день свадьбы в русском народном стиле;1;top;стили свадьбы
приглашение на свадьбу в стиле 90 х;1;top;стили свадьбы
свадьба в азиатском стиле;1;top;стили свадьбы
свадьба в стиле рейв;1;top;стили свадьбы
свадьба в стиле русалочки;1;top;стили свадьбы
стиль свадьба в малиновке;1;top;стили свадьбы
бельгийский лес стиль свадьбы;1;top;стили свадьбы
манхва свадьба в стиле;1;top;стили свадьбы
манхва свадьба в стиле китч;1;top;стили свадьбы
новые четыре свадьбы морской стиль;1;top;стили свадьбы
поздравление на свадьбу в стиле 90 х;1;top;стили свадьбы
свадьба в славянском стиле фото;1;top;стили свадьбы
свадьба в старинном стиле;1;top;стили свадьбы
свадьба в стиле 80 х годов;1;top;стили свадьбы
свадьба в стиле бомжей;1;top;стили свадьбы
свадьба в стиле гавайи;1;top;стили свадьбы
свадьба в стиле гавайской вечеринки;1;top;стили свадьбы
свадьба в стиле дикого запада;1;top;стили свадьбы
свадьба в стиле сопрано;1;top;стили свадьбы
стиль 90 х деревенская свадьба;1;top;стили свадьбы
стиль бохо свадьба одежда;1;top;стили свадьбы
украшение свадьбы в стиле бохо;1;top;стили свадьбы | свадьба в стиле бохо
четыре свадьбы в стиле бдсм;1;top;стили свадьбы
четыре свадьбы в стиле ивана купалы;1;top;стили свадьбы
что надеть на свадьбу в стиле 90;1;top;стили свадьбы
стиль бохо в одежде на свадьбу;1;top;свадьба в стиле бохо
рассадка гостей на свадьбе геншин снежная;1;top;рассадка гостей на свадьбе
план рассадки гостей на свадьбе конструктор;1;top;рассадка гостей на свадьбе
сделать рассадка гостей на свадьбе онлайн бесплатно;1;top;рассадка гостей на свадьбе
схема рассадки гостей на свадьбе шаблон;1;top;рассадка гостей на свадьбе
образец списка гостей на свадьбу для рассадки;1;top;рассадка гостей на свадьбе
приложение для рассадки гостей на свадьбе бесплатно;1;top;рассадка гостей на свадьбе
рассадка гостей на свадьбе 40 человек;1;top;рассадка гостей на свадьбе
подставка для рассадки гостей на свадьбу;1;top;рассадка гостей на свадьбе