phrase;count;cluster;kind
банкетный зал;30992;venue-type;assoc
свадебные фото;10423;rest;assoc
свадебный торт;10248;vendors;top
стили свадьбы;7428;info;assoc
стили свадеб;7424;info;top
даты свадеб;7097;rest;assoc
торт на свадьбу;6202;vendors;assoc
площадки для свадьбы;5760;core;top
сколько стоит свадьба;5683;price;top
с днем бракосочетания;5451;rest;assoc
выездная регистрация;5286;vendors;top
свадебная фотосессия;4832;vendors;assoc
свадебные площадки;4648;core;top+assoc
рестораны для свадьбы;4591;venue-type;top
ведущий на свадьбу;3730;vendors;top
сценарий свадьбы;3235;info;assoc+top
свадьба недорого;3146;price;top
свадьба в подмосковье;2750;geo;top
свадебный стол;2526;rest;assoc
свадебная музыка;2523;vendors;assoc
свадебное агентство;2382;vendors;assoc+top
свадебные видео;2376;rest;assoc
выездная регистрация брака;2333;vendors;top
фотограф на свадьбу;2225;vendors;top
традиции на свадьбе;2200;info;assoc
свадьба под ключ;2183;price;assoc+top
банкетное меню;2114;venue-type;assoc
банкетные залы для свадьбы;2026;venue-type;top
банкетный зал для свадьбы;2026;venue-type;top
свадебная церемония;1848;rest;assoc
организация свадьбы;1840;core;top
организация свадеб;1792;core;assoc
где отметить свадьбу;1761;info;top
рассадка гостей на свадьбе;1642;info;top
оформление свадьбы;1553;vendors;assoc+top
wedding day;1521;rest;assoc
стоимость свадьбы;1490;price;top
свадебная арка;1440;rest;assoc
свадебный декор;1439;vendors;top+assoc
свадебные фотографии;1383;vendors;assoc
место для свадьбы;1311;core;top
свадебный образ;1306;rest;assoc
свадебные традиции;1279;info;assoc
рестораны для свадьбы в москве;1246;venue-type;top
загородная свадьба;1193;venue-type;top
свадебный зал;1178;core;assoc
идеи для свадьбы;1157;info;assoc+top
свадебный банкет;1132;core;assoc+top
выездная регистрация москва;990;vendors;top
свадебные приглашения;942;info;assoc
свадьба на природе;941;venue-type;assoc+top
приснилась свадьба;927;rest;assoc
создать приглашение на свадьбу;919;info;assoc
свадебный сайт;901;rest;assoc
в чем пойти на свадьбу;901;rest;assoc
церемония бракосочетания;897;rest;assoc
как провести свадьбу;787;info;top
свадебные бокалы;767;rest;assoc
красивые даты для свадьбы;763;rest;assoc
где провести свадьбу;755;info;top
выездная регистрация брака в москве;754;vendors;top
банкетный зал для свадьбы москва;751;venue-type;top
свадьба бальзаминова;742;rest;assoc
свадьба в москве недорого;741;price;top
свадьба в сентябре;740;info;top
шатер для свадьбы;739;venue-type;top
шатров для свадьбы;739;rest;top
свадьба по обмену;737;rest;assoc
свадьба на 30 человек;730;capacity;top
свадебное оформление;711;vendors;assoc
свадебная коллекция;691;rest;assoc
сайт приглашение на свадьбу;686;info;assoc
свадебный фон;680;rest;assoc
свадьба на 50 человек;647;capacity;top
свадьба vs свадьба в стиле;641;info;top
свадьба на теплоходе;639;venue-type;top
лавандовая свадьба;630;rest;assoc
свадебный организатор;608;vendors;assoc+top
свадебная клятва;604;rest;assoc
свадьба под ключ москва;602;price;top
свадебная ночь;598;rest;assoc
усадьба для свадьбы;590;venue-type;top
ресторан для свадьбы человек;585;venue-type;top
президиум на свадьбу;580;rest;assoc
невеста будешь моей;579;rest;assoc
свадебные площадки москва;568;geo;top+assoc
свадебный ведущий;568;vendors;assoc
свадьба в шатре;560;rest;top
свадебный торт москва;560;vendors;top
молодожены это;545;rest;assoc
свадебные бутылки;543;rest;assoc
свадебный торт на заказ;537;vendors;assoc+top
площадки для свадьбы в подмосковье;534;geo;top
свадебный вальс;530;rest;assoc
сколько стоит свадьба в москве;527;price;top
свадебный торт фото;515;vendors;top
свадьба на 20 человек;513;capacity;top
house for wedding;510;rest;assoc
выездная регистрация сколько;504;vendors;top
рустика стиль свадьбы;502;info;top
сколько стоила свадьба;497;price;top
торт свадебный 2026;497;vendors;top
бюджет свадьбы;496;rest;top
кто поймал букет невесты;493;vendors;assoc
свадьба сколько человек стоит;488;rest;top
купить свадебный торт;484;vendors;top
свадьба в стиле 90;475;info;top
выездная регистрация стоя;466;vendors;top
свадьба в русском стиле;465;info;top
площадки для свадьбы в москве;463;geo;top
свадьба в лесу;458;venue-type;top
свадебные обряды;458;rest;assoc
сколько стоит выездная регистрация;457;vendors;top
свадебный план;456;rest;assoc
оригинальная свадьба недорого;454;price;top
одноярусный свадебный торт;451;vendors;top
свадебное агентство москва;446;vendors;top
свадьба для двоих;444;capacity;top
4 в стиле свадьба;444;info;top
где отметить свадьбу в москве;442;geo;top
план рассадки гостей на свадьбе;438;info;top
кейп свадебный;431;rest;assoc
сценарий свадьбы для ведущего;428;vendors;top
сколько стоит пригласить на свадьбу;425;price;top
фотограф на свадьбу екатеринбург;415;vendors;top
свадебные площадки подмосковье;414;geo;top
свадьба в мал;413;rest;top
ресторан для камерной свадьбы;408;venue-type;top
загородный клуб для свадьбы;406;venue-type;top
свадебный торт прямоугольный;402;vendors;top
свадебный торт кг;397;vendors;top
свадьба за городом;396;rest;top
свадебное ателье;389;rest;assoc
свадебные перчатки;382;rest;assoc
загородные залы для свадьбы;367;venue-type;top
загородный зал для свадьбы;367;venue-type;top
фотограф на свадьбу москва;367;vendors;top
лофт для свадьбы;366;venue-type;top
коттедж для свадьбы;366;venue-type;top
свадебная фотокнига;364;rest;assoc
свадебная вечеринка;362;rest;assoc
видеограф на свадьбу;362;vendors;top
загородный свадьба снимать;355;venue-type;top
сафиса банкетный зал;354;venue-type;assoc
свадебный стилист;354;vendors;top
свадебные хлопоты;352;rest;assoc
камерная свадьба в москве;352;capacity;top
сколько стоит позвать на свадьбу;349;price;top
площадки для проведения свадьбы;345;core;top
веранда для свадьбы;333;venue-type;top
мот свадебная;331;rest;assoc
ведущий на свадьбу в москве;329;vendors;top
сценарий свадьбы невесты;327;info;top
свадьба под ключ в подмосковье;320;price;top
свадебное меню;319;rest;assoc
свадебная мелодия;309;rest;assoc
сколько стоит сыграть свадьбу;302;price;top
свадебная фотозона;299;vendors;assoc
сколько стоит выездная регистрация брака;299;vendors;top
год свадьбы сценарии;299;info;top
свадьба на теплоходе в москве;296;venue-type;top
свадебный торт двухъярусный;296;vendors;top
сценарий выкупа на свадьбу;295;info;top
диджей на свадьбу;292;vendors;top
где можно отметить свадьбу;289;info;top
провести свадьбу москва;286;geo;top
спецпредложение для молодоженов;282;rest;assoc
рассадка гостей на свадьбу онлайн;281;info;top
заказать свадебный торт;280;vendors;assoc+top
свадьба в подмосковье москва;268;geo;top
wedding awards;265;rest;assoc
банкетные залы для свадьбы в москве;263;venue-type;top
молодожены недорогой свадьба;263;price;top
свадьба без сценария;263;info;top
свадебные треки;262;rest;assoc
торт на свадьбу фото;256;vendors;assoc
салаты на свадьбу;254;rest;assoc
декоратор на свадьбу;253;vendors;assoc
вечеринка в стиле свадьбы;253;info;top
места для проведения свадьбы;251;core;top
сколько стоит свадьба в 2026;250;price;top
wedding post;247;rest;assoc
сценарий домашней свадьбы;247;info;top
свадьба в стиле 90 х;246;info;top
свадебный видеограф;239;vendors;assoc
сколько торта свадебного;239;vendors;top
сценарии второй свадьбы;239;info;top
гринери стиль свадьбы;237;info;top
второй день свадьбы сценарий;234;info;top
сценарий второго дня свадьбы;234;info;top
ресторан для проведения свадьбы;233;venue-type;top
сценарий свадьбы без тамады;227;vendors;top
свадебная речь;225;rest;assoc
где свадебный торт;225;vendors;top
сценарий свадьбы в домашних условиях;225;info;top
сценарий полной свадьбы;225;info;top
выездная регистрация в подмосковье;224;vendors;top
свадебные даты;223;rest;assoc
готовый полный сценарий свадьбы;223;info;top
визажист на свадьбу;222;vendors;top
дивный лес площадка для свадьбы;221;core;top
свадебный торт на человека;219;vendors;top
свадьба в стиле рустик;217;info;assoc+top
свадьба в стиле рустика;217;info;top
сколько в среднем стоит свадьба;214;rest;top
бракосочетание это;209;rest;assoc
торт на золотую свадьбу;208;vendors;assoc
свадьба в саду;205;venue-type;top
свадебный торт цена;204;vendors;top
официальная выездная регистрация брака;204;vendors;top
площадка для выездной регистрации;201;vendors;top
ресторан где свадьбу отметить;200;venue-type;top
полный сценарий свадьбы для ведущего;200;vendors;top
сценарий свадьбы для ведущего готовый полный;200;vendors;top
места для свадьбы в москве;199;geo;top
свадебный разгром;199;rest;assoc
сколько стоит выступление на свадьбе;199;price;top
свадьба на 10 человек;198;capacity;top
свадебные пригласительные;196;info;assoc
сценарий золотой свадьбы;196;info;top
свадебная площадка долина;195;core;top
кавер группа на свадьбу;194;vendors;top
свадьба на 30 человек москва;191;capacity;top
стиль рустик на свадьбе;191;info;assoc
торт свадебный какой;191;vendors;top
ресторан сколько стоит свадьба;188;venue-type;top
сценарий свадьбы для тамады;185;vendors;top
свадебно рф;182;rest;assoc
свадьба в сентябре 2026;180;info;top
свадьба в народном стиле;179;info;top
свадебный плейлист;177;rest;assoc
выездная регистрация цена;175;vendors;top
долина площадка для свадьбы;174;core;top
декор свадебного стола;174;vendors;assoc+top
стиль на свадьбу гость;172;info;top
свадебная площадка ранчо;170;core;top
организация свадьбы под;170;core;top
свадебная фотосессия в студии;170;vendors;assoc
белый свадебный торт;170;vendors;top
свадьба в подмосковье где;169;geo;top
свадьба на 50 человек москва;168;capacity;top
сценарий на день свадьбы;168;info;top
организация свадьбы ключ;167;core;top
организация свадьбы под ключ;167;price;top
сколько стоит ведущий на свадьбу;167;vendors;top
свадебный портал;166;rest;assoc
были белее снега свадебные цветы;166;rest;assoc
дом для свадьбы в подмосковье;166;venue-type;top
hide площадка для свадьбы;165;core;top
фигурки на свадебный торт;164;vendors;top
выездная регистрация брака в подмосковье;164;vendors;top
лучшие рестораны для свадьбы;158;venue-type;top
свадебный торт на свадьбу;158;vendors;top
сценарий современной свадьбы;158;info;top
стиль видео свадьбы;158;info;top
свадебная мода 2026;158;rest;assoc
стоимость свадьбы на человека;156;price;top
сколько стоит провести свадьбу;153;price;top
свадьба в стиле лета;151;info;top
рестораны для камерной свадьбы в москве;150;venue-type;top
где можно провести свадьбу;150;info;top
выездная регистрация в москве площадки;149;vendors;top
свадебная газета;147;rest;assoc
декор свадебного торта;146;vendors;top
свадьба в деревенском стиле;146;info;top
свадьба на 20 человек москва;145;capacity;top
свадьба в итальянском стиле;145;info;top
ресторан для свадьбы 20;144;venue-type;top
организация свадьбы в москве;144;geo;top
сколько стоит свадьба на 50;144;price;top
проведение свадьбы в подмосковье;142;geo;top
свадебные торты 3;141;vendors;top
оформление свадебного стола;140;vendors;assoc
недорогой ресторан для свадьбы;140;venue-type;top
свадебный фуршет;140;rest;assoc
аренда площадки для свадьбы;139;price;top
свадьба в подмосковье недорого;138;price;top
аренда зала для свадьбы;137;price;top
свадебная галерея;136;rest;assoc
свадьба лимузин недорого;136;price;top
идеи на свадьбу для гостей;136;info;top
выездная церемония бракосочетания;135;rest;assoc
оформление свадьбы цветами;135;vendors;top
грин хаус площадка для свадьбы;134;core;top
свадьба в стиле бохо;134;info;top
свадьба на 100 человек;133;capacity;top
фотограф на свадьбу цена;133;vendors;top
оформление зала на свадьбу;133;vendors;top
свадьба в сентябре даты;133;info;top
стиль одежды на свадьбу;133;info;top
стили свадеб сценарии;132;info;top
где отметить свадьбу недорого;131;price;top
wedding march;131;rest;assoc
человек проводящий свадьбу;130;rest;top
цвет свадебного торта;130;vendors;top
свадебные площадки в москве и подмосковье;129;geo;top
сколько стоит свадьба на 50 человек;127;capacity;top
средняя стоимость свадьбы;127;price;top
ведущий на свадьбу цена;127;vendors;top
где провести свадьбу в москве;126;geo;top
загородный дом для свадьбы;126;venue-type;top
свадебный торт с доставкой;126;vendors;top
торт на свадьбу 2026;126;vendors;assoc
место для свадьбы в подмосковье;125;geo;top
музыка для свадебного видео;125;vendors;assoc
сколько стоит свадьба галич;125;price;top
итальянский свадебный торт;125;vendors;top
длинный свадебный торт;125;vendors;top
свадебный торт вафельная;125;vendors;top
выездная регистрация брака цена;125;vendors;top
the sun площадка для свадьбы;124;core;top
лофт для свадьбы в москве;124;venue-type;top
лимузин на свадьбу в москве недорого;124;price;top
слова ведущего на свадьбе;124;vendors;top
свадебные торты 2026 тренды;124;vendors;top
какие проводят свадьбы;123;rest;top
красивые места для свадьбы;122;rest;top
свадебная площадка светлица;121;core;top
что желают молодоженам;119;info;assoc
свадьба на крыше;118;venue-type;top
свадьба в стиле гринери vs безалкогольная;118;info;top
зал ресторана для свадьбы;117;venue-type;top
таросики на свадьбу что это;117;info;assoc
свадьба под ключ цена;117;price;top
свадьба в стиле гринери безалкогольная вечеринка;117;info;top
красивая свадьба недорого;116;price;top
свадебный торт рецепт;116;vendors;top
стоимость свадьбы в москве;115;price;top
сколько стоит свадьба иды галич;115;price;top
загс выездная регистрация брака;115;vendors;top
суть выездной регистрации;115;vendors;top
классический стиль свадьбы;115;info;top
wed wed свадебный сервис;114;rest;assoc
выездная регистрация стоимость;114;vendors;top
загородные площадки для свадьбы;113;venue-type;top
сколько стоит свадьба клавы коки;113;price;top
свадебные образы 2026;113;rest;assoc
свадьба человек где отметить;112;info;top
аренда свадебного декора;112;vendors;assoc+top
сколько стоит свадьба на 30;112;price;top
где отметить свадьбу вдвоем;111;capacity;top
оформление свадебного зала;110;vendors;assoc
как провести свадьбу без свадьбы;110;info;top
заказать свадьбу недорого;110;price;top
остров любви площадка для свадьбы;109;core;top
свадьба в сказочном стиле;109;info;top
стиль рустик на свадьбе что это;109;info;top
свадьба в стиле гринери vs безалкогольная вечеринка;108;info;top
смешной сценарий свадьбы;107;info;top
проводят ли свадьбы;106;rest;top
площадки для выездной регистрации брака;106;vendors;top
усадьба для свадьбы в подмосковье;105;venue-type;top
свадебный торт москва с доставкой;105;vendors;top
сколько стоит выездная регистрация в москве;105;vendors;top
снять коттедж для свадьбы;104;venue-type;top
рестораны в москве для проведения свадьбы;103;venue-type;top
сколько стоит свадебный торт;103;vendors;assoc+top
особняк для свадьбы;103;venue-type;top
марсель свадебная;103;rest;assoc
свадьба в оранжерее;102;venue-type;top
ресторан свадьба на 50 человек;102;venue-type;top
свадьба сказочная камерная;102;capacity;top
сколько стоила свадьба галич;102;price;top
свадебный образ жениха;102;rest;assoc
свадьба в новом стиле;102;info;top
свадебный торт на сколько человек;101;vendors;top
площадки для свадеб московская;100;geo;top
сколько стоила свадьба иды;100;price;top
сценарий проведения свадьбы;100;info;top
дни свадеб в сентябре;100;info;top
свадебный торт заказ доставкой;99;vendors;top
свадебный торт купить москва;99;vendors;top
свадьба на природе в подмосковье;98;venue-type;top
сколько стоит свадьба на 30 человек;98;capacity;top
сценарий на свадьбу для ведущего;98;vendors;top
оформление стола на свадьбу;98;vendors;top
свадебный организатор москва;98;vendors;top
готовый сценарий на свадьбу;98;info;top
сценарий свадьбы дома;98;info;top
мужской стиль на свадьбу;98;info;top
площадки для свадьбы московская область;97;geo;top
банкетный зал для свадьбы подмосковье;97;venue-type;top
аренда шатра для свадьбы;96;price;top
аренда шатров для свадьбы;96;price;top
аренда шатров шатры для свадьбы;96;price;top
свадебные агентства отзывы;96;vendors;top
свадебный торт с цветами;96;vendors;top
проводим ресторан свадьба;95;venue-type;top
шатров для свадьбы подмосковье;95;geo;top
букет на свадьбу маленький;95;vendors;top
рестораны проводящие свадьбы;94;venue-type;top
камерный формат свадьбы;94;capacity;top
каравай на свадьбу недорого;94;price;top
выездная регистрация 2026;94;vendors;top
спец предложение для молодоженов;94;rest;assoc
стили свадеб 2026;94;info;top
стили свадьбы москва;94;geo;top
свадьба в стиле 90х;94;info;top
сколько стоит фотограф на свадьбу;93;vendors;top
сколько стоила свадьба иды галич;93;price;top
арка для выездной регистрации;93;vendors;top
сколько стоит выездная регистрация брака в москве;93;vendors;top
площадка для свадьбы на природе;92;venue-type;top
цвета оформления свадьбы;92;vendors;top
торт свадебный на заказ москва с доставкой;92;vendors;top
свадебный торт 2;92;vendors;top
выездная регистрация московская область;92;vendors;top
аренда ресторана для свадьбы;91;venue-type;top
свадьба в сказочном стиле камерная свадьба;91;capacity;top
свадебная музыка в загсе;91;vendors;assoc
где купить свадебный торт;91;vendors;top
свадьба в русском народном стиле;91;info;top
отметить свадьбу в подмосковье;90;geo;top
свадьба в отеле подмосковье;90;venue-type;top
локации для свадьбы в подмосковье;90;geo;top
свадьба зал недорого;90;price;top
лесные свадебные площадки;89;core;top
ресторан для свадьбы на 20 человек;89;venue-type;top
свадебный торт самому;89;vendors;top
свадебный торт с ягодами;89;vendors;top
свадебный торт ярусный;89;vendors;top
лучшие площадки для свадьбы;88;core;top
усадьба для проведения свадьбы;88;venue-type;top
шатры для свадьбы в подмосковье;88;geo;top
коттеджи для свадьбы в подмосковье;88;venue-type;top
свадьба на теплоходе цены;88;venue-type;top
официальная выездная регистрация москва;88;vendors;top
второй день свадьбы в стиле;88;info;top
сколько сейчас стоит свадьба;87;rest;top
современный стиль свадьбы;87;info;top
свадебные банкеты на человек;86;core;top
свадебные бокалы для жениха и невесты;86;rest;assoc
красивые рестораны для свадьбы;85;venue-type;top
ресторан для свадьбы на 30;85;venue-type;top
ресторан для свадьбы на 30 человек;85;venue-type;top
свадебный банкет в москве;85;geo;top
фотограф на свадьбу на осень екатеринбург;85;vendors;top
свадебные площадки на природе;84;venue-type;top
свадьба на теплоходе в москве цена;84;venue-type;top
стили свадебных тортов;84;vendors;top
свадьба в стиле гэтсби;84;info;top
свадебные площадки московская область;83;geo;top
площадки для проведения свадьбы в москве;83;geo;top
сколько стоит сыграть свадьбу в 2026;83;price;top
сколько стоит снять свадьбу;83;price;top
самые свадебные торты;83;vendors;top
свадьба без банкета;82;core;top
официальная выездная регистрация брака в москве;82;vendors;top
ресторан для празднования свадьбы;81;venue-type;top
где взять свадебный торт;81;vendors;top
можно ли проводить свадьбу;79;rest;top
свадьба в сказочном стиле vs камерная;79;capacity;top
усадьба выездная регистрация;79;vendors;top
сценарий серебряной свадьбы;79;info;top
площадка для свадьбы у воды;78;venue-type;top
провести свадьбу в подмосковье;78;geo;top
как провести день свадьбы;78;info;top
свадьба в яхт клубе;78;venue-type;top
american wedding frank ocean;78;rest;assoc
свадьба под ключ на 30 человек;78;capacity;top
что значит камерная свадьба;78;capacity;top
оформление свадебного торта;78;vendors;top
свадебный торт сколько кг;78;vendors;top
благоприятные для свадьбы в сентябре;78;info;top
свадьба на 30 человек в подмосковье;77;capacity;top
снять фотографа на свадьбу;77;vendors;top
оформление свадьбы фото;77;vendors;top
свадебные торты на заказ в москве;76;vendors;top
кафе ресторан для свадьбы;75;venue-type;top
свадьба в истре;75;geo;top
купить каравай на свадьбу в москве недорого;75;price;top
свадебные торт домашние;75;vendors;top
свадебный торт со;75;vendors;top
выездная регистрация брака стоимость;75;vendors;top
свадебная площадка лесной берег;74;core;top
рестораны где можно отметить свадьбу;74;venue-type;top
рестораны москвы где отметить свадьбу;74;venue-type;top
рестораны москвы для свадьбы на 20;74;venue-type;top
рестораны москвы для свадьбы на 20 человек;74;venue-type;top
собачья свадьба что это;74;info;assoc
видео сценариев свадеб;74;info;top
выкуп сценарий на свадьбу современные;73;info;top
свадьба в славянском стиле;73;info;top
стиль невесты на свадьбу;73;info;top
свадебная площадка озеро;72;core;top
провести свадьбу ведущим;72;vendors;top
усадьбы для свадьбы в москве;72;venue-type;top
свадьба на 50 человек под ключ;72;capacity;top
сколько стоила свадьба коки;72;price;top
сколько стоит сделать свадьбу;72;price;top
свадебный торт своими руками;72;vendors;top
места для выездной регистрации;72;vendors;top
площадка для камерной свадьбы;71;capacity;top
были белее снега свадебные цветы слушать;71;rest;assoc
свадьба на природе москва;71;venue-type;top
заказать недорогой лимузин на свадьбу;71;price;top
свадебное агентство воздух;71;vendors;top
кавер группа на свадьбу москва;71;vendors;top
выездная регистрация цены москва;71;vendors;top
шервуд площадка для свадьбы;70;core;top
полицейский с рублевки свадьба;70;geo;top
недорогая свадьба цена;70;price;top
стоимость ресторана свадьба;70;venue-type;top
свадебный торт в домашних условиях;70;vendors;top
свадебный торт невеста;70;vendors;top
вес свадебного торта;70;vendors;top
свадьба какой бюджет;70;rest;top
озеро площадка для свадьбы;69;core;top
ресторан для свадьбы топ;69;venue-type;top
загородный отель для свадьбы;69;venue-type;top
сколько стоила свадьба клавы коки;69;price;top
сколько примерно стоит свадьба;69;rest;top
свадебный декор цвета;69;vendors;top
свадебный торт пирог;69;vendors;top
свадебный каравай своими руками в домашних условиях;69;rest;assoc
сценарий свадьбы 2;69;info;top
даты для свадьбы в сентябре 2026;69;info;top
организация свадеб москва под ключ;68;price;top
организация свадьбы ключ москва;68;geo;top
залы на свадьбу на 30 человек;68;capacity;top
свадьба на 30 человек зал;68;capacity;top
недорогое вино на свадьбу;68;price;top
сколько стоит иванушки на свадьбу;68;price;top
ezwed свадебное агентство;68;vendors;top
как украсить свадебный торт;68;vendors;top
выездная регистрация брака в москве площадки 2026;68;vendors;top
выездная регистрация в москве площадки 2026;68;vendors;top
свадебный календарь;68;rest;assoc
свадьба в морском стиле;68;info;top
дом у леса свадебная площадка;67;core;top
ресторан для свадьбы цены;67;venue-type;top
торт свадебный трехъярусный;67;vendors;top
большой свадебный торт;67;vendors;top
свадебные торты видео;67;vendors;top
выездная регистрация где;67;vendors;top
4 свадьбы свадьба в стиле гринери;67;info;top
недорогие площадки для свадьбы;66;price;top
где отметить свадьбу вдвоем москва;66;capacity;top
снять дом для свадьбы в подмосковье;66;venue-type;top
заказать лимузин на свадьбу в москве недорого;66;price;top
отпраздновать свадьбу недорого;66;price;top
стоимость свадьбы в 2026;66;price;top
фотограф и видеограф на свадьбу;66;vendors;top
свадебные агентства wedding;66;vendors;top
красивый свадебный торт;66;vendors;top
печать рассадки гостей на свадьбу;66;info;top
свадебная площадка house for wedding;65;core;top
ресторан для свадьбы москва на 30;65;venue-type;top
рестораны москвы для свадьбы на 30 человек;65;venue-type;top
ресторан для свадьбы спб;65;venue-type;top
как провести свадьбу вдвоем;65;capacity;top
оформление президиума на свадьбу;65;vendors;assoc+top
дарси свадебное агентство;65;vendors;top
суть свадебного торта;65;vendors;top
выездная регистрация брака официально цена;65;vendors;top
сценарий на юбилей свадьбы;65;info;top
свадьба на природе где;64;venue-type;top
маленькие гости на свадьбе;64;capacity;top
купить для свадьбы недорого;64;price;top
кравец свадебное агентство;64;vendors;top
wed wed свадебное агентство;64;vendors;top
литовский свадебный торт;64;vendors;top
свадебный торт жених невеста;64;vendors;top
свадебные выездные регистрации;64;vendors;top
сценарий выкупа невесты на свадьбу современный;64;info;top
сколько стоит тамада на свадьбу;63;vendors;top
фотограф на свадьбу на час;63;vendors;top
фотограф на часы на свадьбу;63;vendors;top
лучший месяц для свадьбы;63;info;top
конструктор рассадки гостей на свадьбу;63;info;top
где отметить лет свадьбы;62;info;top
дизайн свадебного торта;62;vendors;top
выездная регистрация брака в москве цена;62;vendors;top
сценарий свадьбы в узком;62;info;top
сценарий свадьбы в узком кругу;62;info;top
свадьба в семье сценарий;62;info;top
сценарий свадьбы 2026;62;info;top
свадебные даты по годам;62;rest;assoc
свадебные площадки усадьба;61;venue-type;top
снять ресторан для свадьбы;61;venue-type;top
wedding awards russia;61;rest;assoc
свадьба на рублевке;61;geo;top
сколько стоит киркоров на свадьбу;61;price;top
видеограф на свадьбу в москве;61;vendors;top
свадебный декор садовод;61;vendors;top
камеди свадебное агентство;61;vendors;top
фото свадебного торта двухъярусного;61;vendors;top
сценарий золотой свадьбы домашних сценарий;61;info;top
лучше свадьбу в сентябре;61;info;top
голливудский стиль свадьбы;61;info;top
сайт для рассадки гостей на свадьбе;61;info;top
площадки для свадьбы в москве и подмосковье;60;geo;top
где провести свадьбу в подмосковье;60;geo;top
залы для свадьбы в подмосковье;60;geo;top
стили свадьба оформление;60;vendors;top
вынос свадебного торта;60;vendors;top
свадебный торт 2026 фото;60;vendors;top
хайд площадка для свадеб;59;core;top
свадебный декор москва;59;vendors;top
свадебный декор купить;59;vendors;top
сценарии свадьбы в кругу семьи;59;info;top
стиль на свадьбу для мужчин;59;info;top
площадка для свадьбы в лесу;58;venue-type;top
свадьба на 10 человек москва;58;capacity;top
свадьба маленькой компанией;58;capacity;top
недорогая свадьба идеи;58;price;top
услуги фотографа на свадьбу;58;vendors;top
выбрать свадебный торт;58;vendors;top
размер свадебного торта;58;vendors;top
начинки для свадебного торта;58;vendors;top
выход на выездной регистрации;58;vendors;top
карточки для рассадки гостей на свадьбе;58;info;top
рассадка гостей на свадьбе онлайн конструктор;58;info;top
схема рассадки гостей на свадьбе;58;info;top
площадка любовь свадебная;57;core;top
онегин свадебная площадка;57;core;top
свадебная площадка ботаника;57;core;top
топ площадок для свадьбы;57;rest;top
лучшие места для свадьбы;57;rest;top
банкетный зал для свадьбы 30;57;venue-type;top
рестораны для свадьбы в подмосковье;57;venue-type;top
банкетный зал в подмосковье свадьба;57;venue-type;top
недорогие залы для свадьбы;57;price;top
свадебное агентство свадьба;57;vendors;top
фото свадебных тортов одноярусные;57;vendors;top
сценарий свадьбы 90;57;info;top
сценарий свадьбы в домашнем кругу;57;info;top
сценарии свадьбы 50;57;info;top
давыдково свадебная площадка;56;core;top
московские рестораны для свадьбы;56;venue-type;top
ресторан для свадьбы в москве недорого;56;venue-type;top
сколько стоит свадьба димы масленникова;56;price;top
свадебные торты картинки;56;vendors;top
самый самый сценарий свадьбы;56;info;top
стили свадеб какие бывают;56;info;top
forest dew свадебная площадка;55;core;top
аренда свадебной площадки;55;price;top
где можно отметить свадьбу в москве;55;geo;top
где отметить свадьбу в подмосковье;55;geo;top
банкетные залы для свадьбы в подмосковье;55;venue-type;top
свадебные загадки;55;rest;assoc
банкетный зал на свадьбу 30 человек;55;venue-type;top
камерная свадьба под ключ;55;capacity;top
маленькая невеста свадьба;55;capacity;top
снять недорого свадьбу;55;price;top
фотограф на свадьбу недорого;55;vendors;top
ведущие на свадьбу область;55;vendors;top
ведущий на свадьбу молодоженам;55;vendors;top
оформление свадьбы шарами;55;vendors;top
свадебный торт заказать москва;55;vendors;top
сценарий золотой свадьбы в домашних условиях;55;info;top
благоприятные дни для свадьбы в сентябре;55;info;top
свадьба в стиле рустик vs;55;info;top
стеклянная площадка для свадьбы;54;core;top
банкетные залы для свадьбы 30 человек;54;venue-type;top
банкетный зал для свадьбы 30 человек;54;venue-type;top
ведущий на свадьбу москва цены;54;vendors;top
вопросы ведущему на свадьбу;54;vendors;top
готовые свадебные торты;54;vendors;top
свадебный стилист москва;54;vendors;top
20 свадьба сценарий;54;info;top
свадьба в стиле мафии;54;info;top
сделать рассадку гостей на свадьбу;54;info;top
свадебные площадки у воды;53;venue-type;top
меню на свадьбу на 30 человек;53;capacity;top
кафе для свадьбы недорого;53;venue-type;top
сколько в среднем стоит свадьба в москве;53;geo;top
сколько стоит салют на свадьбу;53;vendors;top
нужен ведущий на свадьбу;53;vendors;top
ведущий и диджей на свадьбу;53;vendors;top
нужен свадебный торт;53;vendors;top
вкусы свадебных тортов;53;vendors;top
выездная регистрация в парке;53;vendors;top
свадьба в стиле минимализм;53;info;top
свадьба в черном стиле;53;info;top
ресторан для свадебного банкета;52;venue-type;top
аренда теплохода на свадьбу;52;venue-type;top
отметить свадьбу в москве недорого;52;price;top
свадьба под ключ москва и подмосковье;52;price;top
видео ведущих на свадьбах;52;vendors;top
оформление свадеб москва;52;vendors;top
свадебный торт два;52;vendors;top
свадебный торт мастика;52;vendors;top
свадьба игры сценарии;52;info;top
сценарий свадьбы для близких;52;info;top
ранчо давыдково свадебная площадка;51;core;top
онегин площадка для свадьбы;51;core;top
рестораны для свадьбы московская область;51;venue-type;top
где провести свадьбу недорого;51;price;top
маленькая свадьба москва;51;capacity;top
загородные в подмосковье для свадьбы;51;venue-type;top
сколько стоит свадьба в середниково;51;price;top
как сделать свадебный торт;51;vendors;top
свадебный флорист;51;vendors;top
выездная регистрация брака в московской области;51;vendors;top
готовый свадьба сценарий тамада;51;vendors;top
идеи для девичника перед свадьбой;51;info;top
свадьба в стиле рок;51;info;top
недорогие банкетные залы для свадьбы;50;venue-type;top
недорогой банкетный зал для свадьбы;50;venue-type;top
рестораны для свадьбы 15 человек;50;venue-type;top
свадьба на 10 человек ресторан;50;venue-type;top
красивая свадьба в подмосковье;50;geo;top
банкетные для свадеб недорого;50;venue-type;top
свадьба под ключ 20 человек;50;price;top
ведущий человек на свадьбу;50;vendors;top
речь ведущего на свадьбе;50;vendors;top
идеи для свадебной фотосессии;50;vendors;assoc
свадебный торт 6;50;vendors;top
свадебный торт лучшее;50;vendors;top
как проходит выездная регистрация;50;vendors;top
выход невесты на выездной регистрации;50;vendors;top
где отметить день свадьбы;49;info;top
где можно отметить свадьбу недорого;49;price;top
алкоголь на 50 человек на свадьбу;49;capacity;top
свадьба на 100 человек москва;49;capacity;top
wedding nasheed;49;rest;assoc
оформление бутылок на свадьбу;49;vendors;top
оформление свадьбы своими руками;49;vendors;top
надпись на свадебный торт;49;vendors;top
загс москва выездная регистрация;49;vendors;top
день свадьба сценарий тамада;49;vendors;top
сценарий тамады второго дня свадьбы;49;vendors;top
свадьба в белом стиле;49;info;top
green house свадебная площадка;48;core;top
где отметить свадьбу в москве недорого;48;price;top
как проводят год свадьбы;48;info;top
свадьба под ключ на 20 человек;48;capacity;top
маленькие дети на свадьбе;48;capacity;top
свадьба в подмосковье цена;48;geo;top
загородная свадьба москва;48;venue-type;top
сколько стоит группа на свадьбу;48;price;top
стилист визажист на свадьбу;48;vendors;top
сценарий свадьбы тамады в домашнем условии;48;vendors;top
свадьба в греческом стиле;48;info;top
план рассадки гостей на свадьбе онлайн;48;info;top
ресторан для свадьбы 10 человек;47;venue-type;top
место где провести свадьбу;47;info;top
маленькая свадьба ресторан;47;venue-type;top
кусок свадебного торта;47;vendors;top
сценарий свадьбы без тамады для самых;47;vendors;top
сценарий свадьбы для самых близких;47;info;top
свадьба в стиле барокко;47;info;top
молодежный стиль свадьбы;47;info;top
ресторан на природе для свадьбы;46;venue-type;top
ресторан для свадеб небольшой;46;venue-type;top
банкетный ресторан для свадьбы;46;venue-type;top
организация свадьбы для двоих;46;capacity;top
сколько стоит сыграть свадьбу в москве;46;price;top
свадебный торт 2 яруса;46;vendors;top
сценарий домашней свадьбы без тамады;46;vendors;top
сценарий свадьбы без тамады в домашних условиях;46;vendors;top
свадьба сценарии 25;46;info;top
свадьба в вампирском стиле;46;info;top
макет рассадки гостей на свадьбе;46;info;top
создать рассадку гостей на свадьбу;46;info;top
площадка для свадьбы красногорск;45;geo;top
зал для камерной свадьбы;45;capacity;top
залы для камерной свадьбы;45;capacity;top
свадьба в подмосковье у воды;45;venue-type;top
сколько стоит баста на свадьбу;45;price;top
официальная выездная регистрация брака в подмосковье;45;vendors;top
сценарии свадьбы для родных;45;info;top
сценарии свадьбы без тамады для близких;45;vendors;top
сценарий свадьбы без тамады для самых близких;45;vendors;top
сценарий свадьбы тамады для самых близких;45;vendors;top
свадьба в тюремном стиле;45;info;top
шатер в аренду для свадьбы;44;venue-type;top
свадьба маленькой девочки;44;capacity;top
сколько стоит свадьба в подмосковье;44;price;top
сколько стоит свадьба под ключ;44;price;top
сколько стоит арендовать свадьбу;44;price;top
сколько стоит мот на свадьбу;44;price;top
сколько стоила свадьба масленникова;44;price;top
сколько стоит свадьба в коломенском;44;price;top
сколько стоит организовать свадьбу;44;price;top
московский ведущий на свадьбу;44;vendors;top
торт итальянский пирог свадебный;44;vendors;top
торт свадебный круглый;44;vendors;top
сценарий корпоратива дня рождения свадьбы;44;info;top
ида галич свадьба в стиле;44;info;top
lichi свадебная коллекция;44;rest;assoc
рассадка гостей на свадьбе столы;44;info;top
hide площадка свадебная;43;core;top
ресторан для свадьбы центр;43;venue-type;top
ресторан для свадьбы на 50;43;venue-type;top
аренда зала для свадьбы в москве;43;price;top
свадебный стол банкет;43;core;top
провести вторую свадьбу;43;core;top
как провести свадьбу без ведущего;43;vendors;top
свадьба в лесу подмосковье;43;venue-type;top
мой маленький пони свадьба;43;capacity;top
загородное проведение свадьбы;43;venue-type;top
сколько стоит кафе на свадьбу;43;venue-type;top
современная ведущая на свадьбу;43;vendors;top
ведущая тамада на свадьбу;43;vendors;top
ведущий на свадьбу московская область;43;vendors;top
свадебный торт пинтерест;43;vendors;top
первый свадебный торт;43;vendors;top
сценарий семейной свадьбы;43;info;top
сценарий свадьбы для родных и близких;43;info;top
сценарий свадьбы для самых близких и родных;43;info;top
стиль свадьбы цвета;43;info;top
свадебная площадка ранчо д давыдково;42;core;top
бюджетные площадки для свадьбы;42;price;top
ресторан для свадьбы 100 человек;42;venue-type;top
свекровь отменила наш свадебный банкет;42;core;top
свекровь тайно отменила наш свадебный банкет;42;core;top
весело провести свадьбу;42;core;top
шатер у воды для свадьбы;42;venue-type;top
алкоголь на 30 человек свадьба;42;capacity;top
ведущий на камерную свадьбу;42;vendors;top
стоимость зала свадьбы;42;price;top
сколько стоит лимузин на свадьбу;42;price;top
свадебные фигурки на торт жених и невеста;42;vendors;top
свадебный торт на 40 человек;42;vendors;top
свадебный торт 6 кг;42;vendors;top
свадебный торт недорого;42;vendors;top
площадки официальной выездной регистрации;42;vendors;top
4 свадьбы бюджет;42;rest;top
стиль свадьбы в ресторане;42;venue-type;top
какие есть стили свадьбы;42;info;top
свадьба в стиле ретро;42;info;top
свадебная площадка солнечногорск;41;geo;top
где провести день свадьбы;41;info;top
где проводят 4 свадьбы;41;info;top
сколько стоит свадьба на 20 человек;41;capacity;top
зал маленькой свадьбы;41;capacity;top
маленькие залы свадьбы;41;capacity;top
хорошее недорогое вино на свадьбу;41;price;top
диджей на свадьбу москва;41;vendors;top
торт свадебный с бумагой;41;vendors;top
свечи на свадебный торт;41;vendors;top
свадебный торт 5 кг;41;vendors;top
личи свадебная коллекция;41;rest;assoc
сценарий свадьбы родителям;41;info;top
сценарий свадьбы жениха;41;info;top
сценарий свадьбы смешной современный;41;info;top
свадебные площадки в лесу;40;venue-type;top
место для свадьбы на природе;40;venue-type;top
где отмечала свадьбу клава кока;40;info;top
ресторан для свадьбы 50 человек;40;venue-type;top
лофт для проведения свадьбы;40;venue-type;top
аренда лофта для свадьбы;40;venue-type;top
сколько стоит банкет на свадьбу;40;price;top
сколько стоит торт на свадьбу;40;vendors;top
сколько стоит организатор свадьбы;40;vendors;top
лучший ведущий на свадьбу;40;vendors;top
свадебный стилист визажист;40;vendors;top
в чем пойти на свадьбу в сентябре;40;info;top
благоприятные дни в сентябре 2026 для свадьбы;40;info;top
европейский стиль свадьбы;40;info;top
свадьба в готическом стиле;40;info;top
свадьба в зеленом стиле;40;geo;top
свадьба в пляжном стиле;40;info;top
стиль жениха на свадьбу;40;info;top
sky river площадка для свадьбы;39;core;top
лучшие рестораны для свадьбы в москве;39;venue-type;top
ресторан петербурга для свадьбы;39;venue-type;top
усадьба середниково для свадьбы;39;venue-type;top
аренда коттеджа для свадьбы;39;venue-type;top
свадебный гимн;39;rest;assoc
камерная свадьба на 10 человек;39;capacity;top
свадьба в парках подмосковья;39;geo;top
свадьба под ключ недорого;39;price;top
сценарий на свадьбу для ведущего современный;39;vendors;top
оформление свадьбы золотом;39;vendors;top
виды свадебных тортов;39;vendors;top
свадебный торт прямоугольный одноярусный;39;vendors;top
свадебный торт с инициалами;39;vendors;top
как происходит выездная регистрация;39;vendors;top
выездная регистрация фото;39;vendors;top
идеи на свадьбу для молодоженов;39;info;top
свадьба в японском стиле;39;info;top
грин хаус свадебная площадка;38;core;top
площадки для проведения свадьбы в подмосковье;38;geo;top
площадки для свадьбы шатер;38;venue-type;top
площадки для свадьбы солнечногорск;38;geo;top
отрадное площадка для свадьбы;38;core;top
места для проведения свадьбы в подмосковье;38;geo;top
загородный ресторан для свадьбы;38;venue-type;top
аренда ресторана для свадьбы в москве;38;venue-type;top
свадебный банкет недорого;38;price;top
коттедж для проведения свадьбы;38;venue-type;top
свадьба за городом москва;38;geo;top
свадьба в царицыно стоимость;38;price;top
сколько стоит отметить свадьбу;38;price;top
сколько стоит свадьба на 40 человек;38;capacity;top
сколько стоит свадьба в усадьбе середниково;38;venue-type;top
сколько стоила свадьба димы масленникова;38;price;top
текст ведущего на свадьбу;38;vendors;top
свадебный торт должен быть;38;vendors;top
стоимость свадебного торта;38;vendors;top
свадебный торт на 30 человек;38;vendors;top
маленький свадебный торт;38;vendors;top
отель выездная регистрация;38;vendors;top
ресторан с выездной регистрацией;38;vendors;top
свадьба в стиле прованс;38;info;top
4 свадьбы свадьба в стиле вечеринки;38;info;top
стиль на свадьбу для женщины;38;info;top
снять банкетный зал для свадьбы;37;venue-type;top
банкетный зал ресторан для свадьбы;37;venue-type;top
рестораны банкетные залы для свадьбы;37;venue-type;top
шатер для свадьбы в москве;37;venue-type;top
веранда для свадьбы в москве;37;venue-type;top
сколько стоит свадьба на теплоходе;37;venue-type;top
зал на свадьбу 50 человек;37;core;top
выездные свадьбы в подмосковье;37;geo;top
недорогое шампанское на свадьбу;37;price;top
программа ведущего на свадьбу;37;vendors;top
оформление свадьбы цена;37;vendors;top
простой свадебный торт;37;vendors;top
топпер на свадебный торт;37;vendors;top
делаем свадебный торт;37;vendors;top
свадьба в стиле сумерки;37;info;top
второй день свадьбы в стиле 90;37;info;top
свадьба в казахском стиле;37;info;top
свадьба в кукольном вампирском стиле;37;info;top
рассадка гостей на свадьбе как правильно;37;info;top
свадебная площадка ранчо 4а д давыдково;36;core;top
красивые площадки для свадьбы;36;core;top
площадки для свадьбы санкт петербург;36;core;top
банкетные площадки для свадьбы;36;venue-type;top
место для проведения свадьбы в москве;36;geo;top
топ мест для свадеб;36;rest;top
аренда банкетного зала для свадьбы;36;venue-type;top
ресторан в домодедово для свадьбы;36;venue-type;top
бюджетный ресторан для свадьбы;36;venue-type;top
стоимость свадебных банкетов;36;price;top
аренда усадьбы для свадьбы;36;venue-type;top
свадебные юбилеи по годам названия;36;rest;assoc
агентства свадеб под ключ;36;vendors;top
сколько стоит агутин на свадьбу;36;price;top
жених ведущий на свадьбе;36;vendors;top
ведущий свадьба вслепую на пятнице;36;vendors;top
красны свадебный торт;36;vendors;top
идеи для видео свадьбы;36;info;top
стиль девушки на свадьбу;36;info;top
плакат на свадьбу в стиле 90;36;info;top
свадьба в казачьем стиле;36;info;top
свадьба в стиле аниме;36;info;top
фото свадебных площадок;35;rest;top
шервуд свадебная площадка;35;core;top
суханово площадка для свадьбы;35;core;top
ресторан для свадьбы на 40;35;venue-type;top
ресторан для свадьбы на 40 человек;35;venue-type;top
снять лофт для свадьбы;35;venue-type;top
веранда отрадное для свадьбы;35;venue-type;top
свадьба в оранжерее москва;35;venue-type;top
4 свадьбы камерная свадьба;35;capacity;top
свадьба маленького человека;35;capacity;top
свадьба под ключ в москве цена;35;price;top
сколько стоила свадьба димы и клавы;35;price;top
декор свадебного зала;35;vendors;top
свадебный декор своими руками;35;vendors;top
оформление торта на свадьбу;35;vendors;top
свадебный торт со свечами;35;vendors;top
свадебный торт минимализм;35;vendors;top
свадебный торт купить готовый;35;vendors;top
выездная регистрация стоимость москва;35;vendors;top
мос ру выездная регистрация;35;vendors;top
сценарий свадьбы слова;35;info;top
идеи для дня свадьбы;35;info;top
приглашения свадьбу стиле;35;info;top
свадьба в стиле кибер;35;info;top
свадьба в стиле кибер барокко;35;info;top
модные стили свадеб;35;info;top
создать рассадку гостей на свадьбу онлайн;35;info;top
рябина хаус свадебная площадка;34;core;top
место для фотосессии на свадьбу;34;vendors;top
рестораны москвы где можно отметить свадьбу;34;venue-type;top
рестораны в центре москвы для свадьбы;34;venue-type;top
шатер для проведения свадьбы;34;venue-type;top
свадьба на теплоходе под ключ;34;venue-type;top
свадьба на теплоходе рэдиссон;34;venue-type;top
свадьба на 50 человек стоимость;34;capacity;top
камерная свадьба без ведущего;34;vendors;top
сценарий для маленькой свадьбы;34;capacity;top
свадьба в ближайшем подмосковье;34;geo;top
фото свадеб недорого;34;price;top
сколько стоит проведение свадьбы;34;price;top
сколько стоит певец на свадьбу;34;price;top
сколько стоит свадьба в россии;34;price;top
сколько стоит свадьба на человека ресторан;34;venue-type;top
авито ведущий на свадьбу;34;vendors;top
фото свадебных тортов на свадьбу;34;vendors;top
свадебный торт с фальш ярусом;34;vendors;top
шоколадный свадебный торт;34;vendors;top
проведение выездная регистрация;34;vendors;top
подробный сценарий свадьбы;34;info;top
полный готовый подробный сценарий свадьбы;34;info;top
как называется стиль свадьбы;34;info;top
дом у озера свадебная площадка;33;core;top
свадебная площадка москва и область;33;geo;top
площадки для свадьбы спб;33;core;top
снять площадку для свадьбы;33;price;top
площадки для выездных свадеб;33;core;top
самые красивые места для свадьбы;33;rest;top
рестораны для свадьбы adria mare;33;venue-type;top
ресторан для свадьбы рядом;33;venue-type;top
ресторан для свадьбы митино;33;venue-type;top
свадьба для двоих ресторан;33;venue-type;top
красивые рестораны для свадьбы в москве;33;venue-type;top
свадебный декор 2026;33;vendors;assoc+top
организация свадьбы цена;33;core;top
шатер для свадьбы купить;33;venue-type;top
шатер в коломенском свадьба;33;venue-type;top
камерная свадьба подмосковье;33;capacity;top
самая маленькая свадьба;33;capacity;top
мой маленький пони свадьба в кантерлоте;33;capacity;top
где отпраздновать свадьбу недорого;33;price;top
фотограф на свадьбу в москве недорого;33;vendors;top
сколько стоит ведущий на свадьбу в москве;33;vendors;top
сколько стоит крид на свадьбу;33;price;top
сколько стоит декор на свадьбу;33;vendors;top
сколько стоила свадьба масленникова и клавы;33;price;top
ведущие фото на свадьбы;33;vendors;top
ведущие на свадьбе галич;33;vendors;top
свадебные торты без;33;vendors;top
свадебный торт 1 кг;33;vendors;top
торт свадебный 3 ярусный;33;vendors;top
свадебный торт от палыча;33;vendors;top
стол для свадебного торта;33;vendors;top
выездная регистрация в царицыно;33;vendors;top
тайминг свадебного дня;33;info;top+assoc
русская свадьба сценарий;33;info;top
у иринки свадьба в сентябре;33;info;top
идеи для фото на свадьбу;33;info;top
4 свадьбы в стиле рустик;33;info;top
декор свадьбы стили;33;vendors;top
панорама свадебная площадка;32;core;top
wood house свадебная площадка;32;core;top
площадки для свадьбы мо;32;core;top
новые площадки для свадеб;32;core;top
открытые площадки для свадьбы;32;core;top
места для свадьбы в москве и подмосковье;32;geo;top
сколько стоит свадебный банкет;32;price;top
тамада провести свадьбу;32;vendors;top
невеста проводит свадьбу;32;rest;top
отметить свадьбу на природе;32;venue-type;top
выездная свадьба на природе;32;venue-type;top
камерная свадьба на природе;32;venue-type;top
недорогая свадьба на природе;32;venue-type;top
свадьба для двоих идеи;32;capacity;top
стоимость ведущего на свадьбу;32;vendors;top
сколько стоила свадьба клавы коки и димы;32;price;top
сколько стоила свадьба клавы коки и масленникова;32;price;top
что делает ведущий на свадьбе;32;vendors;top
ведущий на час на свадьбу;32;vendors;top
пригласите на свадьбу ведущая;32;vendors;top
красивое оформление свадьбы;32;vendors;top
квадратный свадебный торт;32;vendors;top
размеры свадебного прямоугольного торта;32;vendors;top
свадебный торт с вафельной бумагой;32;vendors;top
необычные свадебные торты;32;vendors;top
идеи свадебного торта;32;vendors;top
музыка для свадебного торта;32;vendors;top
свадебный торт 3 яруса;32;vendors;top
свадебный бенто торт;32;vendors;top
визажист на свадьбу на дом;32;vendors;top
стоимость выездной регистрации брака в москве;32;vendors;top
как проходит выездная регистрация брака;32;vendors;top
сценарий выкупа на свадьбу смешные;32;info;top
свадебные площадки спб;31;core;top
площадки для свадьбы зимой;31;info;top
площадки рестораны для свадьбы;31;venue-type;top
ресторан для свадьбы калуга;31;venue-type;top
ресторан с верандой для свадьбы;31;venue-type;top
большие рестораны для свадьбы;31;venue-type;top
как провести свадьбу без тамады;31;vendors;top
особняки для свадьбы в москве;31;venue-type;top
снять шатер для свадьбы;31;venue-type;top
снять шатров для свадьбы;31;price;top
камерная свадьба на 20 человек;31;capacity;top
свадьба на 30 человек стоимость;31;capacity;top
сколько стоит свадьба в метро;31;price;top
нужен ли ведущий на свадьбу;31;vendors;top
цена свадебного торта за кг;31;vendors;top
кондитерская свадебные торты;31;vendors;top
свадебный торт 2026 одноярусный;31;vendors;top
свадебный торт своими руками в домашних;31;vendors;top
свадебный торт своими руками в домашних условиях;31;vendors;top
ведущая выездной регистрации;31;vendors;top
выездная регистрация от загса;31;vendors;top
выездная регистрация документов;31;vendors;top
как происходит выездная регистрация брака;31;vendors;top
бюджет свадьбы 2026;31;rest;top
свадьба очаг сценарий;31;info;top
свадьба для друзей идеи;31;info;top
красивый стили свадеб;31;info;top
свадьба в стиле цветов;31;info;top
свадьба в рыцарском стиле;31;info;top
свадебная площадка химки;30;geo;top
площадки для свадьбы краснодар;30;core;top
ранчо площадка для свадьбы;30;core;top
на свадебном банкете моей золовки;30;core;top
где провести свадьбу ресторан;30;venue-type;top
свадебный генерал это;30;rest;assoc
стеклянная веранда для свадьбы;30;venue-type;top
свадьба на теплоходе под ключ цены;30;venue-type;top
свадьба маленького сына;30;capacity;top
ведущий на свадьбу недорого;30;vendors;top
сколько стоит место на свадьбе;30;price;top
ведущий на семейную свадьбу;30;vendors;top
ведущий на свадьбе танцы;30;vendors;top
ведущий на свадьбу илья;30;vendors;top
заказать ведущего на свадьбу;30;vendors;top
ведущий на свадьбу сергей;30;vendors;top
магазин свадебного декора;30;vendors;top
оформление декор свадеб;30;vendors;top
свадебное агентство москва боня;30;vendors;top
свадебный торт 2 кг;30;vendors;top
свадебный торт на 50 человек;30;vendors;top
свадебный торт 10 кг;30;vendors;top
свадебный торт нижний;30;vendors;top
визажист на свадьбу москва;30;vendors;top
выездная регистрация в подмосковье цены;30;vendors;top
план подготовки к свадьбе;30;info;top
сценарий свадьбы встреча;30;info;top
выкуп свадьба сценарий смешной современный;30;info;top
сценарий на юбилей свадьбы лет;30;info;top
тамада на свадьбу второй день сценарий;30;vendors;top
морская свадьба vs свадьба в стиле;30;info;top
площадка для свадьбы ботаника;29;core;top
лесные площадки для свадьбы;29;core;top
лучшие площадки для свадьбы москва;29;geo;top
planning wedding сайт;29;rest;assoc
маленькие ресторан для свадьбы;29;venue-type;top
рестораны москвы для свадьбы топ;29;venue-type;top
на свадебном банкете моей золовки свекровь;29;core;top
на свадебном банкете моей золовки свекровь посадила;29;core;top
почему проводят свадьбы;29;info;top
организация свадьбы начала;29;core;top
снять коттедж для свадьбы в подмосковье;29;venue-type;top
аренда теплохода на свадьбу в москве;29;venue-type;top
свадьба на теплоходе в москве цена недорого;29;venue-type;top
свадьба на теплоходе под ключ москва;29;venue-type;top
маленькие свадьбы видео;29;capacity;top
сыграть свадьбу в подмосковье;29;geo;top
кафе для свадьбы в москве недорого;29;venue-type;top
необычные свадьбы недорого;29;price;top
свадьба в кусково стоимость;29;price;top
проведение свадьбы стоимость;29;price;top
стоимость фотографа на свадьбу;29;vendors;top
сколько стоят артисты на свадьбу;29;vendors;top
сколько стоит дым на свадьбу;29;price;top
сколько стоила свадьба димы масленникова и клавы;29;price;top
сколько стоит нагиев на свадьбу;29;price;top
свадебное агентство под;29;vendors;top
свадебные агентства под ключ;29;vendors;top
свадебные торты петербург;29;vendors;top
диаметр свадебного торта;29;vendors;top
свадебный торт 1 ярус;29;vendors;top
формы свадебных тортов;29;vendors;top
сколько нужно свадебного торта;29;vendors;top
мастер классы свадебный торт;29;vendors;top
парк отель выездная регистрация;29;vendors;top
выездная регистрация брака в москве цена официально;29;vendors;top
выездная регистрация в москве официально цена;29;vendors;top
выездная регистрация брака в подмосковье официально цена;29;vendors;top
выездная регистрация брака в подмосковье цена;29;vendors;top
рубиновая свадьба сценарий;29;info;top
сценарий свадьбы в частном доме;29;info;top
идеи для свадьбы родителям;29;info;top
свадьба иды галич в стиле 90;29;info;top
стили свадеб молодых;29;info;top
свадебные площадки в области;28;core;top
свадебные площадки мытищи;28;geo;top
due to love свадебная площадка;28;core;top
свадебные площадки мо;28;core;top
площадка для свадьбы юг москвы;28;geo;top
дом у озера площадка для свадьбы;28;core;top
где отмечают камерные свадьбы;28;capacity;top
сколько стоит провести свадьбу в москве;28;price;top
свадьба провести красиво;28;core;top
организация свадьбы в подмосковье;28;geo;top
снять усадьбу для свадьбы;28;venue-type;top
свадебные даты по годам названия;28;rest;assoc
ресторан на свадьбу на 100 человек;28;venue-type;top
букет невесты на свадьбу маленький;28;vendors;top
как называется маленькая свадьба;28;capacity;top
средняя стоимость свадьбы на человека;28;price;top
сколько стоит егор крид на свадьбу;28;price;top
сколько стоит ваня дмитриенко на свадьбу;28;price;top
банкетные залы свадьбы оформление;28;vendors;top
фон для свадебного приглашения;28;info;assoc
свадебный торт двухъярусный на свадьбу;28;vendors;top
свадебный торт раменское;28;vendors;top
свадебный торт с живыми;28;vendors;top
свадебный торт с живыми цветами;28;vendors;top
свадебный торт на 4;28;vendors;top
выездная регистрация на природе;28;vendors;top
выездная регистрация оформление;28;vendors;top
чек лист подготовки к свадьбе;28;info;top
бюджет свадьбы на 30;28;rest;top
сценарий свадьбы 90 х;28;info;top
сценарий свадьбы в стиле 90 х;28;info;top
свадьба второй день сценарий дома;28;info;top
сценарии второго дня свадьбы дома;28;info;top
свадьба в русском стиле сценарий;28;info;top
подробный сценарий свадьбы для ведущего;28;vendors;top
сценарий свадьбы для ведущего готовый полный подробный;28;vendors;top
сценарий свадьбы без ведущего;28;vendors;top
сценарий свадьбы идеи;28;info;top
хорошие даты для свадьбы в сентябре;28;info;top
свадьба в старорусском стиле;28;info;top
свадьба в советском стиле;28;info;top
приложение для рассадки гостей на свадьбе;28;info;top
примеры рассадки гостей на свадьбе;28;info;top
площадка для свадьбы в подмосковье у воды;27;venue-type;top
площадка для свадьбы оранжерея;27;venue-type;top
площадки для свадьбы 50 человек;27;core;top
красивые места для свадеб москва;27;geo;top
места где отметить свадьбу;27;info;top
банкетный зал для свадьбы в звенигороде;27;venue-type;top
рестораны на вднх для свадьбы;27;venue-type;top
оформление свадебного стола жениха и невесты;27;vendors;assoc
время свадебного банкета;27;core;top
свадьба организация праздника;27;core;top
про организацию свадьбы;27;core;top
сценарий для камерной свадьбы;27;capacity;top
4 свадьбы сказочная камерная;27;capacity;top
свадьба за городом в подмосковье;27;geo;top
проведение свадьбы в москве и подмосковье;27;geo;top
проведение свадьбы недорого;27;price;top
свадьба под ключ московская область;27;price;top
сколько стоит акмаль на свадьбу;27;price;top
сколько стоит фотограф на свадьбу в москве;27;vendors;top
сколько в среднем стоит сыграть свадьбу;27;rest;top
сатир ведущий на свадьбу;27;vendors;top
ведущий 4 свадьбы на пятнице;27;vendors;top
в свадебном агентстве кравец моргунова;27;vendors;top
моргунова в свадебном агентстве;27;vendors;top
марина кравец свадебное агентство;27;vendors;top
варианты свадебных тортов;27;vendors;top
собрать свадебный торт;27;vendors;top
свадебный торт голубой;27;vendors;top
дегустация свадебных тортов;27;vendors;top
выездная регистрации красиво;27;vendors;top
сценарий выездной регистрации;27;vendors;top
выездная регистрация сочи;27;vendors;top
выездная регистрация в коломенском;27;vendors;top
второй день свадьбы ряженые сценарий;27;info;top
сценарий второго дня свадьбы без тамады;27;vendors;top
сценарий выкупа на свадьбу дома;27;info;top
идеи для свадьбы недорого;27;price;top
стиль свадьбы шик;27;info;top
свадьба в стиле кэжуал;27;info;top
свадьба в стиле 19 века;27;info;top
рассадка гостей на свадьбе заказать;27;info;top
распечатать рассадку гостей на свадьбу;27;info;top
лучшая свадебная площадка;26;core;top
аренда площадки для свадьбы москва;26;price;top
где отметить юбилей свадьбы;26;info;top
банкетные залы для свадьбы 50 человек;26;venue-type;top
банкетный зал для свадьбы 50 человек;26;venue-type;top
рестораны раменского для свадьбы;26;venue-type;top
рестораны раменское для свадьбы;26;venue-type;top
ресторан для свадьбы москва 40 человек;26;venue-type;top
проводим свадьбу дома;26;rest;top
киркоров провел свадьбу;26;rest;top
камерная свадьба спб;26;capacity;top
свадьба для маленькой компании сценарий;26;capacity;top
сколько стоит 1 свадьба;26;price;top
сколько стоит хорошая свадьба;26;price;top
свадебное агентство marry;26;vendors;top
кондитер свадебного торта;26;vendors;top
свадебный торт с лебедями;26;vendors;top
текст для выездной регистрации;26;vendors;top
сценарий сказки на свадьбу;26;info;top
сценарий на 2 день свадьбы;26;info;top
сценарий семейного очага на свадьбе;26;info;top
стиль на свадьбу для мужчин гость;26;info;top
свадьба в стиле 2000;26;info;top
свадьба в стиле алиса;26;info;top
создать план рассадки гостей на свадьбе;26;info;top
площадка для свадьбы стоимость;25;price;top
веранда площадка для свадьбы;25;venue-type;top
теплица площадка для свадьбы;25;core;top
банкетный зал для свадьбы балашиха;25;venue-type;top
рестораны мытищи для свадьбы;25;venue-type;top
ресторан для свадьбы нижний;25;venue-type;top
рестораны москвы для свадьбы на 40;25;venue-type;top
план организации свадьбы;25;info;top
веранда для свадьбы в подмосковье;25;venue-type;top
свадьба в лесу в подмосковье площадки;25;venue-type;top
меню на свадьбу на 20 человек;25;capacity;top
торт на свадьбу на 30 человек;25;vendors;top
сколько алкоголя на свадьбу 50 человек;25;rest;top
камерная свадьба под ключ москва;25;capacity;top
камерная свадьба санкт петербург;25;capacity;top
парк отель для свадьбы в подмосковье;25;venue-type;top
отметить свадьбу в подмосковье недорого;25;price;top
аренда дома для свадьбы в подмосковье;25;venue-type;top
где купить алкоголь на свадьбу недорого;25;price;top
недорогой алкоголь на свадьбу;25;price;top
недорого украсить свадьбу;25;price;top
купить недорогое шампанское на свадьбу;25;price;top
шампанское на свадьбу какое купить недорогое;25;price;top
рестораны свадьба под ключ;25;venue-type;top
средняя стоимость свадьбы в москве;25;price;top
сколько стоит выступление иванушек на свадьбе;25;price;top
цена фотографа на свадьбу за час;25;vendors;top
свадебный декор на машину;25;vendors;top
германия свадебные агентства;25;vendors;top
свадебные торты зеленые;25;vendors;top
нож для свадебного торта;25;vendors;top
торт свадебный клавы коки;25;vendors;top
сколько свадебного торта нужно на человека;25;vendors;top
свадебный торт два яруса;25;vendors;top
как рассчитать свадебный торт;25;vendors;top
выездная регистрация отзывы;25;vendors;top
сценарии 30 свадьбы;25;info;top
сценарий свадеб в ресторане;25;venue-type;top
веселый сценарий на свадьбу;25;info;top
идеи на велком для свадьбы;25;info;top
свадьба в стиле барби;25;info;top
свадьба в стиле патриотизм;25;info;top
4 свадьбы в стиле гэтсби;25;info;top
свадьба в стиле 80;25;info;top
свадебная площадка усадьба подгорье;24;venue-type;top
свадебная площадка ранчо д давыдково 4а фото;24;core;top
хайд площадка свадебная;24;core;top
свадебные площадки с проживанием;24;core;top
площадка дивный лес свадебная;24;core;top
площадки для камерной свадьбы в москве;24;capacity;top
площадка для свадьбы в коломенском;24;core;top
дивный лес площадка для свадьбы красногорск;24;geo;top
о любви площадка для свадьбы;24;core;top
где отметить свадьбу adria mare;24;info;top
где бюджетно отметить свадьбу;24;price;top
закуски на свадебный стол;24;rest;assoc
сколько стоит ресторан для свадьбы;24;venue-type;top
ресторан видное для свадьбы;24;venue-type;top
снять ресторан для свадьбы в москве;24;venue-type;top
рестораны москвы для свадьбы на 50 человек;24;venue-type;top
рестораны москвы для празднования свадьбы;24;venue-type;top
свадебный банкет 2025;24;core;top
где провести свадьбу вдвоем;24;capacity;top
камерная свадьба где провести;24;capacity;top
провести свадьбу природа;24;core;top
агентства по организации свадеб;24;vendors;top
организация свадеб юбилеев;24;core;top
с чего начать организацию свадьбы;24;core;top
аренда веранды для свадьбы;24;venue-type;top
провести свадьбу на природе;24;venue-type;top
тамада на свадьбу 20 человек;24;vendors;top
стоимость свадьбы на 50 человек в москве;24;capacity;top
зал для свадьбы на 100 человек;24;capacity;top
как отметить свадьбу недорого;24;price;top
стоимость свадьбы в москве на 50;24;price;top
рассчитать стоимость свадьбы;24;price;top
сколько стоит сосо павлиашвили на свадьбу;24;price;top
сколько стоит думикян на свадьбу;24;price;top
сколько стоят голуби на свадьбу;24;rest;top
сколько стоит дорогая свадьба;24;price;top
какие вопросы задать ведущему на свадьбу;24;vendors;top
ведущий на свадьбу коломна;24;vendors;top
нужен фотограф на свадьбу;24;vendors;top
свадебный декор фото;24;vendors;top
аренда свадебного декора москва;24;vendors;top
рассадка свадьбе оформление;24;vendors;top
в свадебном агентстве кравец моргунова шальнов;24;vendors;top
лопатки для свадебного торта;24;vendors;top
свадебный торт 2026 тренды фото;24;vendors;top
свадебный торт медовик;24;vendors;top
свадебные торты какие начинки;24;vendors;top
официальна ли выездная регистрация;24;vendors;top
условия выездной регистрации;24;vendors;top
выездная регистрация петербург;24;vendors;top
сценарий свадьбы со словами;24;info;top
сценарий свадьбы без тамады узком;24;vendors;top
сценарий свадьбы в узком кругу без;24;info;top
сценарий свадьбы узким кругом без тамады;24;vendors;top
полный сценарий свадьбы для тамады;24;vendors;top
благоприятные даты для свадьбы в сентябре;24;info;top
свадьба в стиле нулевых;24;info;top
свадьба в стиле зеленый минимализм;24;geo;top
4 свадьбы в сказочном стиле;24;info;top
свадебные площадки за городом;23;core;top
площадки для свадьбы зеленоград;23;geo;top
площадки для зимней свадьбы;23;info;top
сенешаль площадка для свадьбы;23;core;top
площадка для свадьбы балашиха;23;core;top
площадки для свадьбы раменское;23;core;top
площадки для свадьбы отели;23;venue-type;top
красивые места для свадьбы в подмосковье;23;geo;top
где отметить свадьбу на природе;23;venue-type;top
свадьба в коломне где отметить;23;info;top
банкетные залы для камерной свадьбы;23;venue-type;top
банкетный зал для камерной свадьбы;23;venue-type;top
банкетные залы казань для свадьбы;23;venue-type;top
банкетный зал для свадьбы казань;23;venue-type;top
меню на свадебный стол;23;rest;assoc
рестораны москвы для свадьбы на 15 человек;23;venue-type;top
ресторан для свадьбы 25 человек;23;venue-type;top
свадебный банкет в москве недорого;23;price;top
свадебные банкеты цена;23;core;top
как можно провести свадьбу;23;info;top
организация дня свадьбы;23;core;top
стоимость организации свадьбы;23;price;top
аренда лофтов для свадьбы москва;23;venue-type;top
стеклянный шатер для свадьбы;23;venue-type;top
домик в саду вднх свадьба;23;venue-type;top
кафе на свадьбу на 30 человек;23;venue-type;top
банкетные залы на свадьбу 50 человек;23;venue-type;top
банкетный зал на свадьбу 50 человек;23;venue-type;top
сколько стоит свадьба на 100 человек;23;capacity;top
свадеб отдых в подмосковье;23;geo;top
усадьба середниково в подмосковье свадьба;23;venue-type;top
свадьба под ключ на 40 человек;23;capacity;top
сколько сейчас стоит сыграть свадьбу;23;rest;top
сколько стоит эльбрус джанмирзоев на свадьбу;23;price;top
ведущие на свадьбу александров;23;vendors;top
ведущий на свадьбу александр;23;vendors;top
ведущий на корпоратив свадьбы;23;vendors;top
свадебный декор екатеринбург;23;vendors;top
оформление банкетного зала на свадьбу;23;vendors;top
оформление свадьбы 2026;23;vendors;top
оформление фотозоны на свадьбу;23;vendors;top
свадебный торт с трайфлами;23;vendors;top
где можно купить свадебный торт;23;vendors;top
архангельское выездная регистрация;23;vendors;top
нужна ли выездная регистрация;23;vendors;top
выездная регистрация цветами;23;vendors;top
музыкальный сценарий свадьбы;23;vendors;top
сценарий свадьбы молодым;23;info;top
готовый сценарий золотой свадьбы;23;info;top
сценарий золотой свадьбы 50;23;info;top
сценарий свадьбы для тамады готовый полный;23;vendors;top
стиль друга на свадьбу;23;info;top
свадьба в пляжном стиле vs классическая свадьба;23;info;top
свадьба в царском стиле;23;info;top
идеи стиля свадьбы;23;info;top
стили проведения свадеб;23;info;top
свадьба в стиле олд мани;23;info;top
свадебная площадка отрадное;22;core;top
свадебная площадка оранжерея;22;venue-type;top
свадебные площадки тверь;22;core;top
площадки для свадьбы в подмосковье недорого;22;price;top
площадки для свадьбы с выездной регистрацией;22;vendors;top
банкетные залы для свадьбы красногорск;22;venue-type;top
рестораны для свадьбы нижний новгород;22;venue-type;top
ресторан отель для свадьбы;22;venue-type;top
рестораны для свадьбы сергиев посад;22;venue-type;top
грузинские рестораны для свадьбы;22;venue-type;top
банкет свадебный зал;22;core;top
свадебный банкет отель;22;venue-type;top
провести вечер свадьбы;22;core;top
места где можно провести свадьбу;22;info;top
где лучше провести свадьбу;22;info;top
коттедж для свадьбы москва;22;venue-type;top
снять теплоход на свадьбу;22;venue-type;top
свадьба в лесу москва;22;venue-type;top
свадьба на 20 человек без тамады;22;vendors;top
камерная свадьба на 15 человек;22;capacity;top
красивые маленькие свадьбы;22;capacity;top
свадьба в петербурге для двоих;22;capacity;top
свадьба для двоих в санкт петербурге;22;capacity;top
4 свадьбы женихи 2;22;rest;assoc
завидное загородный клуб свадьба;22;venue-type;top
недорогой букет на свадьбу;22;vendors;top
снять кафе на свадьбу недорого;22;venue-type;top
стоимость выступления на свадьбе;22;price;top
аренда зала свадьбы стоимость;22;price;top
стоимость свадьбы коки;22;price;top
сколько стоит отпраздновать свадьбу;22;price;top
сколько стоит свадьба роналду;22;price;top
сколько стоит аркадий думикян на свадьбу;22;price;top
найти фотографа на свадьбу;22;vendors;top
фотограф на свадьбу на день;22;vendors;top
видеограф на свадьбу цена;22;vendors;top
свадебный декор арки;22;vendors;top
свадьба оформление комнаты;22;vendors;top
курсы свадебного организатора;22;vendors;top
apriori married свадебное агентство;22;vendors;top
камеди клаб в свадебном агентстве;22;vendors;top
приготовление свадебного торта;22;vendors;top
свадебные торты недорого москва;22;vendors;top
какой должен быть свадебный торт;22;vendors;top
сборка свадебного торта;22;vendors;top
многоярусный свадебный торт;22;vendors;top
свадебный торт на 20 человек;22;vendors;top
где заказать свадебный торт;22;vendors;top
свадебная арка для выездной регистрации;22;vendors;top
выездная регистрация банкет;22;vendors;top
готовый сценарий второго дня свадьбы;22;info;top
проведение свадьбы без тамады сценарий;22;vendors;top
сценарий деревенской свадьбы;22;info;top
юмор сценарий свадьбы;22;info;top
сценарий свадьбы 1;22;info;top
свадьба в конце сентября;22;info;top
идеи для фотосессии на свадьбу;22;vendors;top
свадьба в стиле вегас;22;info;top
свадьба в таджикском стиле;22;info;top
свадьба в стиле киносъемки;22;info;top
стиль на свадьбу женский;22;info;top
стиль стола на свадьбу;22;info;top
свадьба в спортивном стиле;22;info;top
свадьба в стиле игр;22;info;top
свадьба в секретном стиле;22;info;top
свадьба в сиреневом стиле;22;info;top
свадебный образ жениха 2026;22;rest;assoc
свадебная площадка клин;21;core;top
площадки для свадеб сочи;21;core;top
площадки для свадьбы тверь;21;core;top
места для фото свадьбы;21;rest;top
места для свадьбы рестораны;21;venue-type;top
аренда банкетного зала для свадьбы в москве;21;venue-type;top
лучшие рестораны для камерной свадьбы;21;venue-type;top
рестораны в одинцово для свадьбы;21;venue-type;top
рестораны для армянской свадьбы;21;venue-type;top
где можно провести свадьбу в москве;21;geo;top
организация свадьбы ресторане;21;venue-type;top
организацией свадеб занимаюсь;21;core;top
организация камерной свадьбы;21;capacity;top
свадебные фанфары;21;rest;assoc
свадьба на теплоходе отзывы;21;venue-type;top
свадьбы в детском саду;21;rest;top
свадьба второй день на природе;21;venue-type;top
отметить свадьбу на 10 человек;21;capacity;top
алкоголь на свадьбу на 20 человек;21;capacity;top
зал на свадьбу 20 человек;21;core;top
сколько алкоголя на свадьбу 30 человек;21;rest;top
банкетные залы москва свадьба недорого;21;venue-type;top
машины свадьбу недорого;21;price;top
организовать недорогую свадьбу;21;price;top
стоимость свадьбы под ключ;21;price;top
стоимость человека ресторане свадьбу;21;venue-type;top
артиленд свадьба стоимость;21;price;top
загс свадьба сколько стоит;21;price;top
свадьба в метро маяковская сколько стоит;21;price;top
сколько стоит фотосессия свадьбы;21;vendors;top
сколько стояла свадьба иды галич;21;rest;top
ведущий на свадьбу роман;21;vendors;top
ведущий на свадьбу рязань;21;vendors;top
декор свадебных бутылок;21;vendors;top
авито свадебный декор;21;vendors;top
рассадка гостей на свадьбе оформление;21;vendors;top
отзыв свадебному организатору;21;vendors;top
камеди кравец свадебное агентство;21;vendors;top
свадебное агентство спб;21;vendors;top
comedy club в свадебном агентстве;21;vendors;top
comedy свадебное агентство;21;vendors;top
самые красивые свадебные торты;21;vendors;top
коробка для свадебного торта;21;vendors;top
шоколадные фигурки на торт свадебный;21;vendors;top
свадебный торт сердце;21;vendors;top
овальный свадебный торт;21;vendors;top
свадебный торт тирамису;21;vendors;top
свадебный торт спб;21;vendors;top
курсы свадебного стилиста;21;vendors;top
выездная регистрация санкт петербург;21;vendors;top
места выездная регистрация брака;21;vendors;top
выездная регистрация тула;21;vendors;top
выездная регистрация бракосочетания;21;vendors;top
услуги выездной регистрации;21;vendors;top
есть ли выездная регистрация брака;21;vendors;top
турандот выездная регистрация;21;vendors;top
бюджет свадьбы москва;21;geo;top
свадьба средний бюджет;21;rest;top
свадьба 40 сценарий;21;info;top
сценарий свадьбы в народном стиле;21;info;top
начало свадьбы сценарий;21;info;top
начинаем свадьбу сценарий;21;info;top
сценарий праздника на свадьбу;21;info;top
лучший день для свадьбы в сентябре;21;info;top
свадьба в стиле вечеринки vs зеленый минимализм;21;geo;top
свадьба в осеннем стиле;21;info;top
свадьба в стиле кантри;21;info;top
свадьба в стиле комиксов;21;info;top
название стилей свадьбы;21;info;top
свадьба в стиле 90 гости;21;info;top
фон для рассадки гостей на свадьбе;21;info;top
как сделать план рассадки гостей на свадьбе;21;info;top
свадебные площадки ярославль;20;core;top
свадебная площадка на карте;20;core;top
площадка для свадьбы на природе в москве;20;venue-type;top
площадки для свадьбы серпухов;20;core;top
места для празднования свадьбы;20;rest;top
аренда места для свадьбы;20;price;top
необычная свадьба где отметить;20;info;top
банкетный зал подольск для свадьбы;20;venue-type;top
банкетный зал для свадьбы москва недорого;20;venue-type;top
недорогие банкетные залы москвы для свадьбы;20;venue-type;top
банкетные залы для проведения свадеб;20;venue-type;top
банкетный зал для проведения свадьбы;20;venue-type;top
ресторан для камерной свадьбы 20 человек;20;venue-type;top
ресторан для свадьбы рейтинг;20;venue-type;top
ресторан для свадьбы в санкт петербурге;20;venue-type;top
свадебный банкет еда;20;core;top
свадебный банкет где;20;core;top
организация мероприятий свадьбы;20;core;top
снять теплоход на свадьбу в москве;20;venue-type;top
организовать свадьбу на природе;20;venue-type;top
локации свадьбы на природе;20;venue-type;top
свадьба на 30 человек бюджет;20;capacity;top
проведение камерной свадьбы;20;capacity;top
отметить свадьбу за городом;20;core;top
локации для свадьбы в москве и подмосковье;20;geo;top
где отпраздновать свадьбу в москве недорого;20;price;top
залы для свадьбы москва недорого;20;price;top
свадебное агентство свадьба под ключ;20;vendors;top
сколько стоит диджей на свадьбу;20;vendors;top
сколько стоит самая дорогая свадьба;20;price;top
ведущие на свадьбе иды галич;20;vendors;top
татарские ведущие на свадьбу;20;vendors;top
ведущий на свадьбу дмитрий;20;vendors;top
ведущий на свадьбу дмитрий дмитриев;20;vendors;top
услуги ведущего на свадьбу;20;vendors;top
декор свадебного торта из вафельной бумаги;20;vendors;top
свадебный декор из вафельной бумаги;20;vendors;top
свадебный декор искусственными цветами;20;vendors;top
оформление на год свадьбы;20;vendors;top
камеди клаб кравец свадебное агентство;20;vendors;top
лучшие свадебные агентства;20;vendors;top
безе свадебное агентство;20;vendors;top
торт в итальянском стиле свадебный;20;vendors;top
свадебные торты 2026 прямоугольные;20;vendors;top
свадебные торты мини;20;vendors;top
готовит свадебный торт;20;vendors;top
вкусные свадебные торты;20;vendors;top
набор свадебных тортов;20;vendors;top
прямоугольный длинный свадебный торт;20;vendors;top
свадебный торт с малиной;20;vendors;top
современные свадебные торты;20;vendors;top
свадебный торт с капкейками;20;vendors;top
свадебные недорогие торты с доставкой;20;vendors;top
выездная регистрация спб;20;vendors;top
локации для выездной регистрации;20;vendors;top
сценарий летия свадьбы;20;info;top
сценарии 45 свадьбе;20;info;top
свадьба 2026 выкуп сценарий;20;info;top
как одеться на свадьбу в сентябре;20;info;top
свадьба в стиле сказки;20;info;top
свадьба в китайском стиле;20;info;top
стиль одежды на свадьбу для мужчин;20;info;top
свадьба в стиле дошик;20;info;top
день свадьбы в стиле 90 х;20;info;top
свадьба в стиле стимпанк;20;info;top
свадебные площадки в подмосковье на природе;19;venue-type;top
свадебные зимние площадки;19;info;top
led свадебная площадка;19;core;top
новая свадебная площадка;19;core;top
площадки для свадьбы в подольске;19;core;top
светлица площадка для свадьбы;19;core;top
где красиво отметить свадьбу;19;info;top
где можно отметить свадьбу недорого 19 человек;19;price;top
рестораны для свадьбы волгоград;19;venue-type;top
таджикские рестораны для свадьбы;19;venue-type;top
меню свадебного банкета;19;core;top
где недорого провести свадьбу в москве;19;price;top
кафе провести свадьбу;19;venue-type;top
сколько стоит организация свадьбы;19;price;top
усадьбы для проведения свадеб в подмосковье;19;venue-type;top
свадьба на крыше в москве;19;venue-type;top
проведение свадьбы на природе;19;venue-type;top
свадьба на природе в подмосковье недорого;19;venue-type;top
регистрация свадьбы на природе;19;vendors;top
залы для свадьбы на 20 человек;19;capacity;top
свадьба на 20 человек как организовать;19;capacity;top
свадьба на 20 человек цена;19;capacity;top
рассчитать свадьбу на 30 человек;19;capacity;top
4 свадьбы свадьба в камерном стиле;19;capacity;top
идеи для камерной свадьбы;19;capacity;top
сценарий маленькой домашней свадьбы;19;capacity;top
маленькие женщины свадьба;19;capacity;top
свадеб стало меньше;19;rest;top
камерная свадьба в подмосковье;19;capacity;top
свадьба под ключ бюджетно;19;price;top
сколько стоит сатир на свадьбу;19;price;top
сколько стоит устроить свадьбу;19;price;top
ведущий музыкой на свадьбу;19;vendors;top
ведущий на юбилей свадьбы;19;vendors;top
фотограф и видеограф на свадьбу москва;19;vendors;top
фотограф на свадьбу в москве цена;19;vendors;top
свадебный декор екатеринбург арина;19;vendors;top
крем для свадебного торта;19;vendors;top
свадебный торт подольск;19;vendors;top
небольшой свадебный торт;19;vendors;top
нож и лопатка для свадебного торта;19;vendors;top
огромный свадебный торт;19;vendors;top
свадебный торт фото трехъярусный;19;vendors;top
свадебный торт на 50 человек сколько;19;vendors;top
сколько стоит кг свадебного торта;19;vendors;top
красивые свадебные торты фото;19;vendors;top
азбука вкуса свадебный торт;19;vendors;top
свадебный торт низкий;19;vendors;top
три свадебных торта;19;vendors;top
выездная регистрация шатер;19;vendors;top
выездная регистрация на море;19;vendors;top
сколько стоит официальная выездная регистрация;19;vendors;top
церемония выездной регистрации;19;vendors;top
подготовка к свадьбе пошагово план;19;info;top
сценарий свадьбы слова тамады;19;vendors;top
сценарий свадьбы молодоженов;19;info;top
юбилей 50 свадьба сценарий;19;info;top
свадьба в сентябре 2027;19;info;top
идеи для девичника перед свадьбой от подруг;19;info;top
свадьба в русском стиле фото;19;info;top
свадьба в черно белом стиле;19;info;top
второй день свадьбы в стиле 90 х;19;info;top
свадьба в культурно эстетическом стиле;19;info;top
стиль свадьбы музыка;19;vendors;top
свадьба в стиле китч;19;info;top
фотосессия в стиле свадьбы;19;vendors;top
создать план рассадки гостей на свадьбе онлайн;19;info;top
бронирование свадебных площадок;18;rest;top
недорогие свадебные площадки;18;price;top
площадки для свадьбы одинцово;18;geo;top
площадки для свадьбы с проживанием;18;core;top
площадка для свадьбы без аренды;18;price;top
топ площадок для свадьбы в москве;18;geo;top
где отметить золотую свадьбу;18;info;top
свадьба 15 человек где отметить;18;info;top
где отметить свадьбу клин;18;info;top
банкетные залы для свадьбы 20 человек;18;venue-type;top
банкетный зал для свадьбы 20 человек;18;venue-type;top
банкетный зал для свадьбы московский;18;venue-type;top
банкетный зал для свадьбы 60 человек;18;venue-type;top
рестораны москвы для свадьбы на 10 человек;18;venue-type;top
свадебный банкет на свадьбу;18;core;top
свадебный банкет дома;18;core;top
в какие дни проводят свадьбы;18;rest;top
что нужно для организации свадьбы;18;info;top
фемилинк организация свадьбы;18;core;top
организация свадьбы недорого;18;price;top
аренда коттеджа в подмосковье для свадьбы;18;venue-type;top
летние веранды для свадьбы;18;venue-type;top
клятва в загсе при бракосочетании текст;18;rest;assoc
свадьба на природе фото;18;venue-type;top
камерная свадьба на 30 человек;18;capacity;top
цена свадьбы на 50 человек;18;capacity;top
камерная свадьба нижний;18;capacity;top
свадьба для двоих в москве;18;capacity;top
свадьба для двоих без гостей;18;capacity;top
отпраздновать свадьбу в подмосковье;18;geo;top
идеи недорогой свадьбы для не молодой пары;18;price;top
как сыграть свадьбу недорого;18;price;top
организовать свадьбу под ключ;18;price;top
стоимость свадьбы клавы коки;18;price;top
сколько стоит лазарев на свадьбу;18;price;top
сколько стоит мияги на свадьбу;18;price;top
сколько стоит дарить на свадьбу;18;price;top
сколько стоят приглашения свадьбу;18;info;top
сколько стоит обычная свадьба;18;price;top
ведущий на свадьбу в москве с диджеем;18;vendors;top
ведущий на свадьбе медведевой;18;vendors;top
известные ведущие на свадьбу;18;vendors;top
фотограф на свадьбу фотосессия;18;vendors;top
фотограф на свадьбу екатеринбург цена;18;vendors;top
видео фотограф на свадьбу;18;vendors;top
стоимость свадебного декора;18;vendors;top
тренды свадебного декора;18;vendors;top
оформление арки на свадьбу;18;vendors;top
световое оформление свадьбы;18;vendors;top
свадебное агентство москва свадьба;18;vendors;top
comedy club в свадебном агентстве кравец;18;vendors;top
диджей на свадьбу цена;18;vendors;top
как называется свадебный торт;18;vendors;top
свадебный торт порционный;18;vendors;top
буквы на свадебный торт;18;vendors;top
свадебный торт дмитров;18;vendors;top
изготовление свадебных тортов;18;vendors;top
выездная регистрация орел;18;vendors;top
сценарий русской народной свадьбы;18;info;top
сценарий свадьба жених и невеста;18;info;top
сценарий свадьбы в кафе;18;venue-type;top
сценарий золотой свадьбы для тамады;18;vendors;top
сценарий свадьбы для тамады узкий круг;18;vendors;top
лучшие даты для свадьбы в сентябре 2026;18;info;top
благоприятные даты для свадьбы в сентябре 2026;18;info;top
свадьба в стиле ссср;18;info;top
стиль свадьбы классика;18;info;top
свадьба в стиле панк;18;info;top
стиль свадеб картинки;18;info;top
плакаты в стиле 90 х на свадьбу;18;info;top
в каком стиле сделать свадьбу;18;info;top
стиль летней свадьбы;18;info;top
свадьба в стиле гарри;18;info;top
свадьба в стиле гарри поттера;18;info;top
свадьба в стиле деревни;18;info;top
схема рассадки гостей на свадьбе онлайн;18;info;top
список рассадки гостей на свадьбе;18;info;top
свадебная площадка в коломенском;17;core;top
свадебные площадки подольск;17;core;top
свадебная площадка лед;17;core;top
свадебные площадки домодедово;17;core;top
свадебная площадка долгопрудный;17;core;top
пирогово свадебная площадка;17;core;top
мытищи площадка для свадьбы;17;geo;top
сколько стоит площадка для свадьбы;17;price;top
площадки для свадьбы нижний;17;core;top
площадки для организации свадьбы;17;core;top
площадки для свадьбы видное;17;core;top
площадки для празднования свадеб;17;core;top
места для камерной свадьбы;17;capacity;top
банкетные залы для свадьбы на природе;17;venue-type;top
банкетный зал на природе для свадьбы;17;venue-type;top
банкетный зал мытищи для свадьбы;17;venue-type;top
банкетные залы воронеж для свадеб;17;venue-type;top
банкетный зал для свадьбы воронеж;17;venue-type;top
банкетные залы для свадьбы цена;17;venue-type;top
банкетный зал для свадьбы цены;17;venue-type;top
ресторан для свадьбы с видом;17;venue-type;top
ресторан для камерной свадьбы спб;17;venue-type;top
рестораны балашихи для свадьбы;17;venue-type;top
меню ресторан для свадьбы;17;venue-type;top
проведем русскую свадьбу;17;rest;top
провести свадьбу на 20 человек;17;capacity;top
кто проводил свадьбу на кудринской площади;17;rest;top
организация свадьбы под ключ московская область;17;price;top
организация банкета свадьба;17;core;top
свадьба организация где;17;core;top
камеди клаб свадебное агентство марина кравец;17;vendors;assoc+top
зал для свадьбы на природе;17;venue-type;top
свадьба на 20 человек недорого;17;capacity;top
банкетный зал на свадьбу 20 человек;17;venue-type;top
торт на свадьбу на 50 человек;17;vendors;top
зал для камерной свадьбы москва;17;capacity;top
фото свадьбы меньше;17;rest;top
маленькая свадьба дома;17;capacity;top
свадьба любовь маленьких;17;capacity;top
свадьба за городом банкетный;17;venue-type;top
загородный дом для свадьбы московская область;17;venue-type;top
свадьба примерная стоимость;17;price;top
свадьба в царицыно стоимость аренды;17;price;top
сколько сейчас стоит свадьба в среднем;17;rest;top
сколько стоила свадьба гурама;17;price;top
сколько стоит свадьба гурама;17;price;top
сколько стоит машина на свадьбу;17;price;top
сколько стоят the hatters на свадьбу;17;rest;top
свадьба воронеж сколько стоит;17;price;top
сколько стоит видео свадьбы;17;price;top
сколько стоит свадьба в дагестане;17;price;top
ведущая на свадьбу ростов;17;vendors;top
заказать фотографа на свадьбу;17;vendors;top
авито фотограф на свадьбу;17;vendors;top
свадебный декор на свадьбу;17;vendors;top
сделать свадебный декор;17;vendors;top
свадебный декор президиум;17;vendors;top
белый свадебный декор;17;vendors;top
свадебное агентство попаданки;17;vendors;top
марина кравец камеди свадебное агентство;17;vendors;top
свадебные торты замок;17;vendors;top
смешной свадебный торт;17;vendors;top
подача свадебного торта;17;vendors;top
заказать свадебный торт с доставкой;17;vendors;top
свадебный торт фото двухъярусный на свадьбу;17;vendors;top
свадебные торты санкт петербург;17;vendors;top
торт свадебный прямоугольный фото;17;vendors;top
свадебные торты бархат;17;vendors;top
свадебный торт красный бархат;17;vendors;top
свадебный торт молочная девочка;17;vendors;top
трендовый свадебный торт;17;vendors;top
торт свадебный 2 ярусный;17;vendors;top
расчет свадебного торта;17;vendors;top
свадебный торт какой лучше;17;vendors;top
визажист на свадьбу москва на дом;17;vendors;top
выездная регистрация рязань;17;vendors;top
выездная регистрация брака усадьба;17;vendors;top
зона выездной регистрации;17;vendors;top
выездная регистрация воронеж;17;vendors;top
выездная регистрация свадьбы москва;17;vendors;top
места для выездной регистрации в москве;17;vendors;top
сценарий жемчужной свадьбы;17;info;top
свадьба дома сценарий без тамады;17;vendors;top
свадьба тамада сценарий дома;17;vendors;top
сценарий свадьбы в русском народном стиле;17;info;top
сценарий на 2 день свадьбы смешной;17;info;top
55 свадьбы сценарий;17;info;top
сценарий второго для свадьбы;17;info;top
сценарий свадьбы на даче;17;info;top
самый лучший месяц для свадьбы;17;info;top
идеи для мальчишника перед свадьбой;17;info;top
необычные идеи для свадьбы;17;info;top
свадьба в американском стиле;17;info;top
свадьба в восточном стиле;17;info;top
свадьба в тропическом стиле;17;info;top
рук стиль на свадьбу;17;info;top
свадьба в стиле 20;17;info;top
свадьба в стиле 30;17;info;top
4 свадьбы стиль 90;17;info;top
свадьба в стиле дошик бридж;17;info;top
стиль лас вегас свадьба;17;info;top
печать плана рассадки гостей на свадьбе;17;info;top
свадебные площадки зеленоград;16;geo;top
свадебные площадки шатры;16;core;top
свадебная площадка пушкин;16;geo;top
площадка для свадьбы ногинск;16;core;top
лучшие места для свадьбы в москве;16;geo;top
где отметить второй день свадьбы;16;info;top
загородные банкетные залы для свадьбы;16;venue-type;top
загородный банкетный зал для свадьбы;16;venue-type;top
волгоград недорогой ресторан для свадьбы;16;venue-type;top
армянские рестораны в москве для свадьбы;16;venue-type;top
рестораны в красногорске для свадьбы;16;venue-type;top
ресторан в питере для свадьбы;16;venue-type;top
рестораны для отмечания свадьбы;16;venue-type;top
как провести роспись без свадьбы;16;info;top
проведу вашу свадьбу;16;rest;top
где провести второй день свадьбы;16;info;top
где провести свадьбу в подмосковье недорого;16;price;top
человек который проводит свадьбу;16;rest;top
как провести первую свадьбу;16;info;top
провести необычную свадьбу;16;core;top
организация свадеб москва и московская область;16;geo;top
организация свадеб отзывы;16;core;top
организация свадьбы самой;16;core;top
организация свадьбы самому;16;core;top
организация свадьбы камеди;16;core;top
аренда шатра для свадьбы в подмосковье;16;price;top
веранда оранжерея для свадьбы;16;venue-type;top
открытые веранды для свадьбы;16;venue-type;top
дом в лесу свадьба;16;venue-type;top
свадьба в ботаническом саду;16;rest;top
свадьба на природе нижний;16;venue-type;top
свадьба на природе нижний новгород;16;venue-type;top
свадьба на природе ногинск;16;venue-type;top
свадьба дома на 20 человек;16;capacity;top
сколько алкоголя на свадьбу 20 человек;16;rest;top
свадьба камерная видео;16;capacity;top
очень маленькие свадьбы;16;capacity;top
маленький торт на свадьбу;16;vendors;top
маленькая свадьба тамада;16;vendors;top
маленькие свадьбы без тамады;16;vendors;top
где отпраздновать свадьбу в подмосковье;16;geo;top
свадьба в усадьбе москва и подмосковье;16;venue-type;top
истра каравай на свадьбу;16;geo;top
недорогая свадьба форум;16;price;top
заказать каравай на свадьбу недорого;16;price;top
украсить свадьбу своими руками недорого;16;price;top
банкеты свадьбы недорого;16;price;top
кафе на свадьбу недорого цены;16;venue-type;top
где сыграть недорогую свадьбу;16;price;top
свадьба под ключ омск;16;price;top
свадьба под ключ самара;16;price;top
свадьба под ключ оренбург;16;price;top
стоимость свадьбы отзывы;16;price;top
сколько стоит выездная свадьба;16;price;top
сколько стоит фото свадьбы;16;price;top
сколько стоит лепс на свадьбу;16;price;top
сколько стоят цветы на свадьбу;16;rest;top
роль ведущего на свадьбе;16;vendors;top
рейтинг ведущих на свадьбу;16;vendors;top
услуги фотографа на свадьбу екатеринбург;16;vendors;top
фотограф на свадьбу ростов;16;vendors;top
видеограф воронеж на свадьбу;16;vendors;top
декор свадебной свечи;16;vendors;top
свадьба оформление тканью;16;vendors;top
оформление свадьбы зона;16;vendors;top
модный свадебный торт;16;vendors;top
свадебный торт 30 кг;16;vendors;top
церемония свадебного торта;16;vendors;top
шакотис свадебный торт;16;vendors;top
торт свадебный одноярусный с ягодами;16;vendors;top
оформление торта свадебные фото;16;vendors;top
свадебный торт прямоугольный с цветами;16;vendors;top
свадебный торт молодоженам;16;vendors;top
торт фисташка малина свадебный;16;vendors;top
как украсить домашний свадебный торт;16;vendors;top
как украсить свадебный торт в домашних условиях;16;vendors;top
свадебный торт на заказ цена;16;vendors;top
свадебный торт калининград;16;vendors;top
свадебный торт и невестка;16;vendors;top
свадебный торт муж и невестка;16;vendors;top
прямоугольный свадебный торт 3 кг;16;vendors;top
свадебный торт с розами;16;vendors;top
подложка для свадебного торта;16;vendors;top
подставка для свадебного торта;16;vendors;top
свадебный торт без мастики;16;vendors;top
выездная регистрация декор;16;vendors;top
выездная регистрация коломна;16;vendors;top
лучшая выездная регистрация;16;vendors;top
интересный сценарий на свадьбу;16;info;top
сценарий 10 свадьбы;16;info;top
полный сценарий золотой свадьбы для тамады;16;vendors;top
сценарий золотой свадьбы для тамады готовый;16;vendors;top
сценарий золотой свадьбы для тамады готовый полный;16;vendors;top
готовый сценарий на второй день свадьбы;16;info;top
домашняя свадьба сценарий с тамадой;16;vendors;top
смешные идеи для свадьбы;16;info;top
стиль свадьбы пинтерест;16;info;top
стили пригласительных на свадьбу;16;info;top
свадьба в стиле царская охота;16;info;top
стиль свадьбы дрейн;16;info;top
свадьба в розовом стиле;16;info;top
свадьба в стиле рустик провинциальная свадьба;16;info;top
свадьба в голливудском стиле vs свадьба;16;info;top
свадьба в индийском стиле;16;info;top
свадьба в стиле девяностых;16;info;top
свадьба в красном стиле;16;info;top
свадьба в стиле дошик 4 свадьбы;16;info;top
карточки рассадки гостей на свадьбе печать;16;info;top
свадебные площадки на природе москва;15;venue-type;top
площадка для фотосессии свадебная;15;vendors;top
площадки для свадьбы клин;15;core;top
площадка для свадьбы в подмосковье на природе;15;venue-type;top
площадки для свадьбы екатеринбург;15;venue-type;top
загородные площадки для свадьбы в подмосковье;15;venue-type;top
загородные площадки для свадьбы москва;15;venue-type;top
скай ривер площадка для свадьбы;15;core;top
лучшие площадки для свадьбы в подмосковье;15;geo;top
панорама площадка для свадьбы;15;core;top
площадки для проведения свадьбы в ближайшем подмосковье;15;geo;top
топ мест для свадьбы в москве;15;geo;top
красивые места для фотосессии свадьбы;15;vendors;top
места для фотосессий в москве на свадьбу;15;vendors;top
банкетный зал в одинцово для свадьбы;15;venue-type;top
видное банкетный зал для свадьбы;15;venue-type;top
казань мусульманский банкетный зал для свадьбы;15;venue-type;top
банкетные залы для свадеб московская область;15;venue-type;top
банкетный зал для свадьбы московская область;15;venue-type;top
банкетные залы для свадьбы в домодедово;15;venue-type;top
банкетный зал в домодедово для свадьбы;15;venue-type;top
банкетный зал для свадьбы спб;15;venue-type;top
банкетные залы для маленькой свадьбы;15;venue-type;top
банкетный зал для маленькой свадьбы;15;venue-type;top
шатер ресторан для свадьбы;15;venue-type;top
ресторан в царицыно для свадьбы;15;venue-type;top
ресторан для свадьбы пушкино;15;venue-type;top
рестораны для свадьбы оренбург;15;venue-type;top
как проводить церемонию свадьбы;15;info;top
как провести второй день свадьбы;15;info;top
сколько стоит провести свадьбу в коломенском;15;price;top
проводим свадьбу сами;15;rest;top
как провести серебряную свадьбу;15;info;top
организация свадьбы поэтапно;15;info;top
купить шатер для свадьбы в дмитрове;15;venue-type;top
яхт клуб адмирал свадьба;15;venue-type;top
яхт клуб свадьба москва;15;venue-type;top
где организовать свадьбу на природе;15;venue-type;top
что надеть на свадьбу на природе;15;venue-type;top
сколько алкоголя нужно на свадьбу 20 человек;15;rest;top
сценарий свадьбы на 20 человек;15;capacity;top
камерная свадьба дома;15;capacity;top
свадьба для двоих идеи без гостей;15;capacity;top
свадьба за городом банкетный зал;15;venue-type;top
загородная усадьба свадьба;15;venue-type;top
снять загородный дом для свадьбы;15;venue-type;top
свадьба под ключ москва недорого;15;price;top
сыграть свадьбу в раменском недорого;15;price;top
самая недорогая свадьба;15;price;top
недорогие варианты свадьбы;15;price;top
свадьба недорого 30 человека;15;price;top
украсить зал на свадьбу недорого;15;price;top
свадьба под ключ казань;15;price;top
стоимость выездной свадьбы;15;price;top
стоимость свадьбы в россии;15;price;top
сколько стоит гуф на свадьбу;15;price;top
сколько стоит позвать киркорова на свадьбу;15;price;top
сколько денег стоит свадьба;15;rest;top
сколько стоила самая дорогая свадьба;15;price;top
сколько стоит позвать басту на свадьбу;15;price;top
сколько стоит видеограф на свадьбу;15;vendors;top
ведущие на свадьбу любовь;15;vendors;top
ведущий на свадьбу чебоксары;15;vendors;top
речь на свадьбу в загсе ведущая;15;vendors;top
кто был ведущим на свадьбе клавы коки;15;vendors;top
ведущий на свадьбу тула;15;vendors;top
средняя цена ведущего на свадьбу;15;vendors;top
топ ведущих на свадьбу;15;vendors;top
армянский ведущий на свадьбу;15;vendors;top
ведущий на свадьбу ростов на дону;15;vendors;top
фотограф на свадьбу видное;15;vendors;top
фотограф на свадьбу лучшие;15;vendors;top
оформление пригласительных на свадьбу;15;vendors;top
оформление свадеб тона;15;vendors;top
свадебный организатор обучение;15;vendors;top
свадебные ивент агентства;15;vendors;top
свадебные агентства event;15;vendors;top
свадебный торт с рюшами;15;vendors;top
свадебный торт одноярусный длинный;15;vendors;top
свадебные торты пирожные;15;vendors;top
современные свадебные торты фото;15;vendors;top
литовский свадебный торт шакотис;15;vendors;top
подставка под свадебный торт;15;vendors;top
белый одноярусный свадебный торт;15;vendors;top
свадебный торт сникерс;15;vendors;top
свадебный торт ламбет;15;vendors;top
заказать недорогой свадебный торт;15;vendors;top
как приготовить свадебный торт;15;vendors;top
свадебный стилист с выездом москва;15;vendors;top
выездная регистрация архангельск;15;vendors;top
выездная регистрация в кусково;15;vendors;top
сколько стоит официальная выездная регистрация брака;15;vendors;top
выездная регистрация калининград;15;vendors;top
музыка для выездной регистрации;15;vendors;top
выездная регистрация мфц;15;vendors;top
сценарий свадьбы для ведущего в узком кругу;15;vendors;top
сценарии свадьбы готовые для ведущего современные;15;vendors;top
свадьба вести сценарий;15;info;top
сценарий вечера свадьбы;15;info;top
сценарий золотой свадьбы для родителей;15;info;top
готовый сценарий свадьбы без тамады;15;vendors;top
сценарии праздника юбилеи свадьбы;15;info;top
готовый сценарий на современную свадьбу;15;info;top
красивая дата для свадьбы в сентябре;15;info;top
что одеть на свадьбу в сентябре;15;info;top
в сентябре играли свадьбы;15;info;top
идеи для свадьбы без гостей;15;capacity;top
идеи для празднования свадьбы;15;info;top
идеи для свадьбы 2026;15;info;top
4 свадьбы в новом стиле;15;info;top
свадьба в стиле 90 х одежда;15;info;top
эко стиль свадьба;15;info;top
еврейская свадьба vs свадьба в стиле стимпанк;15;info;top
еврейская свадьба свадьба в стиле стимпанк;15;info;top
свадьба в еврейском стиле;15;info;top
свадьба в стиле рэп;15;info;top
свадьба в стиле алиса в стране;15;info;top
свадьба в стиле стране чудес;15;info;top
стиль свадьбы алиса в стране чудес;15;info;top
свадьба в стиле бохо фото;15;info;top
свадьба в старославянском стиле;15;info;top
свадьба в русском стиле 2026;15;info;top
распечатать план рассадки гостей на свадьбу;15;info;top
лесной берег свадебная площадка планерная;14;core;top
свадебные площадки москва и московская область;14;geo;top
свадебные площадки сочи;14;core;top
отражение свадебная площадка;14;core;top
лермонтов свадебная площадка;14;core;top
площадки для свадьбы в питере;14;core;top
площадки для свадьбы дмитров;14;geo;top
где отметить свадьбу 10 человек;14;info;top
где дешево отметить свадьбу;14;price;top
где отметить серебряную свадьбу;14;info;top
банкетные залы краснодара для свадьбы;14;venue-type;top
банкетный зал для свадьбы краснодар;14;venue-type;top
банкетный зал для свадьбы коломна;14;venue-type;top
банкетные залы для свадьбы махачкала;14;venue-type;top
банкетный зал для свадьбы махачкала;14;venue-type;top
рестораны для маленькой свадьбы москва;14;venue-type;top
ресторан для свадьбы подольск;14;venue-type;top
ресторан для мини свадьбы;14;venue-type;top
ресторан в армении для свадьбы;14;venue-type;top
ресторан с террасой для свадьбы;14;venue-type;top
банкетное меню для кафе;14;venue-type;assoc
свадебный банкет стоимость человека;14;price;top
заказать свадебный банкет;14;core;top
провести свадебный банкет;14;core;top
ресторан свадебный банкет москва;14;venue-type;top
как проводить каравай на свадьбе;14;info;top
свадебная организация свадьбы;14;core;top
усадьба валуево свадьба в шатре;14;venue-type;top
загородный клуб для проведения свадьбы;14;venue-type;top
веранды для проведения свадьбы;14;venue-type;top
свадьба на природе оренбург;14;venue-type;top
свадьба на природе в рязани;14;venue-type;top
рассчитать свадьбу на 50 человек;14;capacity;top
камерная свадьба в нижнем новгороде;14;capacity;top
маленькая свадьба в москве ресторан;14;venue-type;top
хочу маленькую свадьбу;14;capacity;top
от маленькой сестры на свадьбу;14;capacity;top
выездная свадьба в подмосковье цены;14;geo;top
бюджетная свадьба в подмосковье;14;price;top
сафиса банкетный зал цены на свадьбу москва;14;venue-type;top
купить фату на свадьбу недорого;14;price;top
как отпраздновать свадьбу недорого и красиво;14;price;top
кафе свадьба недорого ресторан;14;venue-type;top
свадьба недорого отзывы;14;price;top
свадебное агентство москва свадьба под ключ;14;vendors;top
торт на свадьбу стоимость;14;vendors;top
свадьба в царицыно стоимость аренды зала;14;price;top
свадьба стоимость банкета;14;price;top
сколько стоят свадьбы звезд;14;rest;top
сколько стоит на свадьбу заказ;14;price;top
сколько стоит свадьба отзывы;14;price;top
оформление свадеб сколько стоит;14;vendors;top
сколько стоит свадьба в московской области;14;price;top
сколько стоит пригласить мота на свадьбу;14;price;top
сколько стоит каравай на свадьбу;14;price;top
сколько стоит тамада на свадьбу в москве;14;vendors;top
сколько стоит свадьба в церкви;14;price;top
как выбрать ведущего на свадьбу;14;vendors;top
молодые ведущие на свадьбу;14;vendors;top
пара ведущих на свадьбу;14;vendors;top
ведущий на свадьбу дмитров;14;vendors;top
кормят ли ведущих на свадьбе;14;vendors;top
начинающий ведущий на свадьбу;14;vendors;top
ведущий на свадьбу спб;14;vendors;top
лучшие ведущие на свадьбу москва;14;vendors;top
2 ведущих на свадьбу;14;vendors;top
семейный очаг на свадьбе слова ведущего;14;vendors;top
фото фотографа на свадьбе;14;vendors;top
фотограф на свадьбу ростов на дону;14;vendors;top
свадебный декор 2026 тренды;14;vendors;top
оформление зала на свадьбу своими руками;14;vendors;top
оформление документов для свадьбы;14;vendors;top
оформление свадеб примеры;14;vendors;top
оформление юбилея свадьбы;14;vendors;top
свадебное агентство организатор;14;vendors;top
свадебное агентство ксении;14;vendors;top
свадебное агентство москва под ключ;14;vendors;top
кавер группа на свадьбу цена;14;vendors;top
тренды в свадебных тортах;14;vendors;top
свадебные торты популярные;14;vendors;top
торт свадебный двухъярусный 2026;14;vendors;top
агзамов свадебные торты;14;vendors;top
свадебный торт агзамова;14;vendors;top
выносят свадебный торт;14;vendors;top
свадебный торт 90х;14;vendors;top
свадебный торт фото одноярусный современный;14;vendors;top
современный свадебный торт одноярусный;14;vendors;top
свадебный торт с жемчугом;14;vendors;top
свадебные торты золотой;14;vendors;top
свадебные торты фото самые;14;vendors;top
свадебный торт авито;14;vendors;top
свадебный торт с бусинами;14;vendors;top
свадебный торт какой выбрать;14;vendors;top
торт свадебный добрынинский;14;vendors;top
осенний свадебный торт;14;vendors;top
свадебный стилист одинцово;14;vendors;top
выездная регистрация орехово зуево;14;vendors;top
выездная регистрация регистратор;14;vendors;top
выездная регистрация нижний новгород;14;vendors;top
сколько стоит выездная регистрация цена;14;vendors;top
сценарий выездной регистрации брака;14;vendors;top
сценарии 45 юбилеем свадьбы;14;info;top
юбилей золотой свадьбы сценарий;14;info;top
домашний сценарий серебряной свадьбы;14;info;top
сценарий серебряной свадьбы в домашних условиях;14;info;top
форум сценарии свадеб;14;info;top
сценарии празднования свадьбы;14;info;top
сценарий на свадьбу в стиле 90;14;info;top
идеи для велком зоны на свадьбе;14;info;top
интересные идеи для свадьбы;14;info;top
свадьба в стиле дошик 4 свадьбы бридж;14;info;top
стили свадеб с фото;14;info;top
свадьба в стиле кино;14;info;top
свадьба в стиле вампиров;14;info;top
свадьба в тюремном стиле vs свадьба;14;info;top
второй день свадьбы в стиле 90х;14;info;top
свадьба в стиле модного показа;14;info;top
свадьба в жемчужном стиле;14;info;top
стиль одежды на свадьбу для гостей;14;info;top
морская свадьба vs свадьба в стиле вечеринки;14;info;top
морская свадьба свадьба в стиле вечеринки;14;info;top
свадьба в викторианском стиле;14;info;top
свадьба в стиле диско;14;info;top
свадьба стиле love;14;info;top
дрейн свадьба vs свадьба в классическом стиле;14;info;top
свадьба в королевском стиле;14;info;top
правила рассадки гостей на свадьбе;14;info;top
свадебные площадки краснодар;13;core;top
свадебная площадка в итальянском стиле;13;info;top
свадебная площадка коломна;13;core;top
свадебная площадка на природе с проживанием;13;venue-type;top
ранчо свадебная площадка солнечногорск;13;geo;top
бор свадебная площадка;13;core;top
свадебная площадка спарк;13;core;top
площадки для свадьбы нижний новгород;13;core;top
площадки для свадьбы минск;13;core;top
площадка для небольшой свадьбы;13;capacity;top
выбрать место для свадьбы;13;core;top
место для свадьбы спб;13;core;top
где галич отмечала свадьбу;13;info;top
где отметить маленькую свадьбу;13;capacity;top
где отмечать свадьбу в 2026;13;info;top
кафе где отметить свадьбу;13;venue-type;top
банкетный зал для свадьбы в красногорске;13;venue-type;top
ресторан для свадьбы с живой музыкой;13;vendors;top
ресторан для свадьбы воронеж;13;venue-type;top
открытый ресторан для свадьбы;13;venue-type;top
рестораны для свадьбы химки;13;venue-type;top
лучшие рестораны москвы для камерной свадьбы;13;venue-type;top
самые красивые рестораны для свадьбы;13;venue-type;top
проведение свадебных банкетов;13;core;top
сколько стоит свадебный банкет на человека;13;price;top
тайминг свадебного банкета;13;info;top
сценарий свадебного банкета;13;info;top
свадьба как провести жениха;13;info;top
как провести день свадьбы весело;13;info;top
как проводят девичник перед свадьбой;13;info;top
организация камерной свадьбы в москве;13;capacity;top
организация свадеб камеди клаб;13;core;top
свадебный шатер в подмосковье для свадьбы;13;venue-type;top
коттедж для свадьбы ленинградская;13;venue-type;top
свадьба на теплоходе спб;13;venue-type;top
свадьба на 30 человек цена;13;capacity;top
сколько кг торта на 50 человек свадьбу;13;vendors;top
камерная свадьба недорого;13;capacity;top
проведение маленьких свадеб;13;capacity;top
свадьба без тамады для маленькой компании;13;vendors;top
маленький букет цветов на свадьбу;13;vendors;top
где сыграть свадьбу в подмосковье;13;geo;top
полицейский с рублевки свадьба сестры;13;geo;top
хорошее недорогое шампанское на свадьбу;13;price;top
шампанское на свадьбу какое купить недорогое хорошее;13;price;top
снять кафе на свадьбу недорого цены;13;venue-type;top
свадьба под ключ спб;13;price;top
свадьба под ключ нижний;13;price;top
вилла ротонда стоимость свадьбы;13;price;top
стоимость свадьбы галич;13;price;top
стоимость свадьбы иды галич;13;price;top
сколько стоит пригласить иванушек на свадьбу;13;price;top
сколько стоит координатор на свадьбу;13;vendors;top
сколько стоит стол на свадьбу;13;price;top
сколько стоит свадьба в царицыно;13;price;top
сколько стоит позвать на свадьбу эльбруса джанмирзоева;13;price;top
сколько стоит позвать эльбруса на свадьбу;13;price;top
сколько стоит рилсмейкер на свадьбу;13;price;top
сколько стоит еда на свадьбу;13;price;top
сколько стоила свадьба роналду;13;price;top
сколько стоит арка на свадьбу;13;price;top
литвин свадьба сколько стоит;13;price;top
сколько стоит заказать лимузин на свадьбу;13;price;top
сколько стоит зайнаб махаева на свадьбу;13;price;top
как зовут ведущего на свадьбе;13;vendors;top
ведущий на свадьбу домодедово;13;vendors;top
ведущий на свадьбу список;13;vendors;top
ведущие на свадьбу нижний;13;vendors;top
ведущий на свадьбу нижний новгород;13;vendors;top
услуги фотографа на свадьбу цена;13;vendors;top
свадебный декор без цветов;13;vendors;top
сколько стоит свадебный декор;13;vendors;top
студия свадебного декора;13;vendors;top
декор свадебный из цветов на стол;13;vendors;top
оформление свадьбы купить;13;vendors;top
оформление бокалов на свадьбу;13;vendors;top
оформление стола молодоженов на свадьбу;13;vendors;top
цветочное оформление свадьбы;13;vendors;top
оформление зала на свадьбу фото;13;vendors;top
оформление голубой свадьбы;13;vendors;top
оформление свадьбы город клин;13;vendors;top
оформление зала на свадьбу цена;13;vendors;top
ксения афанасьева свадебный организатор;13;vendors;top
wedoagency свадебное агентство;13;vendors;top
свадебное агентство любовь;13;vendors;top
ezwed свадебное агентство отзывы;13;vendors;top
свадебное агентство рейтинг;13;vendors;top
свадебное агентство darsy;13;vendors;top
свадебное агентство организация;13;vendors;top
кавер группа на свадьбу москва цена;13;vendors;top
свадебные торты 8 кг;13;vendors;top
дорогой свадебный торт;13;vendors;top
покажи свадебные торты;13;vendors;top
пробники свадебных тортов;13;vendors;top
свадебный торт с лягушками;13;vendors;top
итальянский свадебный торт с ягодами;13;vendors;top
свадебный торт коржи;13;vendors;top
свадебный торт на свадьбу одноярусный;13;vendors;top
кому первый кусок свадебного торта;13;vendors;top
два шефа и свадебный торт;13;vendors;top
свадебный торт 10 кг цена;13;vendors;top
торт 40 кг свадебный;13;vendors;top
высокий свадебный торт;13;vendors;top
торт свадебный 2026 прямоугольный видео;13;vendors;top
название свадебных тортов;13;vendors;top
свадебный торт в морском стиле;13;vendors;top
свадебный торт двухъярусный с цветами;13;vendors;top
свадебный торт калуга;13;vendors;top
свадебный торт рафаэлло;13;vendors;top
свадебный торт слова;13;vendors;top
свадебный прямоугольный торт медовик размеры;13;vendors;top
выездная регистрация чебоксары;13;vendors;top
особняк спиридонова выездная регистрация;13;vendors;top
сценарий немолодой свадьбы;13;info;top
сценарий свадьбы для немолодой пары;13;info;top
сценарий свадьбы в деревне;13;info;top
свадьба вслепую сценарий;13;info;top
рубиновая свадьба сценарий в домашних;13;info;top
рубиновая свадьба сценарий в домашних условиях;13;info;top
свадьба 60 сценарий;13;info;top
готовый смешной сценарий свадьбы;13;info;top
свадьба ведение сценарий;13;info;top
свадьба текст сценария;13;info;top
свадьба в сентябре фото;13;info;top
какая дата в сентябре для свадьбы;13;info;top
какой месяц лучше для свадьбы;13;info;top
идеи для сюрприза на свадьбу;13;info;top
идеи для призов на свадьбе;13;info;top
4 свадьбы в стиле барокко;13;info;top
4 свадьбы свадьба в стиле кибер барокко;13;info;top
свадьба в золотом стиле;13;info;top
свадьба в лесном стиле;13;info;top
стили тематических свадеб;13;info;top
свадьба в стиле патриотизма vs;13;info;top
свадьба в стиле патриотизма vs молодежная свадьба;13;info;top
свадьба в стиле лофт;13;venue-type;top
свадьба в стиле оскар;13;info;top
свадьба в татарском стиле;13;info;top
свадебные площадки на улице;12;core;top
свадебные площадки ростов;12;core;top
дом у леса свадебная площадка алабушево;12;core;top
площадки для свадьбы за городом;12;core;top
площадки для свадьбы курск;12;core;top
площадки для свадьбы тульская область;12;core;top
площадка для свадьбы в коломне;12;core;top
площадки для свадьбы воронеж;12;core;top
где отметить свадьбу в солнечногорске;12;geo;top
где лучше отметить свадьбу;12;info;top
где отметить свадьбу петербург;12;info;top
где отметить роспись без свадьбы;12;info;top
большой банкетный зал для свадьбы;12;venue-type;top
лучшие банкетные залы для свадьбы;12;venue-type;top
лучший банкетный зал для свадьбы;12;venue-type;top
рестораны санкт петербурга для камерной свадьбы;12;venue-type;top
рестораны в зеленограде для свадьбы;12;venue-type;top
ресторан для свадьбы фото;12;venue-type;top
музыка для свадьбы в ресторане;12;vendors;top
рестораны для свадьбы в москве и подмосковье;12;venue-type;top
ресторан для свадьбы с отдельным залом;12;venue-type;top
панорамные рестораны для свадеб;12;venue-type;top
ресторан для свадьбы белгород;12;venue-type;top
ресторан семейный для свадьбы;12;venue-type;top
место свадебного банкета;12;core;top
ведущие свадебных банкетов;12;vendors;top
где провести свадебный банкет;12;info;top
как проводить свадьбу сценарий;12;info;top
киркоров провел свадьбу коки;12;rest;top
как называется человек проводящий свадьбу;12;info;top
как провести золотую свадьбу;12;info;top
сколько стоит провести свадьбу в усадьбе середниково;12;venue-type;top
проводим свадьбы банкеты;12;core;top
где красиво провести свадьбу;12;info;top
как правильно проводить свадьбу;12;info;top
организация свадьбы отель;12;venue-type;top
организация свадьбы с чего начать поэтапно;12;info;top
свадьбы организация торжеств;12;core;top
организация свадьбы самостоятельно;12;core;top
снять лофт москва для свадьбы;12;venue-type;top
сколько стоит шатер для свадьбы;12;venue-type;top
загородный клуб для свадьбы в подмосковье;12;venue-type;top
свадьба в питере на теплоходе;12;venue-type;top
где отметить свадьбу на 10 человек;12;capacity;top
стоимость свадьбы на 20 человек;12;capacity;top
банкет на свадьбу 20 человек;12;core;top
организовать свадьбу на 30 человек;12;capacity;top
как рассчитать алкоголь на свадьбу 50 человек;12;info;top
камерная уютная свадьба;12;capacity;top
маленькие сюрпризы на свадьбу;12;capacity;top
ведущий маленькая свадьба;12;vendors;top
недорогая свадьба за городом;12;price;top
рианна на свадьбе в подмосковье;12;geo;top
полицейский с рублевки поют на свадьбе;12;geo;top
свадьба санкт петербурге недорого;12;price;top
сколько стоит недорогая свадьба;12;price;top
шампанское недорогое и вкусное на свадьбу;12;price;top
недорогая свадьба тамада;12;vendors;top
выездная свадьба под ключ;12;price;top
свадьба под ключ нижний новгород;12;price;top
сколько стоит пригласить киркорова на свадьбу;12;price;top
сколько стоит пригласить на свадьбу нагиева;12;price;top
сколько стоит свадьба в таджикистане;12;price;top
сколько стоит свадьба на 60 человек;12;capacity;top
сколько стоит бюджетная свадьба;12;price;top
сколько стоит свадьба в узбекистане;12;price;top
ведущий на свадьбу краснодар;12;vendors;top
ведущий церемонии на свадьбу;12;vendors;top
алексей алексеев ведущий на свадьбу;12;vendors;top
ведущий на свадьбу алексей;12;vendors;top
отзыв о ведущем на свадьбе;12;vendors;top
ведущий на свадьбу подольск;12;vendors;top
илья сатир ведущий на свадьбу;12;vendors;top
фотограф на свадьбу москва цена за час;12;vendors;top
свадебный фотограф на свадьбу;12;vendors;top
фотограф на свадьбу ростов на дону анна;12;vendors;top
свадебный декор курсы;12;vendors;top
оформление свадебного декора;12;vendors;top
стили свадебного декора;12;vendors;top
оформление машины на свадьбу;12;vendors;top
оформление бокалов и бутылок на свадьбу;12;vendors;top
минимализм свадьба оформление;12;vendors;top
оформление залов свадеб цветами;12;vendors;top
зеленое оформление свадьбы;12;vendors;top
оформление свадьбы фотографиями;12;vendors;top
novo wed свадебное агентство;12;vendors;top
свадебное агентство веддинг;12;vendors;top
свадебное эвент агентство москва;12;vendors;top
свадебное агентство иды галич;12;vendors;top
проджект менеджер в свадебное агентство;12;vendors;top
свадебное агентство романа боярова;12;vendors;top
свадебные агентства премиум;12;vendors;top
александр ходолев свадебное агентство авито;12;vendors;top
свадебный торт на 3 кг;12;vendors;top
свадебный торт цена за 1 кг;12;vendors;top
вес торта на 40 человек свадебного;12;vendors;top
свадебный торт продается;12;vendors;top
свадебный торт 3х ярусный;12;vendors;top
свадебный торт в стиле итальянского пирога;12;vendors;top
где можно заказать свадебный торт;12;vendors;top
вместо свадебного торта;12;vendors;top
трехярусный свадебный торт;12;vendors;top
итальянский свадебный торт рецепт;12;vendors;top
свадебные торты на 25 человек;12;vendors;top
обычные свадебные торты;12;vendors;top
торт свадебный 2026 улуг в петербург;12;vendors;top
свадебный торт на 4 кг;12;vendors;top
свадебный дом торт;12;vendors;top
свадебный торт в один ярус;12;vendors;top
свадебный торт с инициалами и шариками двухярусный;12;vendors;top
найти свадебный торт;12;vendors;top
мастер класс по изготовлению свадебного торта;12;vendors;top
сколько кг должен быть свадебный торт;12;vendors;top
свадебный торт зеленоград;12;vendors;top
свадебный флорист краснодар;12;vendors;top
выездная регистрация на берегу;12;vendors;top
мос ру выездная регистрация брака;12;vendors;top
как проводится выездная регистрация;12;vendors;top
сколько бюджет свадьбы;12;rest;top
сценарий свадьбы для начинающих;12;info;top
программа на свадьбу сценарий;12;info;top
готовый современный сценарий полной свадьбы;12;info;top
современный подробный сценарий свадьбы;12;info;top
сценарий свадьбы для ведущего готовый полный современный;12;vendors;top
свадьба оригинальный сценарий;12;info;top
сценарий свадьбы с музыкой;12;vendors;top
сценарий свадьбы и дня рождения;12;info;top
у иринки свадьба в сентябре слушать;12;info;top
удачные даты для свадьбы в сентябре;12;info;top
удачные даты для свадьбы в сентябре 2026;12;info;top
что надеть на свадьбу в сентябре;12;info;top
идеи для невесты на свадьбу;12;info;top
идеи для жемчужной свадьбы;12;info;top
идей для свадьбы своими руками;12;rest;top
идеи стилей для свадьбы;12;info;top
стиль зала на свадьбу;12;info;top
4 свадьбы свадьба в греческом стиле;12;info;top
фото свадьбы в стиле 90;12;info;top
стиль бохо свадьба гости;12;info;top
свадьба в стиле гаи;12;info;top
свадьба в гангстерском стиле;12;info;top
свадьба в средневековом стиле;12;info;top
выбираем стиль свадьбы;12;info;top
стиль девочки на свадьбу;12;info;top
свадьба в стиле козырьков;12;info;top
свадьба в стиле острых козырьков;12;info;top
свадьба в стиле 00;12;info;top
стили свадеб какие бывают фото;12;info;top
мольберт для рассадки гостей на свадьбу;12;info;top
варианты рассадки гостей на свадьбе;12;info;top
макет плана рассадки гостей на свадьбе;12;info;top
ранчо клин свадебная площадка;11;core;top
свадебные площадки волгоград;11;core;top
свадебные площадки самара;11;core;top
свадебные площадки воронеж;11;core;top
свадебные площадки москва и мо;11;geo;top
площадка для свадебной церемонии;11;core;top
площадка для свадьбы пушкино;11;geo;top
площадки для свадьбы в итальянском стиле;11;info;top
площадки для свадьбы на улице;11;core;top
площадка для свадьбы чебоксары;11;core;top
где отметить свадьбу недорого и необычно;11;price;top
где отметить свадьбу в подольске;11;info;top
банкетные залы энгельс для свадьбы;11;venue-type;top
банкетный зал энгельс для свадьбы;11;venue-type;top
банкетный зал для свадьбы тверь;11;venue-type;top
лучший ресторан для проведения свадеб;11;venue-type;top
новые рестораны для свадьбы;11;venue-type;top
ресторан для дня свадьбы;11;venue-type;top
рестораны в ереване для свадьбы;11;venue-type;top
ресторан для свадьбы на юге москвы;11;venue-type;top
ресторан на берегу для свадьбы;11;venue-type;top
заказать ресторан для свадьбы;11;venue-type;top
ресторан для свадьбы пенза;11;venue-type;top
рестораны для свадьбы список;11;venue-type;top
ресторан для свадьбы рязань;11;venue-type;top
рестораны для свадьбы душанбе;11;venue-type;top
рестораны для небольшой свадьбы москва;11;venue-type;top
свадебный банкет под ключ;11;price;top
свадебный банкет 30;11;core;top
свадебный банкет волгоград;11;core;top
как сейчас проводят свадьбы;11;info;top
золушка проводит меня на свадьбу;11;rest;top
праздник проводить свадьба;11;rest;top
идеи как провести свадьбу;11;info;top
организация обрядов свадеб юбилеев;11;core;top
организация свадеб волгоград;11;core;top
коттедж для свадьбы ленинградская область;11;venue-type;top
яхт клуб родина свадьба;11;venue-type;top
банкетные залы с панорамными окнами;11;venue-type;top
банкетный зал с панорамными окнами;11;venue-type;top
домик в лесу свадьба;11;venue-type;top
сыграть свадьбу на природе;11;venue-type;top
камерная свадьба ресторан на природе ступино;11;venue-type;top
меню на 10 человек на свадьбу;11;capacity;top
рассчитать алкоголь на свадьбу 30 человек;11;rest;top
банкетное меню на свадьбу на 30 человек;11;venue-type;top
локации камерных свадеб;11;capacity;top
камерная свадьба в питере;11;capacity;top
как организовать камерную свадьбу;11;capacity;top
камерная свадьба воронеж;11;capacity;top
идеи маленьких свадеб;11;capacity;top
свадьба за городом в подмосковье недорого;11;price;top
загородные свадьбы спб;11;venue-type;top
полицейский с рублевки свадьба ники;11;geo;top
свадьба в петербурге недорого;11;price;top
фото и видеосъемка свадьбы под ключ;11;price;top
свадьба под ключ воронеж;11;price;top
средняя стоимость свадьбы в россии;11;price;top
сколько стоит свадьба на 1 человека;11;capacity;top
сколько стоит снять ресторан на свадьбу;11;venue-type;top
сколько стоит съемка свадьбы;11;price;top
сколько стоит свадьба на 25 человек;11;capacity;top
сколько стоит свадьба в ростове;11;price;top
сколько стоит отметить свадьбу в москве;11;price;top
сколько стоит пригласить ваню дмитриенко на свадьбу;11;price;top
ведущий на свадьбу россия;11;vendors;top
dj ведущий на свадьбу немецкоговорящий;11;vendors;top
ведущий на свадьбе 6;11;vendors;top
ведущий на свадьбу русские;11;vendors;top
профи ру ведущий на свадьбу;11;vendors;top
готовый сценарий на свадьбу для ведущего;11;vendors;top
развлечения на свадьбу без ведущего;11;vendors;top
веселый ведущий на свадьбу;11;vendors;top
ведущий на свадьбу тамбов;11;vendors;top
ведущий на свадьбу пенза;11;vendors;top
ведущий на свадьбу иваново;11;vendors;top
ведущий на свадьбу воронеж;11;vendors;top
фотограф на свадьбу домодедово;11;vendors;top
свадебный декор сухоцветы;11;vendors;top
оформление зала на свадьбу шарами;11;vendors;top
искусственные цветы на свадьбу оформление;11;vendors;top
оформление бутылки вина на свадьбу;11;vendors;top
свадебный муссовый торт;11;vendors;top
как рассчитать вес свадебного торта;11;vendors;top
торт полоска свадебный;11;vendors;top
торт свадебный бело голубой;11;vendors;top
свадебный торт муж и невестка дорама;11;vendors;top
торт свадебный 2026 вафельная бумага;11;vendors;top
сделать цветы из мастики на свадебный торт;11;vendors;top
цветы на свадебный торт из мастики;11;vendors;top
торт 30 см свадебный;11;vendors;top
свадебные торты фото необычные;11;vendors;top
продажа свадебного торта;11;vendors;top
свадебный торт 5 ярусный;11;vendors;top
свадебный торт нижний новгород;11;vendors;top
свадебные торты фото самые красивые;11;vendors;top
свадебный торт 28 см;11;vendors;top
белый свадебный торт двухъярусный;11;vendors;top
свадебный торт на свадьбу трехъярусный;11;vendors;top
свадебный торт на свадьбу трехъярусный фото;11;vendors;top
анна кондитер она готовит свадебный торт;11;vendors;top
свадебный торт самые вкусные;11;vendors;top
свадебный торт от палыча цена;11;vendors;top
бордовый свадебный торт;11;vendors;top
свадебный торт на 40 человек сколько кг;11;vendors;top
свадебный торт традиции;11;vendors;top
свадебный торт человек паук;11;vendors;top
ягодный свадебный торт;11;vendors;top
оформление свадебного торта одноярусного;11;vendors;top
про свадебный торт;11;vendors;top
стилист визажист на свадьбу новокосино;11;vendors;top
визажист и парикмахер на свадьбу;11;vendors;top
текст выездной регистрации для ведущего;11;vendors;top
выездная регистрация екатеринбург;11;vendors;top
оформление выездной регистрации брака;11;vendors;top
рестораны свадьбы выездной регистрацией;11;vendors;top
выездная регистрация авто;11;vendors;top
выездная регистрация свадьбы цена;11;vendors;top
выход невесты с папой на выездной регистрации;11;vendors;top
шуточный сценарий на свадьбу;11;info;top
свадьба смешной сценарий тамада;11;vendors;top
сценарий морковкина свадьба;11;info;top
ведение свадьбы без тамады сценарий;11;vendors;top
сценарий золотой свадьбы без тамады;11;vendors;top
интересный сценарий на золотую свадьбу;11;info;top
у иринки свадьба в сентябре аккорды;11;info;top
красивые даты для свадьбы в сентябре 2026;11;info;top
стили свадьбы примеры;11;info;top
свадьба в стиле игры престолов;11;info;top
4 свадьбы свадьба в готическом стиле;11;info;top
свадьба в стиле 80 х;11;info;top
свадьба в стиле чикаго;11;info;top
свадьба без стиля;11;info;top
свадьба в стиле властелин колец;11;info;top
стиль свадьбы голливуд;11;info;top
олд мани стиль мужской на свадьбу;11;info;top
в каком стиле можно сделать свадьбу;11;info;top
стиль свадьбы урбан;11;info;top
свадьба в кавказском стиле;11;info;top
стили свадьбы осень;11;info;top
карта рассадки гостей на свадьбе;11;info;top
размер плана рассадки гостей на свадьбе;11;info;top
заказать план рассадки гостей на свадьбе;11;info;top
программа для рассадки гостей на свадьбе;11;info;top
свадебные площадки крым;10;core;top
берег желаний свадебная площадка;10;core;top
свадебные площадки истра;10;geo;top
свадебные площадки ижевск;10;core;top
свадебные площадки у воды москва;10;venue-type;top
hide площадка для свадьбы цена;10;core;top
площадка для свадьбы пушкин;10;geo;top
площадки для свадьбы волгоград;10;core;top
скайривер площадка для свадьбы;10;core;top
необычные места для свадьбы;10;rest;top
красивые места для проведения свадьбы;10;core;top
недорогие места для свадьбы;10;price;top
где отметить свадьбу в подмосковье недорого;10;price;top
где отметить свадьбу на 30 человек;10;capacity;top
где отметить камерную свадьбу в москве;10;capacity;top
банкетные залы для свадьбы 100;10;venue-type;top
банкетный зал серпухов для свадьбы;10;venue-type;top
банкетные залы пенза для свадьбы;10;venue-type;top
банкетные залы ульяновск для свадьбы;10;venue-type;top
банкетный зал для свадьбы ульяновск;10;venue-type;top
ресторан для проведения камерной свадьбы;10;venue-type;top
топ ресторанов для камерной свадьбы;10;venue-type;top
ресторан для свадьбы банкета;10;venue-type;top
стоимость ресторана для свадьбы;10;venue-type;top
рестораны для свадьбы ростов;10;venue-type;top
рестораны для свадьбы курск;10;venue-type;top
начало свадебного банкета;10;core;top
выездной свадебный банкет;10;core;top
залы для свадебных банкетов;10;core;top
кафе для свадебного банкета;10;venue-type;top
ресторан где можно провести свадьбу;10;venue-type;top
где провести камерную свадьбу в москве;10;capacity;top
провести свадьбу нижний новгород;10;core;top
свадьба в нижнем новгороде где провести;10;info;top
где провести свадьбу на природе;10;venue-type;top
кравец организация свадьбы;10;core;top
свадьба в турции организация;10;core;top
организация свадьбы дома;10;core;top
организация свадьбы для двоих коломна;10;capacity;top
организация свадьбы пункты;10;core;top
лучшие усадьбы москвы для свадьбы;10;venue-type;top
снять особняк для свадьбы;10;venue-type;top
арендовать шатер для свадьбы;10;venue-type;top
снять шатер на свадьбу в подмосковье;10;venue-type;top
коттедж для свадьбы спб;10;venue-type;top
домик в саду вднх 4 свадьбы;10;venue-type;top
сколько алкоголя нужно на свадьбу 30 человек;10;rest;top
декор камерной свадьбы;10;vendors;top
нужен ли ведущий на камерную свадьбу;10;vendors;top
камерный стиль свадьбы это;10;capacity;top
как сделать маленькую свадьбу;10;capacity;top
свадьба в рязани за городом;10;rest;top
отпраздновать свадьбу за городом;10;rest;top
базы отдыха в подмосковье для свадьбы;10;geo;top
аренда загородного дома для свадьбы;10;venue-type;top
загородные комплексы для свадьбы;10;venue-type;top
свадьба у воды недорого;10;venue-type;top
свадьба недорого спб;10;price;top
сколько стоит позвать думикяна на свадьбу;10;price;top
сколько стоит нормальная свадьба;10;price;top
сколько стоит скромная свадьба;10;price;top
сколько стоит рианна на свадьбе;10;price;top
игнатий винтуров сколько стоит на свадьбу;10;price;top
сколько стоит аренда ресторана на свадьбу;10;venue-type;top
сколько стоит дым на свадьбу для танца;10;price;top
сколько стоит декоратор на свадьбу;10;vendors;top
сколько стоит фейерверк на свадьбу;10;vendors;top
сколько стоит выступление иванушек интернешнл на свадьбе;10;price;top
сколько стоит позвать мияги на свадьбу;10;price;top
сколько стоит украсить свадьбу;10;price;top
ведущий фотограф на свадьбу;10;vendors;top
ведущий на свадьбу тверь;10;vendors;top
благодарность ведущему на свадьбе;10;vendors;top
ведущий на свадьбу михаил;10;vendors;top
ищем ведущего на свадьбу;10;vendors;top
как развлечь гостей на свадьбе без ведущего;10;vendors;top
встреча с ведущим на свадьбу;10;vendors;top
анкета для ведущего на свадьбу;10;vendors;top
вопросы ведущему на свадьбу при первой встрече;10;vendors;top
ведущий на свадьбу максим максимов;10;vendors;top
dj ведущий на свадьбу русский немецкий;10;vendors;top
ведущий на свадьбу в гагарине;10;vendors;top
ведущий на свадьбу панов роман;10;vendors;top
как называется ведущий на свадьбе;10;vendors;top
ведущий на свадьбу коломна башаратов илья фото;10;vendors;top
шоу ведущий на свадьбу;10;vendors;top
невеста на свадьбе изменяет мужу с фотографом;10;vendors;top
фотограф на свадьбу подмосковье;10;vendors;top
декор свадебного стола своими руками;10;vendors;top
свадебный декор зеленый;10;vendors;top
оформление под свадьбу;10;vendors;top
оформление свадьбы на 15 человек;10;vendors;top
бохо оформление свадеб;10;vendors;top
свадьба оформление белое;10;vendors;top
пинтерест оформление свадьбы;10;vendors;top
оформление шампанского на свадьбу;10;vendors;top
apriori married свадебное агентство отзывы;10;vendors;top
свадебное агентство навсегда;10;vendors;top
небо свадебное агентство;10;vendors;top
воздух веддинг свадебное агентство;10;vendors;top
сколько килограммов свадебный торт;10;vendors;top
пеку свадебные торты;10;vendors;top
свадебный торт бисквит;10;vendors;top
высоты свадебные торты;10;vendors;top
свадебные торты 20 кг;10;vendors;top
плоский свадебный торт;10;vendors;top
недорогой свадебный торт на заказ;10;vendors;top
свадебный торт на 15 человек;10;vendors;top
свадебный торт гипсофила;10;vendors;top
самая удивительная подача свадебного торта;10;vendors;top
торт свадебный двухъярусный купить;10;vendors;top
свадебный сет тортов;10;vendors;top
свадебный торт на озоне;10;vendors;top
свадебный торт с порциями для гостей;10;vendors;top
стол для свадебного торта на колесах;10;vendors;top
рисунки свадебный торт;10;vendors;top
как украсить свадебный торт своими руками;10;vendors;top
свадебный торт 5кг;10;vendors;top
игра свадебные торты;10;vendors;top
задувают свечи на свадебном торте;10;vendors;top
как сделать свадебный торт в домашних условиях;10;vendors;top
оригинальный свадебный торт;10;vendors;top
черные свадебные торты;10;vendors;top
свадебный стилист обучение;10;vendors;top
выездная регистрация права;10;vendors;top
выездная регистрация в зале;10;vendors;top
выездная регистрация тамбов;10;vendors;top
выездная регистрация брака рязань;10;vendors;top
как называется выездная регистрация;10;vendors;top
выездная регистрация брака в туле;10;vendors;top
выездная регистрация с сотрудником загса;10;vendors;top
план подготовки к свадьбе список;10;info;top
подготовка к свадьбе пошагово план список;10;info;top
сценарий на проведение свадьбы дома;10;info;top
украсть невесту на свадьбе сценарий;10;info;top
готовый сценарий свадьбы в узком кругу;10;info;top
сценарий серебряной свадьбы с юмором;10;info;top
сценарий зажжения семейного очага на свадьбе;10;info;top
ведение свадьбы без тамады сценарий со словами;10;vendors;top
сценарий проведения золотой свадьбы;10;info;top
сценарий свадьба для гостей;10;info;top
сценарий свадьбы 2026 для ведущего;10;vendors;top
в чем идти на свадьбу в сентябре;10;info;top
свадьба в стиле 90 х годов;10;info;top
букет на свадьбу в деревенском стиле;10;vendors;top
свадьба в стиле рус;10;info;top
свадьба в стиле россии;10;info;top
свадьба в стиле стиляги;10;info;top
свадьба а стиле средиземноморье;10;info;top
свадьба в стиле авиации;10;info;top
свадьба в черном стиле гости;10;info;top
свадьба в стиле old money;10;info;top
свадьба в стиле винтаж;10;info;top
необычные стили свадеб;10;info;top
сыграть свадьбу в стиле;10;info;top
свадьба в стиле бохо гости;10;info;top
свадебные площадки веранды;9;venue-type;top
бюджетные свадебные площадки;9;price;top
мос ру свадебные площадки;9;core;top
свадебные площадки питер;9;core;top
свадебные площадки калуга;9;core;top
загородные свадебные площадки;9;venue-type;top
топ свадебных площадок;9;rest;top
свадебные площадки 2026;9;core;top
свадебные площадки одинцово;9;geo;top
свадебные площадки уфа;9;core;top
свадебная площадка подмосковье у воды;9;venue-type;top
лермонтов площадка для свадьбы;9;core;top
площадки для свадьбы новосибирск;9;core;top
лесная сказка площадка для свадьбы;9;core;top
площадки для свадьбы казань;9;core;top
летние площадки для свадьбы;9;info;top
место для свадьбы популярное;9;core;top
самые красивые места для свадьбы в москве;9;geo;top
места для свадьбы волгоград;9;rest;top
сколько мест в лимузине для свадьбы;9;rest;top
уютное место для маленькой свадьбы в феодосии;9;capacity;top
свадьба в волгограде где отметить;9;info;top
где отметить свадьбу в одинцово;9;geo;top
где отметить свадьбу отзывы;9;info;top
где отметить свадьбу в омске;9;info;top
свадьба во владимире где отметить;9;info;top
где отмечать 1 свадьбу;9;info;top
ногинск где отметить свадьбу на природе;9;venue-type;top
где отмечали свадьбу клава кока и масленников;9;info;top
где отметить свадьбу в щелково;9;info;top
снять банкетный зал для свадьбы недорого;9;venue-type;top
банкетный зал для свадьбы 15 человек;9;venue-type;top
банкетный зал для свадьбы в солнечногорском районе;9;venue-type;top
банкетный зал для свадьбы егорьевск;9;venue-type;top
банкетные залы для свадьбы стоимость;9;venue-type;top
банкетные залы для свадьбы с отелями;9;venue-type;top
отель с банкетным залом для свадьбы;9;venue-type;top
банкетный зал для свадьбы наро фоминск;9;venue-type;top
дешевый ресторан для свадьбы;9;venue-type;top
воскресенский район ресторан для свадьбы;9;venue-type;top
дорогой ресторан для свадьбы;9;venue-type;top
рестораны чебоксары для свадьбы;9;venue-type;top
как выбрать ресторан для свадьбы;9;venue-type;top
сколько стоит аренда зала для свадьбы;9;price;top
зал для свадьбы без аренды;9;price;top
залы для свадьбы без аренды;9;price;top
свадебный банкет 20 человек;9;core;top
свадебные банкеты отзывы;9;core;top
свадебный банкет спб;9;core;top
свадебные банкеты на природе;9;venue-type;top
свадебный банкет 30 человек;9;core;top
свадебный банкет 1993;9;core;top
как провести свадьбу недорого;9;price;top
где можно провести свадьбу недорого;9;price;top
как провести второй день свадьбы весело;9;info;top
как провести мальчишник перед свадьбой;9;info;top
проводим корпоративы свадьбы;9;rest;top
как провести весело свадьбу тамаде;9;vendors;top
провести веселую свадьбу без тамады;9;vendors;top
провести свадьбу воронеж;9;core;top
организация золотой свадьбы;9;core;top
организация свадьбы ведущие;9;vendors;top
организация свадеб магнитогорск;9;core;top
организация свадьбы под ключ недорого;9;price;top
свадьба организация и проведение;9;core;top
организация свадеб обучение;9;core;top
снять лофт для свадьбы в петербурге;9;venue-type;top
свадьба в шатре нижний новгород;9;rest;top
коттедж для празднования свадьбы;9;venue-type;top
большие коттеджи для свадьбы;9;venue-type;top
коттедж на сутки для свадьбы;9;venue-type;top
свадьба в лесу после анал;9;venue-type;top
свадьба на крыше санкт петербург;9;venue-type;top
свадьба в оранжерее подмосковье;9;venue-type;top
свадьба на природе казань;9;venue-type;top
свадьба на природе аренда;9;venue-type;top
камерная свадьба в москве на 20 человек;9;capacity;top
ведущий на свадьбу 20 человек;9;vendors;top
сколько стоит сыграть свадьбу на 30 человек;9;capacity;top
камерная свадьба отзывы;9;capacity;top
залы для камерной свадьбы в москве;9;capacity;top
сколько стоит камерная свадьба;9;capacity;top
камерная свадьба в отеле;9;venue-type;top
кафе для камерной свадьбы;9;venue-type;top
свадьба мала руки;9;rest;top
маленький букет детям на свадьбу;9;vendors;top
свадьба для двоих под ключ;9;capacity;top
свадьба для двоих на море;9;capacity;top
замок для свадьбы в подмосковье;9;venue-type;top
снять дом под свадьбу в подмосковье;9;price;top
лафа загородный клуб свадьба;9;venue-type;top
украсить зал на свадьбу своими руками недорого;9;price;top
визажист на свадьбу москва на дом недорого;9;vendors;top
недорогой декор на свадьбу;9;vendors;top
свадьба недорого в москве зал;9;price;top
недорогие варианты отпраздновать свадьбу;9;price;top
цветы на свадьбу недорого;9;price;top
сыграть свадьбу в раменском недорого форум;9;price;top
таджикская свадьба под ключ;9;price;top
свадьба под ключ отзывы;9;price;top
свадьба под ключ сергиев посад;9;price;top
свадьба под ключ wed;9;price;top
свадьба роналду стоимость;9;price;top
свадьба спб стоимость;9;price;top
свадьба в архангельском стоимость;9;price;top
сколько стоит ургант на свадьбу;9;price;top
сколько стоит заказать киркорова на свадьбу;9;price;top
сколько стоит торжественная свадьба;9;price;top
сколько стоит свадьба в кусково;9;price;top
сколько стоит цветной салют на свадьбу;9;vendors;top
аркадий думикян сколько стоит пригласить на свадьбу;9;price;top
сколько стоит пригласить думикяна на свадьбу;9;price;top
сколько стоит свадьба сочи;9;price;top
сколько стоит выступление мота на свадьбе;9;price;top
сколько стоит свадьба в архангельском;9;price;top
сколько стоит свадьба в ижевске;9;price;top
сколько стоит ведущий на свадьбу в среднем;9;vendors;top
сколько стоит позвать на свадьбу иванушек;9;price;top
гурам амарян сколько стоила свадьба;9;price;top
сколько стоила свадьба амаряна;9;price;top
сколько стоила свадьба гурама амаряна;9;price;top
сколько стоит свадьба гурама амаряна;9;price;top
сколько стоит самая дорогая свадьба в мире;9;price;top
сколько стоит дима билан на свадьбу;9;price;top
сколько стоит средняя свадьба в россии;9;price;top
сколько стоит пригласить на свадьбу егора крида;9;price;top
сколько стоит музыка на свадьбу;9;vendors;top
ведущий на свадьбу раменское;9;vendors;top
сценарий на свадьбу без ведущего;9;vendors;top
ведущий на свадьбу средняя цена в москве;9;vendors;top
популярный ведущий на свадьбу;9;vendors;top
свадебный ведущий на свадьбу;9;vendors;top
что говорит ведущий на свадьбе;9;vendors;top
как найти ведущего на свадьбу;9;vendors;top
ургант ведущий на свадьбе;9;vendors;top
фотограф на свадьбу загс;9;vendors;top
отзывы фотографу на свадьбе;9;vendors;top
фотограф на свадьбу одинцово;9;vendors;top
фотографа на свадьбу свердловская область;9;vendors;top
фотограф на свадьбу зеленоград;9;vendors;top
фотограф на свадьбу на екатеринбургсентябрь;9;vendors;top
свадебный декор бу авито;9;vendors;top
прокат свадебного декора;9;vendors;top
свадебный декор и цветы;9;vendors;top
ткань для свадебного декора;9;vendors;top
свадебный декор в александрове;9;vendors;top
аренда свадебного декора стойки;9;vendors;top
оформления свадеб тренд;9;vendors;top
оформление розовой свадьбы;9;vendors;top
стиль бохо оформление свадьбы;9;vendors;top
оформление жемчужной свадьбы;9;vendors;top
оформление свадеб букетами;9;vendors;top
сколько стоит свадебный организатор;9;vendors;top
сайты свадебных агентств;9;vendors;top
свадебные агентства топ;9;vendors;top
агентство свадебный день;9;vendors;top
агентство название свадебный;9;vendors;top
свадебные торты рената агзамова;9;vendors;top
свадебный торт ренат агзамов;9;vendors;top
свадебный торт рената;9;vendors;top
ингредиенты для свадебного торта;9;vendors;top
какие свадебные торты в тренде;9;vendors;top
какие свадебные торты сейчас в тренде;9;vendors;top
свадебный торт фрукты;9;vendors;top
свадебные торты сердечком;9;vendors;top
прямоугольный свадебный торт с ягодами;9;vendors;top
свадебный торт шрек;9;vendors;top
свадебный торт со светодиодами;9;vendors;top
сколько весит свадебный торт;9;vendors;top
свадебный торт три яруса;9;vendors;top
как подается свадебный торт;9;vendors;top
начинка для свадебного торта какую выбрать;9;vendors;top
как рассчитать количество свадебного торта;9;vendors;top
как рассчитать свадебный торт на гостей;9;vendors;top
свадебный торт как рассчитать на количество гостей;9;vendors;top
красивые двухъярусные свадебные торты;9;vendors;top
литовский свадебный торт шакотис фото;9;vendors;top
музыка для выноса свадебного торта;9;vendors;top
образцы свадебных тортов;9;vendors;top
свадебный стилист на дом;9;vendors;top
регина свадебный стилист визажист;9;vendors;top
свадебный стилист цена;9;vendors;top
выездная регистрация брака в коломенском;9;vendors;top
выездная регистрация под ключ;9;vendors;top
красивые места для выездной регистрации;9;vendors;top
аренда выездной регистрации;9;vendors;top
выездная регистрация волгоград;9;vendors;top
выездная регистрация брака для участников сво;9;vendors;top
что такое выездная регистрация свадьбы;9;vendors;top
выездная регистрация на дом;9;vendors;top
таганский загс выездная регистрация;9;vendors;top
выездная регистрация анапа;9;vendors;top
башня око выездная регистрация;9;vendors;top
выездная регистрация автомобиля;9;vendors;top
выездная регистрация видео;9;vendors;top
выездная регистрация заключения брака;9;vendors;top
выездная регистрация брака фотозоны;9;vendors;top
выездная регистрация в музее;9;vendors;top
домашний сценарий проведения свадьбы;9;info;top
сценарий проведения свадьбы в домашних условиях;9;info;top
какие сценарии свадьбы;9;info;top
свадьба 90х сценарий;9;info;top
свадьба в стиле 90х сценарий;9;info;top
христианская свадьба сценарий;9;info;top
форум ин ку для ведущих сценарий свадьбы;9;vendors;top
сценарии свадьбы без тамады в кафе;9;vendors;top
сценарий свадьбы в кафе для тамады;9;vendors;top
сценарий свадьбы начинающей тамады;9;vendors;top
сценарий свадьба для небольшой компании;9;capacity;top
сценарий изумрудной свадьбы;9;info;top
сценарий свадьбы с караваем;9;info;top
сценарий свадьбы сценарием песен;9;info;top
лучшие дни для свадьбы в сентябре 2026;9;info;top
идеи призов для гостей на свадьбе;9;info;top
идеи торта для свадьбы;9;vendors;top
идея для фотосессии на жемчужную свадьбу;9;vendors;top
оригинальные идеи для свадеб;9;info;top
лучшие идеи для свадьбы;9;info;top
кэжуал стиль мужской на свадьбу;9;info;top
свадьба в стиле принцессы;9;info;top
4 свадьбы в стиле барби;9;info;top
стиль рустик на свадьбе что это означает;9;info;top
стиль одежды мужской на свадьбу;9;info;top
свадьба в эльфийском стиле;9;info;top
свадьба в стиле бригады;9;info;top
свадьба в свободном стиле;9;info;top
стиль свадьбы современная классика;9;info;top
свадьба в старом стиле;9;info;top
4 свадьбы в стиле 90 х;9;info;top
свадьба в русском стиле летом;9;info;top
стиль на свадьбу для мужчин гость лето;9;info;top
свадьба в стиле 2000 х;9;info;top
бумажный стиль свадьбы;9;info;top
4 свадьбы в стиле аниме;9;info;top
какие бывают стили свадьбы название стилей;9;info;top
стили свадеб какие бывают фото и название;9;info;top
стили свадеб фото и название;9;info;top
свадьба в народном стиле фото;9;info;top
свадьба в русском народном стиле фото;9;info;top
стили свадеб 2027;9;info;top
свадьба в стиле блэк;9;info;top
современная свадьба в русском стиле;9;info;top
свадьба в синем стиле;9;info;top
королевская свадьба свадьба в стиле урбан;9;info;top
свадьба в стиле урбан шик;9;info;top
свадьба в дачном стиле;9;info;top
оформления свадьбы в стиле бохо;9;vendors;top
свадебные площадки чехов;8;core;top
свадебные площадки тольятти;8;core;top
остров любви свадебная площадка;8;core;top
лучшие свадебные площадки москвы;8;geo;top
свадебные площадки красногорск;8;geo;top
дворянское гнездо площадка для свадьбы;8;core;top
подборка площадок для свадьбы;8;rest;top
площадки для маленьких свадеб;8;capacity;top
площадки для свадьбы ярославль;8;core;top
площадка для итальянской свадьбы в москве;8;geo;top
муза площадка для свадеб;8;core;top
нептун площадка для свадьбы;8;core;top
площадки для свадьбы 2026;8;core;top
hide москва площадка для свадьбы;8;geo;top
как выбрать площадку для свадьбы;8;info;top
русская сказка площадка для свадьбы;8;core;top
родина площадка для свадьбы;8;core;top
место для проведения свадеб в ногинске;8;core;top
место для проведения свадьбы на природе;8;venue-type;top
места для свадьбы пржмосковье;8;rest;top
волгоград места для фотосессии на свадьбу;8;vendors;top
загородные места для свадеб;8;venue-type;top
где отметить свадьбу в санкт петербурге;8;info;top
где отметить свадьбу в серпухове;8;info;top
кафе где можно отметить свадьбу;8;venue-type;top
где отмечала свадьбу ида галич;8;info;top
где отметить свадьбу в раменском;8;info;top
где отметить роспись без свадьбы в москве;8;geo;top
где отметить свадьбу форум;8;info;top
банкетные залы для свадьбы раменское;8;venue-type;top
банкетный зал для свадьбы раменское;8;venue-type;top
банкетный зал в царицыно для свадьбы;8;venue-type;top
банкетный зал для свадьбы орехово зуево;8;venue-type;top
банкетные залы дома для свадьбы;8;venue-type;top
подборка ресторанов для камерной свадьбы;8;venue-type;top
ресторан на крыше для свадьбы;8;venue-type;top
рестораны для свадьбы отзывы;8;venue-type;top
ресторан для свадьбы казань;8;venue-type;top
рестораны минска для свадьбы;8;venue-type;top
ресторан для свадьбы брянск;8;venue-type;top
ресторан для свадьбы тверь;8;venue-type;top
рестораны с верандой в москве для свадьбы;8;venue-type;top
рестораны для свадьбы ярославль;8;venue-type;top
музыка для свадебного банкета;8;vendors;top
фото свадебного банкета;8;core;top
как провести свадьбу детей;8;info;top
как называется человек который проводит свадьбу;8;info;top
провести свадьбу самостоятельно;8;core;top
провести сыну свадьбу;8;core;top
провести свадьбу за городом;8;core;top
за сколько до свадьбы проводят девичник;8;rest;top
как провести свадьбу без гостей;8;capacity;top
как интересно провести свадьбу;8;info;top
в москве три пары собак провели свадьбу;8;geo;top
как провести роспись без свадьбы красиво;8;info;top
что нужно для организации свадьбы самостоятельно;8;info;top
выездная организация свадеб;8;core;top
свадебное агентство организация свадеб;8;vendors;top
организация свадьбы камеди кравец;8;core;top
помощь в организации свадеб;8;core;top
лофт для свадьбы в москве недорого;8;venue-type;top
усадьба для свадьбы спб;8;venue-type;top
загородный коттедж для свадьбы;8;venue-type;top
банкетный коттедж для свадьбы;8;venue-type;top
коттеджи посуточно для свадьбы;8;venue-type;top
мини свадьба на теплоходе;8;venue-type;top
свадьба на теплоходе рэдиссон в москве цена;8;venue-type;top
свадьба на крыше магнитогорск;8;venue-type;top
бюджетная свадьба на природе;8;venue-type;top
камерная свадьба в нижнем новгороде на природе;8;venue-type;top
стоимость свадьбы на природе;8;venue-type;top
свадьба под ключ на природе;8;venue-type;top
свадьба на природе образы;8;venue-type;top
зал на 10 человек для свадьбы;8;capacity;top
сколько будет стоить свадьба на 30 человек;8;capacity;top
во сколько обходится свадьба на 30 человек;8;capacity;top
сколько будет стоить свадьба на 50 человек;8;capacity;top
сколько надо алкоголя на свадьбу 50 человек;8;rest;top
меню на свадьбу на 50 человек;8;capacity;top
как сделать камерную свадьбу;8;capacity;top
камерная свадьба стол;8;capacity;top
сценарий для ведущего камерной свадьбы;8;vendors;top
маленький сувенир на свадьбу;8;capacity;top
мой маленький пони свадьба каденса;8;capacity;top
свадьба жених меньше невесты;8;rest;top
рестораны отметить маленькую свадьбу;8;venue-type;top
маленькие кофе для проведения свадьбы;8;capacity;top
свадьба за городом места;8;rest;top
свадьба за городом спб;8;rest;top
загородные отели для свадьбы в подмосковье;8;venue-type;top
выплаты за золотую свадьбу в подмосковье;8;geo;top
хилтон гарден инн новая рига свадьба отзывы;8;geo;top
как сделать свадьбу недорого;8;price;top
недорогой ведущий свадьба москва;8;vendors;top
как отметить свадьбу недорого и необычно;8;price;top
аренда для свадьбы недорого;8;price;top
справить свадьбу недорого;8;price;top
недорого шатер на свадьбу подмосковье балашиха;8;venue-type;top
стоимость организатора свадьбы;8;vendors;top
свадьба на 35 человек стоимость;8;capacity;top
стоимость декора на свадьбу;8;vendors;top
приглашения на свадьбу стоимость;8;price;top
свадьба на 25 человек стоимость;8;capacity;top
что входит в стоимость свадьбы;8;price;top
видеосъемка свадьбы стоимость;8;price;top
стоимость лимузина на свадьбу;8;price;top
сколько стоит басков на свадьбу;8;price;top
сколько стоит красивая свадьба;8;price;top
сколько стоят услуги организатора свадеб;8;vendors;top
сколько стоит позвать аркадия думикяна на свадьбу;8;price;top
сколько стоит декорация свадьбы;8;vendors;top
теремок сколько стоит свадьба ижевск в теремке;8;venue-type;top
сколько стоит меладзе на свадьбу;8;price;top
сколько стоит пригласить на свадьбу эльбруса;8;price;top
эльбрус джанмирзоев сколько стоит пригласить на свадьбу;8;price;top
сколько стоит пригласить артиста на свадьбу;8;vendors;top
макка межиева сколько стоит на свадьбу;8;price;top
сколько стоит трансфер на свадьбу;8;price;top
сколько стоит заказать артиста на свадьбу;8;vendors;top
сколько стоила свадьба литвина;8;price;top
ведущий на свадьбу иван;8;vendors;top
ведущий на праздник свадьбу;8;vendors;top
нагиев ведущий на свадьбу;8;vendors;top
ведущая на свадьбу москва недорого;8;vendors;top
ведущие на свадьбе дагестан;8;vendors;top
евгений ведущий на свадьбах;8;vendors;top
как называют ведущего на свадьбе;8;vendors;top
ведущий на свадьбу петербург;8;vendors;top
ведущий на свадьбу санкт петербург;8;vendors;top
где искать ведущего на свадьбу;8;vendors;top
что делать на свадьбе без ведущего;8;vendors;top
ведущий на свадьбу казань;8;vendors;top
фотограф раменское на свадьбу;8;vendors;top
нужен ли фотограф на свадьбу;8;vendors;top
фотографа на свадьбу осенние даты екатеринбург;8;vendors;top
нужен видеограф на свадьбу;8;vendors;top
авито видеограф на свадьбу;8;vendors;top
свадебный декор картинки;8;vendors;top
торт свадебный белый декор;8;vendors;top
свадебный декор на стол купить;8;vendors;top
простой свадебный декор;8;vendors;top
свадебный декор мастер класс;8;vendors;top
декор свадебного шампанского;8;vendors;top
свадебный декор живыми цветами;8;vendors;top
комната невесты оформление на свадьбу;8;vendors;top
оформление регистрации свадьбы;8;vendors;top
оформление свадьбы воздушными шарами;8;vendors;top
оформление бутылки на свадьбу своими руками;8;vendors;top
идеи для оформления свадьбы;8;vendors;top
оформление велком зоны на свадьбе;8;vendors;top
оформление праздников свадеб;8;vendors;top
свадьба в стиле бохо фото оформление;8;vendors;top
как стать свадебным организатором;8;vendors;top
свадебные агентства онлайн;8;vendors;top
свадебное агентство ксении афанасьевой;8;vendors;top
свадебное агентство дарси отзывы;8;vendors;top
открыть свадебное агентство;8;vendors;top
свадебное агентство сочи;8;vendors;top
для двоих свадебное агентство;8;vendors;top
нужен диджей на свадьбу;8;vendors;top
свадебный торт с крем чизом;8;vendors;top
свадебный торт сколько грамм на человека;8;vendors;top
свадебный торт 3кг;8;vendors;top
кусочек свадебного торта;8;vendors;top
свадебный торт двухъярусный с ягодами;8;vendors;top
дегустационный набор тортов свадебный;8;vendors;top
вкусные начинки для свадебного торта;8;vendors;top
модные свадебные торты 2026;8;vendors;top
сколько стоит свадебный торт на 50 человек;8;vendors;top
оформление свадебного торта одноярусного фото;8;vendors;top
свадебный торт описание;8;vendors;top
минималистичный свадебный торт;8;vendors;top
столик для свадебного торта;8;vendors;top
кремовый свадебный торт;8;vendors;top
свадебный торт мытищи;8;vendors;top
свадебный торт три шоколада;8;vendors;top
торт свадебный белый прямоугольный;8;vendors;top
свадебный торт история;8;vendors;top
свадебные торты королев;8;vendors;top
свадебные торты королева тортов;8;vendors;top
свадебный торт на 3 кг фото;8;vendors;top
одноэтажный свадебный торт;8;vendors;top
муж изменяет с невесткой свадебный торт дорама;8;vendors;top
свадебный торт на 20 человек сколько;8;vendors;top
красивые свадебные торты двухъярусные фото;8;vendors;top
дегустационный сет свадебных тортов;8;vendors;top
торт свадебная тематика;8;vendors;top
курс по свадебным тортам;8;vendors;top
свадебные торты картинки фото;8;vendors;top
свадебный стилист визажист москва;8;vendors;top
флорист свадебные букеты;8;vendors;top
организация выездной регистрации брака;8;vendors;top
выездная регистрация брака воронеж;8;vendors;top
выездная регистрация за границей;8;vendors;top
арка для выездной регистрации свадьбы;8;vendors;top
выездная регистрация фуршет;8;vendors;top
речь для выездной регистрации брака;8;vendors;top
что значит выездная регистрация;8;vendors;top
выездная регистрация автомобиля в гибдд;8;vendors;top
выездная регистрация гибдд;8;vendors;top
как проводится выездная регистрация брака;8;vendors;top
выездная регистрация серпухов;8;vendors;top
выездная регистрация брака санкт петербург;8;vendors;top
выездная регистрация брака в царицыно;8;vendors;top
как делается выездная регистрация;8;vendors;top
выездная регистрация сергиев посад;8;vendors;top
выход жениха на выездной регистрации;8;vendors;top
сценарии современной веселой свадьбы;8;info;top
сценарий веселого выкупа на свадьбу;8;info;top
сценарий свадьбы веселый смешной;8;info;top
свадьба сценарий сценарий традиции;8;info;top
сценарий юбилея 55 свадьбы;8;info;top
конец свадьбы сценарий;8;info;top
сценарий свадьбы от начала до конца;8;info;top
цыгане на свадьбе сценарий;8;info;top
сценарий проведения свадьбы для тамады;8;vendors;top
мини сценарий на свадьбу;8;info;top
сценарий на второй день свадьбы без тамады;8;vendors;top
домашний сценарий свадьбы для родителей;8;info;top
купить сценарий свадьбы;8;info;top
сценарий проведения года свадьбы;8;info;top
идеи для серебряной свадьбы;8;info;top
идеи для проведения свадьбы;8;info;top
идеи для золотой свадьбы;8;info;top
как одеться на свадьбу в стиле 90;8;info;top
свадьба в стиле 50;8;info;top
образ на свадьбу в стиле 90 х;8;info;top
свадеб в звездном стиле;8;info;top
свадьба в стиле звездных войн;8;info;top
коктейльный стиль на свадьбу;8;info;top
французская свадьба стиль;8;info;top
свадьба виды стилей;8;info;top
одежда на свадьбу в русском стиле;8;info;top
свадьба в стиле фэшн;8;info;top
4 свадьбы свадьба в пляжном стиле;8;info;top
свадьба в винтажном стиле;8;info;top
свадьба в стиле розовый дым;8;info;top
свадьба в стиле форсаж;8;info;top
свадьба в стиле готов;8;info;top
4 свадьбы в тюремном стиле;8;info;top
свадебные площадки псков;7;core;top
свадебные площадки смоленск;7;core;top
свадебные площадки тула;7;core;top
свадебная площадка с бассейном;7;core;top
the sun свадебная площадка;7;core;top
долина москва свадебная площадка;7;geo;top
свадебные площадки краснодарский край;7;core;top
площадки для свадебных мероприятий;7;core;top
красивые свадебные площадки;7;core;top
площадки для свадьбы на юге подмосковья;7;geo;top
площадки для свадеб с гостевыми домами подмосковье;7;geo;top
площадка для свадьбы в юзао и ювао;7;geo;top
площадка для свадьбы в химках;7;geo;top
площадки для свадьбы во владимире;7;core;top
площадки для свадьбы саратов;7;core;top
площадки для свадьбы тамбов;7;core;top
площадки для свадьбы омск;7;core;top
бюджетные площадки для свадьбы в подмосковье;7;price;top
бор площадка для свадьбы;7;core;top
аренда площадки для свадьбы на природе;7;venue-type;top
места для свадьбы уфа;7;rest;top
места для свадеб банкет;7;core;top
места для камерной свадьбы москва;7;capacity;top
лучшие места для проведения свадьбы;7;core;top
топ мест для проведения свадьбы;7;core;top
лучшие места для свадьбы спб;7;rest;top
где в москве отметить второй день свадьбы;7;geo;top
где можно отметить свадьбу в егорьевске;7;info;top
где отметить свадьбу маленькой компанией;7;capacity;top
где отметить свадьбу в зеленограде;7;geo;top
рестораны где отмечают юбилей свадьбы;7;venue-type;top
банкетные залы чебоксары для свадьбы;7;venue-type;top
банкетный зал для свадьбы чебоксары;7;venue-type;top
коттедж с банкетным залом для свадьбы;7;venue-type;top
банкетные залы для свадьбы анапа;7;venue-type;top
банкетный зал для свадьбы анапа;7;venue-type;top
банкетные залы для свадьбы отзывы;7;venue-type;top
банкетный зал для свадьбы отзывы;7;venue-type;top
банкетные залы для свадьбы 100 человек;7;venue-type;top
банкетные залы для свадьбы фото;7;venue-type;top
банкетный зал для свадьбы фото;7;venue-type;top
рестораны серпухова для свадьбы;7;venue-type;top
ресторан для свадьбы барнаул;7;venue-type;top
рестораны в нальчике для свадеб;7;venue-type;top
ресторан для проведения свадьбы в москве бюджетный;7;venue-type;top
ресторан в люблино для свадьбы;7;venue-type;top
недорогие рестораны для камерной свадьбы;7;venue-type;top
рестораны для свадьбы липецк;7;venue-type;top
рестораны для свадьбы саратов;7;venue-type;top
ресторан для свадьбы 200 человек;7;venue-type;top
москва банкет свадебный на теплоходе стоимость;7;venue-type;top
свадебный банкет на теплоходе;7;venue-type;top
рестораны для свадебных банкетов на 25 человек;7;venue-type;top
свадебный банкет 50 человек;7;core;top
свадьба на бору нижегородская область где провести;7;info;top
где можно провести свадьбу на природе;7;venue-type;top
как провести юбилей свадьбы;7;info;top
как провести день росписи без свадьбы;7;info;top
где провести фотосессию на свадьбу;7;vendors;top
благодарность за проведенную свадьбу;7;rest;top
как провести свадьбу в узком;7;info;top
как провести свадьбу в узком кругу;7;info;top
как провести день свадьбы вдвоем;7;capacity;top
где в москве провести маленькую свадьбу недорого;7;capacity;top
провести мусульманскую свадьбу;7;core;top
провести свадьбу форум;7;core;top
как провести свадьбу подруге;7;info;top
услуги по организации свадьбы;7;core;top
организация свадеб рязань;7;core;top
организация свадьбы на природе;7;venue-type;top
организация свадьбы владимир;7;core;top
приложение для организации свадьбы;7;core;top
организация свадеб смоленск;7;core;top
при свадьбе сколько дают выходных в организации;7;core;top
камеди клаб кравец организация свадьбы;7;core;top
балашиха организация свадеб под ключ;7;price;top
лофт для свадьбы в москве 30 человек;7;venue-type;top
лофт для камерной свадьбы;7;venue-type;top
особняк для свадьбы в подмосковье;7;venue-type;top
проведение свадеб в шатре;7;core;top
коттеджи для свадьбы в подмосковье одинцово;7;venue-type;top
коттедж для свадьбы с залом;7;venue-type;top
свадьба в стиле леса;7;info;top
свадьба на природе тула;7;venue-type;top
второй день свадьбы на природе сценарий;7;venue-type;top
сценарий второго дня свадьбы на природе;7;venue-type;top
сценарий свадьбы на природе;7;venue-type;top
свадьба под шатром на природе;7;venue-type;top
банкет на природе свадьба;7;venue-type;top
маленькая свадьба на 10 человек;7;capacity;top
торт на свадьбу на 20 человек;7;vendors;top
свадьба дома меню на 20 человек;7;capacity;top
заказать автобус на свадьбу пушкино 30 человек;7;geo;top
бюджетная свадьба на 30 человек;7;capacity;top
свадьбы на 30 человек спб;7;capacity;top
расчет свадьбы на 50 человек;7;capacity;top
бюджет свадьбы на 50 человек;7;capacity;top
сколько стоит организовать свадьбу на 50 человек;7;capacity;top
локации для камерной свадьбы москва телеграм;7;capacity;top
камерная свадьба саратов;7;capacity;top
камерные свадьбы как проходят;7;capacity;top
что означает камерная свадьба;7;capacity;top
маленькие призы на свадьбу;7;capacity;top
игры на маленькую свадьбу;7;capacity;top
свадьба в твери за городом;7;rest;top
загородный дом под свадьбу;7;venue-type;top
загородный дом магнитогорск для свадеб;7;venue-type;top
истра холидей свадьба;7;geo;top
фотограф на свадьбу истра;7;vendors;top
магазины недорогой для свадьбы;7;price;top
как сыграть свадьбу недорого и красиво;7;price;top
отметить свадьбу в кафе недорого;7;venue-type;top
свадьба в москве недорого но стильно;7;price;top
сколько стоит недорогой декор на свадьбу;7;vendors;top
презент на свадьбу молодоженам недорого;7;price;top
какое недорогое шампанское взять на свадьбу;7;price;top
свадьба под ключ сочи;7;price;top
свадьба под ключ минск;7;price;top
свадьба под ключ под минском;7;price;top
организатор свадьбы под ключ;7;vendors;top
средняя стоимость ведущего на свадьбу;7;vendors;top
свадьба в турандот стоимость;7;price;top
средняя стоимость свадьбы в 2026;7;price;top
средняя стоимость свадьбы в россии 2026;7;price;top
минимальная стоимость свадьбы;7;price;top
стоимость свадьбы калькулятор;7;price;top
стоимость артистов на свадьбу;7;vendors;top
академия штиглица фотосессия свадьба стоимость;7;vendors;top
сколько стоит свадьба на 70 человек;7;capacity;top
сколько стоит пригласить звезду на свадьбу;7;price;top
сколько стоит автобус на свадьбу;7;price;top
сколько стоит свадьба самара;7;price;top
сколько стоит госпошлина на свадьбу;7;price;top
сколько стоит пригласить агутина на свадьбу;7;price;top
сколько стоит илья сатир на свадьбу;7;price;top
сколько стоит свадьба в нижнем новгороде;7;price;top
сколько стоит пригласить сосо павлиашвили на свадьбу;7;price;top
сколько стоит позвать крида на свадьбу;7;price;top
сколько стоит бармен на свадьбу;7;price;top
сколько стоит свадьба на мальдивах;7;price;top
сколько стоит свадьба на корабле в москве;7;price;top
сколько стоит выступление басты на свадьбе;7;price;top
сколько стоит простая свадьба;7;price;top
сколько стоит позвать клаву коку на свадьбу;7;price;top
сколько стоит дмитрий нагиев на свадьбу;7;price;top
патимат расулова сколько стоит на свадьбу;7;price;top
сколько стоят живые цветы на свадьбу;7;rest;top
сколько стоит свадьба в тольятти;7;price;top
сколько стоит сергей лазарев на свадьбу;7;price;top
сколько стоит светлаков на свадьбу;7;price;top
сколько стоит свадьба в тамбове;7;price;top
сколько стоит свадьба на 150 человек;7;capacity;top
сколько стоит свадьба в саратове;7;price;top
сколько стоит нормальное вино на свадьбу;7;price;top
сколько стоит заказать баста на свадьбу;7;price;top
сколько стоит аренда машины свадьбу;7;price;top
эффект золушки на свадьбе сколько стоит;7;price;top
ведущий на свадьбу сергиев посад;7;vendors;top
как написать ведущему на свадьбу;7;vendors;top
лучший ведущий на свадьбу ростов на дону;7;vendors;top
что делает ведущий на свадьбе геев;7;vendors;top
план ведущего на свадьбу;7;vendors;top
вступление на свадьбу для ведущего;7;vendors;top
ведущий на свадьбу кирилл;7;vendors;top
ведущий на свадьбу чехов;7;vendors;top
ведущий на выездную свадьбу;7;vendors;top
поющая ведущий на свадьбу;7;vendors;top
ведущий и саксофонист на свадьбу;7;vendors;top
фотограф и видеограф на свадьбу екатеринбург;7;vendors;top
фотограф на свадьбу ект;7;vendors;top
фотографы коломна на свадьбу;7;vendors;top
фотограф на свадьбу найму;7;vendors;top
фотографа не покормили на свадьбе;7;vendors;top
профи ру фотограф на свадьбу;7;vendors;top
вопросы фотографу на свадьбу;7;vendors;top
заказ фотографа на свадьбу;7;vendors;top
видеограф на свадьбу екатеринбург;7;vendors;top
видеографы коломна на свадьбу;7;vendors;top
где купить свадебный декор;7;vendors;top
свадебный декор волгоград;7;vendors;top
свадебный торт съедобный декор;7;vendors;top
искусственные цветы для декора свадебного торта белые;7;vendors;top
простой декор свадебного торта;7;vendors;top
оформление президиума молодоженов на свадьбу;7;vendors;top
оформление выездной свадьбы;7;vendors;top
оформление свадьбы красный;7;vendors;top
варианты оформления свадеб;7;vendors;top
оформление плана рассадки на свадьбу;7;vendors;top
план оформления свадьбы;7;vendors;top
план рассадки гостей на свадьбе оформление;7;vendors;top
бордовая свадьба оформление;7;vendors;top
оформление свадьбы живыми;7;vendors;top
оформление свадьбы живыми цветами;7;vendors;top
оформление зала на свадьбу цена москва;7;vendors;top
оформление президиума на свадьбу минимализм;7;vendors;top
свадебный организатор цена;7;vendors;top
тнт в свадебном агентстве;7;vendors;top
винокур про свадебное агентство;7;vendors;top
свадебное агентство мытищи;7;vendors;top
свадебное агентство калининград;7;vendors;top
свадебное агентство волгоград;7;vendors;top
кейт и лео свадебное агентство;7;vendors;top
свадебные агентства список;7;vendors;top
свадебное агентство белгород;7;vendors;top
свадебное агентство подмосковье;7;vendors;top
лучшие свадебные агентства москвы;7;vendors;top
важный день свадебное агентство;7;vendors;top
торты свадебные из шоколада;7;vendors;top
торт свадебный прямоугольный со свечами;7;vendors;top
заказать свадебный торт в фили бейкер;7;vendors;top
свадебные торты в виде корзины;7;vendors;top
свадебный авто цветы на торте картинки;7;vendors;top
свадебный торт 2 яруса на 2 5кг;7;vendors;top
купить свадебный торт железнодорожный;7;vendors;top
свадебный прямоугольный торт медовик 6 кг размеры;7;vendors;top
топпер на свадебный торт с инициалами;7;vendors;top
свадебный торт 12 кг;7;vendors;top
торт трехъярусный свадебный с цветами;7;vendors;top
свадебный торт дешево;7;vendors;top
свадебный торт с фонтаном;7;vendors;top
свадебный торт наполеон;7;vendors;top
свадебный торт бело зеленый;7;vendors;top
заказать свадебный торт прямоугольный;7;vendors;top
свадебные торты купить нижний новгород;7;vendors;top
свадебный торт в стиле 90х;7;vendors;top
что написать на свадебном торте;7;vendors;top
длинный свадебный торт размеры;7;vendors;top
красиво снять свадебный торт видео;7;vendors;top
сколько стоит свадебный торт 7 кг;7;vendors;top
торт свадебный длинный цена;7;vendors;top
свадебный торт 2026 пинтерест;7;vendors;top
свадебный торт 2000;7;vendors;top
свадебный торт 15 кг;7;vendors;top
торты сайт свадебные;7;vendors;top
как выглядит свадебный торт;7;vendors;top
свадебный торт розовый;7;vendors;top
свадебный торт щелково;7;vendors;top
свадебный торт 50 кг;7;vendors;top
свадебный торт купить раменское;7;vendors;top
стилист свадебного образа;7;vendors;top
слова для выездной регистрации;7;vendors;top
выездная регистрация брака екатеринбург;7;vendors;top
стойка для выездной регистрации;7;vendors;top
смешная выездная регистрация;7;vendors;top
выездная регистрация брака в архангельском;7;vendors;top
шипиловский загс выездная регистрация;7;vendors;top
выездная регистрация брака в ресторане;7;vendors;top
выездная регистрация саратов;7;vendors;top
что нужно для выездной регистрации;7;vendors;top
выездная регистрация брянск;7;vendors;top
выездная регистрация в горах;7;vendors;top
выездная регистрация брака ведущая;7;vendors;top
выездная регистрация в лесу;7;vendors;top
свадьба на 40 человек бюджет;7;capacity;top
фарфоровая свадьба сценарий;7;info;top
сценарий свадьбы сценки;7;info;top
сценарий простой свадьбы;7;info;top
регистрация свадьбы сценарий;7;vendors;top
сценарий небольшой свадьбы для тамады;7;vendors;top
сценарий свадьбы юбилей 30;7;info;top
сценарий свадьбы в стиле сказки;7;info;top
4 свадьбы сценарий;7;info;top
образ на свадьбу в сентябре;7;info;top
идеи для свадьбы на даче;7;info;top
идеи для свадьбы в москве;7;geo;top
идеи для свадьбы вдвоем;7;capacity;top
пинтерест идеи для свадьбы;7;info;top
идеи для бюджетной свадьбы;7;price;top
свадьба в стиле модерн;7;info;top
стиль рустик на свадьбе фото;7;info;top
приглашение на свадьбу в русском стиле;7;info;top
свадьба в гавайском стиле;7;info;top
свадьба в стиле 90 х фото;7;info;top
свадьба в античном стиле vs свадьба;7;info;top
свадьба в стиле бохо что надеть гостю;7;info;top
свадьба в стиле фэнтези;7;info;top
аля бридж свадьба в стиле дошик;7;info;top
свадьба в русском стиле локации;7;info;top
свадьба в деревенском стиле летом;7;info;top
свадьба в английском стиле;7;info;top
свадьба в бордовом стиле;7;info;top
4 свадьбы в стиле мафии;7;info;top
свадьба в стиле великолепный век;7;info;top
свадьба в традиционном стиле;7;info;top
свадьба в сельском стиле;7;info;top
стиль свадьбы какие бывают тематические свадьбы;7;info;top
свадьба в стиле шрека;7;info;top
свадьба стиль 80х;7;info;top
4 свадьбы свадьба в стиле морской;7;info;top
свадьба в стиле минимализма vs гангстерская свадьба;7;info;top
свадьба в стиле минимализма гангстерская свадьба;7;info;top
4 свадьбы свадьба в стиле царская охота;7;info;top
свадьба в морском стиле молодежная свадьба;7;info;top
свадьба в голубом стиле;7;info;top
свадьба в стиле стендап;7;info;top
свадьба в стиле киберпанк;7;info;top
свадьба в ассирийском стиле;7;info;top
мужской стиль на свадьбу гостю;7;info;top
свадьба в итальянском стиле в москве;7;geo;top
свадьба в стиле 2000 х годов;7;info;top
стиль свадьбы шебби шик;7;info;top
доска для рассадки гостей на свадьбу;7;info;top
как оформить рассадку гостей на свадьбе;7;info;top
подставка под рассадку гостей на свадьбу;7;info;top
как называется рассадка гостей на свадьбе;7;info;top
фон для плана рассадки гостей на свадьбе;7;info;top
план рассадки гостей на свадьбе пример;7;info;top
свадебная площадка ступино;6;core;top
свадебные площадки ростов на дону;6;core;top
дьюти лав свадебная площадка;6;core;top
свадебные площадки анапа;6;core;top
свадебные площадки у воды москва и подмосковье;6;venue-type;top
свадебные площадки омск;6;core;top
самые популярные свадебные площадки в москве;6;geo;top
свадебная площадка грин хаус москва;6;geo;top
свадебные площадки в итальянском стиле москва;6;geo;top
свадебные площадки сыктывкар;6;core;top
свадебная площадка ранчо д давыдково 4а отзывы;6;core;top
свадебные площадки пятигорск;6;core;top
свадебные площадки нижний;6;core;top
свадебные площадки нижний новгород;6;core;top
свадебные площадки рязань;6;core;top
свадебные площадки тульская область;6;core;top
свадебная площадка санкт петербург;6;core;top
площадка для свадьбы загородом;6;core;top
площадки для свадьбы калуга;6;core;top
площадки для свадеб в подмосковье фото;6;geo;top
молоково площадка для свадьбы;6;core;top
открытые площадки для свадьбы город краснодар;6;core;top
площадка для свадьбы нн;6;core;top
площадки для свадьбы крестовский остров санкт петербург;6;core;top
площадки открытые для свадьбы краснодар;6;core;top
площадка для свадьбы симферополь;6;core;top
площадки для свадьбы брянск;6;core;top
площадка для свадьбы около москва сити;6;geo;top
площадки для свадьбы калужская область;6;core;top
площадки для свадьбы в рязанской области;6;core;top
хайт площадка для свадьбы;6;core;top
зеленоград круглое озеро площадка для свадьбы;6;geo;top
площадка для свадьбы киров;6;core;top
подбор площадки для свадьбы;6;core;top
места для проведения свадьбы таганрог;6;core;top
место для свадьбы санкт петербург;6;core;top
топ мест для свадьбы в йошкар оле;6;rest;top
где отметить свадьбу в туле;6;info;top
где отметить зимнюю свадьбу;6;info;top
рестораны где можно отметить свадьбу маленькой компанией;6;venue-type;top
места где можно отметить свадьбу;6;info;top
где отметить свадьбу в питере;6;info;top
банкетный зал для свадьбы подмосковье недорого;6;venue-type;top
банкетные залы для свадьбы с едой;6;venue-type;top
банкетные залы для свадьбы 40 человек;6;venue-type;top
банкетный зал для свадьбы 40 человек;6;venue-type;top
банкетные залы для свадеб рязань;6;venue-type;top
банкетный зал рязань для свадьбы;6;venue-type;top
банкетный зал орел для свадьбы;6;venue-type;top
банкетный зал для свадьбы тула;6;venue-type;top
арендовать ресторан для свадьбы;6;venue-type;top
ресторан для свадьбы тамбов;6;venue-type;top
рестораны г королев для свадеб;6;venue-type;top
рестораны в москве для юбилея свадьбы;6;venue-type;top
самые лучшие рестораны для свадьбы;6;venue-type;top
ресторан в пушкине для свадьбы;6;venue-type;top
форум рестораны для свадьбы в нижнем новгороде;6;venue-type;top
армавир рестораны для свадьбы;6;venue-type;top
ресторан стерлитамак для свадьбы;6;venue-type;top
рестораны для свадьбы город армавир;6;venue-type;top
рестораны для свадьбы на таганке;6;venue-type;top
рестораны для свадьбы екатеринбург;6;venue-type;top
ресторан для свадьбы без аренды;6;venue-type;top
рестораны и залы для свадьбы;6;venue-type;top
организация свадебного банкета;6;core;top
новороссийск геленджик свадебный банкет рестораны;6;venue-type;top
заведения для свадебного банкета дешевого;6;price;top
кафе для свадебного банкета недорого;6;venue-type;top
где провести свадьбу в архангельске;6;info;top
дешево провести свадьбу;6;price;top
провести свадьба сценарий тамада;6;vendors;top
провести свадьбу без тамады сценарий;6;vendors;top
кто проводит свадьбу как называется;6;info;top
провести свадьбу в петербурге;6;core;top
провести свадьбу в санкт петербурге;6;core;top
провести свадьбу в иркутске;6;core;top
как провести церемонию с караваем на свадьбе;6;info;top
отзывы о проведенных свадьбах;6;rest;top
киркоров провел свадьбу коки и масленникова;6;rest;top
киркоров провел свадьбу масленникова;6;rest;top
как провести свадьбу в 2026;6;info;top
как сейчас проводят свадьбы 2026;6;info;top
сайт для организации свадьбы;6;core;top
организация свадьбы самостоятельно план;6;core;top
что нужно для организации свадьбы самостоятельно план;6;info;top
организация свадьбы ростов;6;core;top
организация свадеб дни рождения;6;core;top
организация свадьбы пушкино;6;geo;top
организация свадеб урюпинск;6;core;top
организация девичника перед свадьбой;6;core;top
брюле организация свадеб;6;core;top
что нужно учесть при организации свадьбы;6;info;top
зал для свадьбы лофт;6;venue-type;top
залы для свадеб лофт;6;venue-type;top
свадебные торты в ресторанах;6;vendors;assoc+top
шатер чебоксары для свадьбы;6;venue-type;top
выездной шатер для свадьбы;6;venue-type;top
шатер на природе для свадьбы;6;venue-type;top
отметить свадьбу в шатре в домодедово;6;core;top
свадьба на природе в шатре;6;venue-type;top
снять коттедж на сутки для свадьбы;6;venue-type;top
коттедж для свадьбы новосибирск;6;venue-type;top
коттедж для свадьбы самара;6;venue-type;top
аренда теплохода в спб на свадьбу;6;venue-type;top
свадьба в лесу спб;6;venue-type;top
свадьба в ресторане гранатовый сад 1;6;venue-type;top
свадьба летом на природе;6;venue-type;top
сделать свадьбу на природе;6;venue-type;top
свадьба на природе идеи;6;venue-type;top
свадьба на природе московская область;6;venue-type;top
свадьба на 20 человек кафе;6;venue-type;top
свадьба на 15 20 человек;6;rest;top
отметить свадьбу на 20 человек;6;capacity;top
стол на свадьбу на 30 человек;6;capacity;top
сколько стоит сыграть свадьбу на 50 человек;6;capacity;top
алкоголь на свадьбу расчет на 50 человек;6;capacity;top
банкет на свадьбу 50 человек;6;core;top
сколько стоит банкет на свадьбу 50 человек;6;price;top
стоимость свадьбы на 100 человек;6;capacity;top
сколько обойдется свадьба на 100 человек;6;capacity;top
камерная свадьба цена;6;capacity;top
камерная свадьба на 25 человек;6;capacity;top
камерный вид свадьбы;6;capacity;top
камерный ужин на свадьбу;6;capacity;top
сабрина маленькая ведьма свадьба;6;capacity;top
маленькая девочка танцует на свадьбе;6;capacity;top
сценарий свадьбы с маленьким бюджетом;6;capacity;top
маленькие презенты на свадьбу;6;capacity;top
маленькая семейная свадьба;6;capacity;top
свадьба на маленькое количество гостей;6;capacity;top
бюджетная свадьба на море для двоих;6;capacity;top
свадьба для двоих идеи без гостей коломна;6;capacity;top
как организовать свадьбу для двоих;6;capacity;top
свадьба стоимость за городом;6;price;top
загородные дома для свадьбы в подмосковье;6;venue-type;top
снять дом для свадьбы в подмосковье недорого;6;venue-type;top
загородные дома для проведения свадьбы;6;venue-type;top
свадьба в загородном доме как организовать;6;venue-type;top
загородные домики для свадьбы;6;venue-type;top
кейтеринг на свадьбу недорого;6;price;top
недорого мышоать свадьбу;6;price;top
вино на свадьбу какое купить недорогое;6;price;top
какое вино купить на свадьбу гостям недорого;6;price;top
где можно сыграть свадьбу недорого;6;price;top
тамада на свадьбу недорого цена;6;vendors;top
банкеты под свадьбу под ключ;6;price;top
свадьба под ключ тверь;6;price;top
декор свадьбы под ключ;6;vendors;top
что значит свадьба под ключ;6;price;top
банкетный зал под ключ свадьба;6;venue-type;top
съемка свадьбы стоимость;6;price;top
стоимость декоратора на свадьбу;6;vendors;top
услуги декоратора на свадьбу стоимость;6;vendors;top
свадьба в суздале стоимость;6;price;top
свадьба стоимость кафе;6;venue-type;top
свадьба на 70 человек стоимость;6;capacity;top
свадьба клавы коки и димы масленникова стоимость;6;price;top
свадьба в абрау дюрсо стоимость;6;price;top
свадьба в артиленд балашиха стоимость;6;price;top
стоимость видеографа на свадьбу;6;vendors;top
свадьба гуцериева стоимость;6;price;top
сколько стоила самая дорогая свадьба в мире;6;price;top
сколько стоит выступление the hatters на свадьбе;6;price;top
сколько стоит свет на свадьбу;6;price;top
сколько стоит позвать акмаля на свадьбу;6;price;top
сколько стоит свадьба на 200 человек;6;capacity;top
сколько стоит свадьба в туле;6;price;top
сколько стоила свадьба моргенштерна;6;price;top
сколько стоит выступление агутина на свадьбе;6;price;top
сколько стоит банкетный зал на свадьбу;6;venue-type;top
сколько стоит заказать ваню дмитриенко на свадьбу;6;price;top
сколько стоит роскошная свадьба;6;price;top
сколько стоит сделать свадьбу в 2026;6;price;top
сколько стоит кортеж на свадьбу;6;price;top
сосо павлиашвили сколько стоит заказать на свадьбу;6;price;top
сколько стоит нагиев ведущим на свадьбу;6;vendors;top
сколько стоит аренда лимузина на свадьбу;6;price;top
сколько стоит выступление акмаля на свадьбе;6;price;top
сколько стоит чумаков на свадьбу;6;price;top
сколько стоит бурунов на свадьбу;6;price;top
сколько стоит пиротехника на свадьбу;6;price;top
сколько стоит выступление киркорова на свадьбе;6;price;top
сколько стоит снять кафе на свадьбу;6;venue-type;top
сколько стоит свадьба на озере комо;6;price;top
макка межиева сколько стоит выступление на свадьбе;6;price;top
сколько стоит пригласить лепса на свадьбу;6;price;top
сколько стоит пригласить мияги на свадьбу;6;price;top
сколько стоит аренда кафе на свадьбу;6;venue-type;top
сколько стоит ведущий сатир на свадьбу;6;vendors;top
сколько стоит дзыбов на свадьбу;6;price;top
сколько стоит сделать приглашение на свадьбу;6;price;top
сколько стоит позвать егора крида на свадьбу;6;price;top
торжественная свадьба в загсе сколько стоит;6;price;top
сколько стоит свадьба на 15 человек;6;capacity;top
сколько стоит свадьба на 300 человек;6;capacity;top
ведущий на свадьбу электросталь;6;vendors;top
ведущий на свадьбу солнечногорск;6;vendors;top
как представить гостей на свадьбе для ведущего;6;vendors;top
как стать ведущим на свадьбах;6;vendors;top
ведущий на свадьбу на 15 человек;6;vendors;top
ведущий на свадьбу денис;6;vendors;top
ведущий на свадьбу денисов;6;vendors;top
ведущий на свадьбе авито рязань;6;vendors;top
диджей на свадьбе что делает без ведущего;6;vendors;top
ведущий на свадьбу во владимире;6;vendors;top
ведущий на свадьбу саранск;6;vendors;top
фотограф на свадьбу турандот;6;vendors;top
найти фотографа на свадьбу цена екатеринбург;6;vendors;top
фотограф на свадьбу нанять;6;vendors;top
девушка фотограф на свадьбе;6;vendors;top
как выбрать фотографа на свадьбу;6;vendors;top
петербург фотографы на свадьбу;6;vendors;top
фотограф на свадьбу санкт;6;vendors;top
фотограф на свадьбу санкт петербург;6;vendors;top
нужен ли видеограф на свадьбу;6;vendors;top
свадебные идеи декора;6;vendors;top
варианты свадебного декора;6;vendors;top
пинтерест свадебный декор;6;vendors;top
что такое модульные системы в свадебном декоре;6;vendors;top
свадебный декор кострома;6;vendors;top
свадебный декор воронеж;6;vendors;top
свадебный декор минимализм;6;vendors;top
декор свадебных бокалов;6;vendors;top
оформление денег на свадьбу;6;vendors;top
оформление свадьбы своими руками идеи;6;vendors;top
оформление торта на год свадьбы;6;vendors;top
оформление свадеб саранск;6;vendors;top
оформление приглашения на свадьбу;6;vendors;top
оформление выездной регистрации на свадьбу;6;vendors;top
оформление свадьбы 90;6;vendors;top
оригинальные оформление свадьбы;6;vendors;top
оформление свадьбы образец;6;vendors;top
оформление арки на свадьбу своими руками;6;vendors;top
оформление столов на свадьбу для гостей;6;vendors;top
свадьба в бордовом цвете оформление;6;vendors;top
свадебный организатор профессия;6;vendors;top
сколько зарабатывает свадебный организатор;6;vendors;top
организатор свадебных мероприятий;6;vendors;top
компанич ezwed свадебное агентство отзывы;6;vendors;top
свадебное агентство еееvent;6;vendors;top
ксения миронова свадебное агентство;6;vendors;top
свадебное агентство моя невеста;6;vendors;top
kate leo свадебное агентство;6;vendors;top
агентство мероприятия свадебные;6;vendors;top
кавер группа на свадьбу где есть мужчина;6;vendors;top
диджей на свадьбу цена москва;6;vendors;top
итальянский свадебный торт с ягодами рецепт;6;vendors;top
двухъярусный свадебный торт цена;6;vendors;top
свадебные фигурки на торт бабушка и дедушка;6;vendors;top
свадебный торт купить цены двухъярусный;6;vendors;top
тумба для свадебного торта;6;vendors;top
свадебный торт готовый купить в москве;6;vendors;top
свадебный торт с ягодами одноярусный широкий;6;vendors;top
свадебный торт с лебедями одноярусный;6;vendors;top
как продать свадебный торт;6;vendors;top
сон свадебный торт;6;vendors;top
свадебный торт кострома;6;vendors;top
какие бывают свадебные торты;6;vendors;top
свадебный торт в стиле американского пирога;6;vendors;top
как оформить свадебный торт;6;vendors;top
прямоугольный свадебный торт с бумагой;6;vendors;top
свадебные торты белого цвета;6;vendors;top
крем чиз для свадебного торта рецепт;6;vendors;top
печем торты свадебные;6;vendors;top
свадебные торты орел;6;vendors;top
свадебный торт бело черный;6;vendors;top
свадебный торт уфа;6;vendors;top
торт прямоугольник свадебный;6;vendors;top
свадебный торт велюр;6;vendors;top
дизайн свадебного торта 2026;6;vendors;top
самые популярные свадебные торты;6;vendors;top
торты мира свадебные;6;vendors;top
сборка прямоугольного свадебного торта;6;vendors;top
торт свадебный прямоугольной формы;6;vendors;top
торт с каллами свадебный;6;vendors;top
свадебный торт с клубникой;6;vendors;top
не велл свадебный торт;6;vendors;top
нож и лопатка для свадебного торта именнык;6;vendors;top
свадебный торт белый красный;6;vendors;top
магазины свадебных тортов;6;vendors;top
свадебный торт разрезают;6;vendors;top
свадебный торт 2026 тренды одноярусный;6;vendors;top
свадебные торты с золотом;6;vendors;top
средняя цена свадебного торта;6;vendors;top
вес свадебного торта на 30 человек;6;vendors;top
свадебный торт 2027;6;vendors;top
свадебный торт на 20 человек сколько кг;6;vendors;top
свадебный торт саратов;6;vendors;top
свадебные торты минимализм одноярусный;6;vendors;top
как собрать поэтапно двухъярусный свадебный торт видео;6;vendors;top
свадебный стилист москва с выездом на дом;6;vendors;top
стилист визажист на свадьбу железнодорожный;6;vendors;top
парикмахер визажист на свадьбу на дом;6;vendors;top
места для выездной регистрации мос обл;6;vendors;top
выездная регистрация брака подольск;6;vendors;top
как проходит выездная регистрация брака официально;6;vendors;top
выездная регистрация иваново;6;vendors;top
парк коломенское выездная регистрация;6;vendors;top
выездная регистрация ростов;6;vendors;top
выездная регистрация ростов на дону;6;vendors;top
тверская площадь выездная регистрация адрес;6;vendors;top
что значит выездная регистрация брака;6;vendors;top
выездная регистрация брака в сочи;6;vendors;top
как понять выездная регистрация;6;vendors;top
выездная регистрация калуга;6;vendors;top
тайминг свадебного дня с загсом;6;info;top
как вести свадьбу тамада сценарий;6;vendors;top
сценарий бабы яги на свадьбу;6;info;top
проведение золотой свадьбы сценарий в домашних;6;info;top
проведение золотой свадьбы сценарий в домашних условиях;6;info;top
сценарии юбилеев свадеб для тамады;6;vendors;top
свадьба в деревенском стиле сценарий;6;info;top
сценарий для свадьбы с треками;6;info;top
начало свадьбы сценарий для тамады;6;vendors;top
сценарий ч днем свадьбы;6;info;top
свадьба дома сценарий готовый;6;info;top
сценарий свадьбы 5;6;info;top
свадьба сценарий новое;6;info;top
сценарий проведения второго дня свадьбы;6;info;top
сценарий который разнесет свадьбу;6;info;top
написать сценарий свадьбы;6;info;top
семейный очаг на свадьбе сценарий со словами;6;info;top
сценарий серебряной свадьбы без тамады;6;vendors;top
сценарий золотой свадьбы в кафе;6;venue-type;top
сценарий золотой свадьбы для родителей в кафе;6;venue-type;top
сценарий 2 дня свадьбы новенькое;6;info;top
сценарии для небольшой свадьбы без тамады;6;vendors;top
сценарии свадьбы без тамады для небольшой компании;6;vendors;top
у ирины свадьба в сентябре;6;info;top
лунный календарь для свадеб в сентябре 2026;6;info;top
свадьба в сентябре что значит;6;info;top
лучшие месяца для свадьбы в 2026;6;info;top
идеи для бумажной свадьбы;6;info;top
4 свадьбы свадьба в стиле киносъемки;6;info;top
свадьба в пожарном стиле;6;info;top
свадьба в стиле 18;6;info;top
аля бридж 4 свадьбы в стиле;6;info;top
аля бридж 4 свадьбы в стиле дошик;6;info;top
свадьба в стиле античности;6;info;top
итальянская свадьба стиль 90;6;info;top
свадьба в бело черном стиле гости;6;info;top
4 свадьбы в кукольном стиле;6;info;top
свадьба в стиле средневековья;6;info;top
свадьба в стиле адидас;6;info;top
свадьба в стиле гэтсби фото;6;info;top
свадьба в корейском стиле;6;info;top
2 день свадьбы в стиле;6;info;top
свадьба в стиле король и шут;6;info;top
свадьба в стиле джаз;6;info;top
свадьба в стиле зож;6;info;top
одежда в стиле 90 на свадьбу;6;info;top
как одеться на свадьбу в русском стиле;6;info;top
свадьба в деревенском стиле фото;6;info;top
свадьба в зимнем стиле;6;info;top
свадьба в стиле маскарад;6;info;top
свадьба в скандинавском стиле;6;info;top
свадьба в стиле 80 90;6;info;top
4 свадьбы в стиле рок;6;info;top
второй день свадьбы в русском стиле;6;info;top
4 свадьбы свадьба в стиле минимализм;6;info;top
юбилей свадьбы в русском стиле;6;info;top
план рассадки гостей на свадьбе фото;6;info;top
свадебные площадки ярославль на зиму;5;info;top
свадебные площадки калининград;5;core;top
свадебные площадки пермь;5;core;top
хорошие свадебные площадки у орехово зуево;5;core;top
свадебная площадка москва в митино;5;geo;top
светлица свадебная площадка отзывы;5;core;top
площадки для свадьбы иваново;5;core;top
площадки для свадьбы кострома;5;core;top
площадки для свадьбы рязань;5;core;top
площадки для свадьбы тольятти;5;core;top
площадки для свадьбы пермь;5;core;top
площадки для свадьбы в подмосковье с проживанием;5;geo;top
площадки для свадьбы орел;5;core;top
площадки для свадьбы тюмень;5;core;top
комплект шариков для свадьбы на торговых площадках;5;core;top
площадка для свадьбы в русском стиле;5;info;top
место для свадьбы красноярск;5;core;top
место для свадьбы в лесу;5;venue-type;top
места для свадеб пенза;5;rest;top
речь для продажи места на свадьбе;5;rest;top
бюджетные места для свадьбы;5;price;top
интересные места для свадьбы;5;rest;top
красивое место для свадьбы фото;5;core;top
где отметить серебряную свадьбу в москве;5;geo;top
где отметить свадьбу в нижнем новгороде;5;info;top
свадьба в балашихе где отметить;5;info;top
где можно отметить день свадьбы;5;info;top
где отметить свадьбу в калуге;5;info;top
где можно отметить свадьбу в волгограде;5;info;top
красивые банкетные залы для свадьбы;5;venue-type;top
красивый банкетный зал для свадьбы;5;venue-type;top
банкетный зал для свадьбы сершиев посад;5;venue-type;top
банкетные залы в твери для свадьбы;5;venue-type;top
банкетные залы для свадьбы челябинск;5;venue-type;top
банкетный зал для свадьбы челябинск;5;venue-type;top
рестораны для свадьбы 2026;5;venue-type;top
ресторан для свадьбы на природе москва;5;venue-type;top
ресторан для свадьбы сочи;5;venue-type;top
ресторан для свадьбы краснодар;5;venue-type;top
самый дорогой ресторан для свадьбы;5;venue-type;top
кафе ресторан для проведения свадьбы;5;venue-type;top
рестораны для свадьбы около парка патриот;5;venue-type;top
рестораны для свадьбы самара;5;venue-type;top
ресторан для свадьбы смоленск;5;venue-type;top
рестораны кафе для свадьбы видное;5;venue-type;top
ресторан дар точикистон для свадьбы;5;venue-type;top
ресторан с площадью на территории для свадьбы;5;venue-type;top
ресторан в парке для свадьбы;5;venue-type;top
ресторан с гостиницей для свадьбы;5;venue-type;top
рестораны тбилиси для свадьбы;5;venue-type;top
рестораны в черноголовке для проведения свадеб;5;venue-type;top
где в москве недорого провести свадебный банкет;5;price;top
свадебный банкет в химках;5;geo;top
провести свадьбу в питере;5;core;top
сколько стоит провести свадьбу в 2026;5;price;top
как провести 2 день свадьбы;5;info;top
провести свадьбу цена;5;core;top
сколько дней проводят свадьбы;5;rest;top
где проводят бюджетную свадьбу;5;price;top
как провести маленькую свадьбу;5;capacity;top
как провести девишник перед свадьбой;5;info;top
ургант провел свадьбу;5;rest;top
кафе где проводят свадьбы;5;venue-type;top
как проводят свадьбы в россии;5;info;top
горетово проводят свадьбу снимают;5;rest;top
как провести свадьбу без ведущего самим;5;vendors;top
лиски воронежская диджей алекс проводит свадьбы;5;vendors;top
проводят свадьбу по молодежному в москве;5;geo;top
как провести свадьбу без банкета;5;info;top
провести свадьбу тула;5;core;top
провести свадьбу на 40 человек;5;capacity;top
провести свадьбу молодым;5;core;top
патент организация свадеб;5;core;top
компанию по организации свадьбы;5;core;top
организация свадеб нижний новгород;5;core;top
организация свадьбы нижний;5;core;top
пошаговая организация свадьбы;5;core;top
план организации свадьбы по пунктам;5;info;top
организация свадьбы своими руками;5;core;top
организация свадьбы под ключ цена;5;price;top
услуги организации свадеб цена;5;core;top
организация свадьбы в махачкале недорого;5;price;top
организация свадьбы в русском стиле;5;info;top
ирина корнева организация свадьбы;5;core;top
организация свадьбы ульяновск;5;core;top
французская комедия про организацию свадьбы;5;core;top
лофт для свадьбы спб;5;venue-type;top
снять шатер для свадьбы цены;5;venue-type;top
банкетный шатер для свадьбы;5;venue-type;top
шатры для свадьбы в волоколамском районе;5;rest;top
снять веранду для свадьбы;5;venue-type;top
веранды для свадьбы москва и московская область;5;venue-type;top
отметить свадьбу на теплоходе;5;venue-type;top
свадьба на теплоходе vs казахская свадьба;5;venue-type;top
свадьба на теплоходе казахская свадьба;5;venue-type;top
свадьба в лесу видео;5;venue-type;top
купольные беседки для свадьбы млсква на крыше;5;venue-type;top
свадьба на природе у воды;5;venue-type;top
выездная свадьба на природе стоимость;5;venue-type;top
коломна свадьба на природе;5;venue-type;top
свадьба с выездной регистрацией на природе;5;vendors;top
свадьба на природе в минводах;5;venue-type;top
стол на свадьбу на природе;5;venue-type;top
свадьба на природе меню;5;venue-type;top
бюджет свадьбы на 20 человек;5;capacity;top
сколько обходится свадьба на 20 человек;5;capacity;top
банкет на свадьбу 30 человек;5;core;top
сценарий свадьбы на 30 человек;5;capacity;top
свадьба на 50 человек спб;5;capacity;top
сколько примерно стоит свадьба на 50 человек;5;capacity;top
камерная свадьба видное;5;capacity;top
камерная свадьба за городом;5;capacity;top
программа камерной свадьбы;5;capacity;top
сценарий камерной свадьбы без ведущего;5;vendors;top
камерная свадьба ростов;5;capacity;top
варианты камерной свадьбы;5;capacity;top
свадьба в подмосковье красивые места недорого;5;price;top
свадьбы зимой в подмосковье места;5;geo;top
загородные локации для свадьбы;5;venue-type;top
загородные отели в ногинске для проведения свадеб;5;venue-type;top
александр и анастасия свадьба фото истра;5;geo;top
заказать каравай на свадьбу с доставкой истра;5;geo;top
аренда чехлов на стулья для свадьбы недорого;5;price;top
как сделать свадьбу недорого но красиво;5;price;top
конверты для денег на свадьбу купить недорого;5;price;top
свадьба под ключ екатеринбург;5;venue-type;top
свадьба под ключ в усадьбе;5;venue-type;top
йошкар ола свадьба под ключ;5;price;top
свадьба под ключ брянск;5;price;top
свадьба в питере под ключ;5;price;top
свадьба под ключ королев;5;price;top
свадьба под ключ белгород;5;price;top
свадьба под ключ петербург;5;price;top
свадьба под ключ санкт петербург;5;price;top
рассчитать стоимость свадьбы онлайн;5;price;top
рилсмейкер на свадьбу стоимость;5;price;top
стоимость алкоголя на свадьбу;5;price;top
выстрел красками на церемонии свадьбы стоимость;5;price;top
средняя стоимость фотографа на свадьбу;5;vendors;top
завидное стоимость свадьбы;5;price;top
расчет стоимости свадьбы;5;rest;top
торт прямоугольный на свадьбу 5 кг стоимость;5;vendors;top
balzi rossi стоимость свадьбы;5;price;top
пригласительные на свадьбу стоимость;5;price;top
свадьба воронеж стоимость;5;price;top
сколько стоит пошлина на свадьбу;5;price;top
петербург сколько стоит свадьба;5;price;top
сколько стоит свадьба в санкт петербурге;5;price;top
альфина азгамова сколько стоит пригласить на свадьбу;5;price;top
сколько стоит асти на свадьбу;5;price;top
сколько стоит свадьба зубарева;5;price;top
сколько стоит пригласить басту на свадьбу;5;price;top
свадьба 2026 сколько в среднем стоит;5;rest;top
сколько сейчас стоит меню для свадьбы рязань;5;rest;top
сколько стоит свадьба в америке;5;price;top
сколько стоит свадьба в беларуси;5;price;top
сколько стоит позвать билана на свадьбу;5;price;top
сколько стоит пригласить певца на свадьбу;5;price;top
filly лошадки свадьба сколько стоит вся коллекция;5;price;top
сколько будет стоить заказать фаершоу на свадьбу;5;vendors;top
сколько стоит живая музыка на свадьбу;5;vendors;top
сколько стоит монтаж свадьбы;5;price;top
сколько стоит аренда зала на свадьбу;5;price;top
сколько стоит организовать свадьбу в москве;5;price;top
сколько стоит свадьба в рязани;5;price;top
сколько должна стоить свадьба;5;rest;top
заказать ведущего на свадьбу дмитров;5;vendors;top
александр касаткин ведущий на свадьбу;5;vendors;top
каравай на свадьбе слова ведущего;5;vendors;top
слова благодарности ведущему на свадьбе;5;vendors;top
выбор ведущего на свадьбу;5;vendors;top
топ ведущих на свадьбу москва;5;vendors;top
ведущий на свадьбу красногорск;5;vendors;top
ведущий на свадьбу липецк;5;vendors;top
ведущий на свадьбу кострома;5;vendors;top
ведущие на свадьбу серпухов;5;vendors;top
ведущий на свадьбу мытищи;5;vendors;top
сколько зарабатывает ведущий на свадьбе;5;vendors;top
ведущий тамада на свадьбу город чебоксары;5;vendors;top
ведущий на второй день свадьбы;5;vendors;top
где найти ведущего на свадьбу;5;vendors;top
что обсудить с ведущим на свадьбу;5;vendors;top
ведущий на свадьбу дмитрий усков пенза;5;vendors;top
фотограф на свадьбе трахнулась с гостем;5;vendors;top
фотограф на свадьбу электросталь;5;vendors;top
заказать видеографа на свадьбу;5;vendors;top
декор свадебных букетов;5;vendors;top
декор свадебной бутылки шампанского;5;vendors;top
саранск свадебный декор;5;vendors;top
свадебная атрибутика для декора картинка;5;vendors;top
декор на свадебные столы фото;5;vendors;top
свадебный декор заказать;5;vendors;top
свадебный декор для президиум молодоженам;5;vendors;top
оформление пригласительных на свадьбу онлайн;5;vendors;top
оформление стола жениха и невесты на свадьбу;5;vendors;top
оформление стола на свадьбу жениха;5;vendors;top
оформление свадьбы своими руками фото;5;vendors;top
шарики на свадьбу оформление;5;vendors;top
стол молодых на свадьбе оформление;5;vendors;top
оформление свадьбы изумрудная;5;vendors;top
капкейки на свадьбу оформление;5;vendors;top
оформление фотозоны на свадьбу своими руками;5;vendors;top
свадебное оформление свадеб;5;vendors;top
оформление ресторана на свадьбу;5;vendors;top
оформление банкетного зала на свадьбу своими руками;5;vendors;top
оформление веранд на праздник свадьба;5;vendors;top
красивое оформление комнаты и двор для свадьбы;5;vendors;top
оформление круглого стола на свадьбу;5;vendors;top
цвета свадьбы оформление зала;5;vendors;top
свадебный организатор услуга;5;vendors;top
свадебный организатор стоимость;5;vendors;top
свадебный организатор ип мария елкина;5;vendors;top
свадебное агентство цены;5;vendors;top
soulmates свадебное агентство;5;vendors;top
familink свадебное агентство отзывы;5;vendors;top
свадебное агентство коломна;5;vendors;top
свадебное агентство казань;5;vendors;top
диджей музыки на свадьбу;5;vendors;top
простой дизайн свадебного торта;5;vendors;top
свадебный торт 7 кг цена;5;vendors;top
расчет свадебного торта на человека;5;vendors;top
свадебный торт в осенних тонах;5;vendors;top
нужны ли свечи на свадебный торт;5;vendors;top
свадебный торт на 50 человек сколько кг;5;vendors;top
живые цветы для свадебного торта купить;5;vendors;top
купить цветы для свадебного торта;5;vendors;top
свадебный торт с котиками;5;vendors;top
свадебный торт форме колец рецепт;5;vendors;top
свадебный торт в санкт петербурге заказать;5;vendors;top
литовский свадебный торт как называется;5;vendors;top
свадебный торт какой крем;5;vendors;top
ганаш для свадебного торта;5;vendors;top
свадебный торт двухъярусный рецепт;5;vendors;top
торт свадебный буквы аа;5;vendors;top
свадебные двухъярусные торты без мастики;5;vendors;top
свадебный торт двухъярусный без;5;vendors;top
свадебный торт двухъярусный мастикой;5;vendors;top
свадебный торт из капкейков;5;vendors;top
свадебный торт белый с цветами;5;vendors;top
свадебный торт украшенный ягодами;5;vendors;top
свадебный торт двухъярусный в домашних условиях;5;vendors;top
свадебный торт саранск;5;vendors;top
иваново торт свадебный цена;5;vendors;top
как красиво оформить свадебный торт дома;5;vendors;top
купить свадебный торт в орле готовый;5;vendors;top
подставка для свадебного торта многоярусная;5;vendors;top
пробник свадебных тортов москва цена;5;vendors;top
свадебный торт иваново;5;vendors;top
свадебный торт с капкейками для гостей;5;vendors;top
свадебный торт цвет тиффани;5;vendors;top
торт свадебный 7 килограмм;5;vendors;top
торт свадебный до 10000 москва;5;vendors;top
жених психанул сбросил свадебный торт;5;vendors;top
торт свадебный 2кг;5;vendors;top
низкий широкий свадебный торт;5;vendors;top
свадебный торт 2026 фото двухъярусный;5;vendors;top
заказать свадебный торт в подольске;5;vendors;top
праздничный свадебный торт;5;vendors;top
под какую музыку выносят свадебный торт;5;vendors;top
сколько свечей на свадебный торт;5;vendors;top
свадебные торты с красными цветами;5;vendors;top
свадебные торты от палыча фото;5;vendors;top
свадебный торт бирюзовый;5;vendors;top
свадебный торт на 7 кг;5;vendors;top
квадратный свадебный торт в один ярус;5;vendors;top
средний вес свадебного торта;5;vendors;top
самые вкусные начинки для свадебного торта;5;vendors;top
свадебный торт одноярусный круглый;5;vendors;top
свадебный торт в разрезе;5;vendors;top
как испечь свадебный торт;5;vendors;top
свадебный торт трехэтажный;5;vendors;top
авито свадебный стилист;5;vendors;top
курсы свадебного стилиста за 5 000 рублей;5;vendors;top
визажист на свадьбу в подольске на дом;5;vendors;top
текст для выездной регистрации брака;5;vendors;top
пример выездной регистрации;5;vendors;top
выездная регистрация места проведения;5;vendors;top
выездная регистрация после загса;5;vendors;top
выездная регистрация на берегу моря;5;vendors;top
арка для выездной регистрации фото;5;vendors;top
выездная регистрация краснодар;5;vendors;top
выездная регистрация молодоженов;5;vendors;top
выездная регистрация ярославль;5;vendors;top
выездная регистрация пенза;5;vendors;top
выездная регистрация пермь;5;vendors;top
организация выездной регистрации в подмосковье;5;vendors;top
выездная регистрация и банкетный зал москва подмосковье;5;vendors;top
фон для выездной регистрации;5;vendors;top
выездная регистрация зимой;5;vendors;top
выездная регистрация новороссийск;5;vendors;top
места для выездной регистрации в городецком районе;5;vendors;top
выездная регистрация на речном трамвае;5;vendors;top
стойка для выездной регистрации брака;5;vendors;top
выездная регистрация рф;5;vendors;top
выездная регистрация квартиры;5;vendors;top
как проходит выездная регистрация брака в ресторане;5;vendors;top
архангельск выездная регистрация брака;5;vendors;top
что нужно для выездной регистрации брака;5;vendors;top
бюджет свадьбы иды галич;5;rest;top
свадьба минимальный бюджет;5;price;top
бюджет свадьбы 2027;5;rest;top
самый дорогой бюджет свадьбы;5;rest;top
сценарий выездной свадьбы;5;info;top
сценарий свадьбы готовый текст;5;info;top
выкуп на свадьбу сценарий в квартире;5;info;top
сценарий выкупа невесты на свадьбу в квартире;5;info;top
готовый сценарий домашней свадьбы;5;info;top
готовый сценарий свадьбы в домашних условиях;5;info;top
сценарий свадьбы в домашних для ведущей;5;vendors;top
как вести свадьбу без тамады сценарий;5;vendors;top
сценарий проведения золотой свадьбы без тамады;5;vendors;top
сценарий свадьбы в кругу родных;5;info;top
подробные сценарии свадьбы для тамады;5;vendors;top
сценарии свадьбы для тамады полный подробный;5;vendors;top
сценарий свадьбы для тамады готовый полный подробный;5;vendors;top
сценарий свадьбы второго брака;5;info;top
сценарий свадьбы второй брак;5;info;top
сценарий сапфировой свадьбы;5;info;top
сценарий для бумажной свадьбы;5;info;top
сценарий свадьбы самостоятельно;5;info;top
веселый свадьба сценарий тамада;5;vendors;top
сценарий домашнего юбилея свадьбы;5;info;top
юбилей свадьбы сценарий в домашних условиях;5;info;top
помощь тамаде на свадьбе готовый сценарий;5;vendors;top
смешной сценарий на второй день свадьбы;5;info;top
сценарий взрослой свадьбы;5;info;top
сценарий 2го дня свадьбы;5;info;top
сценарии 35 свадьбы;5;info;top
сценарии на свадьбу детям;5;info;top
свадьба в сентябре 16 сентября;5;info;top
комплимент для гостей на свадьбе идеи;5;info;top
видео для молодоженов на свадьбу идеи;5;info;top
идеи для второго дня свадьбы;5;info;top
фото для свадьбы идеи для фотосессии;5;vendors;top
идеи для рисунков на свадьбу;5;info;top
идеи девичника перед свадьбой для невесты;5;info;top
плакат на свадьбу с идеями для фото;5;info;top
для денег на свадьбу идеи;5;info;top
деревенская свадьба стиль гости;5;info;top
свадьба в элегантном стиле;5;info;top
свадьба в русском стиле летом одежда;5;info;top
свадьба в русском стиле летом одежда гостям;5;info;top
свадьба в древнерусском стиле;5;info;top
морская свадьба vs в стиле рустик;5;info;top
морская свадьба свадьба в стиле рустик;5;info;top
свадьба в коричневом стиле;5;info;top
в каком стиле отметить свадьбу;5;info;top
ресторан под свадьбу в стиле барокко;5;venue-type;top
свадьба в разных стилях;5;info;top
свадьба в стиле шансона;5;info;top
4 свадьбы в немецком стиле;5;info;top
свадьба в немецком стиле;5;info;top
свадьба в стиле ивана купала;5;info;top
свадьба в стиле китч читать;5;info;top
стиль свадьбы варианты;5;info;top
свадьба в стиле манга;5;info;top
свадьба в русском стиле агентство;5;vendors;top
свадьба в собчак в стиле;5;info;top
свадьба стили белый розовый и голубой;5;info;top
свадьба в европейском стиле места в москве;5;geo;top
в каком стиле сыграть свадьбу;5;info;top
свадьба в стиле ростик;5;info;top
стиль свадьбы бохо шик;5;info;top
свадьба в стиле стиляги фото;5;info;top
свадьба в стиле инь янь;5;info;top
свадьба в руском стиле;5;info;top
4 свадьбы свадьба в стиле патриотизма;5;info;top
свадьба в стиле 90х годов;5;info;top
4 свадьбы в японском стиле;5;info;top
рассадка гостей на свадьбе своими руками;5;info;top
рассадка гостей на свадьбе геншин;5;info;top
свадебные площадки ло;4;core;top
свадебные площадки спб и ло;4;core;top
свадебные площадки чебоксары;4;core;top
свадебная площадка тамбов;4;core;top
свадебные площадки в калужской области;4;core;top
свадебная площадка курск;4;core;top
свадебные площадки курган;4;core;top
свадебные площадки ленобласть;4;core;top
площадки для свадьбы ижевск;4;core;top
амбар площадка для свадьбы;4;core;top
рублево успенское площадка для свадьбы;4;geo;top
площадка для свадьбы тула;4;core;top
площадки для свадьбы челябинск;4;core;top
вопросы площадке для свадьбы;4;core;top
площадки для свадьбы самара;4;core;top
места для свадеб тула;4;rest;top
места для свадьбы в краснодаре;4;rest;top
место регистрации для свадьбы;4;vendors;top
самые лучшие места для свадьбы;4;rest;top
места для выездной свадьбы;4;rest;top
где отметить свадьбу в спб;4;info;top
где отметить свадьбу в рязани;4;info;top
где отметить свадьбу в воронеже;4;info;top
где отметить свадьбу в самаре;4;info;top
где отметить свадьбу в казани;4;info;top
где отметить свадьбу 20 человек;4;info;top
где отметить свадьбу в минске;4;info;top
где отметить свадьбу в сочи;4;info;top
банкетные залы в туле для свадьбы;4;venue-type;top
банкетные залы тюмень для свадьбы;4;venue-type;top
банкетный зал для свадьбы тюмень;4;venue-type;top
банкетный зал для свадьбы омск;4;venue-type;top
банкетный зал для свадьбы лофт;4;venue-type;top
дома с банкетным залом для свадьбы;4;venue-type;top
банкетные залы самара для свадьбы;4;venue-type;top
банкетный зал самара для свадьбы;4;venue-type;top
банкетные залы для свадьбы тамбов;4;venue-type;top
банкетные залы для свадьбы смоленск;4;venue-type;top
смоленск банкетный зал для свадьбы;4;venue-type;top
банкетные залы саранск для свадьбы;4;venue-type;top
банкетный зал саранск для свадьбы;4;venue-type;top
рестораны с видом красивым для свадьбы;4;venue-type;top
рестораны для свадеб дом ресторан;4;venue-type;top
видовой ресторан для свадьбы;4;venue-type;top
рестораны для свадьбы владикавказ;4;venue-type;top
ресторан для свадьбы ростов на дону;4;venue-type;top
ресторан за городом для свадьбы;4;venue-type;top
свадебный банкет на 40 человек;4;capacity;top
сколько длится свадебный банкет;4;core;top
оформление свадебного банкета;4;vendors;top
где провести свадьбу в смоленске;4;info;top
провести свадьбу в смоленске;4;core;top
где провести свадьбу за городом;4;info;top
провести выкуп на свадьбе;4;core;top
свадьба на 30 человек как провести;4;capacity;top
все хорошо проводили на свадьбе;4;rest;top
где провести свадьбу в калининграде;4;info;top
помоги итану и анне провести идеальную свадьбу;4;core;top
как проводят свадьбы видео;4;info;top
сценарий провести весело свадьбу;4;info;top
тамбов провести свадьбу;4;core;top
где провести 2 день свадьбы;4;info;top
сколько стоит провести свадьбу в ресторане;4;venue-type;top
как проводят свадьбу в деревне;4;info;top
в каком стиле провести свадьбу;4;info;top
организация свадеб идеи;4;info;top
организация свадьбы бюджет;4;core;top
организация свадеб оквэд;4;core;top
организация свадеб нальчик;4;core;top
договор на организацию свадьбы;4;core;top
организация обрядов свадеб юбилеев патент;4;core;top
организация свадеб спб;4;core;top
помощник в организации свадеб;4;core;top
организация свадьбы екатеринбург;4;venue-type;top
спасибо за организацию свадьбы;4;core;top
банкетный лофт для свадьбы;4;venue-type;top
усадьба в спб для проведения свадьбы;4;venue-type;top
шатер беседка для свадьбы;4;venue-type;top
большой шатер для свадьбы;4;venue-type;top
шатер для свадьбы нижний новгород;4;venue-type;top
шатры в нижнем новгороде для проведения свадьбы;4;core;top
шатры для свадьбы нижний;4;rest;top
шатер оренбург для свадьбы;4;venue-type;top
белый шатер для свадьбы;4;venue-type;top
свадьба в шатре отзывы;4;rest;top
коттедж для свадьбы нижний новгород;4;venue-type;top
свадьба на теплоходе фото;4;venue-type;top
свадьба на природе 30 человек;4;venue-type;top
свадьба на природе спб;4;venue-type;top
беседка для свадьбы на природе;4;venue-type;top
что приготовить на свадьбу на природе;4;venue-type;top
свадьба на природе калуга;4;venue-type;top
игры на свадьбу на природе;4;venue-type;top
красивые свадьбы на природе;4;venue-type;top
празднование свадьбы на природе;4;venue-type;top
свадьба тольятти на природе;4;venue-type;top
свадьба на природе тюмень;4;venue-type;top
как одеться на свадьбу на природе;4;venue-type;top
проведение свадьбы на 20 человек;4;capacity;top
рассадка на свадьбу 30 человек;4;info;top
сколько выйдет свадьба на 50 человек;4;capacity;top
калькулятор алкоголя на свадьбу 50 человек;4;rest;top
во сколько обходится свадьба на 50 человек;4;capacity;top
цена свадьбы на 100 человек;4;capacity;top
камерная свадьба ижевск;4;capacity;top
как камерно отпраздновать свадьбу;4;capacity;top
камерная свадьба без ведущего идеи;4;vendors;top
помещение для камерной свадьбы;4;capacity;top
маленькая камерная свадьба;4;capacity;top
интерактив на камерную свадьбу;4;capacity;top
сценарий камерной свадьбы без ведущего в ресторане;4;vendors;top
мой маленький пони дружба и чудо свадьба;4;capacity;top
организовать маленькую свадьбу;4;capacity;top
сценарий маленькой свадьбы для близких родственников;4;capacity;top
свадьба в тайланде для двоих;4;capacity;top
свадьба в тайланде для двоих стоимость;4;capacity;top
свадьба для двоих питер;4;capacity;top
проведение свадьбы за городом;4;core;top
отели в москве и подмосковье свадьба;4;venue-type;top
проведение свадьбы в подмосковье недорого;4;price;top
где можно сыграть свадьбу в подмосковье;4;geo;top
свадьба на 15 человек недорого;4;capacity;top
презент на свадьбу молодоженам недорого и оригинально;4;price;top
как отметить серебряную свадьбу недорого и необычно;4;price;top
недорогой президиум на свадьбу;4;price;top
оформление президиума на свадьбу недорого;4;vendors;top
кафе проведение свадеб недорого;4;venue-type;top
свадьба под ключ ростов;4;price;top
свадьба под ключ смоленск;4;price;top
свадьба под ключ волгоград;4;price;top
стоимость на человека банкет свадьба;4;price;top
стоимость тамады на свадьбу;4;vendors;top
сколько стоит кавер группа на свадьбу;4;vendors;top
сколько стоит пригласить джонни на свадьбу;4;price;top
сколько стоит пригласить патимат расулову на свадьбу;4;price;top
сколько будет стоить сделать свадьбу;4;rest;top
сколько стоила свадьба криштиану роналду;4;price;top
сколько стоила свадьба мистера биста;4;price;top
сколько стоит позвать зайнаб махаева на свадьбу;4;price;top
сколько стоит позвать на свадьбу зайнаб махаеву;4;price;top
тимур темиров сколько стоит пригласить на свадьбу;4;price;top
сколько стоит отметить свадьбу в ресторане;4;venue-type;top
сколько стоит позвать нагиева на свадьбу;4;price;top
сколько стоит свадьба в спб;4;price;top
сколько стоит свадьба форум;4;price;top
сколько стоит пригласить наваи на свадьбу;4;price;top
свадьба зубарева сколько стоила;4;price;top
сколько стоит заказать певца на свадьбу;4;price;top
сколько стоит свадьба на 80 человек;4;capacity;top
сколько в среднем стоит фотограф на свадьбу;4;vendors;top
сколько стоит свадьба в армении;4;price;top
анна асти на свадьбу сколько стоит;4;price;top
сколько стоит филипп киркоров на свадьбу;4;price;top
сколько стоит свадьба челябинск;4;price;top
сколько стоит заказать иванушек на свадьбу;4;price;top
сколько стоит позвать рианну на свадьбу;4;price;top
сколько стоит рушник на свадьбу;4;price;top
сколько стоит среднестатистическая свадьба;4;price;top
арсен шахунц сколько стоит пригласить на свадьбу;4;price;top
сколько стоит позвать на свадьбу диму билана;4;price;top
сколько стоит армянская свадьба;4;price;top
сколько стоит видеосъемка на свадьбу;4;price;top
ведущий на маленькую свадьбу;4;vendors;top
ведущий на свадьбу саратов;4;vendors;top
каким должен быть ведущий на свадьбе;4;vendors;top
песочная церемония на свадьбе текст для ведущей;4;vendors;top
ведущий на свадьбу ставрополь;4;vendors;top
курсы ведущего на свадьбе;4;vendors;top
мужчина ведущий на свадьбе;4;vendors;top
нужно ли кормить ведущих на свадьбе;4;vendors;top
выход ведущего на свадьбу;4;vendors;top
ведущий свадьбы на английском;4;vendors;top
договор на ведущего свадьбы;4;vendors;top
знаменитые ведущие на свадьбу;4;vendors;top
слова ведущего на свадьбе сценарий на свадьбу;4;vendors;top
ведущий на свадьбу описание;4;vendors;top
ведущий на свадьбу вк;4;vendors;top
красивая ведущая на свадьбу;4;vendors;top
на сколько берут фотографа на свадьбу;4;vendors;top
средняя цена фотографа на свадьбу;4;vendors;top
фотограф на свадьбу барнаул;4;vendors;top
благодарность фотографу на свадьбе;4;vendors;top
фотограф видеограф на свадьбу цена;4;vendors;top
как написать фотографу на свадьбу;4;vendors;top
профессиональное фотограф на свадьбу;4;vendors;top
фотограф на свадьбу липецк;4;vendors;top
услуги видеографа на свадьбу;4;vendors;top
видеограф пенза на свадьбу;4;vendors;top
обучение свадебному декору;4;vendors;top
декор свадебный для дома;4;vendors;top
декор торта свадебного фото;4;vendors;top
свадебный декор цена;4;vendors;top
оливковая свадьба оформление;4;vendors;top
свадьба рустик оформление;4;vendors;top
коричневое оформление свадьбы;4;vendors;top
оформление президиума на свадьбу фото;4;vendors;top
оформление президиума на свадьбу 2026;4;vendors;top
оформление свадьбы казань;4;vendors;top
оформление свадьбы в голубом цвете;4;vendors;top
идеи оформления зала на свадьбу;4;vendors;top
стили оформления зала свадьбу;4;vendors;top
оформление шатра на свадьбу;4;vendors;top
оформление бутылки шампанского на свадьбу;4;vendors;top
свадьба на даче оформление;4;vendors;top
ассистент свадебного организатора;4;vendors;top
свадебный организатор тюмень;4;vendors;top
вопросы свадебному организатору;4;vendors;top
свадебный организатор курск;4;vendors;top
сколько стоят услуги свадебного организатора;4;vendors;top
свадебное агентство про любовь;4;vendors;top
свадебное агентство белый;4;vendors;top
свадебное агентство darsy отзывы;4;vendors;top
свадебное агентство рязань;4;vendors;top
уральские пельмени свадебное агентство;4;vendors;top
свадебное агентство тула;4;vendors;top
свадебные агентства россии;4;vendors;top
свадебное агентства петербурга;4;vendors;top
свадебное агентство санкт;4;vendors;top
свадебное агентство санкт петербург;4;vendors;top
morozova wedding свадебное агентство;4;vendors;top
свадебное агентство тверь;4;vendors;top
тамада и диджей на свадьбу;4;vendors;top
диджей на свадьбу воронеж;4;vendors;top
каталог свадебные торты;4;vendors;top
советский торт свадебный;4;vendors;top
популярные начинки для свадебного торта;4;vendors;top
свадебный торт с подсветкой;4;vendors;top
прямоугольный торт на 6 кг свадебный;4;vendors;top
цена свадебного торта 5 кг;4;vendors;top
самый дорогой свадебный торт;4;vendors;top
свадебный торт рязань;4;vendors;top
круглый свадебный торт с ягодами;4;vendors;top
свадебный торт с цветами фото;4;vendors;top
обучение свадебным тортом;4;vendors;top
лебеди из мастики на свадебный торт;4;vendors;top
невилл мой свадебный торт;4;vendors;top
дегустация свадебных тортов набор;4;vendors;top
свадебный торт квадратный 1 ярус;4;vendors;top
свадебный торт прямоугольный пинтерест;4;vendors;top
сколько в среднем стоит свадебный торт;4;vendors;top
свадебный торт чита;4;vendors;top
дизайн свадебного торта 3;4;vendors;top
дизайн свадебного торта 3 яруса;4;vendors;top
цветы вафельные для торта свадебные;4;vendors;top
свадебные торты онлайн;4;vendors;top
стильный свадебный торт;4;vendors;top
трендовые свадебные торты 2026;4;vendors;top
средняя стоимость свадебного торта;4;vendors;top
лот от свадебного торта;4;vendors;top
фейерверк для свадебного торта;4;vendors;top
свадебный торт на 60 человек;4;vendors;top
спираль для свадебного торта;4;vendors;top
крем для выравнивания свадебного торта;4;vendors;top
свадебный торт с гипсофилой;4;vendors;top
свадебный торт иды галич;4;vendors;top
свадебный торт белый два яруса;4;vendors;top
домашние свадебные торты рецепты;4;vendors;top
примеры свадебных тортов;4;vendors;top
свадебный торт 2х ярусный;4;vendors;top
свадебный торт 2026 цена;4;vendors;top
свадебный торт с лилиями;4;vendors;top
свадебный торт фон;4;vendors;top
свадебный торт на 10 человек;4;vendors;top
свадебные торты фото самые красивые двухъярусные;4;vendors;top
свадебный стилист софья дубинина;4;vendors;top
свадебный стилист сочи;4;vendors;top
выездная регистрация брака ростов;4;vendors;top
выездная регистрация брака ростов на дону;4;vendors;top
варианты выездной регистрации;4;vendors;top
выездная регистрация барнаул;4;vendors;top
выездная регистрация брака барнаул;4;vendors;top
выездная регистрация на берегу сочи;4;vendors;top
выездная регистрация сочи на берегу моря;4;vendors;top
подиум для выездной регистрации;4;vendors;top
арки для выездной регистрации готовые;4;vendors;top
выездная регистрация брака фото;4;vendors;top
выездная регистрация ульяновск;4;vendors;top
тайминг выездной регистрации;4;vendors;top
тайминг свадьбы с выездной регистрацией;4;vendors;top
выездная регистрация казань;4;vendors;top
выездная регистрация липецк;4;vendors;top
сценарий выездной регистрации брака текст;4;vendors;top
сценарий выездной регистрации текст;4;vendors;top
выездная регистрация брака пермь;4;vendors;top
выездная регистрация на теплоходе;4;vendors;top
выездная регистрация брака орел;4;vendors;top
выездная регистрация это официально или нет;4;vendors;top
выездная регистрация челябинск;4;vendors;top
виды выездной регистрации;4;vendors;top
выездная регистрация права собственности;4;vendors;top
как делается выездная регистрация брака;4;vendors;top
музыка для выездной регистрации брака;4;vendors;top
выездная регистрация ленобласть;4;vendors;top
выездная регистрация музыка выход невесты;4;vendors;top
в осетии выездная регистрация брака;4;vendors;top
выездная регистрация брака видео;4;vendors;top
выездная регистрация биометрии;4;vendors;top
выездная регистрация на улице;4;vendors;top
какой бюджет свадьбы в 2026;4;rest;top
расчет бюджета на свадьбу;4;rest;top
бюджет свадьбы клавы коки;4;rest;top
какой бюджет нужен на свадьбу;4;rest;top
сценарий свадьбы в семейном кругу;4;info;top
сценарий свадьбы в узком семейном круге;4;info;top
лучшие сценарии свадьбы;4;info;top
сценарий свадьбы 2025;4;info;top
сценарий свадьбы загс;4;info;top
сценарий юбилея серебряной свадьбы;4;info;top
сценарий свадьба для друга;4;info;top
сценарий свадьбы для немолодой пары второй брак;4;info;top
небольшой сценарий на свадьбу;4;capacity;top
свадьба вечеринка сценарий;4;info;top
сценарий свадьбы юмористический;4;info;top
второй день свадьбы сценарий в деревне;4;info;top
сценарий второго дня свадьбы в деревне;4;info;top
готовый сценарий свадьбы 2026;4;info;top
купить сценарий свадьбы для ведущего;4;vendors;top
свадьба в сентябре значение;4;info;top
идеи декора для свадьбы;4;vendors;top
идея для кожаной свадьбы;4;info;top
идеи для лотереи на свадьбу;4;info;top
идеи для красивой свадьбы;4;info;top
стиль жениха на свадьбу 2026;4;info;top
свадьба в стиле 90х как одеться;4;info;top
стиль на свадьбу черная рубашка;4;info;top
женская мода и стиль для свадеб;4;info;top
свадьба в стиле аля рус;4;info;top
свадьба в стиле италии;4;info;top
4 свадьбы свадьба в стиле голливудская;4;info;top
свадьба в черном стиле фото;4;info;top
стиль рустик на свадьбе в одежде;4;info;top
свадьба в итальянском стиле одежда;4;info;top
свадьба в деревенском стиле vs свадьба маскарад;4;info;top
свадьба в турецком стиле;4;info;top
свадьба в стиле итальянской мафии;4;info;top
свадьба в стиле бдсм;4;info;top
свадьба в стиле русских традиций;4;info;top
цветовые стили свадеб;4;info;top
свадьба в средиземноморском стиле;4;info;top
стиль свадьбы 2025;4;info;top
свадьба в русско славянском стиле;4;info;top
день рождения в стиле свадьба;4;info;top
армянский стиль свадьбы;4;info;top
свадьба в ковбойском стиле;4;info;top
свадьба в стиле руси;4;info;top
свадьба в стиле цирк;4;info;top
свадьба в деревенском стиле пожарная свадьба;4;info;top
свадьба в джинсовом стиле;4;info;top
свадьба в стиле пиратов карибского моря;4;info;top
как оформить план рассадки гостей на свадьбе;4;info;top
план рассадки гостей на свадьбе плакат;4;info;top
сделать рассадку гостей на свадьбу онлайн;4;info;top
создать макет рассадки гостей на свадьбу онлайн;4;info;top
таблички для рассадки гостей на свадьбе;4;info;top
генератор рассадки гостей на свадьбе;4;info;top
свадебные площадки спб за городом;3;core;top
свадебные площадки магнитогорск;3;core;top
свадебные площадки ставрополь;3;core;top
свадебные площадки кострома;3;core;top
свадебные площадки киров;3;core;top
свадебные площадки энгельс;3;core;top
свадебные площадки брянск;3;core;top
свадебные площадки казань;3;core;top
свадебные площадки оренбург;3;core;top
свадебная площадка тартоза;3;core;top
площадка для проведения свадьбы в нн;3;core;top
загородные площадки для свадьбы спб;3;venue-type;top
площадка для свадьбы дзержинск;3;core;top
площадки для свадьбы красноярск;3;core;top
площадки для свадеб на воздухе;3;core;top
площадка для свадьбы белгород;3;core;top
площадки для свадьбы барнаул;3;core;top
места для свадьбы брянск;3;rest;top
красивые места россии для свадьбы;3;rest;top
места для свадьбы россия;3;rest;top
самые красивые места для свадьбы в россии;3;rest;top
места для свадьбы в орле;3;rest;top
места для свадьбы тольятти;3;rest;top
места для организации свадьбы;3;core;top
место для свадьбы киров;3;core;top
места для свадьбы екатеринбург;3;venue-type;top
найти место для свадьбы;3;core;top
места для свадьбы в питере;3;rest;top
место для свадьбы воронеж;3;core;top
место для свадьбы самара;3;core;top
место для свадьбы в солнечногорске;3;geo;top
снять место для свадьбы;3;price;top
места для свадьбы калининград;3;rest;top
места для фотосессий свадьбы пенза;3;vendors;top
где отметить второй день свадьбы летом;3;info;top
свадьба летом где отметить;3;info;top
варианты где отмечают свадьбу;3;info;top
где отметить свадьбу в москве и подмосковье;3;geo;top
где отметить свадьбу в красноярске;3;info;top
где отметить свадьбу в калининграде;3;info;top
где отметить свадьбу новосибирск;3;info;top
где можно отметить на природе свадьбу;3;venue-type;top
банкетные залы в орле для свадьбы;3;venue-type;top
банкетные залы для свадьбы в спб;3;venue-type;top
банкетный зал калуга для свадьбы;3;venue-type;top
калуга банкетные залы для свадеб;3;venue-type;top
банкетные залы для свадьбы липецк;3;venue-type;top
банкетный зал для свадьбы липецк;3;venue-type;top
банкетные залы для свадьбы курск;3;venue-type;top
банкетный зал для свадьбы курск;3;venue-type;top
банкетный зал стерлитамак для свадьбы;3;venue-type;top
банкетные залы для свадьбы пушкино;3;venue-type;top
банкетные залы пушкина для свадьбы;3;venue-type;top
банкетный зал для свадьбы пушкино;3;venue-type;top
банкетные залы для свадьбы за городом;3;venue-type;top
банкетный зал за городом для свадьбы;3;venue-type;top
банкетные залы киров для свадьбы;3;venue-type;top
банкетный зал для свадьбы киров;3;venue-type;top
банкетные залы для свадьбы волгоград;3;venue-type;top
банкетный зал для свадьбы волгоград;3;venue-type;top
банкетные залы волжский для свадьбы;3;venue-type;top
банкетные залы для свадеб ростов;3;venue-type;top
банкетный зал ростова для свадьбы;3;venue-type;top
банкетные залы екатеринбурга для свадьбы;3;venue-type;top
банкетный зал для свадьбы екатеринбург;3;venue-type;top
банкетные залы ярославль для свадьбы;3;venue-type;top
банкетный зал для свадьбы ярославль;3;venue-type;top
банкетные залы пятигорск для свадьбы;3;venue-type;top
банкетный зал пятигорск для свадеб;3;venue-type;top
банкетные залы в москве для камерных свадеб;3;venue-type;top
банкетные залы белгород для свадьбы;3;venue-type;top
банкетный зал для свадеб белгород;3;venue-type;top
оформление банкетного зала для свадьбы;3;vendors;top
рестораны симферополь для свадьбы;3;venue-type;top
ресторан у воды для свадьбы;3;venue-type;top
рестораны спб для свадьбы до 20 человек;3;venue-type;top
пятигорск ресторан для свадьбы;3;venue-type;top
ресторан для свадьбы анапа;3;venue-type;top
ресторан для свадьбы вологда;3;venue-type;top
ресторан для свадьбы ижевск;3;venue-type;top
рестораны для проведения свадеб спб;3;venue-type;top
рестораны для свадьбы крым;3;venue-type;top
забронировать ресторан для свадьбы;3;venue-type;top
рестораны в баксане для свадьбы;3;venue-type;top
ресторан для свадьбы вдвоем;3;venue-type;top
выездной ресторан для свадьбы;3;venue-type;top
рестораны для свадьбы орел;3;venue-type;top
рестораны в грозном для свадеб;3;venue-type;top
рестораны для свадьбы кострома;3;venue-type;top
ресторан для свадьбы спб на 30 человек;3;venue-type;top
рестораны для свадьбы орехово зуево;3;venue-type;top
бронирование ресторана для свадьбы;3;venue-type;top
рестораны для свадьбы архангельск;3;venue-type;top
сколько стоит свадебный банкет на 30 человек;3;capacity;top
программа свадебного банкета;3;core;top
свадебный банкет цена человека;3;core;top
как проходит свадебный банкет;3;info;top
свадебный банкет за городом;3;core;top
обслуживание свадебного банкета;3;core;top
где роналду проведет свадьбу;3;info;top
как проводят свадьбу в наше время;3;info;top
где провести свадьбу в туле;3;info;top
как провести свадьбу без ресторана;3;venue-type;top
в какой день недели проводят свадьбу;3;rest;top
как провести свадьбу в римворлд;3;info;top
пожелать хорошо провести свадьбу;3;core;top
венчание когда проводят до свадьбы или после;3;info;top
как провести свадьбу вдвоем без гостей;3;capacity;top
провести свадьбу волгоград;3;core;top
провести свадьбу ярославль;3;core;top
как провести золотую свадьбу самостоятельно;3;info;top
провести свадьбу самостоятельно без тамады;3;vendors;top
провести свадьбу самостоятельно без тамады сценарий;3;vendors;top
провести свадьбу самостоятельно сценарий;3;info;top
игры проводить свадьбу;3;rest;top
провести свадьбу тюмень;3;core;top
как провести весело свадьбу без тамады сценарий;3;vendors;top
где можно провести 2 день свадьбы;3;info;top
как весело провести золотую свадьбу;3;info;top
что входит в организацию свадьбы;3;info;top
организация маленькой свадьбы;3;capacity;top
организация свадьбы архангельск;3;core;top
организация свадьбы новокузнецк;3;core;top
организация свадьбы россия;3;core;top
список для организации свадьбы;3;info;top
курсы по организации свадеб;3;core;top
организация свадьбы калуга;3;core;top
чек лист по организации свадьбы;3;core;top
организации свадеб брянск;3;core;top
этапы организации свадьбы;3;info;top
организация фуршета на свадьбу;3;core;top
организация свадеб бали;3;core;top
организация обслуживания свадеб;3;core;top
особняк для свадьбы спб;3;venue-type;top
аренда особняка для свадьбы;3;venue-type;top
амазония шатер для свадьбы;3;venue-type;top
шатер для свадьбы спб;3;venue-type;top
шатер для свадьбы во владимире;3;venue-type;top
коттеджи казани для свадьбы;3;venue-type;top
снять коттедж для проведения свадьбы;3;venue-type;top
коттедж с бассейном для свадьбы;3;venue-type;top
снять коттедж нижний новгород для свадьбы;3;venue-type;top
свадьба на теплоходе ульяновск;3;venue-type;top
свадьба в лесу фото;3;venue-type;top
как называется свадьба в лесу;3;venue-type;top
свадьба в лесу 3 буквы;3;venue-type;top
свадьба в таврическом саду;3;rest;top
свадьба в стеклянной оранжерее;3;venue-type;top
свадьба на природе ростов;3;venue-type;top
свадьба на природе брянск;3;venue-type;top
фотозона на свадьбу на природе;3;vendors;top
веранда свадьба на природе;3;venue-type;top
сколько стоит свадьба на природе;3;venue-type;top
свадьба на природе челябинск;3;venue-type;top
отпраздновать свадьбу на природе;3;venue-type;top
идеи для свадьбы на 10 человек;3;capacity;top
где отметить свадьбу на 20 человек;3;capacity;top
расстановка столов на свадьбу на 20 человек;3;capacity;top
стол на свадьбу на 20 человек;3;capacity;top
сценарий свадьбы без тамады на 30 человек;3;vendors;top
примерное меню на свадьбу на 30 человек;3;capacity;top
калькулятор алкоголя на свадьбу 30 человек;3;rest;top
сколько алкоголя надо на свадьбу 30 человек;3;rest;top
что значит камерный стиль свадьбы;3;capacity;top
что нужно для камерной свадьбы;3;capacity;top
камерная свадьба сколько лет;3;capacity;top
камерная свадьба уфа;3;capacity;top
организатор камерной свадьбы;3;vendors;top
развлечения для камерной свадьбы;3;capacity;top
камерная свадьба как организовать самому;3;capacity;top
сценарии для маленькой свадьбы без тамады;3;vendors;top
сценарий маленькой свадьбы для тамады;3;vendors;top
самый маленький бюджет в 4 свадьбы;3;capacity;top
маленькая свадьба у азербайджанцев;3;capacity;top
маленькая свадьба с родителями;3;capacity;top
настольная игра для двоих на свадьбу;3;capacity;top
свадьба для двоих как называется;3;capacity;top
день свадьбы для двоих;3;capacity;top
свадьба за границей для двоих;3;capacity;top
свадьба за границей для двоих где лучше;3;capacity;top
свадьба за городом краснодар;3;rest;top
загородная свадьба тюмень;3;venue-type;top
загородные клубы спб свадьба;3;venue-type;top
загородная свадьба екатеринбург;3;venue-type;top
полицейский с рублевки свадьба вероники;3;geo;top
недорого отпраздновать свадьбу в узком кругу;3;price;top
отпраздновать свадьбу недорого и необычно;3;price;top
оформление зала на свадьбу недорого;3;vendors;top
букет невесты на свадьбу недорогой;3;vendors;top
где можно отпраздновать свадьбу недорого;3;price;top
заказать свадьбу под ключ;3;price;top
свадьба под ключ томск;3;price;top
свадьба под ключ калуга;3;price;top
свадьба под ключ ростов на дону;3;price;top
что входит в свадьбу под ключ;3;price;top
свадьба под ключ владимир;3;price;top
старый оскол свадьба под ключ;3;price;top
свадьба под ключ ногинск;3;price;top
свадьба под ключ саратов;3;price;top
проведение свадеб под ключ;3;price;top
петровский путевой дворец свадьба стоимость;3;price;top
свадьба на 60 человек стоимость;3;capacity;top
диджей на свадьбу стоимость;3;vendors;top
свадьба в новосибирске в феврале стоимость;3;price;top
стоимость свадьбы челябинск;3;price;top
фото свадьбы стоимость;3;price;top
голуби на свадьбу стоимость;3;price;top
стоимость банкетного зала на свадьбу;3;venue-type;top
стоимость свадьбы нижний новгород;3;price;top
сколько стоит госпошлина на свадьбу 2026;3;price;top
сколько стоит оформить свадьбу;3;price;top
сколько стоит свадьба в белгороде;3;price;top
сколько стоит свадьба в калуге;3;price;top
сколько стоит пригласить мартина на свадьбу;3;price;top
сколько стоит выступление лепса на свадьбе;3;price;top
сколько стоит пригласить чумакова на свадьбу;3;price;top
сколько стоит украсить зал на свадьбу;3;price;top
сколько стоит выступление егора крида на свадьбе;3;price;top
сколько стоит бюджетная свадьба в москве;3;price;top
сколько стоит позвать на свадьбу мурата тхагалегова;3;price;top
сколько стоит пригласить диму билана на свадьбу;3;price;top
сколько стоит сыграть свадьбу в тамбове;3;price;top
сколько стоит элджей на свадьбу;3;price;top
сколько стоит выездная регистрация свадьбы;3;vendors;top
сколько стоит стас михайлов на свадьбу;3;price;top
сколько стоит лсп на свадьбу;3;price;top
сколько стоит позвать лсп на свадьбу;3;price;top
сколько стоит пригласительный на свадьбу;3;price;top
сколько стоит свадьба в италии;3;price;top
сколько стоит свадьба в омске;3;price;top
сколько стоит заказать басту на свадьбу;3;price;top
сколько стоит пригласить the hatters на свадьбу;3;price;top
сколько стоит фотограф и видеограф на свадьбу;3;vendors;top
сколько стоит президиум на свадьбу;3;price;top
сколько стоит покатать свадьбу;3;price;top
сколько стоит заказать сатира на свадьбу;3;price;top
сколько стоит цветной дым на свадьбу;3;price;top
сколько стоит позвать сатира на свадьбу;3;price;top
сколько стоит букет на свадьбу;3;vendors;top
сколько стоит заказать голубей на свадьбу;3;price;top
сколько стоит пригласить рианну на свадьбу;3;price;top
сколько стоят услуги фотографа на свадьбу;3;vendors;top
сколько стоит позвать игнатия винтурова на свадьбу;3;price;top
сколько стоит макан на свадьбу;3;price;top
сколько стоит позвать макана на свадьбу;3;price;top
сколько стоит свадьба в чечне;3;price;top
сколько стоит павел воля на свадьбу;3;price;top
сколько стоит забронировать ресторан на свадьбу;3;venue-type;top
сколько стоит свадьба в краснодаре;3;price;top
сколько стоит пригласить сатира на свадьбу;3;price;top
сколько стоит заказать звезду на свадьбу;3;price;top
сколько стоит позвать гуфа на свадьбу;3;price;top
сколько стоила свадьба бородиной;3;price;top
сколько стоит тяжелый дым на свадьбу;3;price;top
сколько стоит свадьба в крыму;3;price;top
сколько стоит свадьба в ярославле;3;price;top
сколько стоит нанять машину на свадьбу;3;price;top
ведущий на свадьбу смоленск;3;vendors;top
дорогой ведущий на свадьбу;3;vendors;top
ведущий на свадьбу уфа;3;vendors;top
вопросы для ведущего на свадьбу при встрече;3;vendors;top
обязанности ведущего на свадьбе;3;vendors;top
ведущий на свадьбу пермь;3;vendors;top
два ведущих на свадьбу;3;vendors;top
как выбрать ведущего на свадьбу советы;3;vendors;top
трахнул ведущую на свадьбе;3;vendors;top
ведущий на свадьбу новосибирск;3;vendors;top
образ ведущей на свадьбу;3;vendors;top
ведущий на свадьбу севастополь;3;vendors;top
ведущий на свадьбу белгород;3;vendors;top
ведущий 4 свадьбы на пятнице фото;3;vendors;top
нанять ведущего на свадьбу;3;vendors;top
ведущий на свадьбе харламова;3;vendors;top
ведущая на свадьбу звезда;3;vendors;top
ведущий на свадьбу ульяновск;3;vendors;top
ведущий на свадьбе андрей;3;vendors;top
ведущая на свадьбу татьяна;3;vendors;top
ведущие на свадьбу г;3;vendors;top
антон антонов ведущий на свадьбу;3;vendors;top
ведущий на свадьбу антон;3;vendors;top
форум ведущих на свадьбе;3;vendors;top
ведущий на свадьбу егорьевск;3;vendors;top
ведущий на свадьбу ярославль;3;vendors;top
сколько фотографов нужно на свадьбу;3;vendors;top
фотограф на свадьбе иды галич;3;vendors;top
договор фотографа на свадьбу образец;3;vendors;top
договор для фотографа на свадьбу;3;vendors;top
ищу фотографа на свадьбу;3;vendors;top
сколько зарабатывает фотограф на свадьбах;3;vendors;top
пример свадебного декора;3;vendors;top
свадебный декор из китая;3;vendors;top
свадебный декор оптом;3;vendors;top
аренда свадебного декора екатеринбург;3;vendors;top
свадебный декор кружево;3;vendors;top
вафельный декор на свадебный торт;3;vendors;top
декор свадебного стола для гостей;3;vendors;top
свадебный декор своими руками для свадьбы;3;vendors;top
декор свадебных бутылок своими руками;3;vendors;top
свадебный декор шарами;3;vendors;top
свадебный декор флористика;3;vendors;top
торт свадебный 2026 декор;3;vendors;top
свадебный декор бохо;3;vendors;top
оформление шампанского на свадьбу своими руками;3;vendors;top
современные оформление свадьбы;3;vendors;top
оформление потолка на свадьбу;3;vendors;top
оформление стола на свадьбу своими руками;3;vendors;top
оформление беседки на свадьбу;3;vendors;top
авито оформление свадеб;3;vendors;top
оформление на хрустальную свадьбу;3;vendors;top
оформление свадеб флористы;3;vendors;top
услуги оформления свадеб;3;vendors;top
оформление серебряных свадеб;3;vendors;top
оформление места жениха и невесты на свадьбу;3;vendors;top
свадьба 90х оформление;3;vendors;top
капкейки на свадьбу оформление фото;3;vendors;top
оформление свадьбы белыми цветами;3;vendors;top
оформление корзины на свадьбу;3;vendors;top
оформление дома на свадьбу;3;vendors;top
свадьба на улице оформление;3;vendors;top
оформление свадеб цвета фото;3;vendors;top
оформление свадеб цветами фото;3;vendors;top
свадьба в стиле 90 х оформление;3;vendors;top
оформление банкетного зала на свадьбу 2024;3;vendors;top
оформление зоны молодоженов на свадьбу;3;vendors;top
оформление свадьбы ижевск;3;vendors;top
оформление стульев на свадьбу;3;vendors;top
оформление шарами свадьбы цены;3;vendors;top
свадебный организатор тверь;3;vendors;top
помощник свадебного организатора;3;vendors;top
обязанности свадебного организатора;3;vendors;top
свадебный организатор что входит в обязанности;3;vendors;top
свадебный организатор ижевск;3;vendors;top
свадебное агентство воронеж;3;vendors;top
март агентство свадебное;3;vendors;top
свадебное агентство самара;3;vendors;top
свадебное агентство иваново;3;vendors;top
феерик свадебное агентство;3;vendors;top
свадебное агентство прожектор;3;vendors;top
feerique свадебное агентство;3;vendors;top
уральские пельмени свадебное агентство дурова;3;vendors;top
свадебное агентство пермь;3;vendors;top
свадебное агентство момент;3;vendors;top
darcy свадебное агентство;3;vendors;top
нужен ли диджей на свадьбу;3;vendors;top
плейлист диджея на свадьбу;3;rest;top
карточки для диджея на свадьбу;3;rest;top
сколько получают диджеи на свадьбах;3;rest;top
купить свадебный торт в санкт петербурге;3;vendors;top
торт свадебный в виде колец;3;vendors;top
торт свадебный одноярусный украшенный;3;vendors;top
свадебный торт 1.5 кг;3;vendors;top
прямоугольный свадебный торт с живыми цветами;3;vendors;top
свадебные торты сыктывкар;3;vendors;top
свадебный торт лавандовый;3;vendors;top
самый большой свадебный торт;3;vendors;top
свадебные торты 2025;3;vendors;top
свадебный торт в стиле минимализм;3;vendors;top
как украсить свадебный торт цветами;3;vendors;top
свадебный торт на свадьбу купить;3;vendors;top
свадебный торт омск;3;vendors;top
свадебный торт с фальшярусом;3;vendors;top
свадебный торт иркутск;3;vendors;top
свадебный торт минимализм двухъярусный;3;vendors;top
классический свадебный торт;3;vendors;top
идеи свадебного торта 2026;3;vendors;top
свадебный торт екатеринбург;3;vendors;top
футаж свадебный торт;3;vendors;top
оформление прямоугольный торт свадебный;3;vendors;top
свадебный торт один ярус фото;3;vendors;top
белковые свадебные торты;3;vendors;top
свадебный торт в русском стиле;3;vendors;top
латвийский свадебный торт;3;vendors;top
сколько весит свадебный торт на 50 человек;3;vendors;top
отзыв на свадебный торт;3;vendors;top
свадебный торт 4 яруса;3;vendors;top
сколько стоит килограмм свадебного торта;3;vendors;top
рецепт свадебного торта в домашних условиях;3;vendors;top
свадебный одноярусный торт 2026 фото;3;vendors;top
расчет свадебного торта на количество гостей;3;vendors;top
горящий свадебный торт;3;vendors;top
свадебный торт на 4 кг фото;3;vendors;top
свадебный торт белый с бусинами;3;vendors;top
сколько стоит 1 кг свадебного торта;3;vendors;top
стоимость свадебного торта на 40 человек;3;vendors;top
сколько весит свадебный торт на 30 человек;3;vendors;top
торт полено свадебный;3;vendors;top
сколько примерно стоит свадебный торт;3;vendors;top
свадебный бенто торт на свадьбу;3;vendors;top
свадебный торт на 25 человек сколько кг;3;vendors;top
торт свадебный 25 кг;3;vendors;top
свадебные торты питер;3;vendors;top
цветок из вафельной бумаги на свадебный торт;3;vendors;top
свадебный торт на английском;3;vendors;top
свадебный торт на 35 человек;3;vendors;top
вытянутый свадебные торты;3;vendors;top
шикарные свадебные торты;3;vendors;top
свадебный торт в виде сердца;3;vendors;top
свадебный торт упал;3;vendors;top
длинный свадебный торт с вафельной бумагой;3;vendors;top
рецепт бисквита для свадебного торта;3;vendors;top
аренда подставки для свадебного торта;3;vendors;top
свадебный торт с голубями;3;vendors;top
свадебные пирожные вместо торта;3;vendors;top
свадебные торты на свадьбу 2026;3;vendors;top
свадебный торт двухъярусный на заказ;3;vendors;top
сколько стоит заказать свадебный торт;3;vendors;top
фото свадебных тортов 3 ярусный;3;vendors;top
визажист на свадьбу спб;3;vendors;top
услуги визажиста на свадьбу;3;vendors;top
как выглядит выездная регистрация;3;vendors;top
выездная регистрация брака в туле цена;3;vendors;top
выездная регистрация псков;3;vendors;top
выездная регистрация в нижнем;3;vendors;top
свадьба без выездной регистрации;3;vendors;top
выездная регистрация астрахань;3;vendors;top
выездная регистрация как делать;3;vendors;top
выездная регистрация неофициальная;3;vendors;top
выездная регистрация брака рыбинск;3;vendors;top
выездная регистрация кострома;3;vendors;top
аренда арки для выездной регистрации;3;vendors;top
выездная регистрация без загса;3;vendors;top
что лучше выездная регистрация или загс;3;vendors;top
выездная регистрация старый оскол;3;vendors;top
фотозона для выездной регистрации;3;vendors;top
выездная регистрация брака ейск;3;vendors;top
выездная регистрация брака липецк;3;vendors;top
можно ли зарегистрировать брак на выездной регистрации;3;vendors;top
как происходит выездная регистрация брака пошагово;3;vendors;top
салют на выездной регистрации;3;vendors;top
выход жениха на выездной регистрации музыка;3;vendors;top
выездная регистрация брака челябинск;3;vendors;top
сколько стоит выездная регистрация брака в челябинске;3;vendors;top
выездная регистрация брака владивосток;3;vendors;top
выездная регистрация владивосток;3;vendors;top
выездная регистрация сценарий для ведущего;3;vendors;top
арка для выездной регистрации своими руками;3;vendors;top
выездная регистрация брака в спб;3;vendors;top
выездная регистрация брака геленджик;3;vendors;top
выездная регистрация геленджик;3;vendors;top
выездная регистрация загс цены;3;vendors;top
выездная регистрация своими руками;3;vendors;top
стоимость выездной регистрации загс;3;vendors;top
выездная регистрация брака на природе;3;vendors;top
банкетные залы с выездной регистрацией;3;vendors;top
банкетный зал с выездной регистрацией;3;vendors;top
можно ли расписаться на выездной регистрации;3;vendors;top
выездная регистрация питер;3;vendors;top
оформление зоны выездной регистрации;3;vendors;top
выездная регистрация брака владикавказ;3;vendors;top
выездная регистрация владикавказ;3;vendors;top
сколько стоит выездная регистрация брака в екатеринбурге;3;vendors;top
выездная регистрация пушкин;3;vendors;top
чек лист подготовки к свадьбе по пунктам;3;info;top
сценарий шуточного юбилея свадьбы;3;info;top
свадебные сценарии для свадьбы;3;info;top
сценарий для золотой свадьбы для ведущего;3;vendors;top
сценарий свадьбы дома современный;3;info;top
сценарий свадьбы коротко;3;info;top
сценарий свадьбы летний;3;info;top
тамада сценарий свадьбы современный;3;vendors;top
сценарий коралловой свадьбы;3;info;top
пример сценария на свадьбу;3;info;top
свадьба сценарий проведения для ведущего;3;vendors;top
сценарии свадьбы в современном стиле;3;info;top
мальчик девочка сценарий на свадьбе;3;info;top
готовый сценарий свадьбы с музыкой;3;vendors;top
серпантин идей сценарий свадьбы;3;info;top
сценарий свадьбы серпантин;3;info;top
сценарий свадьбы 6 часов;3;info;top
жемчужная свадьба сценарий в домашних;3;info;top
сценарий жемчужной свадьбы в домашних условиях;3;info;top
сценарий свадьбы самостоятельно без тамады;3;vendors;top
сценарий свадьба в малиновке;3;info;top
необычные сценарии свадьбы;3;info;top
сценарий золотой свадьбы кругу семьи;3;info;top
красивый сценарий свадьбы;3;info;top
веселая свадьба без тамады сценарий;3;vendors;top
девичник свадьба сценарий;3;info;top
сценарий на золотую свадьбу родителям в домашних;3;info;top
сценарий юбилея свадьбы 40;3;info;top
сценарий проведения юбилея свадьбы;3;info;top
церемония свадьбы сценарий;3;info;top
сценарий на второй день свадьбы медсестры;3;info;top
сценарий на свадьбу со стороны невесты;3;info;top
сценарий свадьбы без родителей;3;info;top
удачные дни для свадьбы в сентябре;3;info;top
свадьбы в сентябре 2025;3;info;top
какой месяц самый лучший для свадьбы;3;info;top
лучшие месяцы для свадьбы 2027;3;info;top
идея для маленькой свадьбы;3;capacity;top
идеи для свадьбы дома;3;info;top
креативные идеи для свадеб;3;info;top
идеи для свадьбы на природе;3;venue-type;top
идеи для небольшой свадьбы;3;capacity;top
современные идеи для свадьбы;3;info;top
второй день свадьбы в деревенском стиле;3;info;top
образы на свадьбу в стиле бохо;3;info;top
свадьба в стиле лав из;3;info;top
свадьба в венецианском стиле;3;info;top
свадьба в римском стиле;3;info;top
свадьба в итальянском стиле с лимонами;3;info;top
торт в русском стиле на свадьбу;3;vendors;top
свадьба в красно белом стиле;3;info;top
свадьба в изумрудном стиле;3;info;top
свадьба в стиле днд;3;info;top
свадьба в руском народном стиле;3;info;top
описание стилей свадьбы;3;info;top
свадьба в стиле 60 х годов;3;info;top
стиль 60 свадьбы;3;info;top
свадьба в дворянском стиле;3;info;top
свадьба в стиле великий гэтсби;3;info;top
4 свадьбы в осеннем стиле;3;info;top
богемный стиль свадьбы;3;info;top
свадьба в стиле 70;3;info;top
свадьба в стиле 90 х vs квадросвадьба;3;info;top
свадьбы в стиле сказок русских;3;info;top
гламурный стиль свадьбы;3;info;top
свадьба в черном стиле гости фото;3;info;top
проведение свадьбы в русском стиле;3;info;top
свадьба в русском стиле декор;3;vendors;top
свадьба в итальянском стиле одежда для гостей;3;info;top
стиль 90х женский на свадьбу;3;info;top
какой выбрать стиль свадьбы;3;info;top
свадьба в стиле острые козырьки фото;3;info;top
образ на свадьбу в русском стиле;3;info;top
европейский стиль одежды на свадьбу;3;info;top
свадьба в русском стиле меню;3;info;top
свадьба в стиле тотал блэк;3;info;top
свадьба в чувашском стиле;3;info;top
свадьба в стиле вестерн;3;info;top
свадьба в современном стиле традиции;3;info;top
свадьба в вампирском стиле 4 свадьбы;3;info;top
свадьба в стиле деревня дураков;3;info;top
4 свадьбы свадьба в русском стиле;3;info;top
свадьба в стиле бриджертонов;3;info;top
природный стиль свадьбы;3;info;top
свадьба в сицилийском стиле;3;info;top
деревенская свадьба в стиле 90;3;info;top
4 свадьбы в стиле бохо;3;info;top
свадьба в дагестанском стиле;3;info;top
свадьба в стиле гранж;3;info;top
стиль свадьбы бордо;3;info;top
свадьба в стиле рапунцель;3;info;top
свадьба в стиле вдв;3;info;top
4 свадьбы деревенский стиль;3;info;top
рустикальный стиль свадьбы;3;info;top
свадьба в русском стиле что одеть;3;info;top
свадьба в стиле 18 века;3;info;top
план рассадки гостей на свадьбе своими руками;3;info;top
дизайн рассадки гостей на свадьбе;3;info;top
свадебные площадки екб;2;core;top
свадебные площадки кемерово;2;core;top
свадебные площадки красноярск;2;core;top
свадебные площадки минск;2;core;top
свадебные площадки таганрог;2;core;top
свадебные площадки иркутск;2;core;top
свадебные площадки саратов;2;core;top
свадебные площадки екатеринбург;2;venue-type;top
свадебная площадка ульяновск;2;core;top
площадка для свадьбы особняк;2;venue-type;top
площадки для свадеб крым;2;core;top
бюджетные площадки для свадьбы спб;2;price;top
загородные площадки для проведения свадьбы;2;venue-type;top
площадка для свадеб липецк;2;core;top
площадка для свадьбы в калининграде;2;core;top
площадка для свадьбы ставрополь;2;core;top
площадки для свадьбы ленобласть;2;core;top
площадки йошкар олы для свадьбы;2;core;top
снять площадку москва для свадьбы;2;price;top
площадки для свадеб ростов;2;core;top
площадки для свадьбы петергоф;2;core;top
площадки для свадьбы пенза;2;core;top
загородные площадки для свадьбы екатеринбург;2;venue-type;top
какие вопросы задать площадке для свадьбы;2;core;top
лучшие площадки для свадьбы в нижнем новгороде;2;core;top
места для проведения свадеб в нижегородской области;2;core;top
банкетное место для свадьбы;2;venue-type;top
место для проведения свадьбы спб;2;core;top
места для свадьбы в липецке;2;rest;top
место для свадьбы в абрау дюрсо;2;core;top
место для свадьбы рязань;2;core;top
места для проведения свадеб казань;2;core;top
места для свадьбы казань;2;rest;top
места для проведения свадеб краснодар;2;core;top
места для свадьбы за городом;2;rest;top
как называется место для свадьбы;2;info;top
где скромно отметить свадьбу;2;info;top
где отметить свадьбу в ижевске;2;info;top
где отметить свадьбу в крыму;2;info;top
где отметить свадьбу в курске;2;info;top
где отметить свадьбу в оренбурге;2;info;top
где отметить свадьбу ростов;2;info;top
где отметить свадьбу в великом новгороде;2;info;top
где отметить свадьбу в брянске;2;info;top
где отметить свадьбу иваново;2;info;top
где отметить свадьбу в балаково;2;info;top
где отметить свадьбу за городом;2;info;top
где отметить свадьбу с друзьями;2;info;top
где отметить свадьбу в луганске;2;info;top
банкетные залы новороссийск для свадьбы;2;venue-type;top
банкетный зал новороссийск для свадеб;2;venue-type;top
банкетные залы псков для свадьбы;2;venue-type;top
банкетный зал псков для свадьбы;2;venue-type;top
банкетные залы томска для свадьбы;2;venue-type;top
банкетный зал для свадьбы томск;2;venue-type;top
банкетные залы для небольшой свадьбы;2;venue-type;top
небольшой банкетный зал для свадьбы;2;venue-type;top
банкетные залы кемерово для свадьбы;2;venue-type;top
банкетный зал в грозном для свадьбы;2;venue-type;top
банкетный зал для свадьбы кафе;2;venue-type;top
банкетный зал для свадьбы кемерово;2;venue-type;top
кафе банкетные залы для свадеб;2;venue-type;top
банкетные залы в саратове для свадьбы;2;venue-type;top
банкетный зал для свадьбы саратов;2;venue-type;top
банкетные залы в омске для свадьбы;2;venue-type;top
банкетные залы для свадьбы владимир;2;venue-type;top
банкетный зал для свадьбы владимир;2;venue-type;top
банкетный зал для свадьбы в пензе;2;venue-type;top
банкетные залы новосибирска для свадьбы;2;venue-type;top
банкетный зал для свадьбы новосибирск;2;venue-type;top
банкетные залы для свадьбы ростов на дону;2;venue-type;top
банкетный зал для свадьбы ростов на дону;2;venue-type;top
банкетные залы астрахани для свадьбы;2;venue-type;top
банкетный зал для свадьбы астрахань;2;venue-type;top
лучшие банкетные залы москвы для свадьбы;2;venue-type;top
банкетный зал вологда для свадьбы;2;venue-type;top
вологда банкетные залы для свадьбы;2;venue-type;top
майкоп рестораны для свадьбы;2;venue-type;top
снять ресторан для свадьбы воронеж цпрв;2;venue-type;top
ресторан для свадьбы иркутск;2;venue-type;top
ресторан для свадьбы тюмень;2;venue-type;top
рестораны для свадеб махачкала;2;venue-type;top
какой ресторан выбрать для свадьбы;2;venue-type;top
рестораны во владимире для свадьбы;2;venue-type;top
рестораны для свадьбы спб с панорамным видом;2;venue-type;top
ресторан для свадьбы томск;2;venue-type;top
ресторан для свадьбы в туле;2;venue-type;top
аренда зала для свадьбы воронеж;2;price;top
свадебный банкет калининград;2;core;top
свадебный банкет челябинск;2;core;top
свадебный банкет санкт петербург;2;core;top
свадебный банкет тверь;2;core;top
свадебный банкет блюда;2;core;top
свадебный банкет the wedding banquet 2025;2;core;top
свадебные традиции на банкете;2;info;top
план свадебного банкета;2;info;top
свадебный банкет кейтеринг;2;core;top
где провести свадьбу в белгороде;2;info;top
где провести свадьбу в калужской области;2;info;top
золушка проводи меня на свадьбу марисса мейер;2;rest;top
как провести день свадьбы без тамады;2;vendors;top
как называется место где проводят свадьбу;2;info;top
где провести свадьбу киров;2;info;top
провести свадьбу киров;2;core;top
где провести свадьбу в воронеже;2;info;top
провести свадьбу в сочи;2;core;top
сколько стоит провести свадьбу в иркутске;2;price;top
где провести свадьбу в челябинске;2;info;top
провести свадьбу челябинск;2;core;top
где провести свадьбу в коломне;2;info;top
как проводят современные свадьбы;2;info;top
как провести небольшую свадьбу;2;capacity;top
свадьба в кругу семьи как провести;2;info;top
где проводила свадьбу ида галич;2;info;top
как бюджетно провести свадьбу;2;price;top
как провести камерную свадьбу;2;capacity;top
как провести камерную свадьбу без ведущего;2;vendors;top
где проводить свадьбу в питере;2;info;top
кто проводит свадьбу в загсе;2;rest;top
провести свадьбу краснодар;2;core;top
где провести свадьбу в спб;2;info;top
провести свадьбу спб;2;core;top
где провести свадьбу владивосток;2;info;top
где провести свадьбу омск;2;info;top
где провести свадьбу ярославль;2;info;top
где провести свадьбу в тамбове;2;info;top
дом провести свадьба тамада;2;vendors;top
как провести свадьбу без тамады дома;2;vendors;top
где провести свадьбу в волгограде;2;info;top
за сколько дней до свадьбы проводят девичник;2;rest;top
самара провести свадьбу;2;core;top
слова как провести свадьба;2;info;top
организацией свадеб минск;2;core;top
организация свадеб армавир;2;core;top
организация мини свадьбы;2;core;top
организация свадьбы самара;2;core;top
организация свадеб тверь;2;core;top
организация свадьбы новосибирск;2;core;top
организация свадеб липецк;2;core;top
варианты организации свадьбы;2;core;top
организация свадьбы калининград;2;core;top
организация свадьбы омск;2;core;top
организация свадьбы челябинск;2;core;top
список дел для организации свадьбы;2;info;top
организация свадеб вологда;2;core;top
свадьба как в сумерках организация;2;info;top
организации идеальной свадьбы;2;core;top
организация свадьбы сочи;2;core;top
организация свадеб тула;2;core;top
как проходит организация свадьбы;2;info;top
организация свадьбы онлайн;2;core;top
марина кравец организация свадьбы;2;core;top
организация свадьбы казань;2;core;top
усадьбы для свадеб беларусь;2;venue-type;top
шатер для свадьбы пенза;2;venue-type;top
свадебный шатер купить для проведения свадеб;2;venue-type;top
шатер для свадьбы волгоград;2;venue-type;top
шатер для свадьбы казань;2;venue-type;top
дом коттедж для свадьбы;2;venue-type;top
снять коттедж для свадьбы новосибирск;2;venue-type;top
сниму коттедж посуточно для свадьбы;2;venue-type;top
свадьба на теплоходе в санкт петербурге;2;venue-type;top
свадьба на теплоходе петербург;2;venue-type;top
казань свадьба в лесу;2;venue-type;top
свадьба в оранжерее саду;2;venue-type;top
свадьба в оранжерее таврического сада;2;venue-type;top
свадьба в таврической оранжерея;2;venue-type;top
свадьба на природе видео;2;venue-type;top
свадьба на природе что приготовить на стол;2;venue-type;top
стиль свадьбы на природе;2;venue-type;top
арка на свадьбу на природе;2;venue-type;top
салат на свадьбу на природе;2;venue-type;top
свадьба на природе барнаул;2;venue-type;top
свадьба на природе ярославль;2;venue-type;top
сценарий свадьбы без тамады на природе;2;vendors;top
свадьба на природе пинтерест;2;venue-type;top
свадьба на природе волгоград;2;venue-type;top
свадьба на природе ижевск;2;venue-type;top
маленькая свадьба на природе;2;venue-type;top
где отпраздновать свадьбу на природе;2;venue-type;top
свадьба на 10 человек как организовать;2;capacity;top
банкетный залы на 10 человек свадьба;2;venue-type;top
свадьба на 10 человек спб;2;capacity;top
банкетное меню на свадьбу на 20 человек;2;venue-type;top
бюджетная свадьба на 20 человек;2;capacity;top
расчет алкоголя на свадьбу 30 человек;2;rest;top
расчет свадьбы на 30 человек;2;capacity;top
расстановка столов на свадьбу на 30 человек;2;capacity;top
свадьба без ведущего на 30 человек;2;vendors;top
средняя стоимость свадьбы на 50 человек;2;capacity;top
кафе на свадьбу 50 человек;2;venue-type;top
меню на свадьбу на 100 человек;2;capacity;top
камерная свадьба пермь;2;capacity;top
камерная свадьба ростов на дону;2;capacity;top
камерная свадьба 2026;2;capacity;top
камерная свадьба до скольки человек;2;capacity;top
камерная свадьба екатеринбург;2;venue-type;top
где отпраздновать камерную свадьбу;2;capacity;top
камерная свадьба концепция;2;capacity;top
камерная свадьба омск;2;capacity;top
как понять камерная свадьба;2;capacity;top
камерная свадьба почему так называется;2;capacity;top
оформление камерной свадьбы;2;vendors;top
маленькие мальчики на свадьбе;2;capacity;top
маленькая свадьба спб;2;capacity;top
маленькое кафе для маленькой свадьбы;2;venue-type;top
маленькая сестренка на свадьбе;2;capacity;top
свадьба в джинсах и футболках для двоих;2;capacity;top
свадьба для двоих спб;2;capacity;top
свадьба за городом воронеж;2;rest;top
свадьба за городом с размещением;2;rest;top
бюджетная свадьба в подмосковье под ключ;2;price;top
загородная свадьба краснодар;2;venue-type;top
недорогой стол на свадьбу;2;price;top
свадьба воронеж недорого;2;price;top
свадьба воронеж недорого кафе;2;venue-type;top
недорогая свадьба казань;2;price;top
видеограф на свадьбу недорого;2;vendors;top
свадьба под ключ недорого цены;2;price;top
хорошее красное вино на свадьбу недорогое;2;price;top
заказать кафе на свадьбу недорого;2;venue-type;top
свадьба в екатеринбурге недорого;2;venue-type;top
свадьба воронеж под ключ цена;2;price;top
свадьба под ключ в коттедже;2;venue-type;top
свадьба под ключ гомель;2;price;top
свадьба под ключ нижний новгород цены;2;price;top
свадьба под ключ сургут;2;price;top
свадьба под ключ кино;2;price;top
свадьба под ключ пермь;2;price;top
свадьба под ключ великий новгород;2;price;top
свадьба под ключ орел;2;price;top
свадьба на мальдивах под ключ;2;price;top
свадьба под ключ екатеринбург цена;2;venue-type;top
свадьба под ключ екатеринбург цена проекты;2;venue-type;top
свадьба под ключ ставрополь;2;price;top
свадьба под ключ саранск;2;price;top
средняя стоимость декора на свадьбу;2;vendors;top
стоимость банкета на свадьбу на 1 человека;2;capacity;top
замок бип свадьба стоимость;2;venue-type;top
стоимость свадьбы в санкт петербурге;2;price;top
гос пошлина загс свадьба стоимость;2;price;top
гос пошлина загс свадьба стоимость 2026;2;price;top
рассчитать стоимость свадьбы калькулятор;2;price;top
свадьба в гатчинском дворце стоимость;2;price;top
константиновский дворец свадьба стоимость;2;price;top
свадьба в армении стоимость;2;price;top
юсуповский дворец фотосессия свадьба стоимость;2;vendors;top
стоимость бюджетной свадьбы;2;price;top
свадьба 40 человек стоимость;2;price;top
свадьба екатеринбург стоимость;2;venue-type;top
оформление свадеб стоимость;2;vendors;top
сколько стоят услуги ведущего на свадьбу;2;vendors;top
сколько стоит отметить свадьбу в кафе;2;venue-type;top
сколько стоит выступление клавы коки на свадьбе;2;price;top
сколько стоит свадьба в иркутске;2;price;top
сколько стоит азамат мусагалиев на свадьбу;2;price;top
сколько стоит биштов на свадьбу;2;price;top
сколько стоит играть свадьбу;2;price;top
сколько стоит заказать егора крида на свадьбу;2;price;top
сколько стоит позвать на свадьбу ваню дмитриенко;2;price;top
сколько стоит выступление лазарева на свадьбе;2;price;top
сколько стоит кравц на свадьбу;2;price;top
сколько стоит позвать анну асти на свадьбу;2;price;top
сколько стоит позвать баскова на свадьбу;2;price;top
сколько стоит позвать тимати на свадьбу;2;price;top
сколько стоит свадьба пермь;2;price;top
сколько стоит заказать иванушек интернешнл на свадьбу;2;price;top
сколько стоит нанять фотографа на свадьбу;2;vendors;top
сколько стоит заказать лепса на свадьбу;2;price;top
сколько стоит кусок торта на свадьбе;2;vendors;top
сколько стоит пригласить мари краймбрери на свадьбу;2;price;top
сколько стоит свадьба в осетии;2;price;top
сколько стоит позвать лепса на свадьбу;2;price;top
сколько стоит заказать лазарева на свадьбу;2;price;top
сколько стоит свадьба в уфе;2;price;top
патимат расулова сколько стоит выступление на свадьбе;2;price;top
сколько стоила свадьба тейлор свифт;2;price;top
сколько стоят услуги декоратора на свадьбу;2;vendors;top
сколько стоит свадьба в питере;2;price;top
сколько стоит пригласить кристину на свадьбу;2;price;top
сколько стоит федук на свадьбу;2;price;top
сколько стоят белые голуби на свадьбу;2;rest;top
сколько стоит икона для свадьбы;2;price;top
сколько денег стоит дарить на свадьбу;2;rest;top
сколько стоят музыканты на свадьбу;2;vendors;top
сколько стоит заказать акмаля на свадьбу;2;price;top
сколько стоит арендовать ресторан на свадьбу;2;venue-type;top
сколько стоит оформление зала на свадьбу;2;vendors;top
сколько в среднем стоит организовать свадьбу;2;rest;top
сколько стоит дешевая свадьба;2;price;top
сколько стоит заказать гуфа на свадьбу;2;price;top
сколько стоит пригласить клаву коку на свадьбу;2;price;top
сколько стоит свадьба в липецке;2;price;top
сколько стоит свадьба покров и бабич;2;price;top
сколько стоит пригласить гуфа на свадьбу;2;price;top
сколько стоит пригласить иванушек интернешнл на свадьбу;2;price;top
сколько стоит свадьба в курске;2;price;top
сколько стоит пригласить лазарева на свадьбу;2;price;top
сколько стоит свадьба в чебоксарах;2;price;top
свадьба с фуршетом без банкета;2;core;top
свадьба без банкета только загс;2;core;top
табу для ведущего на свадьбе;2;vendors;top
ведущий на свадьбу донецк;2;vendors;top
ведущий на свадьбу рыбинск;2;vendors;top
нагиев ведущий на свадьбу цена;2;vendors;top
на сколько часов брать ведущего на свадьбу;2;vendors;top
сколько берет ведущий на свадьбу;2;vendors;top
сколько берут ведущие на свадьбу;2;vendors;top
ведущий и диджей на свадьбу спб;2;vendors;top
ведущий на свадьбу мичуринск;2;vendors;top
ведущий на свадьбу омск;2;vendors;top
ведущий на свадьбу павел;2;vendors;top
ведущий на свадьбу тульская область;2;vendors;top
ведущий на свадьбу череповец;2;vendors;top
илья сатир ведущий на свадьбу цена;2;vendors;top
роль для ведущего на свадьбе сценарий;2;vendors;top
сатир ведущий на свадьбу цена;2;vendors;top
ведущий на свадьбу корпоратив праздник;2;vendors;top
ведущие на свадьбу йошкар ола;2;vendors;top
ведущий на христианскую свадьбу;2;vendors;top
ведущая на свадьбу ольга;2;vendors;top
илья соболев ведущий на свадьбу;2;vendors;top
ведущий на золотую свадьбу;2;vendors;top
звездный ведущий на свадьбу;2;vendors;top
фон для ведущих на свадьбу;2;vendors;top
александр касаткин ведущий на свадьбу цена;2;vendors;top
ведущий на свадьбу иркутск;2;vendors;top
ведущий на свадьбу минск;2;vendors;top
зажигание семейного очага на свадьбе слова ведущего;2;vendors;top
отбивки на свадьбу для ведущего;2;vendors;top
ведущий на свадьбу луганск;2;vendors;top
в сальске ведущие на свадьбу;2;vendors;top
описание гостей для ведущего на свадьбу;2;vendors;top
описание гостей на свадьбу для ведущего примеры;2;vendors;top
ведущий на свадьбу красноярск;2;vendors;top
торт на свадьбе слова ведущего;2;vendors;top
как написать ведущему на свадьбу правильно;2;vendors;top
ведущий на свадьбу артем;2;vendors;top
ведущий на свадьбу пенза цена;2;vendors;top
фотографа отказались кормить на свадьбе;2;vendors;top
фотограф на свадьбу тюмень;2;vendors;top
фотограф на свадьбу тула;2;vendors;top
фотограф на свадьбу тверь;2;vendors;top
слова благодарности фотографу на свадьбе;2;vendors;top
фотограф и оператор на свадьбу;2;vendors;top
на сколько часов нужен фотограф на свадьбу;2;vendors;top
фотограф на свадьбу питер;2;vendors;top
как одеться фотографу на свадьбу;2;vendors;top
фотограф трахнул невесту на свадьбе;2;vendors;top
нужно ли кормить фотографа на свадьбе;2;vendors;top
фотограф на свадьбу спб;2;vendors;top
фотограф и видеооператор на свадьбу;2;vendors;top
благодарность видеографу на свадьбе;2;vendors;top
видеограф на свадьбу спб;2;vendors;top
изготовление свадебного декора;2;vendors;top
что нужно для свадебного декора;2;vendors;top
продажа свадебного декора;2;vendors;top
тюль для декора свадебный;2;vendors;top
аренда свадебного декора краснодар;2;vendors;top
свадебный декор авто;2;vendors;top
свадебный декор каркас;2;vendors;top
свадебный декор краснодар;2;vendors;top
свадебный декор курск;2;vendors;top
свадебный декор пятигорск;2;vendors;top
свадебный декор ресторана;2;vendors;top
свадебный декор своими руками идеи;2;vendors;top
декор свадебных стульев;2;vendors;top
свадебный декор форум;2;vendors;top
виды свадебного декора;2;vendors;top
свадебный черный декор;2;vendors;top
свадебный декор тверь;2;vendors;top
декор свадебных бокалов своими руками;2;vendors;top
свадебный декор самара;2;vendors;top
свадебный декор фотозоны;2;vendors;top
мелодрама про оформления свадьбы на твц;2;vendors;top
оформление круглой арки на свадьбу;2;vendors;top
оформление свадьбы ростов;2;vendors;top
оформление стен на свадьбу;2;vendors;top
оформление свадьбы 2026 тренды;2;vendors;top
оформление свадьбы новосибирск;2;vendors;top
свадьба в белом цвете оформление;2;vendors;top
цветовое оформление свадьбы;2;vendors;top
бело зеленое оформление свадьбы;2;vendors;top
оформление авто на свадьбу;2;vendors;top
свадьба оформление помещения;2;vendors;top
оформление зала на свадьбу 2026;2;vendors;top
заказать оформление свадьбы;2;vendors;top
оформление конверта на свадьбу;2;vendors;top
оформление кафе на свадьбу;2;vendors;top
договор оформления свадьбы;2;vendors;top
оформление бумажной свадьбы;2;vendors;top
оформление свадьбы банкет;2;vendors;top
оформление свадьбы в стиле рустик;2;vendors;top
оформление синей свадьбы;2;vendors;top
черное оформление свадьбы;2;vendors;top
оформление баннера на свадьбу;2;vendors;top
классическое оформление свадьбы;2;vendors;top
бежевое оформление свадьбы;2;vendors;top
оформление банкетного зала на свадьбу цены;2;vendors;top
оформление выездной регистрации на свадьбу на улице;2;vendors;top
уличное оформление свадеб;2;vendors;top
школа свадебных организаторов;2;vendors;top
свадебный организатор саратов;2;vendors;top
анастасия нестерова свадебный организатор;2;vendors;top
свадебный организатор софья;2;vendors;top
свадебный организатор челябинск;2;vendors;top
свадебный организатор пермь;2;vendors;top
день свадебного организатора;2;vendors;top
нужен свадебный организатор;2;vendors;top
что делает свадебный организатор;2;vendors;top
договор свадебного организатора;2;vendors;top
свадебный организатор воронеж;2;vendors;top
свадебное агентство череповец;2;vendors;top
свадебное агентство псков;2;vendors;top
свадьберри свадебное агентство;2;vendors;top
свадебное агентство love;2;vendors;top
свадебное агентство краснодар;2;vendors;top
свадебное агентство смоленск;2;vendors;top
свадебное агентство томск;2;vendors;top
свадебные агентства ростов;2;vendors;top
bonweddings свадебное агентство;2;vendors;top
договор со свадебным агентством;2;vendors;top
свадебное агентство услуга;2;vendors;top
свадебное агентство пхукет;2;vendors;top
заказать кавер группу на свадьбу;2;vendors;top
услуги диджея на свадьбу;2;rest;top
диджей на свадьбу спб;2;vendors;top
калькулятор свадебного торта;2;vendors;top
свадебные торты прямоугольные с вафельной бумагой;2;vendors;top
свадебный торт 2026 минимализм;2;vendors;top
свадебный торт круглый большой;2;vendors;top
свадебный торт новосибирск;2;vendors;top
свадебный торт с черникой;2;vendors;top
торт свадебный гендер пати;2;vendors;top
салют свадебный торт;2;vendors;top
свадебный торт владикавказ;2;vendors;top
свадебный торт на заказ владикавказ;2;vendors;top
переноска для свадебного торта;2;vendors;top
свадебный торт одноярусный большой;2;vendors;top
свадебный торт с ягодами фото;2;vendors;top
свадебный торт красный бархат двухъярусный;2;vendors;top
торт свадебный фисташковый;2;vendors;top
свадебный торт с кремовыми цветами;2;vendors;top
сколько стоит свадебный торт на 40 человек;2;vendors;top
простое оформление свадебного торта;2;vendors;top
нежный свадебный торт;2;vendors;top
самая популярная начинка для свадебного торта;2;vendors;top
свадебные торты астрахань;2;vendors;top
свадебный торт бохо;2;vendors;top
свадебный торт хохлома;2;vendors;top
сколько надо свечей на свадебный торт;2;vendors;top
двухъярусный свадебный торт картинки;2;vendors;top
свадебный торт в стиле ламбет;2;vendors;top
свадебный торт с орхидеями;2;vendors;top
фотография свадебного торта;2;vendors;top
какого размера должен быть свадебный торт;2;vendors;top
расчет веса свадебного торта;2;vendors;top
2 х ярусный свадебный торт;2;vendors;top
длинный свадебный торт со свечами;2;vendors;top
как собрать свадебный прямоугольный торт;2;vendors;top
купить стол свадебный для торта;2;vendors;top
оформление свадебного торта вафельной бумагой;2;vendors;top
свадебные торты 10кг;2;vendors;top
свадебный торт из 90;2;vendors;top
свадебный торт одноярусный минимализм на свадьбу;2;vendors;top
свадебный торт с бусинками;2;vendors;top
свадебный торт с рисовой бумагой;2;vendors;top
свадебный торт стерлитамак;2;vendors;top
торт свадебный в виде свечи;2;vendors;top
украсить прямоугольный свадебный торт;2;vendors;top
французский свадебный торт;2;vendors;top
свадебный торт новороссийск;2;vendors;top
свадебный торт воронеж;2;vendors;top
торт свадебный 4кг;2;vendors;top
прямоугольный торт свадебный с бусинами;2;vendors;top
свадебный торт квадратный одноярусный;2;vendors;top
ставят ли свечи на свадебный торт;2;vendors;top
торт свадебный в голубом цвете;2;vendors;top
заказ свадебного торта фото;2;vendors;top
свадебный торт белгород;2;vendors;top
сколько стоит свадебный торт на 30 человек;2;vendors;top
торт свадебный интересный;2;vendors;top
поднос для свадебного торта;2;vendors;top
дизайн свадебного торта 2 яруса;2;vendors;top
как резать свадебный торт;2;vendors;top
свадебный торт в длину;2;vendors;top
торты свадебные топ;2;vendors;top
свадебный торт александра;2;vendors;top
свадебный торт александров;2;vendors;top
свадебный торт квадратный фото;2;vendors;top
стоимость свадебного торта на 30 человек;2;vendors;top
уронили свадебный торт;2;vendors;top
договор на свадебный торт;2;vendors;top
свадебный торт брянск;2;vendors;top
свадебный торт киров;2;vendors;top
вынос свадебного торта на свадьбе;2;vendors;top
вынос свадебного торта на свадьбе музыка;2;vendors;top
меренговый свадебный торт;2;vendors;top
рецепт вкусного свадебного торта;2;vendors;top
свадебный торт 1 ярусный;2;vendors;top
свадебный торт ульяновск;2;vendors;top
свадебный торт волгоград;2;vendors;top
свадебный торт с фальш ярусом и подсветкой;2;vendors;top
как перевозить свадебный торт;2;vendors;top
большие свадебные торты цены;2;vendors;top
свадебный торт с жемчужинами;2;vendors;top
свадебные торты тюмень;2;vendors;top
дизайн свадебного торта прямоугольный;2;vendors;top
свадебный торт маленький одноярусный;2;vendors;top
свадебный торт с голубикой;2;vendors;top
свадебный торт с живыми цветами двухъярусный;2;vendors;top
торт свадебный с шарами;2;vendors;top
свадебный торт тверь;2;vendors;top
лягушки на торте как сделать свадебные;2;vendors;top
свадебные торты липецк;2;vendors;top
сколько стоит свадебный торт на 60 человек;2;vendors;top
свадебный торт краснодар;2;vendors;top
свадебный торт с бусами;2;vendors;top
проба свадебного торта;2;vendors;top
свадебный торт в форме сердца;2;vendors;top
свадебный торт пирог с ягодами;2;vendors;top
бенто торт свадебный дизайн;2;vendors;top
свадебный торт с кружевом;2;vendors;top
как можно украсить свадебный торт;2;vendors;top
оформление свадебного торта в домашних условиях;2;vendors;top
свадебный торт муж и невестка мини дорама;2;vendors;top
свадебный торт с эустомой;2;vendors;top
свадебный торт фото двухъярусный на свадьбу 2026;2;vendors;top
торты 2026 свадебные квадратные;2;vendors;top
свадебный стилист нижний новгород;2;vendors;top
свадебный стилист санкт петербург;2;vendors;top
студия свадебных стилистов;2;vendors;top
визажист на свадьбу цена;2;vendors;top
визажист на свадьбу самара;2;vendors;top
выездная регистрация брака иваново;2;vendors;top
выездная регистрация брака новороссийск;2;vendors;top
каркас для выездной регистрации;2;vendors;top
выездная регистрация минск;2;vendors;top
выездная регистрация брака калуга;2;vendors;top
выездная регистрация новосибирск;2;vendors;top
выездная регистрация брака в крыму;2;vendors;top
выездной регистрации крым;2;vendors;top
как оформляется выездная регистрация;2;vendors;top
выездная регистрация брака комсомольск;2;vendors;top
выездная регистрация ижевск;2;vendors;top
выездная регистрация почему;2;vendors;top
выездная регистрация саранск;2;vendors;top
можно ли официально расписаться на выездной регистрации;2;vendors;top
выездная регистрация брака нижний новгород;2;vendors;top
сколько стоит выездная регистрация брака в липецке;2;vendors;top
сколько стоит выездная регистрация в липецке;2;vendors;top
выездная регистрация брака казань;2;vendors;top
если выездная регистрация куда подавать заявление;2;vendors;top
как организовывается выездная регистрация;2;vendors;top
как организовывается выездная регистрация брака;2;vendors;top
как организуется выездная регистрация;2;vendors;top
выездная регистрация тольятти;2;vendors;top
выездная регистрация уфа;2;vendors;top
выездная регистрация стулья;2;vendors;top
стол для выездной регистрации;2;vendors;top
свидетельство для выездной регистрации;2;vendors;top
трогательная выездная регистрация;2;vendors;top
выездная регистрация брака пенза;2;vendors;top
выездная регистрация оренбург;2;vendors;top
выездная регистрация молодых;2;vendors;top
бланк для выездной регистрации;2;vendors;top
выездная регистрация брака владимир;2;vendors;top
выездная регистрация свадьбы сценарий;2;vendors;top
выездная регистрация брака чебоксары;2;vendors;top
клятва жениха на выездную регистрацию;2;vendors;top
выездная регистрация сделок;2;vendors;top
сколько стоит выездная регистрация брака в орле;2;vendors;top
выездная регистрация брака краснодар стоимость;2;vendors;top
выездная регистрация краснодар стоимость;2;vendors;top
свадебная регистрация выездная фото;2;vendors;top
свадебные арки для выездной регистрации фото;2;vendors;top
дорожка для выездной регистрации;2;vendors;top
трибуна для выездной регистрации;2;vendors;top
столик для выездной регистрации;2;vendors;top
выездная регистрация у воды;2;vendors;top
выездная регистрация краснодарский край;2;vendors;top
чек лист невесты в подготовке к свадьбе;2;info;top
примерный бюджет на свадьбу;2;rest;top
как рассчитать бюджет на свадьбу;2;info;top
самый большой бюджет в 4 свадьбы;2;rest;top
калькулятор бюджета свадьбы;2;rest;top
бюджет свадьбы таблица;2;rest;top
4 свадьбы с большим бюджетом;2;rest;top
средний бюджет свадьбы в россии;2;rest;top
встреча молодых на свадьбе сценарий;2;info;top
встреча молодых с караваем на свадьбе сценарий;2;info;top
встреча с караваем на свадьбе сценарий;2;info;top
2й день свадьбы сценарий;2;info;top
сценарий для неопытной тамады на свадьбу;2;vendors;top
веселый сценарий свадьбы дома;2;info;top
выкуп жениха на свадьбе сценарий;2;info;top
найти сценарий на свадьбу;2;info;top
программа на свадьбу сценарий для тамады;2;vendors;top
юбилей свадьбы 20 сценарий;2;info;top
программа проведения свадьбы сценарий для ведущего;2;vendors;top
торт свадьба сценарий;2;vendors;top
сценарий свадьба славянская;2;info;top
сценарий свадьбы 2000;2;info;top
сценарий свадьбы в славянском стиле;2;info;top
сценарий юбилейной свадьбы;2;info;top
русская традиционная свадьба сценарий;2;info;top
свадьба дома сценарий для самых близких;2;info;top
сценарий традиционной свадьбы;2;info;top
сценарий розовой свадьбы;2;info;top
сценарий мероприятие свадьба;2;info;top
сценарий молодежной свадьбы;2;info;top
сценарий для девичника перед свадьбой;2;info;top
сценарий сельской свадьбы;2;info;top
сценарий свадьбы дочери;2;info;top
легкий сценарий для свадьбы;2;info;top
сценарий второй день свадьбы для ведущей;2;vendors;top
сценарий чувашской свадьбы;2;info;top
сценарий свадьбы слова родителей;2;info;top
сценарий веселый второго дня свадьбы;2;info;top
сценарий второй день свадьбы весело;2;info;top
купить готовый сценарий свадьбы;2;info;top
сценарий свадьбы на 25 человек;2;capacity;top
сценарий изумрудной свадьбы в домашних условиях;2;info;top
красивый сценарий свадьбы для тамады;2;vendors;top
начало свадьбы сценарий для тамады красивое;2;vendors;top
необычные сценарии свадьбы для тамады;2;vendors;top
свадьба сценарий для тамады красивое и необычное;2;vendors;top
свадьба сценарий красивое и необычное начало;2;info;top
готовый сценарий небольшой свадьбы;2;capacity;top
сценарий первого дня свадьбы;2;info;top
свадьба проведение праздника сценарий;2;info;top
сценарий квеста на свадьбу;2;info;top
сценарий свадьбы в домашних условиях смешные;2;info;top
сценарий свадьбы с родственниками;2;info;top
сценарий цыганки на свадьбу;2;info;top
26 сентября свадьба в ираке;2;info;top
свадьба в сентябре мир космоса;2;info;top
как одеться на свадьбу в сентябре мужчине;2;info;top
идеи для скромной свадьбы;2;info;top
идеи для 2 дня свадьбы;2;info;top
идеи для свадьбы летом;2;info;top
идеи для фотозоны на свадьбу;2;vendors;top
интересные идеи для свадьбы для гостей;2;info;top
идеи для рассадки гостей на свадьбе;2;info;top
свадьба в стиле 80 90х;2;info;top
свадьба в стиле 90 х что надеть;2;info;top
свадьба в дачном стиле свадьба в замке;2;info;top
свадьба в новогоднем стиле;2;info;top
свадьба в стиле 2010;2;info;top
свадьба в стиле тиффани;2;info;top
свадьба в стиле рококо;2;info;top
свадьба в лимонном стиле;2;info;top
свадьбы в стиле ню;2;info;top
свадьба в колхозном стиле;2;info;top
одеться на свадьбу стиль кэжуал;2;info;top
свадьба в стиле гжель;2;info;top
свадьба в стиле 2000х;2;info;top
4 свадьбы свадьба в стиле комиксов;2;info;top
свадьба в шоколадном стиле;2;info;top
интересные стили свадьбы;2;info;top
образ на свадьбу в морском стиле;2;info;top
свадьба в испанском стиле;2;info;top
свадьба в стиле 00 х;2;info;top
свадьба в стиле 00 х годов;2;info;top
свадьба в стиле 70 х годов;2;info;top
свадьба в стиле хиппи;2;info;top
свадьба в стиле 90 00;2;info;top
свадьба в арабском стиле;2;info;top
свадьба в стиле стендап вечеринки vs;2;info;top
популярные стили свадьбы;2;info;top
пригласительные на свадьбу в стиле 90 х;2;info;top
свадьба в стиле гетсби;2;info;top
4 свадьбы свадьба в стиле бдсм;2;info;top
свадьба в стиле готика;2;info;top
свадьба в бежевом стиле;2;info;top
стиль свадьбы клавы коки;2;info;top
4 свадьбы выпуск в стиле 90;2;info;top
дофаминовый стиль свадьбы;2;info;top
свадьба в черно красном стиле;2;info;top
стили интерьера свадьба;2;info;top
стиль свадьбы а ля рус;2;info;top
свадьба в стиле арт деко;2;info;top
свадьба в старорусском стиле на современный лад;2;info;top
дискотека в стиле свадьбы;2;info;top
свадьба в стиле минимализм vs ассирийская свадьба;2;info;top
свадьба в стиле фуршет;2;info;top
свадьба в стиле блэк тай;2;info;top
романтический стиль свадьбы;2;info;top
свадьба в деревенском стиле одежда;2;info;top
свадьба в стиле крестного отца;2;info;top
стиль на свадьбу паре;2;info;top
свадьба в стиле китч манга;2;info;top
свадьба в деревенском стиле vs пожарная;2;info;top
свадьба в стиле сафари;2;info;top
свадьба стиль гламур;2;info;top
свадьба в стиле рустик фото;2;info;top
как делать рассадку гостей на свадьбе;2;info;top
как правильно делать рассадку гостей на свадьбе;2;info;top
плакат для рассадки гостей на свадьбе;2;info;top
сгенерировать рассадку гостей на свадьбу;2;info;top
карточки рассадки гостей на свадьбе онлайн;2;info;top
рассадка гостей на свадьбе буквой п;2;info;top
как правильно сделать рассадку гостей на свадьбе;2;info;top
виды рассадки гостей на свадьбе;2;info;top
электронная рассадка гостей на свадьбу;2;info;top
как делается рассадка гостей на свадьбе;2;info;top
свадебная площадка небо;1;core;top
свадебные площадки геленджик;1;core;top
свадебные площадки ленинградской области;1;core;top
свадебные площадки на природе спб;1;venue-type;top
свадебные площадки рязанская область;1;core;top
свадебные площадки владимир;1;core;top
вопросы для свадебной площадки;1;core;top
свадебные площадки кмв;1;core;top
свадебные площадки пенза;1;core;top
свадебные площадки тюмень;1;core;top
свадебные площадки челябинск;1;core;top
свадебные площадки иваново;1;core;top
свадебные площадки липецк;1;core;top
площадки для свадьбы с коттеджем;1;venue-type;top
площадка спб для камерной свадьбы;1;capacity;top
авито площадка для свадьбы;1;core;top
необычные площадки для свадьбы;1;core;top
площадка для свадьбы красная поляна;1;core;top
площадки для камерных свадеб нижний новгород;1;capacity;top
площадки для проведения свадьбы воронеж;1;core;top
площадки для проведения свадьбы нижний новгород;1;core;top
площадки для проведения свадьбы сочи;1;core;top
площадки для проведения свадьбы спб;1;core;top
площадки для свадьбы екб;1;core;top
площадки для свадьбы иркутск;1;core;top
площадки для свадьбы краснодарский край;1;core;top
площадки для свадьбы челны;1;core;top
лучшие площадки для свадьбы в спб;1;core;top
загородные площадки для свадьбы воронеж;1;venue-type;top
площадка для проведения свадьбы на природе;1;venue-type;top
площадки для проведения свадьбы красноярск;1;core;top
площадки для свадьбы ростов на дону;1;core;top
площадки для свадьбы севастополь;1;core;top
площадка для свадьбы саранск;1;core;top
места для свадьбы нижний новгород;1;rest;top
места для фотосессии в спб на свадьбу;1;vendors;top
красивые места для свадьбы спб;1;rest;top
места для свадеб сочи;1;rest;top
места для свадьбы в калуге;1;rest;top
места для свадьбы в крыму;1;rest;top
место для свадьбы владивосток;1;core;top
место для свадьбы ульяновск;1;core;top
место на свадьбе для тех кто умер;1;rest;top
место для свадьбы в смоленске;1;core;top
идеальное место для свадьбы;1;core;top
места для свадеб тверь;1;rest;top
места для свадьбы саратов;1;rest;top
красивые места для церемонии свадьбы;1;rest;top
место для свадьбы минск;1;core;top
место для свадьбы ростов;1;core;top
места для свадьбы кострома;1;rest;top
место для проведения свадьбы саранск;1;core;top
ярославль места для свадьбы;1;rest;top
где отметить свадьбу в анапе;1;info;top
где отметить свадьбу в орле;1;info;top
камышин где отметить свадьбу;1;info;top
где отметить свадьбу в тамбове;1;info;top
где можно отметить свадьбу спб;1;info;top
где можно отметить второй день свадьбы;1;info;top
где отметить небольшую свадьбу;1;capacity;top
где отметить свадьбу в богородском округе;1;info;top
где отметить свадьбу в кирове;1;info;top
где отметить свадьбу в новокузнецке;1;info;top
где отметить свадьбу в уфе;1;info;top
где отметить свадьбу тольятти;1;info;top
где отмечать свадьбу екатеринбург;1;venue-type;top
кострома где отметить свадьбу;1;info;top
где отметить свадьбу в ставрополе;1;info;top
старый оскол где отметить свадьбу;1;info;top
где отметить 2 день свадьбы;1;info;top
где отметить свадьбу в ярославле;1;info;top
где отметить свадьбу ульяновск;1;info;top
где отметить свадьбу в липецке;1;info;top
где отметить свадьбу в нижнем тагиле;1;info;top
где отметить свадьбу в ростове на дону;1;info;top
где отметить свадьбу в симферополе;1;info;top
где отметить свадьбу в чебоксарах;1;info;top
банкетные залы для свадьбы уфа;1;venue-type;top
банкетные залы череповец для свадьбы;1;venue-type;top
банкетный зал для свадьбы уфа;1;venue-type;top
банкетный зал череповец для свадьбы;1;venue-type;top
банкетный зал для свадьбы петергоф;1;venue-type;top
петергоф банкетные залы для свадьбы;1;venue-type;top
петергоф лофт банкетный зал для свадьбы;1;venue-type;top
банкетные залы новокузнецк для свадеб;1;venue-type;top
банкетный зал новокузнецк для свадьбы;1;venue-type;top
банкетные залы иваново для свадьбы;1;venue-type;top
банкетный зал для свадьбы иваново;1;venue-type;top
банкетный зал для свадеб и корпоративов;1;venue-type;top
банкетный зал для свадьбы 25 человек;1;venue-type;top
банкетные залы для свадьбы иркутск;1;venue-type;top
банкетные залы севастополь для свадьбы;1;venue-type;top
банкетные залы сочи для свадьбы;1;venue-type;top
банкетный зал для свадьбы иркутск;1;venue-type;top
банкетный зал севастополь для свадьбы;1;venue-type;top
банкетный зал сочи для свадьбы;1;venue-type;top
банкетный зал челябинск для свадьбы недорого;1;venue-type;top
банкетные залы ессентуки для свадьбы;1;venue-type;top
банкетный зал ессентуки для свадеб;1;venue-type;top
банкетный зал для свадьбы дагестан;1;venue-type;top
банкетный зал для свадьбы таганрог;1;venue-type;top
красивые банкетные залы для свадеб москва;1;venue-type;top
банкетные залы для свадьбы брянск;1;venue-type;top
банкетные залы симферополь для свадьбы;1;venue-type;top
банкетный зал в тамбове для свадьбы;1;venue-type;top
банкетный зал для свадьбы брянск;1;venue-type;top
банкетный зал для свадьбы симферополь;1;venue-type;top
рейтинг банкетных залов для свадьбы;1;venue-type;top
ресторан для свадьбы киров;1;venue-type;top
ресторан для свадьбы центр спб;1;venue-type;top
ресторан для свадьбы череповец;1;venue-type;top
рестораны для проведения свадьбы тверь;1;venue-type;top
рестораны для свадьбы донецк;1;venue-type;top
ресторан для свадьбы ульяновск;1;venue-type;top
кафе рестораны нижнего для свадьбы;1;venue-type;top
орск рестораны для свадьбы;1;venue-type;top
ресторан для камерной свадьбы екатеринбург;1;venue-type;top
рестораны в чегеме для свадеб;1;venue-type;top
рестораны для свадеб ессентуки;1;venue-type;top
рестораны для свадьбы ставрополь;1;venue-type;top
рестораны екб для свадьбы;1;venue-type;top
алматы рестораны для свадьбы;1;venue-type;top
рестораны для свадьбы челябинск;1;venue-type;top
рестораны читы для свадьбы;1;venue-type;top
лучшие рестораны для свадьбы спб;1;venue-type;top
рестораны иваново для свадьбы;1;venue-type;top
рестораны для свадьбы челны;1;venue-type;top
рестораны набережные челны для свадьбы;1;venue-type;top
рестораны для свадьбы калининград;1;venue-type;top
рестораны спб для свадьбы на 10 человек;1;venue-type;top
аренда ресторана для свадьбы спб;1;venue-type;top
ресторан для свадьбы новосибирск;1;venue-type;top
свадебный банкет на 15 человек;1;capacity;top
свадебный банкет во владимире;1;core;top
свадебный банкет видео;1;core;top
свадебный банкет омск;1;core;top
свадебные банкеты краснодар;1;core;top
свадебные банкеты пенза;1;core;top
свадебные банкеты саратов;1;core;top
свадебные банкеты тамбов;1;core;top
свадебный банкет липецк;1;core;top
сколько обычно длится свадебный банкет;1;core;top
свадебные банкеты уфа;1;core;top
сколько по времени длится свадебный банкет;1;core;top
во время свадебного банкета новая;1;core;top
во время свадебного банкета новая свекровь;1;core;top
во время свадебного банкета свекровь;1;core;top
во время свадебного банкета свекровь вручила;1;core;top
свадебный банкет иркутск;1;core;top
свадебный банкет ростов;1;core;top
свадебный банкет тольятти;1;core;top
свадебный банкет самара;1;core;top
свадебные банкеты нижний;1;core;top
свадебный банкет белгород;1;core;top
свадебный банкет рязань;1;core;top
роналду будет проводить свадьбу;1;rest;top
свадьба как провести скромно;1;info;top
свадьба провести иваново;1;core;top
скромная свадьба идеи как провести;1;info;top
как называют человека который проводит свадьбы;1;info;top
что нужно чтобы провести свадьбу;1;info;top
как провести домашнюю свадьбу;1;info;top
как провести свадьбу в домашних условиях;1;info;top
провести золотую свадьбу родителям;1;core;top
как проводят свадьбы в россии сейчас;1;info;top
провести свадьбу казань;1;core;top
свадьба только с родителями как провести;1;info;top
базы отдыха проводящие свадьбы;1;rest;top
где провести свадьбу в барнауле;1;info;top
за сколько проводят девичник перед свадьбой;1;rest;top
как провести свадьбу недорого и необычно;1;price;top
камерная свадьба где можно провести;1;capacity;top
маленькая свадьба идеи как провести;1;capacity;top
можно ли провести свадьбу без ведущего;1;vendors;top
можно провести камерную свадьбу без ведущего;1;vendors;top
нагиев провести свадьбу;1;core;top
провести свадьбу барнаул;1;core;top
провести свадьбу на базе отдыха;1;core;top
ростов провести свадьбу;1;core;top
бывшая невеста проводит свадьбу;1;rest;top
где можно провести свадьбу в уфе;1;info;top
где провести свадьбу в уфе;1;info;top
провести свадьбу уфа;1;core;top
как проводят свадьбу в японии;1;info;top
где провести выездную свадьбу;1;info;top
где провести свадьбу в ульяновске;1;info;top
как провести лотерею на свадьбе;1;info;top
как проводят свадьбы в китае;1;info;top
где провести свадьбу тюмень;1;info;top
как провести семейную свадьбу;1;info;top
как провести семейный очаг на свадьбе;1;info;top
где провести свадьбу в пензе;1;info;top
как можно интересно провести свадьбу;1;info;top
в каком стиле можно провести свадьбу;1;info;top
где провести свадьбу в костроме;1;info;top
как зовут человека который проводит свадьбу;1;info;top
как провести свадьбу на даче;1;info;top
кафе где можно провести свадьбу;1;venue-type;top
организация свадеб псков;1;core;top
организация свадеб бюджетная;1;price;top
организация свадеб петербург;1;core;top
организация свадьбы в санкт петербурге;1;core;top
организация свадьбы фото;1;core;top
организация свадеб курск;1;core;top
организация свадеб саранск;1;core;top
организация свадьбы ярославль;1;core;top
однажды в россии организация свадьбы;1;core;top
организация свадеб краснодар;1;core;top
организация свадьбы организатор;1;vendors;top
организация свадьбы ростов на дону;1;core;top
организация свадьбы советы;1;info;top
свадьба организация и проведение мероприятия;1;core;top
организация обрядов свадеб юбилеев оквэд;1;core;top
таблица для организации свадьбы;1;core;top
transport fever 2 организация свадеб;1;core;top
виды организации свадьбы;1;core;top
организация свадьбы луганск;1;core;top
снится организация свадьбы;1;core;top
организация свадьбы ижевск;1;core;top
организация свадеб крым;1;core;top
благодарность за организацию свадьбы;1;core;top
камеди клаб марина кравец организация свадьбы;1;core;top
организации гомеля свадьбы;1;core;top
организация свадеб воронеж;1;core;top
организация свадьбы на речном;1;core;top
организация свадьбы самостоятельно пошаговая;1;core;top
полная организация свадьбы;1;core;top
лофты петергоф для свадьбы;1;venue-type;top
аренда лофта для свадьбы екатеринбург;1;venue-type;top
кобрино усадьба для свадьбы;1;venue-type;top
усадьба для свадьбы гомель;1;venue-type;top
усадьба для свадьбы минск;1;venue-type;top
арендовать особняк для свадьбы;1;venue-type;top
шатер для свадьбы калуга;1;venue-type;top
шатер воронеж для свадьбы;1;venue-type;top
шатер для свадьбы вместимостью до 100 человек;1;venue-type;top
шатер стерлитамак для свадьбы;1;venue-type;top
шатер для свадьбы летний;1;venue-type;top
шатер для свадьбы самара;1;venue-type;top
шатер своими руками для свадьбы;1;venue-type;top
шатры для свадьбы ижевск;1;rest;top
свадьба в шатре спб;1;rest;top
свадьба в шатре тула;1;rest;top
аренда коттеджа на сутки для свадьбы;1;venue-type;top
коттедж для свадьбы барнаул;1;venue-type;top
коттедж для свадьбы курск;1;venue-type;top
коттедж для свадьбы омск;1;venue-type;top
загородные коттеджи спб для свадьбы;1;venue-type;top
коттедж для свадьбы пенза;1;venue-type;top
аренда теплохода на свадьбу ульяновск;1;venue-type;top
свадьба в лесу оформление;1;vendors;top
свадьба в вырасти сад;1;rest;top
свадьба в краснодаре на природе;1;venue-type;top
свадьба на природе воронеж;1;venue-type;top
свадьба на природе екатеринбург;1;venue-type;top
свадьба на природе иваново;1;venue-type;top
свадьба на природе курск;1;venue-type;top
свадьба на природе ростов на дону;1;venue-type;top
в чем пойти на свадьбу на природе;1;venue-type;top
свадьба в карелии на природе;1;venue-type;top
свадьба на природе как называется;1;venue-type;top
свадьба на природе киров;1;venue-type;top
свадьба на природе пермь;1;venue-type;top
свадьба на природе ставрополь;1;venue-type;top
свадьба на природе что одеть;1;venue-type;top
саратов свадьба на природе;1;venue-type;top
свадьба на природе чебоксары;1;venue-type;top
оформление свадьбы на природе;1;vendors;top
летняя свадьба на природе;1;venue-type;top
свадьба на природе калининград;1;venue-type;top
где сыграть свадьбу на природе;1;venue-type;top
свадьба на природе липецк;1;venue-type;top
сценарий свадьбы на 15 20 человек;1;info;top
свадьба на 20 человек идеи;1;capacity;top
свадьба без ведущего на 20 человек;1;vendors;top
сколько сейчас стоит свадьба на 30 человек;1;capacity;top
средняя цена свадьбы на 30 человек;1;capacity;top
сколько выйдет свадьба на 30 человек;1;capacity;top
свадьба на 30 человек фото;1;capacity;top
сколько примерно стоит свадьба на 30 человек;1;capacity;top
сколько брать алкоголя на свадьбу 30 человек;1;rest;top
примерное меню на свадьбы 50 человек;1;rest;top
расстановка столов на свадьбу на 50 человек;1;capacity;top
аренда под камерную свадьбу;1;capacity;top
камерная свадьба брянск;1;capacity;top
камерная свадьба в краснодаре;1;capacity;top
камерная свадьба место проведения;1;capacity;top
камерная свадьба сочи;1;capacity;top
камерная свадьба чебоксары;1;capacity;top
камерная свадьба владимир;1;capacity;top
камерная свадьба фото;1;capacity;top
камерная свадьба пенза;1;capacity;top
камерная свадьба как развлечь гостей;1;capacity;top
залы для камерной свадьбы спб;1;capacity;top
камерная свадьба идеи для небольшой свадьбы;1;capacity;top
камерный зал спб для свадьбы;1;capacity;top
камерная свадьба в городце;1;capacity;top
свадьба маленьких цыган;1;capacity;top
маленькие стишки на свадьбу;1;capacity;top
букет невесты на свадьбу маленький фото;1;vendors;top
свадьба в питере для двоих стоимость;1;capacity;top
идеи свадьбы для двоих без торжества;1;capacity;top
свадьба за городом минск;1;rest;top
свадьба за городом самара;1;rest;top
свадьба за городом омск;1;rest;top
место проведения свадьбы за городом;1;core;top
свадьба за городом с размещением гостей;1;rest;top
загородный дом для свадьбы екатеринбург;1;venue-type;top
леди диана загородный дом свадьба;1;venue-type;top
полицейский с рублевки 2 сезон свадьба;1;geo;top
образ на свадьбу в гости недорого;1;price;top
свадьба ростов недорого;1;price;top
как организовать недорогую свадьбу самостоятельно поэтапно;1;price;top
как организовать свадьбу самостоятельно недорого;1;price;top
как правильно организовать свадьбу самостоятельно поэтапно недорого;1;price;top
ресторан спб недорого свадьба;1;venue-type;top
свадьба самостоятельно недорого;1;price;top
машина на свадьбу с водителем спб недорого;1;price;top
свадьба недорого челябинск;1;price;top
заказ лимузина на свадьбу недорого;1;price;top
как устроить свадьбу недорого но красиво;1;price;top
свадьба пермь недорого;1;price;top
оформление свадьбы под ключ;1;vendors;top
свадьба под ключ вл владикавказе;1;price;top
свадьба под ключ иркутск;1;price;top
свадьба под ключ киров;1;price;top
свадьба под ключ крым;1;price;top
свадьба под ключ курск;1;price;top
свадьба под ключ новосибирск;1;price;top
свадьба под ключ пенза;1;price;top
свадьба под ключ пермь цены;1;price;top
свадьба под ключ тамбов;1;price;top
свадьба под ключ мелодрама;1;price;top
свадьба под ключ новороссийск;1;price;top
свадьба под ключ пятигорск;1;price;top
свадьба под ключ калининград;1;price;top
свадьба под ключ красноярск;1;price;top
свадьба под ключ хабаровск;1;price;top
свадьба под ключ мурманск;1;price;top
свадьба под ключ тула;1;price;top
свадьба под ключ тюмень;1;price;top
свадьба под ключ ярославль;1;price;top
стоимость свадьба краснодар;1;price;top
стоимость свадьбы в самаре;1;price;top
стоимость фотографа на свадьбу за час;1;vendors;top
стоимость свадьбы бородиной;1;price;top
минимальная стоимость свадьбы в москве;1;price;top
шато де талю свадьба стоимость;1;price;top
средняя стоимость свадьбы в спб;1;price;top
стоимость свадьбы в питере;1;price;top
стоимость свадьбы сколько стоит;1;price;top
замок гарибальди стоимость свадьбы;1;venue-type;top
песочное шоу на свадьбу стоимость;1;vendors;top
свадьба на 80 человек стоимость;1;capacity;top
стоимость каравая на свадьбу;1;price;top
стоимость свадьбы в тамбове;1;price;top
стоимость свадьбы ростов;1;price;top
сколько стоит выпустить голубей на свадьбе;1;price;top
сколько стоит джигурда на свадьбу;1;price;top
сколько стоит заказать мота на свадьбу;1;price;top
сколько стоит свадьба в брянске;1;price;top
сколько стоит свадьба тюмень;1;price;top
сколько стоит позвать филиппа киркорова на свадьбу;1;price;top
сколько стоит свадьба волгоград;1;price;top
сколько стоит шаман на свадьбу;1;price;top
сколько стоит свадьба в казани;1;price;top
меню на свадьбу сколько стоит;1;price;top
сколько стоила свадьба покров и бабича;1;price;top
сколько стоит выступление на свадьбе аркадия думикяна;1;price;top
сколько стоит выступление рианны на свадьбе;1;price;top
сколько стоит заказать мияги на свадьбу;1;price;top
сколько стоит заказать нагиева на свадьбу;1;price;top
сколько стоит заказать эльбруса джанмирзоева на свадьбу;1;price;top
сколько стоит позвать мота на свадьбу;1;price;top
сколько стоит позвать нагиева на свадьбу ведущим;1;vendors;top
сколько стоит пригласить акмаля на свадьбу;1;price;top
сколько стоит пригласить бтс на свадьбу;1;price;top
сколько стоит сайт приглашение на свадьбу;1;price;top
сколько стоит свадьба в китае;1;price;top
сколько стоит свадьба в ставрополе;1;price;top
сколько стоит свадьба ульяновск;1;price;top
сколько стоит сделать пригласительные на свадьбу;1;price;top
сколько стоит сыграть свадьбу в краснодаре;1;price;top
сколько стоит фотограф на свадьбу в спб;1;vendors;top
сколько стоят услуги флориста на свадьбу;1;vendors;top
сколько стоит алкоголь на свадьбу;1;price;top
сколько стоит аниматор на свадьбу;1;price;top
сколько стоит позвать лазарева на свадьбу;1;price;top
сколько стоит свадьба ани покров;1;price;top
сколько стоила свадьба литвина и адель;1;price;top
сколько стоит свадьба в красноярске;1;price;top
сколько стоила свадьба безоса;1;price;top
сколько стоит визажист на свадьбу;1;vendors;top
сколько стоит распечатать пригласительные на свадьбу;1;price;top
сколько стоит свадьба безоса;1;price;top
сколько стоит участие в 4 свадьбы;1;price;top
сколько стоит пригласить макку межиеву на свадьбу;1;price;top
сколько стоит пышная свадьба;1;price;top
минск сколько стоит свадьба;1;price;top
сколько стоит заказать автобус на свадьбу;1;price;top
сколько стоит минимальная свадьба;1;price;top
сатир сколько стоит позвать на свадьбу ведущим;1;vendors;top
сколько стоит выступление сосо павлиашвили на свадьбе;1;price;top
сколько стоит гузель уразова на свадьбу;1;price;top
сколько стоит позвать звезду на свадьбу;1;price;top
сколько стоит позвать светлакова на свадьбу;1;price;top
сколько стоит пригласить игнатия винтурова на свадьбу;1;price;top
сколько стоит свадьба в турции;1;price;top
сколько стоила свадьба маши руткис;1;price;top
сколько стоит пригласить сергея лазарева на свадьбу;1;price;top
сколько стоит самая дешевая свадьба;1;price;top
сколько стоит свадьба в орле;1;price;top
сколько стоит свадьба в твери;1;price;top
сколько стоит свадьба во владимире;1;price;top
андрис ведущий на свадьбах;1;vendors;top
ведущий на свадьбе армянин;1;vendors;top
ведущий на свадьбу брянск;1;vendors;top
ведущий на свадьбу вологда;1;vendors;top
ведущий на свадьбу питер;1;vendors;top
фоновая музыка для ведущих на свадьбу;1;vendors;top
кто был ведущим на свадьбе зубарева;1;vendors;top
арсений попов ведущий на свадьбу;1;vendors;top
ведущий на свадьбу волжский;1;vendors;top
услуги ведущего на свадьбу цена;1;vendors;top
ведущий на свадьбу конаково;1;vendors;top
ведущий на свадьбу брест;1;vendors;top
вступительное слово ведущего на свадьбе;1;vendors;top
текст на свадьбу для ведущего в загсе;1;vendors;top
ведущий на свадьбу хабаровск;1;vendors;top
слова которые говорит ведущий на свадьбе;1;vendors;top
ведущие балаково на свадьбу;1;vendors;top
ведущий на свадьбу в орле;1;vendors;top
ведущий на свадьбу владикавказ;1;vendors;top
ведущий на свадьбу гомель;1;vendors;top
ведущий на свадьбу екатеринбург;1;vendors;top
ведущий на свадьбу калининград;1;vendors;top
ведущий на свадьбу курган;1;vendors;top
ведущий на свадьбу спб цены;1;vendors;top
ведущий на свадьбу тамбов цена;1;vendors;top
ведущий на свадьбу цена ростов;1;vendors;top
ведущий на свадьбу что спрашивать;1;vendors;top
илья соболев ведущий на свадьбу цена;1;vendors;top
кавказский ведущий на свадьбу;1;vendors;top
как поблагодарить ведущего на свадьбе;1;vendors;top
речь ведущего на свадьбе церемония;1;vendors;top
ростов на дону ведущая свадьбы цена;1;vendors;top
чем отличается тамада от ведущего на свадьбе;1;vendors;top
шутки ведущего на свадьбе;1;vendors;top
самый популярный ведущий на свадьбу;1;vendors;top
анекдот про ведущего на свадьбе;1;vendors;top
ведущий на свадьбу тольятти;1;vendors;top
анкета гостей на свадьбу для ведущего;1;vendors;top
ведущий на свадьбе гарика харламова;1;vendors;top
ведущий на свадьбу барнаул;1;vendors;top
ведущий на свадьбу ижевск;1;vendors;top
ведущий на свадьбу оренбург;1;vendors;top
снятие фаты на свадьбе слова ведущего;1;vendors;top
ведущий на свадьбу могилев;1;vendors;top
ведущие на свадьбу обнинск;1;vendors;top
договор ведущего на свадьбу образец;1;vendors;top
топ 10 ведущих на свадьбу;1;vendors;top
ведущие на свадьбу елена;1;vendors;top
ведущий на свадьбу благовещенск;1;vendors;top
ведущий на свадьбу воронеж евгений;1;vendors;top
вынос торта на свадьбе слова ведущего;1;vendors;top
речь ведущего на свадьбе текст;1;vendors;top
фотограф на свадьбу краснодар;1;vendors;top
фотограф на свадьбу чебоксары;1;vendors;top
фотограф на свадьбу воронеж;1;vendors;top
репортажный фотограф на свадьбу;1;vendors;top
фотограф на свадьбу брянск;1;vendors;top
фотограф на свадьбу донецк;1;vendors;top
фотограф на свадьбу калининград;1;vendors;top
фотограф на свадьбу красноярск;1;vendors;top
что спросить у фотографа на свадьбу;1;vendors;top
фотограф на свадьбу во владимире;1;vendors;top
фотограф на свадьбу челябинск;1;vendors;top
фотограф на свадьбу орел;1;vendors;top
фотограф смоленск на свадьбу;1;vendors;top
фотограф удалил фото на свадьбе;1;vendors;top
фотограф на свадьбу курск;1;vendors;top
фотограф на свадьбу пенза;1;vendors;top
фотограф на свадьбу рязань;1;vendors;top
видеограф на свадьбу тюмень;1;vendors;top
что делает видеограф на свадьбе;1;vendors;top
видеограф на свадьбу липецк;1;vendors;top
видеограф на свадьбу краснодар;1;vendors;top
декор свадебного торта одноярусного;1;vendors;top
свадебный декор какой бывает;1;vendors;top
свадебный декор 2027;1;vendors;top
свадебный декор ростов;1;vendors;top
свадебный декор сочи;1;vendors;top
аренда свадебного декора воронеж;1;vendors;top
свадебный декор иваново;1;vendors;top
декор свадебного стола жениха и невесты;1;vendors;top
свадебный декор стола невесты;1;vendors;top
свадебный декор желтый;1;vendors;top
свадебный декор шатра;1;vendors;top
свадебный декор на автомобиль;1;vendors;top
оформление свадьбы свадебный декор;1;vendors;top
декор свадебного торта двухъярусного;1;vendors;top
свадебный декор с бусами;1;vendors;top
оформление гуся на свадьбу;1;vendors;top
оформление свадьбы синего цвета;1;vendors;top
оформление свадьбы синими цветами;1;vendors;top
лимонная свадьба оформление;1;vendors;top
оформление бутылки шампанского на свадьбу своими руками;1;vendors;top
оформление свадьбы летом;1;vendors;top
свадьба на улице летом оформление;1;vendors;top
оформление списка гостей на свадьбу;1;vendors;top
список на свадьбу оформление;1;vendors;top
дизайн свадьба оформление;1;vendors;top
оформление зала золотой свадьбы;1;vendors;top
оформление свадеб рязань;1;vendors;top
оформление свадьбы оренбург;1;vendors;top
оформление свадьбы сухоцветами;1;vendors;top
оформление свадьбы что нужно;1;vendors;top
свадьба во дворе частного дома оформление;1;vendors;top
торт на хрустальную свадьбу оформление;1;vendors;top
авито оформление зала на свадьбу;1;vendors;top
обучение оформление свадеб;1;vendors;top
сладкий стол на свадьбу оформление;1;vendors;top
оформление свадьбы буквами;1;vendors;top
оформление свадьбы спб;1;vendors;top
оформление свадьбы тамбов;1;vendors;top
оформление стола молодоженов на свадьбу своими руками;1;vendors;top
оформление фуршета на свадьбу;1;vendors;top
свадьба в итальянском стиле оформление;1;vendors;top
оформление свадьбы свечами;1;vendors;top
оформление торта на свадьбу одноярусный;1;vendors;top
оформление торта на серебряную свадьбу;1;vendors;top
оформление бокалов на свадьбу своими руками;1;vendors;top
оформление русской свадьбы;1;vendors;top
оформление свадеб картинки;1;vendors;top
оформление свадеб курсы;1;vendors;top
оформление свадьбы в русском стиле;1;vendors;top
оформление свадьбы липецк;1;vendors;top
свадьба в стиле прованс оформление;1;vendors;top
свадьба на даче оформление своими руками;1;vendors;top
свадебный организатор новосибирск;1;vendors;top
лучший свадебный организатор;1;vendors;top
свадебные организаторы екатеринбург;1;vendors;top
свадебный организатор ирина червякова;1;vendors;top
свадебный организатор нижний;1;vendors;top
свадебный организатор нижний новгород;1;vendors;top
свадебный организатор самара;1;vendors;top
свадебный организатор спб;1;vendors;top
свадебный организатор ярославль;1;vendors;top
свадебный организатор краснодар;1;vendors;top
свадебный организатор калуга;1;vendors;top
чем отличается свадебный организатор от координатора;1;vendors;top
свадебное агентство калуга;1;vendors;top
мария кравец свадебное агентство;1;vendors;top
свадебное агентство липецк;1;vendors;top
свадебное агентство орел;1;vendors;top
свадебное агентство чебоксары;1;vendors;top
свадебные агентства екатеринбург;1;vendors;top
svadberry свадебное агентство;1;vendors;top
cheers свадебное агентство;1;vendors;top
свадебное агентство культура;1;vendors;top
feerique event свадебное агентство;1;vendors;top
март свадебное агентство тула;1;vendors;top
свадебные агентства ярославль;1;vendors;top
диджей на свадьбу екатеринбург;1;vendors;top
диджей сет на свадьбу;1;vendors;top
торт свадебный 8кг;1;vendors;top
свадебный торт двухъярусный на свадьбу картинки;1;vendors;top
свадебный торт на свадьбу картинки;1;vendors;top
аня покров торт свадебный;1;vendors;top
свадебные торты ставрополь;1;vendors;top
свадебный торт новинка;1;vendors;top
свадебный торт с белыми розами;1;vendors;top
свадебный торт с рисовыми парусами;1;vendors;top
свадебный торт состав;1;vendors;top
торт ссср свадебный;1;vendors;top
торты свадебные новые;1;vendors;top
фото свадебных тортов 2 яруса;1;vendors;top
чем покрыть свадебный торт;1;vendors;top
юлия клочкова свадебный торт;1;vendors;top
варианты свадебных тортов прямоугольник;1;vendors;top
свадебный торт смоленск;1;vendors;top
торт в стиле итальянского пирога свадебный описание;1;vendors;top
покрытие свадебного торта;1;vendors;top
слои свадебного торта;1;vendors;top
большой квадратный свадебный торт;1;vendors;top
паруса на свадебном торте;1;vendors;top
как украсить свадебный торт живыми цветами;1;vendors;top
какие начинки делают на свадебный торт;1;vendors;top
коробка под свадебный торт;1;vendors;top
свадебный торт на 2 кг фото;1;vendors;top
вынос свадебного торта сценарий;1;vendors;top
желтый свадебный торт;1;vendors;top
пятиярусный свадебный торт;1;vendors;top
свадебный двухэтажный торт;1;vendors;top
свадебный торт в стиле бохо;1;vendors;top
свадебный торт луганск;1;vendors;top
свадебный торт метровый;1;vendors;top
свадебный торт полина;1;vendors;top
свадебный торт с инжиром;1;vendors;top
свадебный торт с капкейками на свадьбу;1;vendors;top
свадебный торт с капкейками на свадьбу фото;1;vendors;top
фото свадебного торта с капкейками;1;vendors;top
свадебные торты бело золотой;1;vendors;top
торт молодым свадебный;1;vendors;top
бисквитный торт свадебный;1;vendors;top
декорирование свадебного торта;1;vendors;top
длинные свадебные торты фото;1;vendors;top
как подписать свадебный торт;1;vendors;top
не вэлл мой свадебный торт;1;vendors;top
свадебные торты 2 яруса с цветами;1;vendors;top
свадебные торты на заказ фото и цены;1;vendors;top
свадебные торты сиреневый;1;vendors;top
свадебный торт бисквитный двор;1;vendors;top
свадебный торт и трайфлы на свадьбу;1;vendors;top
свадебный торт макет;1;vendors;top
свадебный торт оригинальный небольшой;1;vendors;top
свадебный торт с бабочками;1;vendors;top
свадебный торт фото цена;1;vendors;top
сколько нужно свечей на свадебный торт;1;vendors;top
стоимость свадебного торта за кг;1;vendors;top
торт свадебный белый с ягодами;1;vendors;top
фото свадебных тортов белые;1;vendors;top
дизайн свадебного торта 1 ярус;1;vendors;top
как украсить свадебный торт вафельной бумагой;1;vendors;top
какой купить свадебный торт;1;vendors;top
оформление свадебного торта двухъярусного;1;vendors;top
свадебные торты владимир;1;vendors;top
свадебный торт в стаканчиках;1;vendors;top
свеча фонтан в свадебный торт;1;vendors;top
купить кусок свадебного торта;1;vendors;top
длинный свадебный торт сборка;1;vendors;top
свадебные торты чебоксары;1;vendors;top
свадебный торт на 100 человек;1;vendors;top
дизайны свадебных тортов одноярусных;1;vendors;top
простой свадебный торт одноярусный;1;vendors;top
подводка к свадебному торту;1;vendors;top
надпись на свадебном торте варианты;1;vendors;top
свадебный торт минск;1;vendors;top
шоу торт свадебный;1;vendors;top
свадебный торт на день рождения;1;vendors;top
гигантские свадебные торты;1;vendors;top
торт свадебный с ромашками;1;vendors;top
торт свадебный прямоугольный как сделать;1;vendors;top
литовский свадебный торт шакотис рецепт;1;vendors;top
свадебный торт самара;1;vendors;top
итальянский свадебный торт пирог рецепт;1;vendors;top
свадебные торты мастика фото;1;vendors;top
свадебные торты фото без;1;vendors;top
свадебный торт без мастики фото;1;vendors;top
фото свадебных тортов двухъярусных без мастики;1;vendors;top
свадебный торт 2009;1;vendors;top
как красиво украсить свадебный торт;1;vendors;top
свадебный торт ханты мансийск;1;vendors;top
винтажный свадебный торт;1;vendors;top
как сделать длинный свадебный торт;1;vendors;top
красивые свадебные торты одноярусные;1;vendors;top
приготовление свадебного торта в домашних условиях;1;vendors;top
свадебная традиция продавать торт;1;vendors;top
свадебные торты королевской семьи;1;vendors;top
свадебные торты одноярусные красивые фото;1;vendors;top
свадебный торт безе;1;vendors;top
свадебный торт на 5 кг фото;1;vendors;top
свадебный торт откуда традиция;1;vendors;top
свадебный торт с бантиками;1;vendors;top
свадебный торт с именами;1;vendors;top
свадебный торт с пионами;1;vendors;top
свадебный торт с юмором;1;vendors;top
свадебный торт уроки;1;vendors;top
торт под заказ свадебный;1;vendors;top
торт свадебный фото 1 ярус;1;vendors;top
торты свадебные 2026 с капкейками;1;vendors;top
этаж свадебного торта;1;vendors;top
юлия смолл итальянский свадебный торт;1;vendors;top
свадебный стилист спб;1;vendors;top
выездная регистрация брака астрахань;1;vendors;top
выездная регистрация брака в брянске;1;vendors;top
выездная регистрация брака в калининграде;1;vendors;top
выездная регистрация брака севастополь;1;vendors;top
выездная регистрация брака тюмень;1;vendors;top
выездная регистрация курск;1;vendors;top
выездная регистрация севастополь;1;vendors;top
выездная регистрация сочи цена;1;vendors;top
выездная регистрация тюмень;1;vendors;top
выездная регистрация брака в минске;1;vendors;top
стоимость выездная регистрация брака в загсе;1;vendors;top
шлиссельбург выездная регистрация;1;vendors;top
как оформляется выездная регистрация брака;1;vendors;top
выездная регистрация брака кострома;1;vendors;top
выездная регистрация брака ижевск;1;vendors;top
выездная регистрация брака саратов;1;vendors;top
выездная регистрация брака тверь;1;vendors;top
выездная регистрация во владимире;1;vendors;top
выездная регистрация тверь;1;vendors;top
локации для выездной регистрации сочи;1;vendors;top
ресторан с выездной регистрации волгоград;1;vendors;top
сколько стоит выездная регистрация брака в саратове;1;vendors;top
сколько стоит выездная регистрация в рязани;1;vendors;top
сценарий выездной регистрации брака текст для ведущей;1;vendors;top
выездная регистрация волжский;1;vendors;top
текст для выездной регистрации брака трогательные;1;vendors;top
выездная регистрация 2025;1;vendors;top
выездная регистрация брака казань стоимость;1;vendors;top
аренда площадки для выездной регистрации;1;vendors;top
выездная регистрация брака в орле цены;1;vendors;top
выездная регистрация брака самара;1;vendors;top
выездная регистрация брака тамбов цена;1;vendors;top
выездная регистрация брака тольятти;1;vendors;top
выездная регистрация брака уфа;1;vendors;top
выездная регистрация на озере;1;vendors;top
выездная регистрация омск;1;vendors;top
выездная регистрация самара;1;vendors;top
выездная регистрация смоленск;1;vendors;top
сколько стоит выездная регистрация брака в уфе;1;vendors;top
выездная регистрация брака ярославль;1;vendors;top
выездная регистрация брака сценарий текст трогательный;1;vendors;top
проведение свадьбы с выездной регистрацией;1;vendors;top
идеи для выездной регистрации;1;vendors;top
свадьбы в области с выездной регистрацией;1;vendors;top
сервис выездной регистрации биометрии;1;vendors;top
выездная регистрация брака оренбург;1;vendors;top
выездная регистрация казань цена;1;vendors;top
белая выездная регистрация;1;vendors;top
выездная регистрация брака в питере;1;vendors;top
выездная регистрация слова ведущего;1;vendors;top
свадебные арки для выездной регистрации своими руками;1;vendors;top
тайминг свадебного дня по часам;1;info;top
как составить тайминг свадебного дня;1;info;top
свадьба клавы коки и димы масленникова бюджет;1;rest;top
таблица расчета бюджета свадьбы;1;rest;top
4 свадьбы бюджет 20 тысяч;1;rest;top
какой был самый большой бюджет свадьбы;1;rest;top
бюджет свадьбы онлайн калькулятор;1;rest;top
рассчитать бюджет свадьбы калькулятор онлайн;1;rest;top
рассчитать бюджет свадьбы онлайн;1;rest;top
второй день свадьбы обычаи и традиции сценарий;1;info;top
второй день свадьбы сценарий и обычай;1;info;top
программа на свадьбу сценарий для тамады современный;1;vendors;top
свадебные сценарии для небольшой свадьбы;1;capacity;top
свадебные сценарии для небольшой свадьбы для тамады;1;vendors;top
свадьба 15 человек сценарий;1;info;top
сценарий проведения сапфировой свадьбы;1;info;top
сценарий сапфировой свадьбы в домашних условиях;1;info;top
сценарий свадьбы в кругу друзей;1;info;top
сценарий серебряной свадьбы в кругу друзей;1;info;top
примерный сценарий свадьбы;1;info;top
смешные сценария для юбилея свадьбы;1;info;top
сценарий свадьбы для ведущего готовый текст;1;vendors;top
сценарий безалкогольной свадьбы;1;info;top
сценарий казахской свадьбы;1;info;top
сценарий классической свадьбы;1;info;top
сценарий православной свадьбы;1;info;top
сценарий хрустальной свадьбы;1;info;top
снятие фаты на свадьбе сценарий;1;info;top
юбилей свадьбы 25 сценарий;1;info;top
сценарий свадьбы с самого начала;1;info;top
готовый сценарий свадьбы без тамады дома;1;vendors;top
полный сценарий второго дня свадьбы;1;info;top
проведение свадьбы от начала до конца сценарий;1;info;top
сценарий второго дня свадьбы на даче;1;info;top
сценарий готовый свадьба для небольшой компании;1;capacity;top
сценарий казачьей свадьбы;1;info;top
сценарий небольшой свадьбы дома;1;capacity;top
сценарий проведения свадьбы начало;1;info;top
сценарий свадьба для небольшой компании дома;1;capacity;top
сценарий свадьбы тамады играми;1;vendors;top
варианты сценариев свадьбы;1;info;top
продажа торта на свадьбе сценарий;1;vendors;top
продажа торта на свадьбе сценарий для тамады;1;vendors;top
сценарий на свадьбу приветствие;1;info;top
сценарий тематической свадьбы;1;info;top
сценарий на юбилей свадьбы 35;1;info;top
сценарий второго дня свадьбы в русском стиле;1;info;top
сценарий обряда свадьбы;1;info;top
интересный веселый сценарий свадьбы;1;info;top
песочная церемония на свадьбе сценарий;1;info;top
сценарий банкета на свадьбу;1;info;top
сценарий серебряной свадьбы для тамады готовый полный;1;vendors;top
читать сценарий свадьбы;1;info;top
что надеть на свадьбу гостье в сентябре;1;info;top
образ на свадьбу к подруге в сентябре;1;info;top
идеи свадьбы в сентябре;1;info;top
свадьба в сентябре какую дату выбрать;1;info;top
август хороший месяц для свадьбы;1;info;top
идеи для свадьбы в деревне;1;info;top
идеи для фуршета на свадьбу;1;info;top
классные идеи для свадьбы;1;info;top
свадьба в классическом стиле дресс код;1;info;top
свадьба в русском стиле гжель;1;info;top
свадьба в стиле зож инь янь;1;info;top
стиль свадьбы 2026 рустик;1;info;top
свадьба вечеринка vs свадьба в стиле рок;1;info;top
свадьба в стиле дарк фэнтези;1;info;top
4 свадьбы свадьба в стиле крым наш;1;info;top
4 свадьбы в стиле инь янь;1;info;top
4 свадьбы в стиле олд мани;1;info;top
свадьба иды галич 2026 в стиле 90;1;info;top
свадьба в башкирском стиле;1;info;top
2 день свадьбы в стиле 90;1;info;top
4 свадьбы свадьба в стиле диско;1;info;top
второй день свадьбы какой стиль;1;info;top
свадьба в лавандовом стиле;1;info;top
свадьба в русском стиле что надеть;1;info;top
свадьба в стиле ведьм;1;info;top
свадьба в стиле дисней;1;info;top
свадьба в стиле игры престолов на байкале;1;info;top
свадьба в стиле человек паук;1;info;top
этно стиль свадьбы;1;info;top
свадьба в белорусском стиле;1;info;top
свадьба в стиле 20 х годов;1;info;top
свадьба в итальянском стиле фото;1;info;top
свободный стиль одежды для мужчин на свадьбу;1;info;top
дворянская свадьба vs свадьба в стиле голливуд;1;info;top
4 свадьбы в молодежном стиле;1;info;top
4 свадьбы свадьба в казачьем стиле;1;info;top
4 свадьбы свадьба в стиле стендап вечеринка;1;info;top
на свадьбу в национальном стиле;1;info;top
стиль свадьбы фотографии;1;vendors;top
4 свадьбы в стиле дрейн;1;info;top
свадьба в стиле пляжной вечеринки;1;info;top
стиль свадьбы фрик;1;info;top
свадьба в стиле 40;1;info;top
таджикская свадьба vs свадьба в стиле гэтсби;1;info;top
свадьба в стиле бохо vs сказочная свадьба;1;info;top
свадьба в кубанском стиле;1;info;top
второй день свадьбы в русском народном стиле;1;info;top
приглашение на свадьбу в стиле 90 х;1;info;top
свадьба в азиатском стиле;1;info;top
свадьба в стиле рейв;1;info;top
свадьба в стиле русалочки;1;info;top
стиль свадьба в малиновке;1;info;top
бельгийский лес стиль свадьбы;1;info;top
манхва свадьба в стиле;1;info;top
манхва свадьба в стиле китч;1;info;top
свадьба в славянском стиле фото;1;info;top
свадьба в старинном стиле;1;info;top
свадьба в стиле 80 х годов;1;info;top
свадьба в стиле бомжей;1;info;top
свадьба в стиле гавайи;1;info;top
свадьба в стиле гавайской вечеринки;1;info;top
свадьба в стиле дикого запада;1;info;top
свадьба в стиле сопрано;1;info;top
стиль 90 х деревенская свадьба;1;info;top
стиль бохо свадьба одежда;1;info;top
что надеть на свадьбу в стиле 90;1;info;top
стиль бохо в одежде на свадьбу;1;info;top
рассадка гостей на свадьбе геншин снежная;1;info;top
план рассадки гостей на свадьбе конструктор;1;info;top
образец списка гостей на свадьбу для рассадки;1;info;top
рассадка гостей на свадьбе 40 человек;1;info;top
подставка для рассадки гостей на свадьбу;1;info;top