phrase;count;kind;seeds
москва сейчас;520849;assoc;корпоратив москва
юбилейный;290845;assoc;юбилей
корпоративный;163461;assoc;корпоратив | организация корпоратива
с юбилеем;130050;top;юбилей
меню ресторана;120059;assoc;ресторан для дня рождения
party;114275;assoc;корпоратив
поздравление с днем рождения красивые;69189;assoc;день рождения на природе
красивое поздравление с днем рождения;69188;assoc;день рождения на природе
что случилось в москве;63564;assoc;корпоратив москва
корпоратив;60792;top;корпоратив
ивент;57086;assoc;корпоратив
когда день рождения;49730;assoc;юбилей
поздравление с юбилеем;42908;top;юбилей
с юбилеем женщине;41626;top;юбилей
праздновать;35481;assoc;где отметить день рождения
банкетный зал;31339;assoc;ресторан для дня рождения
банкет;30444;assoc;банкетный зал на юбилей | банкетный зал на день рождения
празднование;29793;assoc;где отметить день рождения
открытка с юбилеем;26394;top;юбилей
с днем рождения трогательные;23492;assoc;день рождения на природе
с юбилеем мужчине;20478;top;юбилей
проведение мероприятий;20173;assoc;организация корпоратива
отпраздновать;19969;assoc;где отметить день рождения
где отметить день рождения;19966;top;где отметить день рождения
первенство москвы;19520;assoc;корпоратив москва
команда москвы;17888;assoc;корпоратив москва
панорама москвы;17866;assoc;корпоратив москва
спа в москве;17149;assoc;корпоратив москва
новости москвы сейчас;16740;assoc;корпоратив москва
юбилей рождения;16473;top;юбилей
юбилей поздравление лет;16389;top;юбилей
поздравление с юбилеем женщине;15702;top;юбилей
с юбилеем 50;15355;top;юбилей
что горит в москве;15222;assoc;корпоратив москва
с днем юбилеем;15205;top;юбилей
с днем рождения с юбилеем;14038;top;юбилей
песня новый год;14003;assoc;новогодний корпоратив
юбилейный концерт;13200;assoc;банкетный зал на юбилей
с юбилеем красивые;12714;top;юбилей
с юбилеем лет женщине;12406;top;юбилей
зрелые 50;12296;assoc;юбилей 50 лет
бесплатные мероприятия в москве;12262;assoc;корпоратив москва
организация праздников;11588;assoc;где отметить день рождения
открытка с юбилеем женщине;11579;top;юбилей
закуски на праздничный стол;11496;assoc;банкетный зал на день рождения
летний юбилей;10629;top;юбилей
с 50 летием;10229;assoc;юбилей | юбилей 50 лет
что горит в москве сейчас;10040;assoc;корпоратив москва
поздравляю тебя с днем рождения;9944;assoc;юбилей | где отметить юбилей
завидово комплекс отдыха;9841;assoc;загородный корпоратив
рецепты на праздничный стол;9772;assoc;банкетный зал на день рождения
парк 50 летия октября;9504;assoc;юбилей 50 лет
с юбилеем 60;9268;top;юбилей
услуги по организации праздников;9217;assoc;корпоратив
с юбилеем 50 лет;8740;top;юбилей | юбилей 50 лет
поздравляю с юбилеем;8701;top+assoc;юбилей | юбилей 50 лет
картинка с юбилеем;8198;top;юбилей
порно корпоратив;8091;top;корпоратив
с юбилеем женщине красивые;7992;top;юбилей
с юбилеем лет мужчине;7819;top;юбилей
поздравление с юбилеем мужчине;7799;top;юбилей
с днем рождения вас;7715;assoc;где отметить юбилей
с юбилеем 70;7562;top;юбилей
с юбилеем своими словами;7496;top;юбилей
открытка с юбилеем лет;7354;top;юбилей
с юбилеем 55;7219;top;юбилей
подарок на юбилей;7166;top;юбилей
где отпраздновать день рождения;7077;assoc;где отметить юбилей
что подарить на юбилей;7038;top;юбилей
юбиляр;6971;assoc;юбилей | где отметить юбилей
старое кафе;6796;assoc;ресторан для юбилея
поликлиника юбилейный;6676;assoc;ресторан для юбилея
красивые открытки с юбилеем;6229;top;юбилей
где отметить день рождения в москве;6189;top;где отметить день рождения
поздравление с днем юбилеем;5864;top;юбилей
день рождения год где отметить;5830;top;где отметить день рождения
поздравление с юбилеем 50;5755;top;юбилей
рождение юбилей поздравление;5743;top;юбилей
с днем рождения родная;5695;assoc;день рождения на природе
после корпоратива;5605;top;корпоратив
с юбилеем 50 женщине;5560;top;юбилей
с днем рождения ии;5560;assoc;день рождения на природе
поздравление с днем рождения с юбилеем;5557;top;юбилей
с днем юбилеем женщине;5528;top;юбилей
поздравление с 50 летием;5521;assoc;юбилей 50 лет
корпоративное управление;5460;assoc;корпоратив под ключ | организация корпоратива
с юбилеем 60 лет;5451;top;юбилей
с юбилеем рождения женщине;5427;top;юбилей
с юбилеем 65;5379;top;юбилей
с днем рождения с юбилеем женщине;5369;top;юбилей
поздравление с юбилеем лет женщине;5314;top;юбилей
папа новый год;5311;assoc;новогодний корпоратив
с 55 летием;5160;assoc;юбилей
поздравление с юбилеем своими словами;5122;top;юбилей
юбилейный афиша;5107;assoc;ресторан для юбилея
с 70 летием;4995;assoc;юбилей
юбилей бесплатно;4877;top;юбилей
с юбилеем 70 лет;4854;top;юбилей
открытка с юбилеем мужчине;4815;top;юбилей
где отметить день рождения ребенка;4755;top;где отметить день рождения
корпоративное право;4678;assoc;корпоратив | организация корпоратива
с 20 летием;4656;assoc;юбилей
корпоративные подарки;4591;assoc;корпоратив
красивое поздравление с юбилеем;4500;top+assoc;юбилей | юбилей 50 лет
организационные мероприятия;4450;assoc;корпоратив | площадка для корпоратива
корпоративный портал;4400;assoc;корпоратив | площадка для корпоратива | организация корпоратива
корпоративная культура;4390;assoc;корпоратив | ресторан для корпоратива | корпоратив на природе | загородный корпоратив
с 30 летием;4266;assoc;юбилей
открытка с юбилеем женщине красивые;4130;top;юбилей
где можно отметить день рождения;3940;top;где отметить день рождения
песни на юбилей;3932;top;юбилей
с 25 летием;3920;assoc;юбилей
празднование дня рождения;3804;assoc;где отметить юбилей
с юбилеем 50 мужчине;3784;top;юбилей
с юбилеем 80;3752;top;юбилей
с днем рождения хорошему человеку;3735;assoc;юбилей | где отметить юбилей
с днем рождения 45 лет;3708;assoc;юбилей 50 лет
открытка с днем с юбилеем;3697;top;юбилей
скачать с юбилеем;3692;top;юбилей
поздравление юбилей лет мужчине;3680;top;юбилей
поздравление с юбилеем 50 лет;3678;top;юбилей | юбилей 50 лет
куда сходить на день рождения;3631;assoc;где отметить юбилей
открытки рождения юбилей;3625;top;юбилей
где отметить др;3606;assoc;юбилей | ресторан для дня рождения | банкетный зал на день рождения
поздравление с юбилеем 60;3572;top;юбилей
новогодний корпоратив;3560;top;корпоратив | новогодний корпоратив
с юбилеем женщине своими словами;3528;top;юбилей
открытка с днем рождения с юбилеем;3500;top;юбилей
корпоративные финансы;3485;assoc;организация корпоратива
с юбилеем свадьбы;3423;top;юбилей
с юбилеем 75;3408;top;юбилей
юбилеем летием;3408;top;юбилей
с юбилеем 60 женщине;3407;top;юбилей
открытки с юбилеем с пожеланиями;3358;top;юбилей
с юбилеем 45;3341;top;юбилей
красивое пожелание с юбилеем;3295;top;юбилей
с юбилеем 50 лет женщине;3291;top;юбилей | юбилей 50 лет
с юбилеем 70 женщине;3282;top;юбилей
ивент агентство;3226;assoc;организация корпоратива
юбилей москвы;3208;top;юбилей
организатор мероприятий;3175;assoc;организация корпоратива
песня с днем рождения тебя;3144;assoc;день рождения на природе
сценарий юбилеев лет;3143;top;юбилей
ресторан для дня рождения;3127;top;ресторан для дня рождения
поздравление с юбилеем 70;3096;top;юбилей
торт на юбилей;3089;top;юбилей
открытка с юбилеем лет женщине;3041;top;юбилей
с юбилеем женщине красивые поздравления;3012;top;юбилей
с юбилеем 55 женщине;3008;top;юбилей
с юбилеем подруга;2991;top;юбилей
корпоративный договор;2990;assoc;площадка для корпоратива | загородный корпоратив
поздравление с юбилеем открытка;2984;top;юбилей
с юбилеем мама;2976;top;юбилей
с 35 летием;2975;assoc;юбилей
открытка с юбилеем 50;2940;top;юбилей
стихи с юбилеем;2939;top;юбилей
ресторанный бизнес;2932;assoc;ресторан для корпоратива
пьяная вечеринка;2900;assoc;банкетный зал для корпоратива
сплочение;2872;assoc;тимбилдинг на природе
снт отдых;2849;assoc;загородный корпоратив
с юбилеем прикольные;2782;top;юбилей
где можно отпраздновать день рождения;2781;assoc;где отметить юбилей
рецепты салатов на праздничный;2780;assoc;банкетный зал для корпоратива
пожелания с юбилеем женщине;2716;top;юбилей
летним юбилеем женщину;2691;top;юбилей
картинки с юбилеем женщине;2687;top;юбилей
картинка юбилей лет;2667;top;юбилей
поздравление с новым годом;2608;assoc;новогодний корпоратив
с юбилеем лет женщине красивые;2603;top;юбилей
поздравляю с юбилеем лет;2602;top;юбилей
рецепты салатов на праздничный стол;2598;assoc;банкетный зал на день рождения
корпоратив видео;2580;top;корпоратив
жена на корпоративе;2565;top;корпоратив
бесплатные открытки с юбилеем;2554;top;юбилей
юбилей лет прикольные;2529;top;юбилей
что подарить летний юбилей;2518;top;юбилей
с юбилеем 60 мужчине;2514;top;юбилей
поздравление с днем юбилеем женщине;2510;top;юбилей
роза юбилей;2504;top;юбилей
с юбилеем 80 лет;2502;top;юбилей
с юбилеем сестра;2500;top;юбилей
с днем юбилеем мужчине;2496;top;юбилей
поздравление с юбилеем женщине своими словами;2494;top;юбилей
скачать песню новый год;2482;assoc;новогодний корпоратив
летним юбилеем мужчине;2479;top;юбилей
юбилеи жизни;2452;top;юбилей
банкет каштанов;2451;assoc;банкетный зал для корпоратива | банкетный зал на юбилей
поздравление с юбилеем рождения женщине;2433;top;юбилей
праздничный стол на день рождения;2427;assoc;банкетный зал на юбилей
поздравление с днем рождения женщине юбилей;2426;top;юбилей
каштановый банкет;2414;assoc;банкетный зал для корпоратива | банкетный зал на юбилей
с юбилеем рождения мужчине;2413;top;юбилей
секс на корпоративе;2408;top;корпоратив
с днем рождения мужчине с юбилеем;2407;top;юбилей
никаких больше вечеринок;2405;assoc;корпоратив
поздравление с юбилеем 55;2377;top;юбилей
открытки с юбилеи красивые с пожеланиями;2299;top;юбилей
поздравление с юбилеем женщине 50;2287;top;юбилей
корпоративный партнер;2284;assoc;корпоратив | загородный корпоратив
конкурсы на юбилей;2284;top;юбилей
фильмы про новый год;2279;assoc;новогодний корпоратив
музыка для кафе;2264;assoc;ресторан для корпоратива
с юбилеем 50 лет мужчине;2240;top;юбилей | юбилей 50 лет
с юбилеем скачать бесплатно;2181;top;юбилей
с юбилеем 65 женщине;2181;top;юбилей
где отметить день рождения детей лет;2153;top;где отметить день рождения
поздравление с юбилеем 60 лет;2140;top;юбилей
с юбилеем 70 лет женщине;2122;top;юбилей
юбилей женщины бесплатно;2110;top;юбилей
корпоративные мероприятия;2098;assoc;корпоратив | банкетный зал для корпоратива | ресторан для корпоратива | площадка для корпоратива | корпоратив на природе | загородный корпоратив | корпоратив под ключ | организация корпоратива
творог домик в деревне;2093;assoc;загородный корпоратив
открытки с юбилеем 60;2089;top;юбилей
поздравление с юбилеем 65;2057;top;юбилей
скачать открытку с юбилеем;2050;top;юбилей
рестораны москвы для дня рождения;2025;top;ресторан для дня рождения
маме юбилей лет;2019;top;юбилей
подарок на юбилей мужчине;2010;top;юбилей
открытка с юбилеем женщине с пожеланиями;1993;top;юбилей
с юбилеем женщине красивые с пожеланиями;1991;top;юбилей
корпоратив русском;1982;top;корпоратив
приглашение на юбилей;1981;top;юбилей
летний юбилей поздравления;1976;top;юбилей
открытка с юбилеем лет мужчине;1942;top;юбилей
с юбилеем 60 лет женщине;1935;top;юбилей
поздравление с юбилеем 70 лет;1909;top;юбилей
юбилей какие года;1900;top;юбилей
поздравление с юбилеем лет красивые;1857;top;юбилей
с юбилеем картинки красивые;1848;top;юбилей
сценарий на юбилей;1843;top;юбилей
юбилей песни года;1819;top;юбилей
с юбилеем короткое;1797;top;юбилей
с юбилеем мужчине 70;1786;top;юбилей
открытка с юбилеем 70;1779;top;юбилей
что подарить мужчине на юбилей;1767;top;юбилей
открытка с днем юбилеем женщине;1758;top;юбилей
скачать юбилей женщине;1743;top;юбилей
корпоративная сим карта;1728;assoc;корпоратив на природе
дк юбилейный;1720;assoc;ресторан для юбилея
открытка с юбилеем рождения женщине;1719;top;юбилей
с юбилеем 75 лет;1715;top;юбилей
с юбилеем мужа;1711;top;юбилей
открытка с днем рождения юбилей женщине;1707;top;юбилей
оригинальный юбилей;1707;top;юбилей
с юбилеем 30;1700;top;юбилей
поздравление с юбилеем 80;1685;top;юбилей
с праздником вас;1676;assoc;где отметить день рождения
ас московского округа;1652;assoc;корпоратив москва
красивый юбилей 50;1642;top;юбилей
сценарий юбилея женщины лет;1628;top;юбилей
хочу пури ресторан;1622;assoc;ресторан для дня рождения
сднем рождением;1618;assoc;день рождения на природе
что подарить женщине на юбилей;1610;top;юбилей
с юбилеем мужчине своими словами;1601;top;юбилей
birthday party;1601;assoc;где отметить день рождения
кафе старый город;1600;assoc;ресторан для юбилея
открытка с юбилеем 50 лет;1586;top;юбилей | юбилей 50 лет
поздравить с юбилеем женщину;1586;top;юбилей
аренда кафе;1577;assoc;ресторан для корпоратива | ресторан для дня рождения
с юбилеем 35;1577;top;юбилей
гости на юбилее;1574;top;юбилей
порно после корпоратива;1571;top;корпоратив
поздравление с юбилеем женщине открытка;1568;top;юбилей
с юбилеем женщине 80;1566;top;юбилей
с днем рождения юбилеем красивое;1564;top;юбилей
с юбилеем коллеге;1553;top;юбилей
открытка женщине с юбилеем красивые пожеланиями;1548;top;юбилей
с юбилеем 60 лет мужчине;1547;top;юбилей
шуточный юбилей;1543;top;юбилей
юбилей новы;1543;top;юбилей
корпоратив ебал;1538;top;корпоратив
подарок на юбилей женщине;1538;top;юбилей
открытка с юбилеем 55;1521;top;юбилей
юбилей мужа лет;1521;top;юбилей
поздравление с юбилеем 50 лет женщине;1508;top;юбилей | юбилей 50 лет
restoran;1506;assoc;ресторан для корпоратива
бесплатные открытки с юбилеем женщине;1504;top;юбилей
с юбилеем дочери;1502;top;юбилей
с днем рождения людмила красивые;1500;assoc;день рождения на природе
с юбилеем сына;1498;top;юбилей
с днем рождения галина красивые;1498;assoc;день рождения на природе
поздравление подруге с юбилеем;1496;top;юбилей
поздравление с юбилеем женщине 60;1496;top;юбилей
корпоратив в москве;1493;top;корпоратив | корпоратив москва
с днем юбилеем 50;1492;top;юбилей
цдл ресторан;1466;assoc;ресторан для дня рождения
праздничное меню;1461;assoc;банкетный зал на день рождения
фильм юбилей;1459;top;юбилей
где отметить день рождения взрослому;1452;top;где отметить день рождения
поздравление с юбилеем женщине 70;1439;top;юбилей
с юбилеем женщине 75;1434;top;юбилей
картинки с юбилеем мужчине;1429;top;юбилей
поздравление маме с юбилеем;1427;top;юбилей
юбилей александры;1423;top;юбилей
с днем рождения с юбилеем 50;1421;top;юбилей
юбилей лет женщине поздравления красивые;1419;top;юбилей
открытка с юбилеем 65;1419;top;юбилей
поздравление с юбилеем 50 мужчине;1411;top;юбилей
где отпраздновать др;1408;assoc;где отметить юбилей | где отметить день рождения | ресторан для дня рождения
битва под москвой;1399;assoc;корпоратив москва
скачать бесплатно открытку с юбилеем;1391;top;юбилей
день рождения на природе;1384;top;день рождения на природе
видео с юбилеем;1378;top;юбилей
с юбилеем 55 мужчине;1375;top;юбилей
с юбилеем в прозе;1374;top;юбилей
юбилеи дни 60;1370;top;юбилей
вкусный салат на праздничный стол рецепты;1365;assoc;банкетный зал на день рождения
что подарить на юбилей 50;1353;top;юбилей
поздравление с юбилеем свадьбы;1352;top;юбилей
поздравление с юбилеем 75;1350;top;юбилей
юбилеи в 2026;1347;top;юбилей
юбилей принца;1347;top;юбилей
празднество;1336;assoc;корпоратив
с юбилеем брат;1336;top;юбилей
короткое поздравление с юбилеем;1332;top;юбилей
совместный юбилей;1331;top;юбилей
юбилей монако;1328;top;юбилей
открытки бесплатно юбилей красивые;1327;top;юбилей
юбилей принца монако;1305;top;юбилей
стол на юбилей;1302;top;юбилей
открытка с юбилеем 50 женщине;1298;top;юбилей
с юбилеем 30 лет;1293;top;юбилей
с юбилеем любимый;1292;top;юбилей
юбилей паулса;1288;top;юбилей
корпораты;1283;assoc;корпоратив под ключ
поздравление с юбилеем красивая открытка;1265;top;юбилей
с юбилеем 40;1261;top;юбилей
юбилей даты;1258;top;юбилей
с юбилеем от души;1257;top;юбилей
смешной юбилей;1254;top;юбилей
тост на юбилей;1252;top;юбилей
где отметить день рождения ребенка в москве;1249;top;где отметить день рождения
где отметить день рождения девочки;1245;top;где отметить день рождения
корпоратив фильм;1241;top;корпоратив
с юбилеем 50 своими словами;1232;top;юбилей
душевный юбилей;1226;top;юбилей
поздравление с юбилеем в стихах;1218;top;юбилей
с юбилеем 65 мужчине;1213;top;юбилей
первый юбилей;1209;top;юбилей
открытка с юбилеем 60 лет;1209;top;юбилей
корпоратив 2026;1208;top;корпоратив
что можно на юбилей;1208;top;юбилей
трахнул на корпоративе;1206;top;корпоратив
с днем рождения юбилей 60;1202;top;юбилей
где можно отметить день рождения лет;1201;top;где отметить день рождения
бесплатно пожелания с юбилеем;1198;top;юбилей
куда сходить на др;1196;assoc;где отметить день рождения
стихи с юбилеем женщине;1195;top;юбилей
подарок на юбилей 50;1194;top;юбилей
что приготовить на праздничный стол;1193;assoc;банкетный зал на день рождения
корпоративы мужа;1186;top;корпоратив
с юбилеем лет женщине своими словами;1181;top;юбилей
moscow food;1173;assoc;корпоратив москва
с юбилеем бывшего;1171;top;юбилей
прикольные поздравления с юбилеем;1169;top;юбилей
куда можно сходить на день рождения;1169;assoc;где отметить юбилей
открытки с юбилеем лет женщине красивые;1159;top;юбилей
поздравление с юбилеем сестре;1159;top;юбилей
юбилеи лета 2026;1158;top;юбилей
с юбилеем 70 лет мужчине;1158;top;юбилей
сценка на юбилей;1155;top;юбилей
юбилеи 2026 года;1154;top;юбилей
роза юбилей принца;1147;top;юбилей
открытка с юбилеем 70 лет;1144;top;юбилей
с юбилеем мужчине красивые;1144;top;юбилей
что подарить юбилей 60;1142;top;юбилей
поздравление с днем юбилеем мужчине;1141;top;юбилей
про юбилей;1140;top;юбилей
роза юбилей монако;1139;top;юбилей
переделки юбилей;1135;top;юбилей
юбилей это сколько;1133;top;юбилей
поздравление с юбилеем мужчине своими словами;1133;top;юбилей
поздравление с юбилеем женщине 55;1127;top;юбилей
чайко юбилей;1126;top;юбилей
патрики в москве что это;1122;assoc;корпоратив москва
роза юбилей принца монако;1122;top;юбилей
поздравление с юбилеем летием;1121;top;юбилей
с юбилеем женщине красивые бесплатно;1119;top;юбилей
юбилей юмор;1117;top;юбилей
красивая песня с днем рождения;1115;assoc;день рождения на природе
с юбилеем женщине скачать бесплатно;1110;top;юбилей
юбилей компании;1098;top;юбилей
свадебный банкет;1094;assoc;банкетный зал для корпоратива | банкетный зал на юбилей | банкетный зал на день рождения
поздравление с юбилеем рождения мужчине;1094;top;юбилей
юбилей ребенка;1093;top;юбилей
поздравление с днем рождения мужчине юбилей;1093;top;юбилей
где можно отметить день рождение в москве;1092;top;где отметить день рождения
с юбилеем 45 женщине;1091;top;юбилей
юбилеи по годам;1090;top;юбилей
юбилей картинки с пожеланиями;1089;top;юбилей
веселый юбилей;1087;top;юбилей
скачать открытку с юбилеем женщине;1087;top;юбилей
сплочение коллектива;1086;assoc;тимбилдинг на природе
стихи с юбилеем лет;1073;top;юбилей
поздравление с юбилеем 80 лет;1073;top;юбилей
с юбилеем дорога;1067;top;юбилей
картинки поздравления с юбилеем;1064;top;юбилей
где отметить день рождения 10;1062;top;где отметить день рождения
с днем юбилеем своими словами;1058;top;юбилей
открытки с юбилеем бесплатные с пожеланием;1055;top;юбилей
с юбилеем своими словами от души;1053;top;юбилей
юбилей генерала;1050;top;юбилей
с днем юбилеем женщине красивые;1050;top;юбилей
андреев юбилей;1048;top;юбилей
где отметить юбилей;1045;top;юбилей | где отметить юбилей
поздравление с юбилеем мужчине 60;1040;top;юбилей
ебут на корпоративе;1036;top;корпоратив
юбилеи 2027;1033;top;юбилей
с юбилеем дорогая;1033;top;юбилей
с днем рождения своими словами юбилей;1028;top;юбилей
праздник к нам приходит;1026;assoc;где отметить день рождения
поздравление коллеге с юбилеем;1023;top;юбилей
с юбилеем трогательное;1022;top;юбилей
тарталетки на праздничный стол;1022;assoc;банкетный зал на день рождения
юбилей со;1021;top;юбилей
с юбилеем 80 лет женщине;1021;top;юбилей
с юбилеем рождения женщине красивые;1019;top;юбилей
с юбилеем девушке;1018;top;юбилей
с юбилеем день рождения женщине красивые;1015;top;юбилей
смотреть юбилей;1014;top;юбилей
года юбилея жизни;1013;top;юбилей
с юбилеем своими словами коротко;1013;top;юбилей
с юбилеем 50 женщине красивые;1011;top;юбилей
с юбилеем друг;1010;top;юбилей
с юбилеем 55 лет женщине;1005;top;юбилей
юбилей это сколько лет;1002;top;юбилей
поздравление с юбилеем в прозе;1001;top;юбилей
юбилеем родителей;1001;top;юбилей
с юбилеем 25;998;top;юбилей
с юбилеем женщине прикольные;996;top;юбилей
бесплатное поздравления с юбилеем;990;top;юбилей
где отметить день рождения 10 лет;990;top;где отметить день рождения
с юбилеем жена;987;top;юбилей
кафе для дня рождения;977;assoc;ресторан для юбилея
корпоратив года;975;top;корпоратив
залы юбилеев;975;top;юбилей
открытки с юбилеем женщине красивые бесплатно;965;top;юбилей
поздравление от души с юбилеем;962;top;юбилей
поздравление с юбилеем женщине 65;962;top;юбилей
с юбилеем 85;958;top;юбилей
поздравление с юбилеем 55 лет;955;top;юбилей
конкурсы на юбилей лет;953;top;юбилей
юбилей самой;949;top;юбилей
свадьба на природе;948;assoc;загородный корпоратив
открытки с юбилеем женщине 70;945;top;юбилей
кафе галерея;944;assoc;ресторан для корпоратива
поздравление с юбилеем своими словами от души;938;top;юбилей
золотой юбилей;936;top+assoc;юбилей | юбилей 50 лет
с юбилеем татьяна;936;top;юбилей
большие юбилеи;934;top;юбилей
картинка день юбилей;929;top;юбилей
поздравление с юбилеем 45;927;top;юбилей
песня корпоратив;924;top;корпоратив
пельмени корпоратив;922;top;корпоратив
где недорого отметить день рождения;922;top;где отметить день рождения
картинка с юбилеем 50;921;top;юбилей
корпоратив уральские;914;top;корпоратив
сценарий юбилея лет мужчина;912;top;юбилей
уральские пельмени корпоратив;908;top;корпоратив
день юбилей 50 лет;908;top;юбилей | юбилей 50 лет
открытка с юбилеем женщине 60;907;top;юбилей
поздравляю с днем юбилеем;904;top;юбилей
что можно подарить на юбилей;903;top;юбилей
с днем рождения тема;901;assoc;юбилей
прикольный юбилей 50 лет;900;top;юбилей | юбилей 50 лет
где отметить день рождения подростка;899;top;где отметить день рождения
песни на юбилей женщине;894;top;юбилей
секс после корпоратива;892;top;корпоратив
пришла с корпоратива;890;top;корпоратив
песни переделки на юбилей;887;top;юбилей
поздравляю с юбилеем 50;886;top;юбилей
юбилей поздравительное;885;top;юбилей
в честь юбилея;883;top;юбилей
открытки с юбилеем 75;878;top;юбилей
без юбилей;878;top;юбилей
фото с юбилеем;874;top;юбилей
книга юбилеев;873;top;юбилей
с юбилеем тетя;873;top+assoc;юбилей | юбилей 50 лет
с днем юбилей 70;871;top;юбилей
жена после корпоратива;866;top;корпоратив
с юбилеем женщине короткие;866;top;юбилей
поздравление с юбилеем 50 лет мужчине;866;top;юбилей | юбилей 50 лет
с юбилеем лет подруга;865;top;юбилей
с юбилеем летием женщине;864;top;юбилей
с юбилеем 80 мужчине;863;top;юбилей
сценарий на юбилей женщине;862;top;юбилей
с юбилеем папа;859;top;юбилей
поздравление с юбилеем 65 лет;858;top;юбилей
платье на юбилей;858;top;юбилей
где отметить детский день рождения;856;top;где отметить день рождения
поздравление с юбилеем 70 лет женщине;853;top;юбилей
с юбилеем мужчине прикольные;852;top;юбилей
с красивым юбилеем 50 лет;849;top;юбилей | юбилей 50 лет
юбилей описание;849;top;юбилей
картинки с юбилеем женщине красивые;846;top;юбилей
театр маска москва;845;assoc;корпоратив москва
с юбилеем женщине красивые поздравления открытки;845;top;юбилей
года юбилея рождения мужчине;844;top;юбилей
поздравления с юбилеем 50 своими словами;844;top;юбилей
с юбилеем 55 красивые;844;top;юбилей
с юбилеем картинки красивые с пожеланиями;843;top;юбилей
пьяная на корпоративе;840;top;корпоратив
деньги юбилей;836;top;юбилей
поздравление с юбилеем лет женщине своими словами;836;top;юбилей
с юбилеем 65 лет женщине;834;top;юбилей
замужняя корпоратив;831;top;корпоратив
корпоратив где;830;top;корпоратив
заказать юбилей;829;top;юбилей
с земным днем рождения;828;assoc;день рождения на природе
рук юбилей;825;top;юбилей
пусть юбилей;825;top;юбилей
юбилей школы;825;top;юбилей
картинки с юбилеем рождения;824;top;юбилей
юбилей музыкальной;823;top;юбилей
картинки с днем рождения с юбилеем;823;top;юбилей
скачать бесплатно открытку с юбилеем женщине;821;top;юбилей
картинки с юбилеем лет женщины;820;top;юбилей
юбилей лет видео;818;top;юбилей
короткое поздравление с юбилеем своими словами;818;top;юбилей
порно видео корпоратив;817;top;корпоратив
кафе причал;816;assoc;ресторан для корпоратива
красивая открытка с днем юбилеем;816;top;юбилей
с днем юбилей 55;815;top;юбилей
корпоратив фото;814;top;корпоратив
с днем рождения юбилей 70;813;top;юбилей
подарок мужчине на летний юбилей;812;top;юбилей
что подарить маме на юбилей;812;top;юбилей
корпоративное питание;810;assoc;ресторан для корпоратива
поздравление с юбилеем мужчине 70;809;top;юбилей
русское порно корпоратив;807;top;корпоратив
дарим на юбилей;804;top;юбилей
поздравление дочери с юбилеем;803;top;юбилей
человек корпоратив;800;top;корпоратив
юбилеи недорого;796;top;юбилей
трогательное поздравление с юбилеем;796;top;юбилей
кинки вечеринки;795;assoc;площадка для корпоратива
поздравление с юбилеем женщине 80;790;top;юбилей
с юбилеем бабушка;787;top;юбилей
поздравить с юбилеем мужчину;786;top;юбилей
с юбилеем александр;785;top;юбилей
красивые открытки с днем рождения юбилей;784;top;юбилей
пожелания на юбилей;783;top;юбилей
1 юбилей;782;top;юбилей
с днем рождения с юбилеем 55;781;top;юбилей
поздравление с юбилеем 60 лет женщине;779;top;юбилей
суть корпоратива;777;top;корпоратив
открытка с юбилеем 80;775;top;юбилей
открытка с юбилеем 50 мужчине;773;top;юбилей
жена на корпоративе порно;771;top;корпоратив
рождения юбилей 65;771;top;юбилей
открытка с днем с юбилеем мужчине;767;top;юбилей
юбилей раймонда;766;top;юбилей
с юбилеем 75 лет женщине;765;top;юбилей
торт на юбилей женщине;763;top;юбилей
юбилейная площадь;762;assoc;юбилей
меню на праздничный стол;760;assoc;банкетный зал на день рождения
поздравление с юбилеем 75 лет;758;top;юбилей
как отметить юбилей;755;top;юбилей
подарок юбилей 30;754;top;юбилей
юбилей областей;753;top;юбилей
корпоративов смотреть;751;top;корпоратив
цветы на юбилей;750;top;юбилей
открытка с юбилеем свадьбы;750;top;юбилей
юбилей интересный;747;top;юбилей
открытка с юбилеем женщине 55;747;top;юбилей
открытка с юбилеем мужчине с пожеланиями;746;top;юбилей
поздравления с днем юбилея своими словами;745;top;юбилей
с днем юбилеем 65;745;top;юбилей
корпоратив день;744;top;корпоратив
юбилей в стиле;744;top;юбилей
букет на юбилей;742;top;юбилей
bnl ресторан;742;assoc;ресторан для дня рождения
открытка с днем рождения мужчине юбилей;740;top;юбилей
открытка с юбилеем рождения мужчине;740;top;юбилей
с юбилеем 75 мужчине;739;top;юбилей
юбилей 70 что подарить;738;top;юбилей
красивые поздравления с днем с юбилеем;738;top;юбилей
скачать поздравление с юбилеем;737;top;юбилей
онлайн юбилей;735;top;юбилей
поздравление мужу с юбилеем;730;top;юбилей
с юбилеем 50 лет своими словами;729;top;юбилей | юбилей 50 лет
домашние юбилеи;726;top;юбилей
женщины на корпоративе;725;top;корпоратив
поздравление с днем рождения юбилеем своими словами;725;top;юбилей
юбилей города;723;top;юбилей
с днем рождения с юбилеем 65;722;top;юбилей
красивые юбилей 70 лет;721;top;юбилей
с юбилеем свекрови;720;top;юбилей
поздравление с юбилеем 60 лет мужчине;719;top;юбилей
юбилей два;718;top;юбилей
оригинальный подарок на юбилей;717;top;юбилей
юбилей раймонда паулса;716;top;юбилей
кордес юбилей;714;top;юбилей
отмечают ли 40 лет;714;assoc;юбилей
открытка с юбилеем мужчине 60;712;top;юбилей
открытка с юбилеем женщине 65;709;top;юбилей
с днем рождения юбилей 50 лет;709;top;юбилей | юбилей 50 лет
корпоратив рассказы;707;top;корпоратив
юбилей новой волны;705;top;юбилей
открытка с юбилеем женщине с пожеланиями бесплатно;703;top;юбилей
бесплатно юбилей мужчине;703;top;юбилей
с юбилеем 50 прикольные;700;top;юбилей
конкурсы на юбилей женщине;697;top;юбилей
красивые поздравления с юбилеем рождения;697;top;юбилей
слова с юбилеем 60;696;top;юбилей
красивое поздравление с днем рождения юбилей;695;top;юбилей
торт на юбилей мужчине;695;top;юбилей
короткое поздравление с юбилеем женщине;695;top;юбилей
зрелки за 50;692;assoc;юбилей 50 лет
где в москве отметить день рождения взрослому;692;top;где отметить день рождения
поздравляю с рождением юбилей;690;top;юбилей
подарить 50 летний юбилей;690;top;юбилей
юбилей московского;690;top;юбилей
поздравление с днем юбилей 50;689;top;юбилей
с юбилеем 70 женщине красивые;688;top;юбилей
красивое поздравление с юбилеем 50;682;top;юбилей
подарок девушке 30 юбилей;679;top;юбилей
поздравить с днем рождения юбилей;675;top;юбилей
сколько стоит корпоративы;674;top;корпоратив
кампус новый год;673;assoc;новогодний корпоратив
поздравления с днем юбилей 60;673;top;юбилей
ведущий на юбилей;672;top;юбилей
красивые слова с юбилеем;672;top;юбилей
где отметить день рождения мальчика;672;top;где отметить день рождения
открытка с юбилеем 50 лет женщине;668;top;юбилей | юбилей 50 лет
юбилей 55 женщине красивой;666;top;юбилей
перед юбилеем;665;top;юбилей
с юбилеем наталья;662;top;юбилей
поздравление с рождением с юбилеем 50;662;top;юбилей
с юбилеем женщине от души;662;top;юбилей
с юбилеем 60 женщине красивые;661;top;юбилей
поздравление с днем рождения юбилей 50;661;top;юбилей
мегафон для корпоративных клиентов;659;assoc;площадка для корпоратива | загородный корпоратив
банкет холл;658;assoc;банкетный зал для корпоратива | банкетный зал на юбилей | банкетный зал на день рождения
65 летний юбилей;656;top;юбилей
чс природного характера;654;assoc;тимбилдинг на природе
с юбилеем 45 мужчине;654;top;юбилей
красивые открытки с юбилеем 50;654;top;юбилей
поздравления с юбилеем мужчине открытки;650;top;юбилей
поздравление с юбилеем женщине в стихах;650;top;юбилей
с юбилеем женщине красивые пожелания бесплатно;648;top;юбилей
где отметить 11 день рождения;648;top;где отметить день рождения
поздравление с летним юбилеем женщине;647;top;юбилей
поздравить с юбилеем своими словами;645;top;юбилей
с юбилеем своими словами женщине от души;641;top;юбилей
слова с юбилеем 70;641;top;юбилей
корпоратив в стиле;639;top;корпоратив
цвет юбилея;639;top;юбилей
ирина с юбилеем;639;top;юбилей
с юбилеем коллеге женщине;639;top;юбилей
корпоратив новый;638;top;корпоратив
юбилей крутого;638;top;юбилей
с юбилеем ольга;638;top;юбилей
поздравление с днем рождения юбилей 60;636;top;юбилей
поздравления с рождением с юбилеем 60;636;top;юбилей
юмор года юбилей;635;top;юбилей
дочери с юбилеем лет;635;top;юбилей
празднование юбилея;633;top;юбилей
кафе буфет;630;assoc;банкетный зал для корпоратива
ресторан где отметить день рождения;630;top;где отметить день рождения
роза юбилей фото;625;top;юбилей
юбилеи писателей;625;top;юбилей
с юбилеем светлана;624;top;юбилей
пьяная после корпоратива;623;top;корпоратив
скачать красивую открытку с юбилеем;622;top;юбилей
пожелания с днем с юбилеем;621;top;юбилей
с юбилеем сестренка;620;top;юбилей
с юбилеем елена;620;top;юбилей
с юбилеем 50 лет женщине красивые;620;top;юбилей | юбилей 50 лет
загородный корпоратив;618;top;корпоратив | загородный корпоратив
поздравление с юбилеем женщине 75;617;top;юбилей
красиво поздравить с юбилеем;617;top;юбилей
с юбилеем женщине душевные;617;top;юбилей
какой корпоратив;616;top;корпоратив
душевное поздравление с юбилеем;616;top;юбилей
подарок на юбилей 60;615;top;юбилей
поздравление брату с юбилеем;611;top;юбилей
вечер юбилея;608;top;юбилей
с юбилеем сергей;607;top;юбилей
открытки с юбилеем 70 лет женщине;604;top;юбилей
где отметить день рождения 11 лет;601;top;где отметить день рождения
скачать пожелание с юбилеем;600;top;юбилей
душ поздравления женщине с юбилеем;599;top;юбилей
поздравление от души с юбилеем женщине;599;top;юбилей
посвящена юбилею;597;top;юбилей
юбилей газманова;597;top;юбилей
зрелые корпоратив;596;top;корпоратив
красивая открытка с юбилеем мужчине;596;top;юбилей
с юбилеем с днем рождения бесплатные;595;top;юбилей
юбилей женщины лет прикольный сценарий;594;top;юбилей
пожелания с днем рождения с юбилеем;593;top;юбилей
с юбилеем 50 женщине своими словами;592;top;юбилей
имена юбилей;592;top;юбилей
юбилей возраст;590;top;юбилей
кафе бистро;589;assoc;ресторан для корпоратива
с юбилеем женщине красивые скачать;589;top;юбилей
поздравление с юбилеем женщине бесплатно;587;top;юбилей
где отметить день рождения 12;584;top;где отметить день рождения
с юбилеем женщине своими словами короткие;581;top;юбилей
приглашение юбилей лет;580;top;юбилей
измена на корпоративе;579;top;корпоратив
поздравление с юбилеем 30;579;top;юбилей
поздравить с юбилеем 50 лет;579;top;юбилей | юбилей 50 лет
где можно отметить день рождения ребенка;579;top;где отметить день рождения
центр раскрытия корпоративной информации;578;assoc;организация корпоратива
юбилей отзыв;578;top;юбилей
видео поздравление с юбилеем;578;top;юбилей
где можно отпраздновать др;578;assoc;где отметить день рождения | ресторан для дня рождения
поздравление с юбилеем летием женщине;576;top;юбилей
юбилей г;576;top;юбилей
поздравление жене с юбилеем;575;top;юбилей
подарок на юбилей 50 лет;574;top;юбилей | юбилей 50 лет
игры на юбилей;574;top;юбилей
трахают на корпоративе;573;top;корпоратив
с юбилеем маме от дочери;572;top;юбилей
поздравить юбилей женщине лет;572;top;юбилей
приходи юбилей;571;top;юбилей
приходят юбилеи;571;top;юбилей
подарок 30 лет подруге юбилей;570;top;юбилей
с юбилеем женщине стихи красивые;569;top;юбилей
корпоративный мерч;568;assoc;площадка для корпоратива
с днем юбилеем 50 женщину;568;top;юбилей
открытки с поздравлением с днем юбилея;568;top;юбилей
днем юбилея 70 лет;567;top;юбилей
открытка с юбилеем 65 лет;566;top;юбилей
юбилей 2;565;top;юбилей
открытка с юбилеем 55 лет;564;top;юбилей
с твоим юбилеем;563;top;юбилей
поздравления с юбилеем стихах красивые;562;top;юбилей
подарок юбилей 70;562;top;юбилей
где отметить день рождения недорого в москве;560;top;где отметить день рождения
корпоратив как пишется;558;top;корпоратив
юбилеи дни рождения поздравления открытки;558;top;юбилей
скачать бесплатно красивую открытку с юбилеем;558;top;юбилей
корпоратив водка;557;top;корпоратив
с днем юбилеем женщине 60;557;top;юбилей
стрелки на вечеринке;556;assoc;площадка для корпоратива
с юбилеем 90;556;top;юбилей
снять юбилей;556;top;юбилей
картинки с юбилеем 60;555;top;юбилей
с днем рождения женщине юбилей 50;553;top;юбилей
картинки с юбилеем лет мужчине;553;top;юбилей
красивое поздравление с юбилеем мужчине;551;top;юбилей
шуточный юбилей женщине;550;top;юбилей
скачать поздравление юбилеем бесплатно;550;top;юбилей
30 лет подарок девушке подруге юбилей;550;top;юбилей
на вечеринке лучших друзей;549;assoc;корпоратив
конец корпоратива;548;top;корпоратив
привет юбилей;548;top;юбилей
открытки поздравления с юбилеем рождения;548;top;юбилей
текст на юбилей;548;top;юбилей
50 юбилей скачать;545;top;юбилей
с днем рождения женщине юбилей 60;544;top;юбилей
с юбилеем 60 рождения женщине;544;top;юбилей
что подарить на юбилей 50 лет;544;top;юбилей | юбилей 50 лет
с юбилеем 80 лет мужчине;544;top;юбилей
про корпоратив;542;top;корпоратив
с юбилеем пожеланиями скачать бесплатно;540;top;юбилей
николаев юбилей;540;top;юбилей
день рождения где отметить ребенку 10;540;top;где отметить день рождения
бесплатно юбилей 50;538;top;юбилей
с день юбилеем 60 лет;538;top;юбилей
интересные поздравления с днем рождения;538;assoc;день рождения на природе
поздравляю с юбилеем 60;534;top;юбилей
юбилей театра;534;top;юбилей
конкурсы на корпоратив;533;top;корпоратив
открытки с юбилеем женщине лет бесплатно;533;top;юбилей
юбилей женщины оригинальный;533;top;юбилей
днем юбилеем маме;532;top;юбилей
скачать с юбилеем мужчине;532;top;юбилей
поздравления пожелания юбилею;531;top;юбилей
даешь юбилей;530;top;юбилей
день рождения 12 лет где отметить;530;top;где отметить день рождения
поздравления с юбилеем свадьбы лет;528;top;юбилей
открытка с юбилеем 45;528;top;юбилей
роза юбилей описание;527;top;юбилей
красивая открытка с юбилеем 60;527;top;юбилей
с 50 летним юбилеем;526;top;юбилей
летний юбилей свадьбы;525;top;юбилей
тц юбилейный;525;assoc;ресторан для юбилея
где отметить день рождения ребенка 10 лет;525;top;где отметить день рождения
открытки с юбилеем 80 лет;524;top;юбилей
организация юбилея;523;top;юбилей
открытка с днем юбилеем женщине красивые;522;top;юбилей
поздравление подруге с юбилеем лет;521;top;юбилей
ебал после корпоратива;520;top;корпоратив
ебут после корпоратива;520;top;корпоратив
красивое поздравление с юбилеем 50 лет;520;top;юбилей | юбилей 50 лет
пожелания юбилей 60;520;top;юбилей
с юбилеем лет девушке;520;top;юбилей
юбилей 3;517;top;юбилей
водка пиво корпоратива;516;top;корпоратив
корпоративка;516;assoc;корпоратив на природе | загородный корпоратив | корпоратив под ключ
с юбилеем женщине красивые скачать бесплатно;516;top;юбилей
торт на юбилей 50;516;top;юбилей
поздравление с юбилеем с юмором;516;top;юбилей
что подарить на юбилей 80;515;top;юбилей
стихи с юбилеем лет женщине;515;top;юбилей
марина с юбилеем;515;top;юбилей
бесплатно красивые поздравления с юбилеем;514;top;юбилей
поздравление сына с юбилеем;514;top;юбилей
красивое поздравление с юбилеем женщине 50;513;top;юбилей
под юбилеем;512;top;юбилей
подарок на юбилей мужчине 50;512;top;юбилей
с днем рождения юбилеем 60 лет;512;top;юбилей
песня на юбилей мужчине;512;top;юбилей
открытки с юбилеем 60 лет женщине;511;top;юбилей
бывшая на корпоративе;510;top;корпоратив
под конец корпоратива;510;top;корпоратив
с юбилеем 85 лет;510;top;юбилей
красивые открытки с юбилеем 70;509;top;юбилей
проведение юбилеев;508;top;юбилей
пиво под конец корпоратива;507;top;корпоратив
открытки с юбилеем рождения женщине красивые;507;top;юбилей
подарки на 50 летний юбилей;506;top;юбилей
юбилей антонова;506;top;юбилей
с юбилеем женщине с юмором;505;top;юбилей
70 юбилей сценарий;505;top;юбилей
поздравление открытки с юбилеем бесплатно;505;top;юбилей
приходите на юбилей;504;top;юбилей
открытка с днем рождения женщине красивые юбилей;504;top;юбилей
юбилей месяц;502;top;юбилей
водка пиво под конец корпоратива;501;top;корпоратив
водка пиво под корпоратива;501;top;корпоратив
под конец корпоратива водка;501;top;корпоратив
с днем рождения женщине 50 ти летием;501;assoc;юбилей 50 лет
конкурсы на юбилей лет женщине;499;top;юбилей
юбилей клуба;499;top;юбилей
с юбилеем наташа;498;top;юбилей
с юбилеем женщине в прозе;498;top;юбилей
поздравление с юбилеем женщине своими словами короткие;498;top;юбилей
прошел юбилей;497;top;юбилей
м юбилеем;497;top;юбилей
оригинальный юбилей мужчине;496;top;юбилей
надпись с юбилеем;495;top;юбилей
открытка поздравляю с юбилеем;495;top;юбилей
день рождения девочки где отметить москва;494;top;где отметить день рождения
легкие салаты на праздничный стол;494;assoc;банкетный зал на день рождения
картинки с юбилеем 50 лет;493;top;юбилей | юбилей 50 лет
подарок на юбилей лет мужчине;493;top;юбилей
с юбилеем здоровья;492;top;юбилей
привет андрей юбилей;490;top;юбилей
тим билдинг;489;assoc;тимбилдинг на природе
юбилей в домашних условиях;488;top;юбилей
шуточные поздравления с юбилеем;487;top;юбилей
скачать открытку с юбилеем женщине красивые;487;top;юбилей
бесплатные открытки с юбилеем мужчине;487;top;юбилей
что подарить мужчине на юбилей 50;485;top;юбилей
поздравление с юбилеем 60 красивые;485;top;юбилей
с юбилеем 50 подруге;484;top;юбилей
отметить юбилей в москве;484;top;юбилей
тосты на юбилей лет;483;top;юбилей
с днем юбилеем женщине своими словами;483;top;юбилей
взрослый юбилей;483;top;юбилей
корпоративные подарки на новый год;482;assoc;новогодний корпоратив
с юбилеем людмила;481;top;юбилей
day2day москва;480;assoc;корпоратив москва
открытки с юбилеем мужчине 70;480;top;юбилей
с юбилеем руководителя;480;top;юбилей
с юбилеем невестка;480;top;юбилей
с юбилеем 80 летием;479;top;юбилей
юбилей сама;478;top;юбилей
поздравление с юбилеем 50 лет своими словами;478;top;юбилей | юбилей 50 лет
юбилей казани;477;top;юбилей
пригласительные на юбилей;477;top;юбилей
слова поздравления с 70 юбилеем;476;top;юбилей
поздравление с юбилеем 70 лет мужчине;476;top;юбилей
сценарий юбилея с конкурсами;475;top;юбилей
с юбилеем рождения женщине своими словами;475;top;юбилей
корпоратив на природе;474;top;корпоратив | корпоратив на природе
с юбилеем летием мужчине;474;top;юбилей
с юбилеем 55 своими словами;472;top;юбилей
женский корпоратив;471;top;корпоратив
с днем рождения женщине своими словами юбилей;471;top;юбилей
что подарить на юбилей 60 лет;471;top;юбилей
красивое поздравление с юбилеем дне женщине;471;top;юбилей
поздравление с днем юбилеем женщине красивые;471;top;юбилей
красивое поздравление юбилей 70;471;top;юбилей
поздравляю с юбилеем желаю;470;top;юбилей
найти юбилей;470;top;юбилей
с юбилеем женщине 70 лет красивое;470;top;юбилей
поздравление мамы с юбилеем лет;470;top;юбилей
картинка с юбилеем 55;470;top;юбилей
картинки с юбилеем 70;470;top;юбилей
девушки на корпоративе;469;top;корпоратив
алексеев юбилей;469;top;юбилей
необычный юбилей;469;top;юбилей
поздравление с юбилеем 80 лет женщине;469;top;юбилей
юбилей каждый;469;top;юбилей
юбилей энергии;468;top;юбилей
изменила на корпоративе;467;top;корпоратив
изменяет на корпоративе;467;top;корпоратив
организация корпоративов;467;top;корпоратив | организация корпоратива
с юбилеем 65 лет мужчине;466;top;юбилей
праздничное меню на день рождения;466;assoc;банкетный зал на юбилей
с юбилеем женщине красивые слова;465;top;юбилей
с юбилеем совместной жизни;464;top;юбилей
с 60 летним юбилеем;464;top;юбилей
с юбилеем начальнику;464;top;юбилей
поздравление с юбилеем 60 своими словами;464;top;юбилей
трахнул после корпоратива;463;top;корпоратив
бесплатные открытки с днем юбилеем;463;top;юбилей
с юбилеем отцу;461;top;юбилей
с юбилеем мужа от жены;461;top;юбилей
минет на корпоративе;460;top;корпоратив
с юбилеем 10 лет;460;top;юбилей
корпоратив с коллегами;459;top;корпоратив
поздравление с юбилеем 65 мужчине;459;top;юбилей
поздравительная открытка с юбилеем;456;top;юбилей
прикольные поздравления с юбилеем женщине;455;top;юбилей
юбилей 55 что подарить;455;top;юбилей
подарок маме на юбилей;455;top;юбилей
роза юбилей кордеса;454;top;юбилей
сказка на юбилей;454;top;юбилей
сценка на юбилей женщине;454;top;юбилей
поздравление с юбилеем рождения женщине красивые;454;top;юбилей
с юбилеем лет женщине прикольные;454;top;юбилей
с юбилеем 55 лет мужчине;453;top;юбилей
едим на юбилей;453;top;юбилей
поздравления с юбилеем днем рождения женщине красивые;453;top;юбилей
поздравление с юбилеем мужчине 55;453;top;юбилей
с юбилеем надежда;452;top;юбилей
юбилей 50 поздравления открытки;452;top;юбилей
поздравление с другом юбилей;452;top;юбилей
пао корпоративный центр икс 5;451;assoc;площадка для корпоратива
бесплатные корпоративы;449;top;корпоратив
юбилей 55 прикольные;449;top;юбилей
сценарий на юбилей мужчине;449;top;юбилей
можно корпоратив;447;top;корпоратив
камеди корпоратив;447;top;корпоратив
прикольное поздравление с юбилеем лет;447;top;юбилей
поздравление с юбилеем 55 лет женщине;447;top;юбилей
с днем рождения юбилей 70 лет;447;top;юбилей
поздравить подругу с юбилеем;447;top;юбилей
с юбилеем галин;447;top;юбилей
с юбилеем галина;447;top;юбилей
новая волна юбилей паулса;446;top;юбилей
скачать с днем рождения юбилей;446;top;юбилей
выебали на корпоративе;445;top;корпоратив
юбилей 80 мужчине поздравление;445;top;юбилей
роза юбилей фото и описание;444;top;юбилей
что подарить на 70 летний юбилей;444;top;юбилей
теплый юбилей;444;top;юбилей
день юбилея стихи;444;top;юбилей
душевные слова с юбилеем;443;top;юбилей
открытка с юбилеем 50 женщине красивые;443;top;юбилей
юбилей мужа 50 лет;442;top;юбилей | юбилей 50 лет
поздравление с юбилеем коллеге женщине;442;top;юбилей
поздравление с юбилеем 35;441;top;юбилей
что подарить мужчине на юбилей 60;441;top;юбилей
юбилеем слова трогательные;440;top;юбилей
картинка с юбилеем женщине с пожеланиями;440;top;юбилей
хочу юбилей;440;top;юбилей
загородный корпоратив 2026;439;top;корпоратив | загородный корпоратив
поздравление с юбилеем женщине картинки;439;top;юбилей
юбилей 60 прикольные;438;top;юбилей
бесплатно открытку с юбилей рождения;438;top;юбилей
песня день юбилея;438;top;юбилей
открытка с юбилеем женщине красивые скачать бесплатно;437;top;юбилей
юбилей готово;437;top;юбилей
заказать корпоратив;436;top;корпоратив
поздравление с юбилеем 45 лет;436;top;юбилей
бесплатно открытки с днем рождения юбилей;436;top;юбилей
поздравление друга с юбилеем;435;top;юбилей
время юбилей;434;top;юбилей
поздравление с юбилеем 30 лет;434;top;юбилей
снять корпоратив;433;top;корпоратив
переделанные на юбилей;433;top;юбилей
подарить подарок на юбилей;432;top;юбилей
поздравление с днем юбилей 70;432;top;юбилей
юбилеи в 2027 году;432;top;юбилей
загородный корпоратив фильм;431;top;корпоратив | загородный корпоратив
открытка с юбилеем 60 лет мужчине;431;top;юбилей
юбилей 45 дней;431;top;юбилей
корпоратив аренда;430;top;корпоратив
платье на корпоратив;430;top;корпоратив
поздравление бабушке с юбилеем;430;top;юбилей
банкетный юбилей;429;top;юбилей
сценарий юбилея 60;428;top;юбилей
с юбилеем нина;428;top;юбилей
куда можно сходить на др;428;assoc;где отметить день рождения
проведение корпоратива;426;top;корпоратив
зал для юбилея;426;top;юбилей
детский юбилей;426;top;юбилей
поздравление с юбилеем женщине стихи красивые;426;top;юбилей
юбилей вместе;425;top;юбилей
с днем 70 юбилеем женщина;425;top;юбилей
красивая открытка с юбилеем 55;425;top;юбилей
ск юбилейный;424;assoc;юбилей
с днем юбилеем 75;422;top;юбилей
с юбилеем мужчине короткие;422;top;юбилей
красивые слова поздравления с юбилеем;422;top;юбилей
открытки с юбилеем 75 лет;422;top;юбилей
после корпоратива видео;421;top;корпоратив
стихи юбилею рождения;421;top;юбилей
поздравляю с юбилеем 55;421;top;юбилей
ресторан для юбилея;421;top;юбилей | ресторан для юбилея
муж жена корпоратив;419;top;корпоратив
что сказать на юбилей;419;top;юбилей
юбилеи сотрудников;419;top;юбилей
мероприятие юбилей;418;top;юбилей
поздравление с юбилеем лет сестре;417;top;юбилей
с днем рождения мама с юбилеем;417;top;юбилей
корпоратив вк;416;top;корпоратив
юбилей счастье;416;top;юбилей
поздравление с юбилеем женщине 50 лет красивые;416;top;юбилей | юбилей 50 лет
поздравить бывшего с юбилеем;415;top;юбилей
жене юбилеем 50;415;top;юбилей
день юбилея подруге;413;top;юбилей
телефон на юбилей;413;top;юбилей
пожелание юбилей 70;412;top;юбилей
поздравление с юбилеем 85;412;top;юбилей
без корпоративов;411;top;корпоратив
поздравить с юбилеем 70;410;top;юбилей
поздравление с юбилеем 50 женщине своими словами;410;top;юбилей
открытка с юбилеем 50 лет мужчине;409;top;юбилей | юбилей 50 лет
с юбилеем 70 поздравления днем рождения;408;top;юбилей
корпоратив фильм 2026;407;top;корпоратив
жену ебут на корпоративе;407;top;корпоратив
юбилей брака;407;top;юбилей
юбилей в россии;407;top;юбилей
приглашаем на юбилей;407;top;юбилей
пожелания с юбилеем лет мужчине;406;top;юбилей
просто юбилей;406;top;юбилей
стихи с юбилеем мужчине;405;top;юбилей
красивые пожелания с юбилеем скачать бесплатно;405;top;юбилей
загородный корпоратив фильм 2026;404;top;корпоратив | загородный корпоратив
юбилей слушать;404;top;юбилей
выплаты на юбилей;404;top;юбилей
купить подарок на юбилей;404;top;юбилей
красивое поздравления юбилей 55;404;top;юбилей
переделки на юбилей женщине;403;top;юбилей
открытка с юбилеем 75 женщине;403;top;юбилей
первый юбилей год;403;top;юбилей
рестораны для корпоратива;402;top;корпоратив | ресторан для корпоратива
с юбилеем до слез;402;top;юбилей
юбилей 45 прикольные;402;top;юбилей
с юбилеем 70 лет своими словами;401;top;юбилей
с юбилеем 45 лет женщине;401;top;юбилей
с днем рождения женщине юбилей 70;400;top;юбилей
домашнее корпоратив;399;top;корпоратив
с днем юбилеем сестра;399;top;юбилей
скачать пожелания с юбилеем женщине;399;top;юбилей
трахают после корпоратива;396;top;корпоратив
с днем рождения юбилей 75;396;top;юбилей
где отметить день рождения 14;396;top;где отметить день рождения
сценарий юбилея 60 лет;395;top;юбилей
красивое поздравление с юбилеем женщине бесплатно;393;top;юбилей
с юбилеем красивые душевные;393;top;юбилей
с юбилеем женщине красивые 65;392;top;юбилей
голы корпоратив;391;top;корпоратив
вау новый год;391;assoc;новогодний корпоратив
новогодний корпоратив фильм;390;top;корпоратив | новогодний корпоратив
скачать поздравление с юбилеем женщине;390;top;юбилей
почему юбилей;390;top;юбилей
прикольный сценарий на юбилей;389;top;юбилей
с первым юбилеем;389;top;юбилей
реальный корпоратив;388;top;корпоратив
скачать открытку с юбилеем лет женщине;388;top;юбилей
место где отметить день рождения;388;top;где отметить день рождения
душевное поздравление с юбилеем женщине;387;top;юбилей
поздравление с юбилеем тете;386;top;юбилей
после корпоратив русское;385;top;корпоратив
ваш юбилей;385;top;юбилей
юбилей 50 лет бесплатно;384;top;юбилей | юбилей 50 лет
100 летний юбилей;384;top;юбилей
сценарий юбилея 50 лет женщине;384;top;юбилей | юбилей 50 лет
где отметить 9 день рождения;384;top;где отметить день рождения
кафе время есть;384;assoc;ресторан для дня рождения
камера корпоратив;382;top;корпоратив
картинки с днем юбилеем женщину;382;top;юбилей
открытка с юбилеем 70 женщине красивые;382;top;юбилей
название юбилеев;382;top;юбилей
изображение с днем рождения;382;assoc;день рождения на природе
приходи на корпоратив;381;top;корпоратив
поздравление с юбилеем женщине в прозе;381;top;юбилей
юбилеем со дня;381;top;юбилей
семейный юбилей;381;top;юбилей
с юбилеем женщине 85;379;top;юбилей
где отметить день рождения 9 лет;379;top;где отметить день рождения
корпоративное право это;378;assoc;организация корпоратива
поздравление с юбилеем 40;378;top;юбилей
недорогой ресторан для дня рождения;378;top;ресторан для дня рождения
год считается юбилеем;377;top;юбилей
картинки с юбилеем рождения женщине;377;top;юбилей
юбилей супругов;377;top;юбилей
пять юбилей;376;top;юбилей
открытка с днем юбилеем 60;376;top;юбилей
песни на юбилей лет женщине;376;top;юбилей
с юбилеем племянница;376;top;юбилей
с днем рождения сестра с юбилеем;376;top;юбилей
картинки с днем рождения женщине юбилей;375;top;юбилей
торт на юбилей лет женщине;375;top;юбилей
с юбилеем зять;375;top;юбилей
торт на юбилей 50 лет;375;top;юбилей | юбилей 50 лет
с юбилеем 90 лет;375;top;юбилей
на корпоративе в туалете;374;top;корпоратив
юбилей на кудринской;374;top;юбилей
тамада на юбилей;374;top;юбилей
с юбилеем 60 лет своими словами;374;top;юбилей
юбилеи 2025;374;top;юбилей
юбилеи композиторов;374;top;юбилей
песни переделки на юбилей женщине;373;top;юбилей
с юбилеем сестра 50;373;top;юбилей
с юбилеем 75 лет мужчине;373;top;юбилей
с юбилеем 70 летием;373;top;юбилей
где отметить день рождение 13;373;top;где отметить день рождения
три юбилея;372;top;юбилей
красивые пожелания с юбилеем мужчине;372;top;юбилей
голый корпоратив;371;top;корпоратив
начало юбилея;371;top;юбилей
поздравление с юбилеем маме от дочери;371;top;юбилей
поздравления с юбилеем красивые открытки бесплатно;371;top;юбилей
переделанные песни на юбилей;370;top;юбилей
стихи поздравления с юбилеем женщине лет;370;top;юбилей
поздравление дочери с юбилеем лет;370;top;юбилей
корпоратив на теплоходе;368;top;корпоратив
открытки с юбилеем мужчине 65;368;top;юбилей
юбилей рок клуба;368;top;юбилей
с днем рождения с юбилеем 45;367;top;юбилей
пельмени после корпоратива;366;top;корпоратив
поздравление любимой с юбилеем;366;top;юбилей
после корпоратива уральские;365;top;корпоратив
с днем юбилеем мужчине 60;365;top;юбилей
красивые открытки с юбилеем 70 лет;365;top;юбилей
что подарить на 80 летний юбилей;365;top;юбилей
валентину с юбилеем;364;top;юбилей
с юбилеем валентина;364;top;юбилей
сафиса банкетный зал;364;assoc;ресторан для юбилея
где отметить день рождения 14 лет;364;top;где отметить день рождения
корпоратив мужа порно;363;top;корпоратив
с днем рождения женщине юбилей 65;363;top;юбилей
с днем юбилеем 65 женщине;363;top;юбилей
кафе рене;363;assoc;ресторан для дня рождения
замужнюю после корпоратива;362;top;корпоратив
скачать картинку с юбилеем;362;top;юбилей
юбилей свердловского;362;top;юбилей
открытка с днем рождения юбилей 60;361;top;юбилей
с юбилеем женщину картинки красивые пожеланиями;361;top;юбилей
50 лет юбилей скачать;361;top;юбилей | юбилей 50 лет
подарок юбилей 80;361;top;юбилей
уральские пельмени после корпоратива;360;top;корпоратив
юбилей свадьбы по годам;360;top;юбилей
поздравление с днем юбилеем женщине своими словами;360;top;юбилей
открытки с юбилеем сестре;360;top;юбилей
где отпраздновать др в москве;360;assoc;где отметить день рождения
юбилей 70 женщине поздравления красивые;359;top;юбилей
скачать песню с юбилеем;358;top;юбилей
поздравление с юбилеем женщине открытка бесплатно;358;top;юбилей
с юбилеем внучка;358;top;юбилей
московская область юбилей;357;top;юбилей
женщине с юбилеем 60 лет красивые;357;top;юбилей
с юбилеем 70 бесплатно;357;top;юбилей
летние дни рождения поздравления с юбилеем;356;top;юбилей
с 80 летним юбилеем;356;top;юбилей
с юбилеем подруге своими словами;356;top;юбилей
где отметить день рождения 13 лет;356;top;где отметить день рождения
корпоратив красиво;355;top;корпоратив
юбилей групп;355;top;юбилей
поздравляю с юбилеем 65;355;top;юбилей
поздравление с юбилеем 65 лет женщине;355;top;юбилей
частушки на юбилей;355;top;юбилей
с юбилеем дядя;354;top;юбилей
картинка с юбилеем 60 лет;354;top;юбилей
поздравление с днем юбилей 65;354;top;юбилей
где можно отметить день рождения девочке;353;top;где отметить день рождения
открытка с юбилеем 55 мужчине;352;top;юбилей
скачать открытки с юбилеем красивые пожеланиями;352;top;юбилей
с юбилеем 60 женщине своими словами;352;top;юбилей
с юбилеем андрей;351;top;юбилей
открытку с днем с юбилей 50;351;top;юбилей
прикольные конкурсы на юбилей;351;top;юбилей
конкурсы на юбилей мужчине;351;top;юбилей
виды юбилеев;349;top;юбилей
цена юбилей;349;top;юбилей
бахрома ресторан;349;assoc;ресторан для дня рождения
солдаты новый год;348;assoc;новогодний корпоратив
поздравление с юбилеем рождения женщине своими словами;348;top;юбилей
песни на юбилей 50;348;top;юбилей
шары на юбилей;348;top;юбилей
поздравление с днем юбилеем женщине 60;348;top;юбилей
красивый юбилей 55 лет;347;top;юбилей
корпоративы 2016;346;top;корпоратив
порно рассказы корпоратив;346;top;корпоратив
после юбилея;346;top;юбилей
скачать бесплатно с юбилеем мужчину;346;top;юбилей
история юбилей;346;top;юбилей
с юбилеем сына маме;346;top;юбилей
картинки с юбилеем свадьбы;345;top;юбилей
поздравления с днем юбилей 55;345;top;юбилей
скачать открытку с юбилеем мужчине;345;top;юбилей
приглашение на юбилей шаблон;345;top;юбилей
с юбилеем любовь;344;top;юбилей
с юбилеем 50 мужчине своими словами;344;top;юбилей
с днем юбилеем 55 женщине;344;top;юбилей
гифки с юбилеем;344;top;юбилей
где отметить день рождения в москве подростку;344;top;где отметить день рождения
секс на корпоративе порно;343;top;корпоратив
поздравление с юбилеем 45 женщине;343;top;юбилей
что подарить на юбилей 65;342;top;юбилей
стихи с юбилеем 50;342;top;юбилей
поздравить с юбилеем 60 лет;342;top;юбилей
поздравление с днем рождения юбилей 65;342;top;юбилей
поздравление руководителя с юбилеем;342;top;юбилей
стихи с днем рождения юбилей;342;top;юбилей
с юбилеем внука;342;top;юбилей
поздравление с юбилеем мужу от жены;341;top;юбилей
с юбилеем дедушка;341;top;юбилей
с юбилеем дочка;341;top;юбилей
корпоратив 18;340;top;корпоратив
с юбилеем крестная;340;top;юбилей
юбилей свердловского рока;340;top;юбилей
открытка с юбилей 50 рождения;340;top;юбилей
открытки с днем рождения юбилей 50;340;top;юбилей
с рождением с юбилеем подруге;340;top;юбилей
лучший корпоратив;339;top;корпоратив
смешной корпоратив;339;top;корпоратив
с юбилеем внучок;339;top;юбилей
с днем рождения мужчине юбилей 60;339;top;юбилей
смешной юбилей женщины;339;top;юбилей
с юбилеем 55 рождения женщине;338;top;юбилей
новая волна 2026 юбилей;338;top;юбилей
открытка с юбилеем 60 женщине красивые;338;top;юбилей
юбилей мамы 80;338;top;юбилей
поздравление с днем рождения женщине юбилей 60;337;top;юбилей
поздравление с рождением юбилей женщине 60;337;top;юбилей
красивые открытки с юбилеем 50 лет;337;top;юбилей | юбилей 50 лет
юбилей вкс;337;top;юбилей
подарок на юбилей женщине 50;337;top;юбилей
скачать с юбилеем 60;336;top;юбилей
открытка с юбилеем женщине 80;336;top;юбилей
с днем рождения женщине юбилей 55;336;top;юбилей
поздравление с 50 летием мужчине своими словами;336;assoc;юбилей 50 лет
открытка поздравление юбилей 60;335;top;юбилей
праздник на юбилей;334;top;юбилей
в связи с юбилеем;334;top;юбилей
с днем рождения подруге с юбилеем;334;top;юбилей
поздравление с днем рождения юбилей 55;334;top;юбилей
с днем юбилеем мужчине 50;334;top;юбилей
организация корпоративных мероприятий;333;assoc;корпоратив | ресторан для корпоратива | площадка для корпоратива | корпоратив на природе | загородный корпоратив | корпоратив под ключ
поздравления с днем юбилей 50 лет;333;top;юбилей | юбилей 50 лет
с днем юбилеем женщине бесплатно;332;top;юбилей
идеи подарков на юбилей;332;top;юбилей
что подарить на 60 летний юбилей;331;top;юбилей
оформление юбилея;330;top;юбилей
праздничный юбилей;330;top;юбилей
открытки с юбилеем 70 лет мужчине;330;top;юбилей
прикольные юбилеи 60 лет;330;top;юбилей
с юбилеем женщине 50 лет своими словами;330;top;юбилей | юбилей 50 лет
печенье юбилейное состав;330;assoc;ресторан для юбилея
короткое поздравление с юбилеем мужчине;329;top;юбилей
юбилей свердловского рок клуба;329;top;юбилей
трогательные слова поздравления с юбилеем;328;top;юбилей
с днем рождения мужчине юбилей 50;328;top;юбилей
с юбилеем рождения мужчине 50;328;top;юбилей
поздравление с юбилеем 75 мужчине;328;top;юбилей
корпоративная культура это;327;assoc;корпоратив | организация корпоратива
с прошедшим юбилеем;327;top;юбилей
где люди отмечают день рождения;327;top;где отметить день рождения
оригинальный подарок на юбилей мужчине;326;top;юбилей
стильный юбилей;326;top;юбилей
поздравление начальника с юбилеем;326;top;юбилей
с юбилеем женщине 70 своими словами;326;top;юбилей
прикольные поздравления с юбилеем мужчине;326;top;юбилей
секс на корпоративе видео;324;top;корпоратив
картинки с юбилеем женщине 50;324;top;юбилей
день рождения юбилей женщине бесплатно;324;top;юбилей
с юбилеем оксана;324;top;юбилей
юбилеем лен;323;top;юбилей
юбилей радости;323;top;юбилей
где отметить 8 день рождения;323;top;где отметить день рождения
чужую на корпоративе;322;top;корпоратив
площадки для корпоратива;322;top;корпоратив | площадка для корпоратива
10 это юбилей;322;top;юбилей
поздравление с юбилеем 75 лет женщине;322;top;юбилей
праздничный стол на день рождения меню;322;assoc;банкетный зал на юбилей
юбилей свадьбы москва;321;top;юбилей
с юбилеем леночка;321;top;юбилей
торт на юбилей лет мужчине;321;top;юбилей
взрыв на юбилее;321;top;юбилей
поздравление с днем рождения юбилей 50 лет;321;top;юбилей | юбилей 50 лет
юбилей коллеги 50;321;top;юбилей
с юбилеем алексей;320;top;юбилей
концерт на юбилей;320;top;юбилей
юбилей 65 лет красивые;320;top;юбилей
открытка с юбилеем женщине летняя;320;top;юбилей
что подарить мужчине на 50 летний юбилей;320;top;юбилей
с 75 летним юбилеем;320;top;юбилей
поздравление с юбилеем девушке;319;top;юбилей
как провести юбилей;319;top;юбилей
главные юбилеи;318;top;юбилей
скачать бесплатно поздравление с юбилеем женщине;318;top;юбилей
стать юбилею;318;top;юбилей
юбилей 50 видео;317;top;юбилей
прикольные открытки с юбилеем;317;top;юбилей
открытки поздравления с юбилеем 50 лет;317;top;юбилей | юбилей 50 лет
с днем рождения с юбилеем 80;317;top;юбилей
юбилей песни бесплатно;317;top;юбилей
песня про юбилей;317;top;юбилей
залы корпоратив;316;top;корпоратив
с юбилеем мамочка;316;top;юбилей
часы юбилей;315;top;юбилей
юбилей часов;315;top;юбилей
юбилей российских;315;top;юбилей
юбилей 50 открытки бесплатно;315;top;юбилей
юбилеем 50 лет жене;315;top;юбилей | юбилей 50 лет
корпоратив мам;314;top;корпоратив
виноградов юбилей;314;top;юбилей
алиса юбилей;314;top;юбилей
поздравляю юбилей дорогая;314;top;юбилей
памятный юбилею;314;top;юбилей
поздравления мужа с юбилеем лет;313;top;юбилей
стих юбилей 60;312;top;юбилей
летние салаты на праздничный стол;312;assoc;банкетный зал на юбилей
день рождения 8 лет где отметить;312;top;где отметить день рождения
с юбилеем доченька;311;top;юбилей
поздравление с юбилеем женщине 55 красивые;311;top;юбилей
с юбилеем 70 скачать;311;top;юбилей
летний корпоратив;310;top;корпоратив
с юбилеем 75 женщине красивые;310;top;юбилей
с юбилеем женщине своими словами душевные;310;top;юбилей
с прекрасным юбилеем;310;top;юбилей
юбилеи примеры;310;top;юбилей
изменила мужу на корпоративе;309;top;корпоратив
изменяет мужу на корпоративе;309;top;корпоратив
с 70 летним юбилеем;309;top;юбилей
конкурсы на юбилей 50;309;top;юбилей
подарок на юбилей свадьбы;309;top;юбилей
открытка с юбилеем 55 женщине красивые;309;top;юбилей
поздравляю летним юбилеем;308;top;юбилей
сценарий юбилея 55 лет;308;top;юбилей
песня поздравление с юбилеем;308;top;юбилей
с юбилеем красивые 50 с пожеланиями;307;top;юбилей
юбилей 9;307;top;юбилей
роза юбилей принца фото;307;top;юбилей
поздравление с юбилеем 40 лет;307;top;юбилей
идеи для юбилея;306;top;юбилей
с юбилеем родная;306;top;юбилей
с юбилеем кум;306;top;юбилей
с юбилеем кума;306;top;юбилей
виноград юбилей;306;top;юбилей
юбилей 55 подарок;306;top;юбилей
домашний сценарий юбилея;306;top;юбилей
что делать на др;306;assoc;где отметить день рождения
корпоратив скачать;305;top;корпоратив
корпоративы подмосковья;305;top;корпоратив
анал на корпоративе;305;top;корпоратив
поздравление с днем юбилеем женщине открытки;305;top;юбилей
с юбилеем желаю здоровья;305;top;юбилей
сценарий корпоратива;304;top;корпоратив
корпоратив онлайн;304;top;корпоратив
корпоратив скрытой;304;top;корпоратив
пожелание поздравление с юбилеем женщины;304;top;юбилей
королева юбилея;304;top;юбилей
юбилей королев;304;top;юбилей
приглашение на юбилей бесплатно;304;top;юбилей
малахов юбилей;304;top;юбилей
юбилей 60 женщине что подарить;304;top;юбилей
платье юбилей женщине;304;top;юбилей
картинка с юбилеем 80;304;top;юбилей
порно измена на корпоративе;303;top;корпоратив
юбилей монако роза фото;303;top;юбилей
поздравления с юбилеем с картинкой красивые;303;top;юбилей
юбилей принца монако фото;303;top;юбилей
юбилей круга;303;top;юбилей
коллега после корпоратива;302;top;корпоратив
юбилей принца монако роза фото;302;top;юбилей
что дарят на юбилей;302;top;юбилей
с юбилеем 80 женщине красивые;302;top;юбилей
с юбилеем мужчине с юмором;302;top;юбилей
с юбилеем семьи;302;top;юбилей
открытки поздравления с юбилеем 65;302;top;юбилей
юбилей рождения 75 лет;301;top;юбилей
ближайший юбилей;301;top;юбилей
бесплатное картинки с юбилеем;301;top;юбилей
картинки с юбилеем 70 лет;301;top;юбилей
юбилей отмечает день;301;top;юбилей
платить за юбилей отца;301;top;юбилей
банкетные залы для юбилея;300;top;юбилей
банкетный зал для юбилея;300;top;юбилей
платить за юбилей твоего отца;300;top;юбилей
с юбилеем 45 лет мужчине;300;top;юбилей
какие дни юбилей;300;top;юбилей
недорогой ресторан в москве для дня рождения;300;top;ресторан для дня рождения
красивое поздравление с юбилеем 60 лет;299;top;юбилей
как называются юбилеи свадеб;299;top;юбилей
с юбилеем 65 своими словами;298;top;юбилей
поздравление с юбилеем 55 своими словами;298;top;юбилей
50 какой юбилей;298;top;юбилей
рождения юбилей 65 лет юбилей;298;top;юбилей
скачать открытку с юбилеем с поздравлениями;298;top;юбилей
поздравление с юбилеем рождения женщине открытки;298;top;юбилей
корпоратива свадьба корпоратив;297;top;корпоратив
чужую жену на корпоративе;297;top;корпоратив
трах на корпоративе;297;top;корпоратив
поздравления с юбилеем лет мужчине красивые;297;top;юбилей
с юбилеем 50 свадьбы;297;top;юбилей
приглашение на юбилей 50;297;top;юбилей
образ на корпоратив;296;top;корпоратив
скачать открытку с днем юбилея;296;top;юбилей
юбилей генерала чайко;296;top;юбилей
юбилей без тамады;296;top;юбилей
поздравление с юбилеем 70 открытка;296;top;юбилей
ап кафе;295;assoc;ресторан для корпоратива
красивое поздравление с юбилеем женщине своими словами;295;top;юбилей
сценка юбилей лет;295;top;юбилей
красивые открытки с юбилеем 60 лет;294;top;юбилей
поздравление с днем рождения женщине открытки юбилей;294;top;юбилей
день рождения 15 где отметить;294;top;где отметить день рождения
идеи для корпоратива;293;top;корпоратив
пьяная жена на корпоративе;293;top;корпоратив
песни на юбилей 50 лет;293;top;юбилей | юбилей 50 лет
список юбилеев;293;top;юбилей
с юбилеем женщине 40;293;top;юбилей
району юбилей;293;top;юбилей
поздравить маму с юбилеем;293;top;юбилей
сценарий юбилея 80 лет;293;top;юбилей
корпоратив на новый год;292;top;корпоратив
кодекс корпоративного управления;292;assoc;площадка для корпоратива
юбилей 80 летия женщина;292;top;юбилей
что подарить женщине на юбилей 50;292;top;юбилей
картинки с юбилеем 65;292;top;юбилей
ведущий на корпоратив;291;top;корпоратив
сценка поздравление на юбилей;291;top;юбилей
юбилей 55 лет прикольные;291;top;юбилей
открытка с юбилеем подруге;291;top;юбилей
адрес юбилей;291;top;юбилей
день рождения юбилей 75 лет;291;top;юбилей
с юбилеем лет женщине стихи красивые;291;top;юбилей
с юбилеем 50 лет подруге;291;top;юбилей | юбилей 50 лет
юбилеи дней рождения 65 лет;290;top;юбилей
женщине юбилеем пожеланиями красивые бесплатно скачать;290;top;юбилей
новогодний корпоратив 2016;289;top;корпоратив | новогодний корпоратив
порно минет на корпоративе;289;top;корпоратив
прикольные сценки на юбилей;289;top;юбилей
с юбилеем женщине красивые поздравления открытки бесплатно;289;top;юбилей
поздравление с 60 летним юбилеем;289;top;юбилей
юбилеи августа 2026;289;top;юбилей
поздравляю с юбилеем женщине красивые;288;top;юбилей
видео с юбилеем женщине;288;top;юбилей
день рождения юбилей прикольные;288;top;юбилей
год ребенку это юбилей;288;top;юбилей
юбилей канала;287;top;юбилей
поздравление с юбилеем 70 лет своими словами;287;top;юбилей
открытки бесплатно с юбилеем 60;287;top;юбилей
45 это юбилей;287;assoc;юбилей 50 лет
юбилей игоря крутого;286;top;юбилей
поздравляю с юбилеем 70 лет;286;top;юбилей
поздравление с юбилеем женщине 60 красивые;286;top;юбилей
юбилей друга 50;286;top;юбилей
поздравить сестру с юбилеем;286;top;юбилей
юбилеи писателей 2026;286;top;юбилей
с юбилеем лет женщине картинки красивые;285;top;юбилей
поздравления с юбилеем красивые скачать;285;top;юбилей
женя с юбилеем;285;top;юбилей
где можно недорого отметить день рождения;285;top;где отметить день рождения
что подарить на юбилей оригинальное;284;top;юбилей
юбилей валерии;284;top;юбилей
корпоратив цена;283;top;корпоратив
с юбилеем открытка мужчине пожеланиями красивые;283;top;юбилей
поздравление с юбилеем открытка с пожеланиями;283;top;юбилей
фотография с юбилеем;283;top;юбилей
юбилей свадьбы 5;283;top;юбилей
юбилее молод;283;top;юбилей
поздравление с днем юбилеем женщине 50;282;top;юбилей
с юбилеем 50 мужчине прикольные;282;top;юбилей
что подарить на юбилей свадьбы;282;top;юбилей
с юбилеем матери;282;top;юбилей
прикольные поздравления с юбилеем 50;282;top;юбилей
с юбилеем коллеге мужчине;282;top;юбилей
2026 какие юбилеи;282;top;юбилей
корпоратив 2027;281;top;корпоратив
чулки на корпоративе;280;top;корпоратив
корпоратив со;280;top;корпоратив
прикольные картинки с юбилеем;280;top;юбилей
юбилей выставки;280;top;юбилей
юбилей 75 что подарить;280;top;юбилей
с юбилеем теща;279;top;юбилей
юбилей 70 лет пожелания;279;top;юбилей
благодарность юбилей;279;top;юбилей
поздравление папе с юбилеем;278;top;юбилей
юбилей строителя;278;top;юбилей
с юбилеем 50 летием;278;top;юбилей
с юбилеем лена;278;top;юбилей
ий юбилеев;278;top;юбилей
что подарить мужу на юбилей;278;top;юбилей
юбилей 70 песни;278;top;юбилей
открытка с юбилеем женщине 70 лет красивые;278;top;юбилей
корпоратив фильм 2016;277;top;корпоратив
новогодний корпоратив фильм 2016;277;top;корпоратив | новогодний корпоратив
в преддверии нового года;277;assoc;новогодний корпоратив
рассказ юбилей;277;top;юбилей
скачать открытку с юбилеем 50;277;top;юбилей
с юбилеем 60 летием;277;top;юбилей
бесплатно юбилей 60 лет;277;top;юбилей
подарок мужчине на 50 летний юбилей;277;top;юбилей
юбилей предприятия;276;top;юбилей
чей юбилей;276;top;юбилей
с юбилеем свадьбы красивые;276;top;юбилей
с днем юбилеем 75 лет;276;top;юбилей
с юбилеем женщине трогательные;276;top;юбилей
истории корпоративов;275;top;корпоратив
сценарий юбилея домашних условиях;275;top;юбилей
поздравление с юбилеем 80 летием;275;top;юбилей
с юбилеем мужчине от души;275;top;юбилей
красивое поздравление с юбилеем 65;275;top;юбилей
жена после корпоратива порно;274;top;корпоратив
юбилей ркк энергия;274;top;юбилей
скачать бесплатно с днем рождения юбилеем;274;top;юбилей
с юбилеем учителю;274;top;юбилей
открытка с юбилеем маме;273;top;юбилей
с юбилеем мама 70;273;top;юбилей
пожелания с юбилеем 65;273;top;юбилей
будьмо в юбилейном;273;assoc;ресторан для юбилея
ресторанное меню;273;assoc;ресторан для дня рождения
павлов юбилей;272;top;юбилей
скачать открытку с днем рождения юбилей;272;top;юбилей
юбилей военных;272;top;юбилей
с юбилеем 55 женщине своими словами;271;top;юбилей
юбилеем края;271;top;юбилей
с юбилеем 75 летием;271;top;юбилей
тост на юбилей женщине;271;top;юбилей
поздравление с днем рождения женщине юбилеем 50;271;top;юбилей
поздравления с юбилеем 50 рождения женщине;271;top;юбилей
с 65 летним юбилеем женщине;271;top;юбилей
домашний юбилей женщины;271;top;юбилей
юбилеев и других;270;top;юбилей
с юбилеем от коллектива;270;top;юбилей
платить за юбилей твоего отца который годами;270;top;юбилей
с юбилеем мужчине своими словами короткие;270;top;юбилей
поздравляю с юбилеем лет мужчине;270;top;юбилей
с юбилеем владимир;270;top;юбилей
открытки с юбилеем 65 лет женщине;270;top;юбилей
песни на юбилей лет мужчине;270;top;юбилей
современный юбилей;270;top;юбилей
группу на корпоратив;269;top;корпоратив
настоящий юбилей;269;top;юбилей
платить за юбилей твоего отца который унижал;269;top;юбилей
юбилей поэтов;269;top;юбилей
подарок на юбилей 60 лет;269;top;юбилей
открытки с днем юбилея женщине бесплатно;269;top;юбилей
банкетные залы на юбилей;269;top;банкетный зал на юбилей
банкетный зал на юбилей;269;top;банкетный зал на юбилей
сорт юбилей;268;top;юбилей
открытка с днем юбилея 70;268;top;юбилей
с юбилеем 70 открытки бесплатно;268;top;юбилей
открытки пожелания юбилей 70;268;top;юбилей
с юбилеем 50 женщине открытки пожеланиями;268;top;юбилей
юбилейные даты дней рождения;268;assoc;ресторан для юбилея
корпоратив жена рассказ;267;top;корпоратив
конкурсы на юбилей 50 лет;267;top;юбилей | юбилей 50 лет
поздравление с юбилеем женщине красивые пожелания;267;top;юбилей
что подарить бывшему на юбилей;267;top;юбилей
статья юбилей;267;top;юбилей
поздравление с 50 летним юбилеем;267;top;юбилей
лучший ресторан для дня рождения;267;top;ресторан для дня рождения
юбилей стихи 80;266;top;юбилей
поздравление с днем юбилей 60 лет;266;top;юбилей
пришла пьяная с корпоратива;265;top;корпоратив
корпоративный отпуск;265;assoc;корпоратив на природе | загородный корпоратив
юбилей ответы;265;top;юбилей
с юбилеем 30 девушке;265;top;юбилей
лариса с юбилеем;265;top;юбилей
юбилей 60 лет маме;265;top;юбилей
юбилей завода;265;top;юбилей
места где можно отметить день рождения;265;top;где отметить день рождения
где отметить день рождения 7 лет;265;top;где отметить день рождения
с юбилеем женщине 50 бесплатно;264;top;юбилей
с юбилеем 40 мужчине;264;top;юбилей
что подарить бабушке на юбилей;264;top;юбилей
с юбилеем мужчине своими словами от души;264;top;юбилей
камеди клаб корпоратив;263;top;корпоратив
порно минет секс корпоратив;263;top;корпоратив
юбилей каждый год;263;top;юбилей
поздравление с днем рождения юбилей 60 лет;263;top;юбилей
поздравления с рождения юбилей 60 лет;263;top;юбилей
украшаем юбилей;263;top;юбилей
поздравление с юбилеем 60 лет своими словами;263;top;юбилей
с юбилеем 35 женщине;263;top;юбилей
где отметить день рождения девочке 11;263;top;где отметить день рождения
отметить корпоратив;262;top;корпоратив
скачать бесплатно с юбилеем 50;262;top;юбилей
прикольный юбилей 45 лет;262;top;юбилей
поздравления с юбилеем открытки красивые пожеланиями;262;top;юбилей
поздравить с юбилеем 80;262;top;юбилей
с юбилеем оля;262;top;юбилей
кордес юбилей фото;262;top;юбилей
с юбилеем работы;262;top;юбилей
где интересно отметить день рождения;262;top;где отметить день рождения
юбилей 80 бабушке;261;top;юбилей
душевные красивые поздравления с юбилеем;261;top;юбилей
подарок свекрови на юбилей;261;top;юбилей
поздравить мужа с юбилеем;261;top;юбилей
8 юбилеем 8 юбилеем 8 юбилеем;261;top;юбилей
юбилей петербург;261;top;юбилей
поздравление с юбилеем 35 лет;260;top;юбилей
сценарий на юбилей 50;260;top;юбилей
новая волна юбилей раймонда паулса;260;top;юбилей
день рождение девочки 11 лет где отметить;260;top;где отметить день рождения
сценарии юбилеев прикольных с конкурсами;259;top;юбилей
собрались на юбилей;259;top;юбилей
юбилеем свадьбы 30;259;top;юбилей
поздравление с 65 летним юбилеем;259;top;юбилей
открытки поздравления с юбилеем скачать бесплатно;259;top;юбилей
что подарить подруге на юбилей;259;top;юбилей
поздравление с юбилеем 50 подруге;259;top;юбилей
где отметить день рождения 18;259;top;где отметить день рождения
60 лет юбилей скачать;258;top;юбилей
сценарий юбилея 65;258;top;юбилей
с юбилеем брату от сестры;258;top;юбилей
поздравление с юбилеем женщине с юмором;258;top;юбилей
сценарий юбилея 45;258;top;юбилей
квн новый год;257;assoc;новогодний корпоратив
красивое поздравление с юбилеем 70 лет;257;top;юбилей
поздравления с юбилеем брата лет;257;top;юбилей
какие цветы на юбилей;257;top;юбилей
открытки с юбилеем 50 красивые пожеланиями;256;top;юбилей
медаль лет юбилей;256;top;юбилей
музыка для юбилея;256;top;юбилей
прикольные сценарии 50 юбилея;256;top;юбилей
красивые открытки с юбилеем 65;256;top;юбилей
женщины рождения юбилея 50 лет;256;top;юбилей | юбилей 50 лет
с юбилеем 50 женщине прикольные;256;top;юбилей
кухня на юбилей;256;top;юбилей
где отметить день рождения 15 лет;256;top;где отметить день рождения
скачать юбилей 70 лет;255;top;юбилей
меню на юбилей;255;top;юбилей
чехов юбилей;255;top;юбилей
счастливый юбилей;255;top;юбилей
юбилей паулса в казани;255;top;юбилей
оригинальное поздравление с юбилеем;255;top;юбилей
что подарить папе на юбилей;255;top;юбилей
корпоратив ххх;254;top;корпоратив
день строителя юбилей;254;top;юбилей
варианты юбилеев;254;top;юбилей
музыкальное поздравление с юбилеем;254;top;юбилей
поздравление с юбилеем до слез;254;top;юбилей
полный юбилей;254;top;юбилей
поем на юбилей;253;top;юбилей
пою на юбилеях;253;top;юбилей
с юбилеем 50 короткие;253;top;юбилей
скачать открытку с юбилеем мужчине бесплатно;253;top;юбилей
картинка с юбилеем мужчине 50;253;top;юбилей
футаж с юбилеем;253;top;юбилей
что подарить на юбилей 60 летие;253;top;юбилей
с днем рождения юбилей 55 лет;253;top;юбилей
с юбилеем женщине летием красивые;253;top;юбилей
прикольный сценарий на юбилей женщине;253;top;юбилей
юбилей в загсе;253;top;юбилей
юбилей принца монако описание;252;top;юбилей
юбилей санкт петербурга;252;top;юбилей
с юбилеем короткие красивые;252;top;юбилей
помощь юбилеев;252;top;юбилей
поздравление с юбилеем 80 лет мужчине;251;top;юбилей
открытка с днем рождения юбилей 70;251;top;юбилей
супружеский юбилей;251;top;юбилей
юбилей 24;251;top;юбилей
с юбилеем вера;251;top;юбилей
что сказать мужу на юбилей;251;top;юбилей
какие юбилеи мужчин;251;top;юбилей
оплатил юбилей;251;top;юбилей
прикольные сценарии юбилей 50 лет;251;top;юбилей | юбилей 50 лет
что подарить на юбилей недорого;251;top;юбилей
корпоративы отель;250;top;корпоратив
сценарий юбилея мужчине 50;250;top;юбилей
юбилей 50 лет женщине поздравление своими словами;250;top;юбилей | юбилей 50 лет
отметить день рождения на природе;250;top;день рождения на природе
корпоратив вечеринка;249;top;корпоратив
где провести корпоратив;249;top;корпоратив
с юбилеем мужчине в прозе;249;top;юбилей
песня маме на юбилей;249;top;юбилей
поздравление с днем юбилеем маме;249;top;юбилей
костюм на корпоратив;248;top;корпоратив
юбилей 6;248;top;юбилей
подарки на 80 летний юбилей на;248;top;юбилей
красивое поздравление юбилей 75;248;top;юбилей
юбилей женщине интересное;248;top;юбилей
85 летнему юбилею;248;top;юбилей
рестораны где отметить день рождения в москве;248;top;где отметить день рождения
юбилей 4;247;top;юбилей
с юбилеем муж 50;247;top;юбилей
с юбилеем игорь;247;top;юбилей
порно изменяет корпоратива;246;top;корпоратив
оригинальные подарки на юбилей 50;246;top;юбилей
юбилей женщины домашних условиях;246;top;юбилей
с юбилеем мерцающие;246;top;юбилей
женщина отметила юбилей;246;top;юбилей
корпоратива праздника;245;top;корпоратив
прикольный корпоратив;245;top;корпоратив
поздравление с юбилеем женщине 70 своими словами;245;top;юбилей
украшение на юбилей;245;top;юбилей
поздравление с юбилеем женщине 50 открытка;244;top;юбилей
кордес юбилей роза описание;244;top;юбилей
выступления на юбилей;244;top;юбилей
юбилей женщины 50 скачать;244;top;юбилей
поздравления с юбилеем женщине 60 своими словами;244;top;юбилей
скачать бесплатно красивое поздравление с юбилеем;244;top;юбилей
маленький юбилей;244;top;юбилей
ресторан для празднования дня рождения;244;top;ресторан для дня рождения
новогодний корпоратив в москве;243;top;корпоратив | новогодний корпоратив | корпоратив москва
фото тортов на юбилей;243;top;юбилей
за две недели до юбилея;243;top;юбилей
юбилей совместной жизни 50;243;top;юбилей
жены на корпоративе русское;242;top;корпоратив
корпоратив выступления;242;top;корпоратив
как правильно корпоратив;242;top;корпоратив
вечеринка знаний;242;assoc;корпоратив | организация корпоратива
света с юбилеем;242;top;юбилей
поздравление с юбилеем 25;242;top;юбилей
сюрприз на юбилей;242;top;юбилей
юбилей ссср;242;top;юбилей
юбилей тридцать;242;top;юбилей
покажи юбилей;242;top;юбилей
заказ юбилеев;242;top;юбилей
открытка с юбилеем 55 лет женщине;242;top;юбилей
каждый день юбилей;242;top;юбилей
кафе где отметить день рождения;242;top;где отметить день рождения
где отметить день рождения 18 лет;242;top;где отметить день рождения
мачеха корпоратив;241;top;корпоратив
открытка с юбилеем мужчине 80;241;top;юбилей
поздравление юбилей 20;241;top;юбилей
светлый юбилей;241;top;юбилей
где отметить день рождения 5 лет;241;top;где отметить день рождения
ебля на корпоративе;240;top;корпоратив
юбилей 12;240;top;юбилей
что можно подарить мужчине на юбилей;240;top;юбилей
с юбилеем свадьбы 10;240;top;юбилей
поздравление с юбилеем 90;240;top;юбилей
юбилей центра;240;top;юбилей
иванов юбилей;240;top;юбилей
поздравления от души с юбилеем мужчину;240;top;юбилей
надувной дом для отдыха на природе;239;assoc;загородный корпоратив
креативные юбилеи;239;top;юбилей
55 юбилея скачать;239;top;юбилей
свадебные юбилеи;239;top;юбилей
роза юбилей принца описание;239;top;юбилей
шоу на корпоратив;238;top;корпоратив
хуй на корпоративе;238;top;корпоратив
корпоративизм;238;assoc;корпоратив | ресторан для корпоратива | корпоратив на природе | загородный корпоратив | корпоратив под ключ
открытка приглашение на юбилей;238;top;юбилей
поздравления с юбилеем 50 мужчине своими словами;238;top;юбилей
поздравление с днем юбилеем женщине 70;238;top;юбилей
юбилей совместной свадьбы;238;top;юбилей
открытка с юбилеем татьяна;238;top;юбилей
на юбилей чаи;238;top;юбилей
секс анал корпоратив;237;top;корпоратив
дала на корпоративе;237;top;корпоратив
юбилей таривердиева;237;top;юбилей
поздравление с днем рождения маме юбилей;237;top;юбилей
поздравление с юбилеем рождения маме;237;top;юбилей
с юбилеем директору;237;top;юбилей
яркий юбилей;237;top;юбилей
мужу день юбилея;237;top;юбилей
тамада сценарии юбилеев;236;top;юбилей
новая волна 2026 юбилей паулса;236;top;юбилей
юбилей читать;236;top;юбилей
таривердиев юбилей;236;top;юбилей
с юбилеем 50 брату;236;top;юбилей
сценка на юбилей мужчине;236;top;юбилей
корпоратив друзей;235;top;корпоратив
изменила на корпоративе порно;235;top;корпоратив
открытка с юбилеем мужчине 75;235;top;юбилей
фотозона на юбилей;235;top;юбилей
выездной корпоратив;234;top;корпоратив
подарок подруге на юбилей;234;top;юбилей
подарок 60 летний юбилей;234;top;юбилей
юбилей красивой женщины 65 лет;234;top;юбилей
роза юбилей принца монако описание;234;top;юбилей
открытка с юбилеем 45 лет;234;top;юбилей
с днем рождения поля;234;assoc;день рождения на природе
корпоратив стоимость;233;top;корпоратив
с юбилеем 40 лет женщине;233;top;юбилей
день рождения женщине юбилей скачать;233;top;юбилей
прикольный сценарий юбилея мужчины лет;233;top;юбилей
с юбилеем 30 мужчине;233;top;юбилей
юбилей 50 юмор;233;top;юбилей
открытка с юбилеем 50 лет женщине красивые;233;top;юбилей | юбилей 50 лет
тост на юбилей мужчине;233;top;юбилей
с юбилеем женщине 90;233;top;юбилей
где отметить день рождения компанией;233;top;где отметить день рождения
корпоративов больше;232;top;корпоратив
пьяная после корпоратива порно;232;top;корпоратив
поздравление с юбилеем мужчине картинки;232;top;юбилей
открытки с поздравлением с 55 юбилеем;232;top;юбилей
басков юбилей;232;top;юбилей
за две недели до юбилея нина;232;top;юбилей
поздравление с юбилеем подруге своими словами;232;top;юбилей
юбилей смотреть онлайн;232;top;юбилей
песня под корпоратив;231;top;корпоратив
юбилей библиотеки;231;top;юбилей
трогательное поздравление с юбилеем женщине;231;top;юбилей
порно трахнули на корпоративе;230;top;корпоратив
с юбилеем 35 мужчине;230;top;юбилей
какой подарки юбилей;230;top;юбилей
с юбилеем 50 дочери;230;top;юбилей
10 лет ребенку это юбилей;230;top;юбилей
юбилей события;230;top;юбилей
стихи с юбилеем 70;230;top;юбилей
с юбилеем 30 лет девушке;230;top;юбилей
отметить юбилей 50;230;top;юбилей
букет на юбилей женщине;230;top;юбилей
юбилей актеру;230;top;юбилей
регистрация юбилеев;230;top;юбилей
бабы на корпоративе;229;top;корпоратив
юбилей ru;229;top;юбилей
поздравляем с юбилеем желаем здоровья;229;top;юбилей
песня с днем рождения с юбилеем;229;top;юбилей
сценарий веселого юбилея;229;top;юбилей
за две недели до юбилея нина аркадьевна;229;top;юбилей
игры для корпоратива;228;top;корпоратив
наряд на юбилей;228;top;юбилей
стих юбилей 55;228;top;юбилей
с юбилеем 55 подруге;228;top;юбилей
сценарий юбилея 70 лет женщине;228;top;юбилей
открытка с юбилеем 30;228;top;юбилей
поздравление с юбилеем 85 лет;228;top;юбилей
где отметить день рождение девочке 10;228;top;где отметить день рождения
юбилей 55 женщине сценарий;227;top;юбилей
поздравляю с юбилеем женщине своими словами;227;top;юбилей
с юбилеем 50 лет сестре;227;top;юбилей | юбилей 50 лет
юбилей 7;227;top;юбилей
открытка с юбилеем 35;227;top;юбилей
сделать корпоратив;226;top;корпоратив
с юбилеем женщине 45 открытка;226;top;юбилей
с днем юбилея сына;226;top;юбилей
открытка с юбилеем 55 с пожеланиями;226;top;юбилей
50 лет какой юбилей;226;top;юбилей | юбилей 50 лет
поздравление с днем рождения женщине юбилеем 70;226;top;юбилей
поздравление с рождением юбилей женщине 70;226;top;юбилей
где отметить необычной день рождения;226;top;где отметить день рождения
корпоративные клиенты это;225;assoc;организация корпоратива
душевные слова поздравления с юбилеем;225;top;юбилей
с юбилеем 55 бесплатно;225;top;юбилей
юбилей муж 60;225;top;юбилей
мир юбилей;225;top;юбилей
скачать видео с юбилеем;225;top;юбилей
идеи для празднования дня рождения;225;assoc;где отметить юбилей
жена пришла с корпоратива;224;top;корпоратив
с днем юбилея женщине 70 лет;224;top;юбилей
поздравить с юбилеем свадьбы;224;top;юбилей
смешные конкурсы на юбилей;224;top;юбилей
с юбилеем ирина открытки;224;top;юбилей
открытка с юбилеем 80 лет женщине;224;top;юбилей
подарок мужчине на юбилей 60;224;top;юбилей
смешной юбилей мужчины;224;top;юбилей
юбилей женщины музыкальный;224;top;юбилей
окно юбилей;223;top;юбилей
юбилей сыну 30;223;top;юбилей
с юбилеем 60 подруге;223;top;юбилей
зажигательный юбилей;223;top;юбилей
юбилей свадьба 15;223;top;юбилей
что подарить на юбилей 70 лет;223;top;юбилей
картинка поздравляем с юбилеем;223;top;юбилей
день рождения где отмечать 16;223;top;где отметить день рождения
день рождения 10 лет девочке где отметить;223;top;где отметить день рождения
с юбилеем николай;222;top;юбилей
сценарий юбилея без;222;top;юбилей
с юбилеем анна;222;top;юбилей
картинки с юбилеем женщине 55;222;top;юбилей
корпоратив 2;221;top;корпоратив
поздравление с юбилеем мужчине короткие своими словами;221;top;юбилей
приколы на юбилей;221;top;юбилей
сценарий на юбилей 50 лет;221;top;юбилей | юбилей 50 лет
поздравить друга с юбилеем;221;top;юбилей
где отметить день рождения в балашихе;221;top;где отметить день рождения
видео русских корпоративов;220;top;корпоратив
корпоратив анал видео;220;top;корпоратив
александр чайко юбилей;220;top;юбилей
с юбилеем 60 скачать бесплатно;220;top;юбилей
смешные поздравления с юбилеем;220;top;юбилей
приглашение на юбилей 50 лет;220;top;юбилей | юбилей 50 лет
оригинальный подарок на 50 летний юбилей;220;top;юбилей
красивые поздравления с юбилеем 80;220;top;юбилей
поздравление юбилеем 80 своими словами;219;top;юбилей
с юбилеем женщине 45 красивые;219;top;юбилей
юбилей звезда;219;top;юбилей
где отметить день рождения 16 лет;219;top;где отметить день рождения
легкие салаты на праздничный стол рецепты;219;assoc;банкетный зал на день рождения
юбилеи 50 лет скачать бесплатно;218;top;юбилей | юбилей 50 лет
родственники на юбилее;218;top;юбилей
с юбилеем 50 женщине красивые пожеланиями;218;top;юбилей
юбилей супружеской жизни;218;top;юбилей
юбилей фильм 2025;218;top;юбилей
где отметить день рождения в москве 11;218;top;где отметить день рождения
отсос на корпоративе;217;top;корпоратив
частное на корпоративе;217;top;корпоратив
переделки на юбилей мужчине;217;top;юбилей
с днем юбилеем дорогой;217;top;юбилей
премия к юбилею;217;top;юбилей
с юбилеем женщине 60 бесплатно;217;top;юбилей
приглашение на юбилей мужчине;217;top;юбилей
с юбилеем вадим;217;top;юбилей
открытка с днем рождения юбилей 65;217;top;юбилей
видео минет корпоративы;216;top;корпоратив
песня водка корпоратив;216;top;корпоратив
с юбилеем 85 лет женщине;216;top;юбилей
открытка поздравление с юбилеем 60 лет;216;top;юбилей
стихи поздравления юбилей 50;216;top;юбилей
с юбилеем 50 лет мужчине прикольные;216;top;юбилей | юбилей 50 лет
50 лет юбилей дочь;216;top;юбилей | юбилей 50 лет
николаевна с юбилеем;216;top;юбилей
где будете отмечать день рождения;216;top;где отметить день рождения
корпоратив начальнику;215;top;корпоратив
жена приходит с корпоратива;215;top;корпоратив
корпоративы парня;215;top;корпоратив
секс корпоративе изменила;215;top;корпоратив
поздравление с днем с юбилеем 75;215;top;юбилей
юбилей дочери рождения;215;top;юбилей
юбилей женщины трогательные слова;215;top;юбилей
юбилей победы;215;top;юбилей
танец на юбилей;215;top;юбилей
тост на юбилей 50;215;top;юбилей
медаль на юбилей;215;top;юбилей
открытка с юбилеем мужчине с пожеланиями бесплатно;214;top;юбилей
поздравление коллектива с юбилеем;214;top;юбилей
юбилей н;214;top;юбилей
чашка с юбилеем;214;top;юбилей
великий юбилей;214;top;юбилей
мужской юбилей;214;top;юбилей
жесткие корпоративы;213;top;корпоратив
открытки с днем юбилея 55;213;top;юбилей
шуточные подарки на юбилей;213;top;юбилей
официальный юбилей;213;top;юбилей
с юбилеем павел;213;top;юбилей
сценарий юбилея без тамады;213;top;юбилей
корпоратив изменяет мужу порно;212;top;корпоратив
с днем юбилея 80 лет;212;top;юбилей
скачать открытку поздравление с юбилеем женщине;212;top;юбилей
юбилей женщины 60 прикольные;212;top;юбилей
поздравление с юбилеем 10;212;top;юбилей
с днем юбилея женщине 50 лет;212;top;юбилей | юбилей 50 лет
трогательное трогательное юбилеем маме;212;top;юбилей
что подарить женщине на юбилей 70;211;top;юбилей
юбилей 70 лет женщине поздравления красивые;211;top;юбилей
оригинальные подарки на юбилей женщине;211;top;юбилей
юбилея женщине 35 лета;211;top;юбилей
с юбилеем золотом;211;top;юбилей
с юбилеем женщине красивые 80 лет;211;top;юбилей
юбилей парка;211;top;юбилей
текст поздравления с юбилеем;211;top;юбилей
с юбилеем 50 маме;211;top;юбилей
с юбилеем 75 картинки;211;top;юбилей
открытки с днем рождения юбилей 55;211;top;юбилей
открытка с юбилеем 75 лет женщине;211;top;юбилей
поздравление с днем рождения юбилеем 75;211;top;юбилей
с юбилеем женщине 70 лет своими словами;211;top;юбилей
серебряный юбилей;211;top;юбилей
подарок мужу на юбилей;211;top;юбилей
пришла после корпоратива;210;top;корпоратив
корпоратив читать;210;top;корпоратив
сколько стоит юбилей;210;top;юбилей
стих поздравление дня рождения юбилей;210;top;юбилей
прикольный юбилей в домашних условиях;210;top;юбилей
где отметить день рождения недорого взрослому;210;top;где отметить день рождения
корпоратив на день рождения;209;top;корпоратив
торт на юбилей маме;209;top;юбилей
цветы мужчине на юбилей;209;top;юбилей
поздравление с 65 летним юбилеем женщине;209;top;юбилей
поздравления юбилеем рождения женщине 65;209;top;юбилей
с днем рождения дочери с юбилеем;209;top;юбилей
поздравление с юбилеем женщине красивые душевные;209;top;юбилей
советские юбилеи;209;top;юбилей
юбилеи совместной жизни юбилеи свадеб;209;top;юбилей
юбилеи садов;209;top;юбилей
русский корпоратив ебли;208;top;корпоратив
дне брата юбилей;208;top;юбилей
поздравление с днем рождения женщине юбилеем 65;208;top;юбилей
поздравление с днем юбилеем женщине 65;208;top;юбилей
образцов юбилей;208;top;юбилей
скачать открытку с юбилеем 70;208;top;юбилей
ресторан с музыкой для дня рождения;208;top;ресторан для дня рождения
изменила мужу на корпоративе порно;207;top;корпоратив
юбилей путиной;207;top;юбилей
юбилей киркорова;207;top;юбилей
что подарить на юбилей 55 лет;207;top;юбилей
дом для юбилея;207;top;юбилей
картинки с юбилеем скачать бесплатно;207;top;юбилей
с днем рождения юбилей 50 лет женщине;207;top;юбилей | юбилей 50 лет
корпоратив клуба;206;top;корпоратив
тим билдинг это;206;assoc;тимбилдинг на природе
поздравление с 80 летним юбилеем;206;top;юбилей
роза юбилей принца фото и описание;206;top;юбилей
с юбилеем 75 своими словами;206;top;юбилей
с днем рождения юбилей 70 лет женщине;206;top;юбилей
порно ебут на корпоративе;205;top;корпоратив
передача юбилей;205;top;юбилей
с юбилеем желаю счастья;205;top;юбилей
купить на юбилей женщине;205;top;юбилей
15 это юбилей;205;top;юбилей
день рождения юбилей 60 лет женщине;205;top;юбилей
корпоратива кругу;204;top;корпоратив
корпоратив 1;204;top;корпоратив
порно анал на корпоративе;204;top;корпоратив
сценария тамады юбилей лет;204;top;юбилей
с днем юбилеем 30;204;top;юбилей
поздравление с юбилеем 80 летием женщине;204;top;юбилей
тамада юбилея женщины;204;top;юбилей
скачать бесплатно открытку с днем юбилеем;204;top;юбилей
открытка с юбилеем летием женщине;204;top;юбилей
поздравляю с юбилеем 50 женщине;204;top;юбилей
песню водка пиво водка пиво корпоратива;203;top;корпоратив
юбилей получается;203;top;юбилей
юбилеи пожилых;203;top;юбилей
где купить юбилея;203;top;юбилей
поздравление с юбилеем мужчине в стихах;203;top;юбилей
подарок на юбилей 70 лет;203;top;юбилей
с юбилеем трогательные до слез;203;top;юбилей
юбилей 70 мужчине подарок;203;top;юбилей
когда празднуют рождество;203;assoc;где отметить день рождения
кафе трактир;203;assoc;ресторан для дня рождения
изменяет на корпоративе секс;202;top;корпоратив
поздравления с днем юбилеем 70 лет;202;top;юбилей
картинка с юбилеем 50 лет женщине;202;top;юбилей | юбилей 50 лет
картинка с юбилеем 80 лет;202;top;юбилей
с юбилеем мужчине 50 лет своими словами;202;top;юбилей | юбилей 50 лет
летний юбилей недорого;202;top;юбилей
поздравляю с юбилеем 45;202;top;юбилей
как сделать юбилей;202;top;юбилей
юбилей хазанова;202;top;юбилей
открытка с юбилеем светлана;202;top;юбилей
где можно праздновать день рождения;202;assoc;где отметить юбилей
где можно отметить день рождения 11;202;top;где отметить день рождения
рестораны где можно отметить день рождения;202;top;где отметить день рождения
снято на корпоративе;201;top;корпоратив
сосет на корпоративе;201;top;корпоратив
сосущие на корпоративе;201;top;корпоратив
танцы на корпоративе;201;top;корпоратив
музыкальные открытки с юбилеем;201;top;юбилей
зоя с юбилеем;201;top;юбилей
роза юбилей монако фото и описание;201;top;юбилей
роза юбилей принца монако фото и описание;201;top;юбилей
юбилей принца монако фото и описание;201;top;юбилей
скачать поздравление с юбилеем красивой женщине;201;top;юбилей
с юбилеем 55 красивые с пожеланиями;201;top;юбилей
подарок на юбилей 50 лет мужчине;201;top;юбилей | юбилей 50 лет
бесплатные поздравления с юбилеем днем рождения;201;top;юбилей
роза кордес юбилей фото и описание;201;top;юбилей
где отметить день рождение ребенку 12;201;top;где отметить день рождения
разврат на корпоративе;200;top;корпоратив
муж на корпоративе видео;200;top;корпоратив
хорошее поздравление с юбилеем;200;top;юбилей
сценарий юбилея 55 лет женщине;200;top;юбилей
поздравление свекрови с юбилеем;200;top;юбилей
поздравляю с юбилеем 75;200;top;юбилей
вопросы на юбилей;200;top;юбилей
где отметить день рождения ребенка 11;200;top;где отметить день рождения
песня конец корпоратива;199;top;корпоратив
с юбилеем маму своими словами;199;top;юбилей
поздравление татьяне с юбилеем;199;top;юбилей
юбилей 70 лет прикольные;199;top;юбилей
новости юбилей;199;top;юбилей
с юбилеем крепкого здоровья;199;top;юбилей
с юбилеем 55 лет женщине красивые;199;top;юбилей
поздравление с юбилеем мужчине красивые открытки;199;top;юбилей
где отметить день рождение ребенку 8;199;top;где отметить день рождения
где отметить день рождения ребенка 8 лет;199;top;где отметить день рождения
где отметить день рождения ребенка 11 лет;199;top;где отметить день рождения
песня под конец корпоратива;198;top;корпоратив
открытка юбилей 50 красивое поздравление;198;top;юбилей
красивое поздравление с юбилеем женщине 65;198;top;юбилей
танцевальные на юбилей;198;top;юбилей
с юбилеем 80 лет своими словами;198;top;юбилей
поздравление с днем сестре юбилей;198;top;юбилей
поздравить с юбилеем 65 лет;198;top;юбилей
открытки с юбилеем 65 женщине красивые;198;top;юбилей
где можно отметить 10 день рождения;198;top;где отметить день рождения
праздничное агентство;197;assoc;организация корпоратива
юбилей друга 50 лет;197;top;юбилей | юбилей 50 лет
торт на юбилей мужчине 50;197;top;юбилей
короткое поздравление с юбилеем 50;197;top;юбилей
бесплатная открытка с юбилеем 50 лет;197;top;юбилей | юбилей 50 лет
скачать открытку с юбилеем 60;197;top;юбилей
где отметить день рождения ребенка 12 лет;197;top;где отметить день рождения
слушать корпоратив;196;top;корпоратив
пиво под конец корпоратива песня;196;top;корпоратив
изменила на корпоратив видео;196;top;корпоратив
изменяют на корпоративе видео;196;top;корпоратив
сестра с юбилеем 55;196;top;юбилей
открытка с юбилеем 25;196;top;юбилей
поздравление зятя с юбилеем;196;top;юбилей
поздравления с юбилеем летием женщине красивые;196;top;юбилей
на юбилей свекрови муж;196;top;юбилей
как оригинально поздравить с юбилеем;196;top;юбилей
юбилеи в сентябре;196;top;юбилей
с днем рождения юбилей 80 лет;196;top;юбилей
открытка с юбилеем 40;196;top;юбилей
юбилей долга;196;top;юбилей
юбилей светы;196;top;юбилей
под корпоратива песня водка;195;top;корпоратив
песня водка пиво конец корпоратива;195;top;корпоратив
шеф корпоратив;195;top;корпоратив
50 юбилей день рождения красивые;195;top;юбилей
песни переделки на юбилей мужчине;195;top;юбилей
открытка с юбилеем 50 лет с пожеланиями;195;top;юбилей | юбилей 50 лет
что купить на юбилей;195;top;юбилей
говорят юбилей;195;top;юбилей
с юбилеем племянник;195;top;юбилей
шуточное поздравление с юбилеем женщине;195;top;юбилей
с юбилеем евгений;195;top;юбилей
с юбилеем евгения;195;top;юбилей
с днем юбилея 60 лет женщине;195;top;юбилей
программа корпоратива;194;top;корпоратив
корпоратив села;194;top;корпоратив
песню водка пиво под корпоратива;194;top;корпоратив
песня водка пиво под конец корпоратива;194;top;корпоратив
поздравление с юбилеем 65 своими словами;194;top;юбилей
с днем рождения юбилей 30;194;top;юбилей
юбилей 75 пожелания;194;top;юбилей
поздравление с юбилеем 65 лет мужчине;194;top;юбилей
картинки с юбилеем женщине 60;194;top;юбилей
поздравительная женщинам юбилей;194;top;юбилей
75 юбилей женщине поздравления красивые;194;top;юбилей
подарок на юбилей 45;194;top;юбилей
поздравление с днем юбилеем мужчине 60;194;top;юбилей
с юбилеем подруге красивые;194;top;юбилей
где отметить юбилей в москве;194;top;юбилей | где отметить юбилей
с юбилеем 60 сестре;194;top;юбилей
зал для корпоратива;193;top;корпоратив
корпоратив в офисе;193;top;корпоратив
корпоратив отзывы;193;top;корпоратив
муж секс на корпоратив;193;top;корпоратив
красивое пожелание с юбилеем женщине 60;193;top;юбилей
поздравления юбилеем красивые короткие;193;top;юбилей
поздравления с юбилеем лет женщине коллеге;193;top;юбилей
костюм на юбилей;193;top;юбилей
с юбилеем мужчине летием поздравления;193;top;юбилей
поздравить любимую с юбилеем;193;top;юбилей
ебли жену после корпоратива;192;top;корпоратив
ебут жену после корпоратива;192;top;корпоратив
порно трах на корпоративе;192;top;корпоратив
с днем рождения мужчине юбилей 70;192;top;юбилей
поздравление с днем рождения юбилей 70 лет;192;top;юбилей
поздравление с рождением подруги с юбилеем;192;top;юбилей
с юбилеем олег;192;top;юбилей
поздравление с днем юбилеем подруге;192;top;юбилей
поздравление с юбилеем коллеге мужчине;192;top;юбилей
жену трахнули на корпоративе;191;top;корпоратив
видео трах корпоратив;191;top;корпоратив
корпоратив вдвоем;191;top;корпоратив
где праздновать юбилей;191;top;юбилей
программа на юбилей;191;top;юбилей
поздравления с рождением с юбилеем сестре;191;top;юбилей
юбилей свадьбы жене;191;top;юбилей
юбилею врача;191;top;юбилей
подарок на юбилей женщине 70;191;top;юбилей
юбилей красной;191;top;юбилей
что подарить юбилей 45;191;top;юбилей
пожелания с юбилеем женщине 55;191;top;юбилей
картинки с юбилеем 45;191;top;юбилей
песни на юбилей рождения;191;top;юбилей
с юбилеем мужчине 60 картинки;191;top;юбилей
с днем юбилеем мужчине своими словами;191;top;юбилей
перед юбилеем свекрови;191;top;юбилей
ключ корпоратив;190;top;корпоратив
секс на корпоративе минет;190;top;корпоратив
порно отсос на корпоративе;190;top;корпоратив
аронова корпоратив;190;top;корпоратив
как сделать корпоративную почту;190;assoc;корпоратив под ключ
юбилей тридцать лет;190;top;юбилей
юбилей слова в прозе;190;top;юбилей
красивое пожелание с юбилеем 60 лет;190;top;юбилей
стихи с юбилеем лет мужчине;190;top;юбилей
скачать бесплатно открытки с юбилеем рождения;190;top;юбилей
поздравление с юбилеем женщине открытка скачать бесплатно;190;top;юбилей
с юбилеем свадьбы 50 лет;190;top;юбилей | юбилей 50 лет
юбилей коллеги 60;190;top;юбилей
юбилей 85 женщине поздравление;190;top;юбилей
порно видео секс на корпоративе;189;top;корпоратив
секс отсос на корпоративе;189;top;корпоратив
частное порно корпоратив;189;top;корпоратив
с юбилеем 40 лет мужчине;189;top;юбилей
кафе для юбилея;189;top;юбилей
что подарить на 55 летний юбилей;189;top;юбилей
какие песни юбилея;189;top;юбилей
торт на юбилей 60;189;top;юбилей
с юбилеем 85 мужчине;189;top;юбилей
дорога жизни юбилей;189;top;юбилей
поздравляю с юбилеем 80 лет;189;top;юбилей
поздравление с днем рождения подруге юбилей;189;top;юбилей
полно на корпоратив;188;top;корпоратив
грязный корпоратив;188;top;корпоратив
кино юбилей;188;top;юбилей
сценарий юбилея прикольный женщина 50;188;top;юбилей
открытка с юбилеем 50 скачать бесплатно;188;top;юбилей
с юбилеем сыну 50;188;top;юбилей
сказка на юбилей женщине;188;top;юбилей
выплаты к юбилею совместной;188;top;юбилей
2026 год какой юбилей;188;top;юбилей
юбилей выпуска;188;top;юбилей
рубль юбилей;188;top;юбилей
банкетный стол на юбилей;188;top;юбилей
юбилей пугачевы;188;top;юбилей
сколько денег на юбилей;188;top;юбилей
корпоратив 8;187;top;корпоратив
активация корпоративной сим карты;187;assoc;корпоратив под ключ
юбилей части;187;top;юбилей
поздравления с юбилеем совместные;187;top;юбилей
открытка с юбилеем 70 лет бесплатно;187;top;юбилей
поздравление с юбилеем 50 лет женщине открытки;187;top;юбилей | юбилей 50 лет
с юбилеем 55 летием;187;top;юбилей
подарки на юбилей женщине 60;187;top;юбилей
открытка с юбилеем 85;187;top;юбилей
с днем рождения мужчине своими словами юбилей;187;top;юбилей
где отметить день рождения в подмосковье;187;top;где отметить день рождения
выебали после корпоратива;186;top;корпоратив
скрытая камера на корпоративе;186;top;корпоратив
поздравить с юбилеем 55 лет;186;top;юбилей
с юбилеем поздравление женщине открытки пожеланиями;186;top;юбилей
юбилей доктора;186;top;юбилей
юбилей 70 лет открытки с пожеланиями;186;top;юбилей
сценарий юбилея 60 лет женщине;186;top;юбилей
встреча юбилей;186;top;юбилей
юбилей сердце;186;top;юбилей
бесплатные открытки с юбилеем женщине 70;186;top;юбилей
поздравления с юбилеем 70 летием;186;top;юбилей
юбилеи числа;186;top;юбилей
с юбилеем 60 женщине открытки пожеланиями;186;top;юбилей
юбилей 80 мужчине подарок;186;top;юбилей
стриптизер на корпоративе;185;top;корпоратив
корпоратив трусы;185;top;корпоратив
с днем юбилей 35;185;top;юбилей
бесплатные открытки с юбилеем 60 лет;185;top;юбилей
с юбилеем на татарском;185;top;юбилей
поздравительная открытка юбилеем лет;185;top;юбилей
с днем рождения юбилей мужчине красивые;185;top;юбилей
открытка с юбилеем дочери;185;top;юбилей
юбилей песня слушать;185;top;юбилей
открытки с юбилеем мужчине красивые бесплатно;185;top;юбилей
сценарий юбилея 50 лет женщине прикольный;185;top;юбилей | юбилей 50 лет
купить открытку юбилей;185;top;юбилей
где можно отметить юбилей;185;top;юбилей | где отметить юбилей
где отметить день рождения ребенка 9 лет;185;top;где отметить день рождения
где отметить день рождения ребенку 9;185;top;где отметить день рождения
дом секс корпоратив;184;top;корпоратив
секс трах на корпоративе;184;top;корпоратив
корпоративная вечеринка;184;assoc;корпоратив | банкетный зал для корпоратива | ресторан для корпоратива | площадка для корпоратива | корпоратив на природе | загородный корпоратив | корпоратив под ключ | организация корпоратива
с юбилеем мужчине 70 своими словами;184;top;юбилей
день рождения юбилей женщине 80;184;top;юбилей
поздравление с юбилеем 75 лет мужчине;184;top;юбилей
скачать открытку с юбилеем 50 лет;184;top;юбилей | юбилей 50 лет
открытка с юбилеем брату;184;top;юбилей
юбилей персонаж;184;top;юбилей
открытка с юбилеем 50 женщине бесплатно;184;top;юбилей
юбилей лет женщине картинки поздравления;184;top;юбилей
день юбилей 70 лет открытка;184;top;юбилей
интересные сценарии юбилеев;184;top;юбилей
с юбилеем 45 своими словами;184;top;юбилей
поздравление с юбилеем 45 мужчине;184;top;юбилей
номер юбилея;184;top;юбилей
прикольные конкурсы на юбилей женщине;184;top;юбилей
юбилей подольска;184;top;юбилей
день рождения 6 лет где отметить;184;top;где отметить день рождения
корпоратив под ключ;183;top;корпоратив | корпоратив под ключ
порно корпоратив дома;183;top;корпоратив
порно пришел с корпоратива;183;top;корпоратив
пришла с корпоратива порно;183;top;корпоратив
секс изменила мужу корпоративе;183;top;корпоратив
юбилей 55 лет женщине прикольный;183;top;юбилей
юбилей раймонда паулса 2026;183;top;юбилей
юбилеи 2026 2027;183;top;юбилей
поздравление с юбилеем лет девушке;183;top;юбилей
песни юбилей 75;183;top;юбилей
душевные стихи юбилеем женщина;183;top;юбилей
сколько дарит на юбилей;183;top;юбилей
сколько дарят на юбилей;183;top;юбилей
с юбилеем 30 лет мужчине;183;top;юбилей
юбилей юбилейный;183;top;юбилей
женщину с 70 летием с юбилеем;183;top;юбилей
прикольные подарки на юбилей;183;top;юбилей
лофт для корпоратива;182;top;корпоратив
в жопу на корпоративе;182;top;корпоратив
изменяет мужу на корпоративе секс;182;top;корпоратив
скачать поздравление с юбилеем женщине бесплатно красивые;182;top;юбилей
поздравление юбилеем 75 летия;182;top;юбилей
с юбилеем мужчине 60 своими словами;182;top;юбилей
с днем 40 юбилея;182;top;юбилей
поздравление тещи с юбилеем;182;top;юбилей
что можно подарить женщине на юбилей;182;top;юбилей
юбилей кордеса роза фото;182;top;юбилей
торт на юбилей женщине 50;182;top;юбилей
юбилей кордеса описание;182;top;юбилей
юбилеи свадеб 40;182;top;юбилей
скачать с юбилеем 60 женщине;182;top;юбилей
поздравление с юбилеем 55 женщине своими словами;182;top;юбилей
корпоратив 20;181;top;корпоратив
с 55 летним юбилеем;181;top;юбилей
банкет на юбилей;181;top;юбилей
юбилей войны;181;top;юбилей
концерт к юбилею паулса;181;top;юбилей
что подарить отцу на юбилей;181;top;юбилей
зажигательный сценарий юбилея;181;top;юбилей
юбилей марка;181;top;юбилей
танцевать на юбилей;181;top;юбилей
юбилей свадьбы 55;181;top;юбилей
кратко с юбилеем;180;top;юбилей
с юбилеем 70 женщине картинки;180;top;юбилей
день рождения мужчине юбилей 55;180;top;юбилей
с 60 летним юбилеем женщине;180;top;юбилей
в этом году отмечаем юбилей;180;top;юбилей
с днем брата юбилеем;180;top;юбилей
открытки с днем юбилея 50 лет;180;top;юбилей | юбилей 50 лет
поздравить мужчину с 50 летием;180;assoc;юбилей 50 лет
поздравить с 50 летием женщину;180;assoc;юбилей 50 лет
день рождения на природе где;180;top;день рождения на природе
жену трахают на корпоративе;179;top;корпоратив
порно сперма корпоратив;179;top;корпоратив
изменить мужу на корпоративе не успела;179;top;корпоратив
с юбилеем инга;179;top;юбилей
юбилей генерала в ресторане;179;top;юбилей
с юбилеем 60 лет женщине красивые открытки;179;top;юбилей
поздравления с юбилеем женщине 70 открытки;179;top;юбилей
юбилей в кругу семьи;179;top;юбилей
юбилей недорого москва;179;top;юбилей
замечательный юбилей;179;top;юбилей
буквы с юбилеем;179;top;юбилей
юбилей повод;179;top;юбилей
где можно отметить день рождения 10 лет;179;top;где отметить день рождения
ресторан для корпоратива москва;178;top;корпоратив | ресторан для корпоратива | корпоратив москва
поздравление с юбилеем мужчине в прозе;178;top;юбилей
с юбилеем женщине красивые короткие;178;top;юбилей
с днем рождения женщине юбилей 75;178;top;юбилей
с юбилеем свадьбы 10 лет;178;top;юбилей
юбилей пушкина;178;top;юбилей
юбилей новочеркасска;178;top;юбилей
поздравление с юбилеем 55 лет мужчине;178;top;юбилей
где лучше отметить день рождения;178;top;где отметить день рождения
варианты корпоратива;177;top;корпоратив
порно видео минет на корпоративе;177;top;корпоратив
жена на корпоративе секс;177;top;корпоратив
юбилеем считаются даты;177;top;юбилей
поздравления юбилеем мужчине красивые 60;177;top;юбилей
идеи на юбилей женщине;177;top;юбилей
с днем рождения юбилей короткие;177;top;юбилей
юбилей на даче;177;top;юбилей
посмотреть юбилеи;177;top;юбилей
с юбилеем 50 лет женщине бесплатно;177;top;юбилей | юбилей 50 лет
день рождения 17 где отмечает;177;top;где отметить день рождения
корпоратив куда;176;top;корпоратив
корпоратив для компании;176;top;корпоратив
поздравление с днем рождения юбилей 60 мужчине;176;top;юбилей
поздравления с юбилей 60 рождения мужчине;176;top;юбилей
бесплатно смотреть юбилей;176;top;юбилей
скачать с юбилеем 65;176;top;юбилей
новая волна 2026 юбилей раймонда;176;top;юбилей
сценки на юбилей женщине прикольные;176;top;юбилей
веселые конкурсы на юбилей;176;top;юбилей
конец юбилея;176;top;юбилей
юбилеи видео бесплатно;176;top;юбилей
юбилей дня рождения какие;176;top;юбилей
55 лет юбилей своими словами;176;top;юбилей
с юбилеем 65 летием;176;top;юбилей
с днем юбилея 50 лет мужчине;176;top;юбилей | юбилей 50 лет
поздравления с днем юбилеем 80;176;top;юбилей
с днем рождения тая;176;assoc;день рождения на природе
муж пришел с корпоратива;175;top;корпоратив
приходит муж с корпоратива;175;top;корпоратив
порно видео корпоратив муж;175;top;корпоратив
квн юбилей;175;top;юбилей
что подарить на юбилей женщине 80;175;top;юбилей
юбилей д;175;top;юбилей
юбилей михайлова;175;top;юбилей
громкие юбилеи;175;top;юбилей
красивые открытки с юбилеем 75;175;top;юбилей
сценарий юбилея прикольный сценарий готовый;175;top;юбилей
юбилей стихи прикольные;175;top;юбилей
торт юбилей 70;175;top;юбилей
с юбилеем мама 60;175;top;юбилей
корпоратив для сотрудников;174;top;корпоратив
изменила мужу на корпоративе видео;174;top;корпоратив
изменяю мужу на корпоративе видео;174;top;корпоратив
корпоратив отдых;174;top;корпоратив
центр корпоративных решений;174;assoc;организация корпоратива
юбилей исполнится;174;top;юбилей
с юбилеем 60 лет женщине своими словами;174;top;юбилей
недорого отметить юбилей;174;top;юбилей
юбилей х;174;top;юбилей
открытки с юбилеем жизней;174;top;юбилей
с днем юбилеем 55 мужчине;174;top;юбилей
поздравление с юбилеем маме от сына;174;top;юбилей
порно видео изменила на корпоративе;173;top;корпоратив
порно видео изменяет на корпоративе;173;top;корпоратив
самый самый корпоратив;173;top;корпоратив
разврат на корпоративах фото;173;top;корпоратив
с юбилеем 60 лет мужчине красивые;173;top;юбилей
поздравление с юбилеем женщине своими словами трогательные;173;top;юбилей
с юбилеем мужчине другу;173;top;юбилей
поздравить сына с юбилеем;173;top;юбилей
юбилей 80 женщине красивые поздравления;173;top;юбилей
надо юбилей;173;top;юбилей
30 лет юбилей день;173;top;юбилей
картинка юбилеем женщине 80;173;top;юбилей
рождение с юбилеем брату;173;top;юбилей
с юбилеем 50 своими словами короткие;173;top;юбилей
где можно отметить день рождения 11 лет;173;top;где отметить день рождения
где можно отметить день рождения подростку;173;top;где отметить день рождения
трахают корпоратив порно;172;top;корпоратив
русское порно после корпоратива;172;top;корпоратив
поздравление с юбилеем совместной жизни;172;top;юбилей
юбилей ретро;172;top;юбилей
с юбилеем любимый муж;172;top;юбилей
квартиры юбилей;172;top;юбилей
рабочий юбилей;172;top;юбилей
юбилей программы год;172;top;юбилей
скачать бесплатно открытку с юбилеем 70;172;top;юбилей
юбилей счастья здоровья;172;top;юбилей
открытка с юбилеем 70 лет с поздравлением;172;top;юбилей
конкурсы на юбилей 50 женщине;172;top;юбилей
тост на юбилей 50 лет;172;top;юбилей | юбилей 50 лет
первые корпоративы;171;top;корпоратив
первый корпоратив;171;top;корпоратив
корпоратив секретарша;171;top;корпоратив
видео секс изменила на корпоративе;171;top;корпоратив
изменила мужу на корпоративе порно видео;171;top;корпоратив
изменяет мужу на корпоративе видео порно;171;top;корпоратив
два корпоратива;171;top;корпоратив
с днем рождения брат с юбилеем;171;top;юбилей
открытка с днем юбилей 60 лет;171;top;юбилей
с юбилеем 75 лет женщине красивые;171;top;юбилей
что подарить жене на юбилей;171;top;юбилей
юбилей 50 лет юмором;171;top;юбилей | юбилей 50 лет
юбилей работников;171;top;юбилей
открытка с днем юбилеем женщине 60;171;top;юбилей
с юбилеем начальницу;171;top;юбилей
мерцающие открытки с юбилеем;171;top;юбилей
25 лет это юбилей;171;top;юбилей
стасов юбилей;171;top;юбилей
с юбилеем женщине красивые поздравления картинки;171;top;юбилей
где отметить детский день рождения в москве;171;top;где отметить день рождения
поздравление с днем рождения юбилей 80;170;top;юбилей
с юбилеем 90 лет женщине;170;top;юбилей
открытка с юбилеем 65 бесплатно;170;top;юбилей
поздравление с днем юбилеем женщине 55;170;top;юбилей
открытка с днем рождения женщине юбилей 60;170;top;юбилей
открытки с юбилеем рождения женщине 60;170;top;юбилей
с днем рождения юбилей 50 лет мужчине;170;top;юбилей | юбилей 50 лет
сценарий на юбилей с юмором;170;top;юбилей
юбилей 55 бесплатная открытка;170;top;юбилей
с днем юбилеем 45 лет;170;top;юбилей
открытка с днем рождения юбилей 50 лет;170;top;юбилей | юбилей 50 лет
поставь юбилей;170;top;юбилей
с юбилеем тридцать пять;170;top;юбилей
люба с юбилеем;170;top;юбилей
юбилей подруги 65;170;top;юбилей
с юбилеем мужчине шуточные;170;top;юбилей
подарки на юбилей 65;170;top;юбилей
сценарий юбилея женщине 80;170;top;юбилей
где бюджетно отметить день рождения;170;top;где отметить день рождения
юбилей корпоратива;169;top;корпоратив | юбилей
порно чужая корпоратив;169;top;корпоратив
какие даты считаются юбилеем;169;top;юбилей
поздравление с юбилеем лет женщине прикольные;169;top;юбилей
юбилей коломны;169;top;юбилей
образ на юбилей;169;top;юбилей
c юбилеем;169;top;юбилей
красивые картинки с юбилеем мужчине;169;top;юбилей
с юбилеем подружка;169;top;юбилей
поздравление с днем рождения мужчине открытки юбилей;169;top;юбилей
поздравления с юбилеем рождения мужчине открытки;169;top;юбилей
места где отметить день рождения москва;169;top;где отметить день рождения
необычные рестораны для дня рождения;169;top;ресторан для дня рождения
дела корпоратив;168;top;корпоратив
веселого корпоратива;168;top;корпоратив
ивановна юбилей;168;top;юбилей
с днем рождения юбилей 40;168;top;юбилей
с юбилеем мужчине картинки с пожеланиями;168;top;юбилей
с юбилеем маме красивые;168;top;юбилей
юбилей 50 красивые открытки бесплатно;168;top;юбилей
юбилей сборник;168;top;юбилей
улица юбилей;168;top;юбилей
пригласительный юбилей лет;168;top;юбилей
где отметить день рождения в зеленограде;168;top;где отметить день рождения
жена на корпоративе видео;167;top;корпоратив
мжм после корпоратива;167;top;корпоратив
сценка поздравление на юбилей женщине;167;top;юбилей
с днем рождения с юбилеем 35;167;top;юбилей
год юбилея города;167;top;юбилей
открытка с юбилеем 40 лет;167;top;юбилей
юбилей сериал;167;top;юбилей
поздравления с юбилеем с подарками;167;top;юбилей
андрей юбилей крутого;167;top;юбилей
поздравления с юбилеем бывшему;167;top;юбилей
юбилеи жизни человека;167;top;юбилей
открытка с днем рождения юбилей 70 лет;167;top;юбилей
юбилей свадьбы 45 лет;167;top;юбилей
в какие года отмечают юбилей;167;top;юбилей
с юбилеем начальнику мужчине;167;top;юбилей
виноград юбилей новочеркасска;167;top;юбилей
скачать открытку с днем юбилеем женщине;167;top;юбилей
юбилей сценарий прикольный зажигательный;167;top;юбилей
подарок на юбилей 50 лет женщине;167;top;юбилей | юбилей 50 лет
где отметить день рождения в подольске;167;top;где отметить день рождения
с юбилеем 35 девушке;166;top;юбилей
торжественные юбилеи;166;top;юбилей
5 лет это юбилей;166;top;юбилей
с юбилеем 50 лет женщине прикольные;166;top;юбилей | юбилей 50 лет
открытка с юбилеем ольга;166;top;юбилей
с юбилеем 65 женщине своими словами;166;top;юбилей
с юбилеем михаил;166;top;юбилей
поздравить коллегу с юбилеем;166;top;юбилей
с юбилеем 50 мужчине красивые;166;top;юбилей
секс на корпоративе русское;165;top;корпоратив
одежда на корпоратив;165;top;корпоратив
пьяная жена после корпоратива;165;top;корпоратив
поздравление племяннице с юбилеем;165;top;юбилей
16 юбилей;165;top;юбилей
сценарий юбилея 80 лет женщине;165;top;юбилей
по случаю юбилея;165;top;юбилей
10 лет юбилей поздравление;165;top;юбилей
20 лет это юбилей;165;top;юбилей
пожелания с юбилеем 60 лет женщине;165;top;юбилей
лев когда день рождения;165;assoc;день рождения на природе
коллектив корпоратив;164;top;корпоратив
порно секс после корпоратива;164;top;корпоратив
застольные на юбилей;164;top;юбилей
картинки с днем юбилеем мужчине;164;top;юбилей
сценарий юбилея стиле;164;top;юбилей
поздравление с днем рождения женщине юбилеем 55;164;top;юбилей
поздравления с юбилей 55 рождения женщине;164;top;юбилей
с юбилеем тридцать пять лет;164;top;юбилей
поздравление с днем 60 летним юбилеем;164;top;юбилей
открытка с юбилеем наталья;164;top;юбилей
видео поздравление с юбилеем женщине;164;top;юбилей
открытка с юбилеем женщине 60 бесплатно;164;top;юбилей
поздравление летним юбилеем свадьбы;164;top;юбилей
слова поздравления с юбилеем 75;164;top;юбилей
где отметить день рождения 17 лет;164;top;где отметить день рождения
юбилей мудрости;163;top;юбилей
открытка с днем рождения женщине юбилей 50;163;top;юбилей
открытка с днем юбилеем женщине 50;163;top;юбилей
открытки с юбилеем рождения женщине 50;163;top;юбилей
юбилей 70 видео;163;top;юбилей
скачать открытку с днем рождения юбилей женщине;163;top;юбилей
скачать открытку с юбилеем рождения женщине;163;top;юбилей
видео открытка с юбилеем;163;top;юбилей
открытки с юбилеем сергей;163;top;юбилей
юбилей два года;163;top;юбилей
корпоратив николаев;162;top;корпоратив
корпоратив смотреть бесплатно;162;top;корпоратив
смотреть после корпоратива;162;top;корпоратив
с юбилеем свадьбы 20;162;top;юбилей
юбилей 50 лет стихи поздравления;162;top;юбилей | юбилей 50 лет
сценарий юбилея готовый с конкурсами;162;top;юбилей
юбилей долгих;162;top;юбилей
пожелания с днем рождения мужчине с юбилеем;162;top;юбилей
юбилей белей;162;top;юбилей
прикольный сценарий юбилея в домашних;162;top;юбилей
поздравление отца с юбилеем;162;top;юбилей
юбилей это всегда;162;top;юбилей
новая волна 2026 юбилей раймонда паулса;162;top;юбилей
юбилей женщине зажигательный;162;top;юбилей
видео юбилей лет женщине;162;top;юбилей
заявление на юбилей;162;top;юбилей
что подарить мужчине на юбилей 70;162;top;юбилей
юбилей свадьбы в загсе;162;top;юбилей
какие даты считаются юбилейными;162;assoc;юбилей | где отметить юбилей
где отметить день рождения ребенка девочке;162;top;где отметить день рождения
отъебали на корпоративе;161;top;корпоратив
корпоратив николая;161;top;корпоратив
сценарии юбилея семьи;161;top;юбилей
поздравления с днем юбилеем в стихах;161;top;юбилей
пришел гость на юбилей;161;top;юбилей
открытка с днем рождения 60 лет юбилей;161;top;юбилей
поздравление с юбилеем дяде;161;top;юбилей
юбилей 90 мужчине;161;top;юбилей
15 лет это юбилей;161;top;юбилей
октябрь юбилеи;161;top;юбилей
юбилей школы лет;161;top;юбилей
юбилей годовщина;161;top;юбилей
где отметить день рождения ребенка 7;161;top;где отметить день рождения
пьяная на корпоративе порно;160;top;корпоратив
смотреть порно корпоратив;160;top;корпоратив
сперма на корпоративе;160;top;корпоратив
крутой корпоратив;160;top;корпоратив
пьяные корпоратив видео;160;top;корпоратив
домашнее после корпоратива;160;top;корпоратив
корпоратив день компании;160;top;корпоратив
корпоратив ню;160;top;корпоратив
что подарить дочери на юбилей;160;top;юбилей
поздравление с юбилеем брату от сестры;160;top;юбилей
красивая картинка с юбилеем бесплатно;160;top;юбилей
стихи с днем юбилеем женщине;160;top;юбилей
юбилеем женщине мамы;160;top;юбилей
приглашение юбилей лет мужчине;160;top;юбилей
стих юбилей 75 лет;160;top;юбилей
где отметить день рождения в москве необычно;160;top;где отметить день рождения
новогодний корпоратив 2026;159;top;корпоратив | новогодний корпоратив
сценарий домашнего юбилея женщине;159;top;юбилей
картинки с днем рождения мужчине юбилей;159;top;юбилей
картинки с юбилеем рождения мужчине;159;top;юбилей
навке юбилей;159;top;юбилей
юбилей навки;159;top;юбилей
игры юбилей лет;159;top;юбилей
открытка с 75 летним юбилеем;159;top;юбилей
поздравление с юбилеем 80 лет своими словами;159;top;юбилей
сценарий юбилея в кругу семьи;159;top;юбилей
поздравление с днем рождения юбилей 50 мужчине;159;top;юбилей
поздравление с днем юбилеем мужчине 50;159;top;юбилей
поздравление с рождением юбилей мужчине 50;159;top;юбилей
что подарить женщине на 50 летний юбилей;159;top;юбилей
накануне юбилея;159;top;юбилей
знаменательный юбилей;159;top;юбилей
юбилей 70 лет женщине поздравления своими словами;159;top;юбилей
стихи с днем рождения женщине юбилей;159;top;юбилей
открытка с днем юбилеем женщине 70;159;top;юбилей
природное скопление ценных минералов кроссворд;158;assoc;тимбилдинг на природе
концерт посвященный юбилею;158;top;юбилей
юбилей музея;158;top;юбилей
открываем юбилей;158;top;юбилей
открыт юбилеем;158;top;юбилей
песни на юбилей 60;158;top;юбилей
открытка с юбилеем 70 женщине с пожеланиями;158;top;юбилей
с юбилеем женщине 80 своими словами;158;top;юбилей
с днем рождения коллегу с юбилеем;158;top;юбилей
юбилеи день рождения видео;158;top;юбилей
красивый стих на юбилей;158;top;юбилей
с юбилеем сестру своими словами;158;top;юбилей
где отметить день рождения девочке 12;158;top;где отметить день рождения
измена жены на корпоративе;157;top;корпоратив
корпоратив ru;156;top;корпоратив
корпоратив в сауне;156;top;корпоратив
русские корпоративы частное;156;top;корпоратив
корпоратив на теплоходе в москве;156;top;корпоратив | корпоратив москва
блюда на праздничный стол день рождения;156;assoc;банкетный зал на юбилей
с юбилеем 50 лет брату;156;top;юбилей 50 лет
места для корпоратива;155;top;корпоратив
корпоратив 15;155;top;корпоратив
где отметить день рождение ребенка 7 лет;155;top;где отметить день рождения
где отметить день рождения вдвоем;155;top;где отметить день рождения
брюнетка на корпоративе;154;top;корпоратив
текста корпоратив;154;top;корпоратив
с юбилеем 50 лет коротко;153;top;юбилей 50 лет
жена корпоратив сперма;152;top;корпоратив
торт на юбилей 50 лет мужчине;152;top;юбилей 50 лет
день рождения 12 лет девочке где отметить;152;top;где отметить день рождения
где отметить корпоратив;151;top;корпоратив
корпоратив озеро;151;top;корпоратив
корпоратив жены смотреть;150;top;корпоратив
корпоратив любительское;150;top;корпоратив
где можно отметить день рождения взрослому;150;top;где отметить день рождения
музыкальные корпоративы;149;top;корпоратив
батек новый год;149;assoc;новогодний корпоратив
давай устроим пати;149;assoc;организация корпоратива
юбилей 50 лет мужчине поздравление своими словами;149;top;юбилей 50 лет
разговоры на корпоративах;148;top;корпоратив
как испортить вечеринку;148;assoc;загородный корпоратив
где отметить день рождения ребенка 5;148;top;где отметить день рождения
корпоратив дня рождения компании;147;top;корпоратив
где отметить день рождения в коломне;147;top;где отметить день рождения
корпоративы смотреть онлайн;146;top;корпоратив
конкурсы на юбилей 50 лет женщине;146;top;юбилей 50 лет
что подарить мужчине на юбилей 50 лет;146;top;юбилей 50 лет
отсосала на корпоративе;145;top;корпоратив
недорогие корпоративы;145;top;корпоратив
корпоратив медведь;145;top;корпоратив
тим билдинг что это;145;assoc;тимбилдинг на природе
где можно отметить 12 день рождения;145;top;где отметить день рождения
где отметить день рождения зимой;145;top;где отметить день рождения
корпоратив в бане;144;top;корпоратив
харламов корпоратив;144;top;корпоратив
идеи где отметить день рождения;144;top;где отметить день рождения
красивое платье на корпоратив;143;top;корпоратив
вечер корпоратива;142;top;корпоратив
платье на корпоратив мужа;142;top;корпоратив
корпоратив 25;141;top;корпоратив
провести корпоратив москва;141;top;корпоратив | корпоратив москва
корпоративы россии;141;top;корпоратив
50 лет юбилей смешные;141;top;юбилей 50 лет
юбилей 50 лет женщине поздравление открытки красивые;141;top;юбилей 50 лет
где отметить день рождения ребенка 5 лет;141;top;где отметить день рождения
где можно отметить день рождения 13;141;top;где отметить день рождения
новогодний корпоратив 2027;140;top;корпоратив | новогодний корпоратив
японские корпоративы;140;top;корпоратив
кончил корпоратив;140;top;корпоратив
рестораны для юбилея в москве;140;top;ресторан для юбилея
вставил на корпоративе;139;top;корпоратив
русскую ебут на корпоративе;139;top;корпоратив
где можно отметить день рождения 13 лет;139;top;где отметить день рождения
анал после корпоратива;138;top;корпоратив
музыка для корпоратива;138;top;корпоратив
развели корпоратив;138;top;корпоратив
тимбилдинг на природе;138;top;тимбилдинг на природе
скачать с юбилеем 50 лет женщине;138;top;юбилей 50 лет
жена изменила на корпоративе;137;top;корпоратив
жена изменяет на корпоративе;137;top;корпоратив
время корпоратива;137;top;корпоратив
где отметить день рождения в области;137;top;где отметить день рождения
порно мжм корпоратив;136;top;корпоратив
фотограф на корпоратив;136;top;корпоратив
как одеться на корпоратив;136;top;корпоратив
мамки корпоратив;136;top;корпоратив
с юбилеем 50 лет маме;136;top;юбилей 50 лет
интересный корпоратив;134;top;корпоратив
корпоратив март;134;top;корпоратив
корпоратив банк;134;top;корпоратив
купить корпоратив;133;top;корпоратив
после корпоратива частное;133;top;корпоратив
где можно отметить день рождения 12 лет;133;top;где отметить день рождения
где вкусно отметить день рождения;133;top;где отметить день рождения
где отметить день рождения ребенка 6;133;top;где отметить день рождения
хочу корпоратив;132;top;корпоратив
корпоратив 50;132;top;корпоратив
порно ебут после корпоратива;132;top;корпоратив
банкетный корпоратив;132;top;корпоратив
где отметить день рождения в мытищах;132;top;где отметить день рождения
взяли на корпоративе;131;top;корпоратив
с юбилеем 50 лет коллеге;131;top;юбилей 50 лет
юбилей 50 лет идеи;131;top;юбилей 50 лет
порно ебли жены на корпоративе;130;top;корпоратив
лофты для корпоратива москва;130;top;корпоратив | корпоратив москва
печенье юбилейное кбжу;130;assoc;ресторан для юбилея
юбилей 50 лет москва;130;top;юбилей 50 лет
где отметить день рождения московский;130;top;где отметить день рождения
порно жену ебут на корпоративе;129;top;корпоратив
где можно отметить день рождения 14;129;top;где отметить день рождения
как провести корпоратив;128;top;корпоратив
порно видео после корпоратива;128;top;корпоратив
корпоратив онлайн бесплатно;128;top;корпоратив
открытки юбилей 50 лет скачать бесплатно;128;top;юбилей 50 лет
торт на юбилей 50 лет женщине;128;top;юбилей 50 лет
где отметить день рождения в домодедово;128;top;где отметить день рождения
сотрудница на корпоративе;127;top;корпоратив
в чем пойти на корпоратив;127;top;корпоратив
алкоголь корпоратив;127;top;корпоратив
где отметить день рождения раменское;127;top;где отметить день рождения
секс мжм корпоратив;126;top;корпоратив
расходы на корпоратив;126;top;корпоратив
парк корпоратив;126;top;корпоратив
сплоченность это;126;assoc;тимбилдинг на природе
где отметить день рождения на природе;126;top;где отметить день рождения | день рождения на природе
где интересно отметить день рождения в москве;126;top;где отметить день рождения
прошедший корпоратив;125;top;корпоратив
кафе собрание;125;assoc;ресторан для корпоратива
с юбилеем сына 50 лет;125;top;юбилей 50 лет
где отметить день рождения 2 дня;125;top;где отметить день рождения
где отмечали день рождения отзывы;125;top;где отметить день рождения
где отметить день рождения ребенка 6 лет;125;top;где отметить день рождения
корпоративы прошли;124;top;корпоратив
поздравить с юбилеем 50 лет женщине;124;top;юбилей 50 лет
день рождения женщине 50 лет юбилей поздравление;124;top;юбилей 50 лет
смотреть уральские корпоратив;123;top;корпоратив
уральские пельмени корпоратив смотреть;123;top;корпоратив
порно женщин на корпоративе;123;top;корпоратив
стол на корпоратив;123;top;корпоратив
корпоратив утро;122;top;корпоратив
девушки после корпоратива;122;top;корпоратив
корпоратив перевод;122;top;корпоратив
где недорого отметить юбилей;122;top;где отметить юбилей
видео с юбилеем 50 лет;122;top;юбилей 50 лет
на корпоративе пьяный муж;121;top;корпоратив
муж новогоднего корпоратива;121;top;корпоратив | новогодний корпоратив
детский день рождения на природе;121;top;день рождения на природе
бесплатное порно корпоратив;120;top;корпоратив
как правильно пишется корпоратив;119;top;корпоратив
женский корпоратив порно;119;top;корпоратив
замужнюю после корпоратива порно;119;top;корпоратив
кавер корпоратив;119;top;корпоратив
что надеть на корпоратив;119;top;корпоратив
картинка с юбилеем 50 лет мужчине;119;top;юбилей 50 лет
корпоратив начальница;118;top;корпоратив
что одеть на корпоратив;118;top;корпоратив
ролики корпоративов;118;top;корпоратив
смотреть фильм корпоратив;118;top;корпоратив
танцевальный корпоратив;118;top;корпоратив
женщина после корпоратива;118;top;корпоратив
юбилей мужа 50 лет поздравление от жены;118;top;юбилей 50 лет
развели после корпоратива;117;top;корпоратив
зрелая после корпоратива;117;top;корпоратив
мужики корпоратив;117;top;корпоратив
народный корпоратив;117;top;корпоратив
тост на корпоративе;116;top;корпоратив
эротика на корпоративе;116;top;корпоратив
сказка для корпоратива;116;top;корпоратив
юбилей 50 лет шуточные;116;top;юбилей 50 лет
где отметить день рождения 4 года;116;top;где отметить день рождения
необычные рестораны в москве для дня рождения;116;top;ресторан для дня рождения
регистрация на корпоратив;115;top;корпоратив
на корпоративе рассказывает;115;top;корпоратив
чужую после корпоратива;115;top;корпоратив
праздничное меню на день рождения дома;115;assoc;где отметить юбилей
бесплатные открытки с юбилеем женщине 50 лет;115;top;юбилей 50 лет
где отметить день рождения ребенка 13;115;top;где отметить день рождения
стрептизер танцующий медведь на корпоративе;114;top;корпоратив
можно ли корпоративы;114;top;корпоратив
сборный корпоратив;114;top;корпоратив
письмо на корпоратив;114;top;корпоратив
случайно на корпоративе;114;top;корпоратив
спортивные корпоративы;114;top;корпоратив
корпоратив зрелых секс;113;top;корпоратив
отъебали по полной на корпоративе;113;top;корпоратив
костюм женский корпоратив;113;top;корпоратив
устроить корпоратив;113;top;корпоратив
короткие поздравления с юбилеем 50 лет;113;top;юбилей 50 лет
корпоративы телефон;112;top;корпоратив
50 лет юбилей женщине скачать бесплатно;112;top;юбилей 50 лет
где отметить день рождения ребенка 13 лет;112;top;где отметить день рождения
стол на день рождения на природе;112;top;день рождения на природе
корпоративы форумы;111;top;корпоратив
вернулась с корпоратива;111;top;корпоратив
новогодний корпоратив где;111;top;корпоратив | новогодний корпоратив
чужая жена после корпоратива;111;top;корпоратив
зимний корпоратив;111;top;корпоратив
пьяные новогодние корпоративы;111;top;корпоратив | новогодний корпоратив
корпоратив николая камеди;111;top;корпоратив
рабочий корпоратив;111;top;корпоратив
что подарить женщине на юбилей 50 лет;111;top;юбилей 50 лет
где отметить день рождения королев;111;top;где отметить день рождения
где можно отметить день рождения 14 лет;111;top;где отметить день рождения
день рождения ребенка на природе;111;top;день рождения на природе
дети на дне рождения на природе;111;top;день рождения на природе
кино корпоратив;110;top;корпоратив
муж после корпоратива;110;top;корпоратив
камшоты на корпоративах;110;top;корпоратив
поздравление с юбилеем дочери 50 лет;110;top;юбилей 50 лет
юбилей 50 лет сценарии конкурсы;110;top;юбилей 50 лет
где весело отметить день рождения;110;top;где отметить день рождения
день рождения на природе что приготовить;110;top;день рождения на природе
на позвали на корпоратив;109;top;корпоратив
порно чужую жену на корпоративе;109;top;корпоратив
секс после корпоратива видео;109;top;корпоратив
где отметить день рождения в серпухове;109;top;где отметить день рождения
замужние пьяные корпоратив;108;top;корпоратив
корпоративы крупные;108;top;корпоратив
реальное видео корпоратив;108;top;корпоратив
трахает русскую корпоратив;108;top;корпоратив
что приготовить на даче кроме шашлыка;108;assoc;загородный корпоратив
где отметить день рождения мальчика 10;108;top;где отметить день рождения
куда можно пойти на др;108;assoc;где отметить день рождения
жену выебали на корпоративе;107;top;корпоратив
домашнее корпоратив видео;107;top;корпоратив
корпоратив стаса;107;top;корпоратив
вечерний корпоратив;107;top;корпоратив
рестораны москвы где можно отметить день рождения;107;top;где отметить день рождения
где отметить день рождение мальчику 10 лет;107;top;где отметить день рождения
мем корпоратив;106;top;корпоратив
групповой корпоратив;106;top;корпоратив
порно русской жены на корпоративе;106;top;корпоратив
корпоратив михайлова;106;top;корпоратив
трахаются на корпоративе;106;top;корпоратив
рестораны для новогоднего корпоратива;106;top;корпоратив | ресторан для корпоратива | новогодний корпоратив
раз пошел на корпоратив;106;top;корпоратив
поздравления с юбилеем 50 лет бесплатно;106;top;юбилей 50 лет
стихи на юбилей 50 лет;106;top;юбилей 50 лет
где отметить день рождения в щелково;106;top;где отметить день рождения
сходили на корпоратив;105;top;корпоратив
корпоратив блондинка;105;top;корпоратив
артисты на корпоратив;105;top;корпоратив
поздравление коллеге с юбилеем 50 лет;105;top;юбилей 50 лет
юбилей 50 лет веселый;105;top;юбилей 50 лет
где можно отметить день рождения мальчика;105;top;где отметить день рождения
где отметить день рождения в одинцово;105;top;где отметить день рождения
шлюхи на корпоративе;104;top;корпоратив
смотреть видео корпоративов;104;top;корпоратив
сливы корпоративов;104;top;корпоратив
платье на юбилей 50 лет;104;top;юбилей 50 лет
скачать юбилей мужчины 50 лет;104;top;юбилей 50 лет
где отметить день рождения в люберцах;104;top;где отметить день рождения
где отметить день рождения с другом;104;top;где отметить день рождения
корпоратив 2014;103;top;корпоратив
корпоратив 90;103;top;корпоратив
пустили на корпоративе;103;top;корпоратив
иванушки корпоратив;103;top;корпоратив
концерт корпоратив;103;top;корпоратив
кафе где можно отметить день рождения;103;top;где отметить день рождения
секс мжм после корпоратива;102;top;корпоратив
наряд на корпоратив;102;top;корпоратив
корпоратив почему;102;top;корпоратив
приглашение на корпоратив;102;top;корпоратив
пришла с корпоратива без;102;top;корпоратив
корпоратив видео вк;102;top;корпоратив
корпоратив тимбилдинг;102;top;корпоратив
день рождения женщины где отметить;102;top;где отметить день рождения
где отметить день рождения сына;102;top;где отметить день рождения
день рождения на природе меню;102;top;день рождения на природе
после корпоратива рассказы;101;top;корпоратив
корпоративы стаса михайлова;101;top;корпоратив
засветы на корпоративе;101;top;корпоратив
корпоратив портал;101;top;корпоратив
где отметить день рождения 2 года;101;top;где отметить день рождения
где отметить день рождения ребенка недорогой;101;top;где отметить день рождения
где отметить день рождения в питере;101;top;где отметить день рождения
корпоратив на день строителя;100;top;корпоратив
мжм после корпоративов порно;100;top;корпоратив
трахнул пьяную после корпоратива;100;top;корпоратив
поздравление мамы с юбилеем 50 лет;100;top;юбилей 50 лет
где отметить день рождения в москве девушке;100;top;где отметить день рождения
где отметить день рождения в железнодорожном;100;top;где отметить день рождения
где отметить день рождения с семьей;100;top;где отметить день рождения
корпоративы без жен;99;top;корпоратив
стоянов корпоратив;99;top;корпоратив
собираюсь на корпоратив;99;top;корпоратив
почему нельзя праздновать 40 лет;99;assoc;где отметить юбилей
где отметить день рождения в московской области;99;top;где отметить день рождения
свадьба юбилей корпоратив;98;top;корпоратив
член корпоратив;98;top;корпоратив
трахнул замужнюю на корпоративе;98;top;корпоратив
с юбилеем 50 лет в прозе;98;top;юбилей 50 лет
конкурсы на юбилей 50 лет мужчине;98;top;юбилей 50 лет
красивый ресторан для дня рождения;98;top;ресторан для дня рождения
день рождения на природе в москве;98;top;день рождения на природе
на корпоративе толпой;97;top;корпоратив
кавер группа на корпоратив;97;top;корпоратив
замужние женщины корпоратив;97;top;корпоратив
корпоративы летом;97;top;корпоратив
оргия на корпоративе;97;top;корпоратив
2026 год корпоратив;97;top;корпоратив
милфа на корпоративе;97;top;корпоратив
милфы на корпоративе;97;top;корпоратив
корпоратив первый раз;97;top;корпоратив
пустили по кругу на корпоративе;97;top;корпоратив
порно рассказ жена на корпоративе;97;top;корпоратив
как отметить юбилей 50 лет;97;top;юбилей 50 лет
скачать открытку с юбилеем 50 лет женщине;97;top;юбилей 50 лет
бесплатно юбилей 50 лет мужчине;97;top;юбилей 50 лет
где отметить день рождение с подругами;97;top;где отметить день рождения
жена муж корпоратив порно;96;top;корпоратив
организованный корпоратив;96;top;корпоратив
сериал корпоратив;96;top;корпоратив
на новогоднем корпоративе пьяный муж;96;top;корпоратив | новогодний корпоратив
порно корпоратив вк;96;top;корпоратив
песни на юбилей 50 лет женщине;96;top;юбилей 50 лет
где отметить день рождения в королеве;96;top;где отметить день рождения
где отметить день рождения с друзьями;96;top;где отметить день рождения
в машине после корпоратива;95;top;корпоратив
площадка для корпоратива москва;95;top;корпоратив | площадка для корпоратива | корпоратив москва
девушка корпоратив порно;95;top;корпоратив
корпоратив ебут чужую;95;top;корпоратив
мама после корпоратива;95;top;корпоратив
стиль 50 лет юбилей;95;top;юбилей 50 лет
где отметить детский день рождение лет;95;top;где отметить день рождения
где можно отметить детское день рождения;95;top;где отметить день рождения
куда сходить на корпоратив;94;top;корпоратив
ведем корпоративы;94;top;корпоратив
веду корпоративы;94;top;корпоратив
сколько стоит пригласить на корпоратив;94;top;корпоратив
корпоратив фильм 2014;94;top;корпоратив
озвучка корпоратива;94;top;корпоратив
квиз на корпоратив;94;top;корпоратив
сперма после корпоратива;94;top;корпоратив
день рождения ребенка в балашихе где отметить;94;top;где отметить день рождения
секс русских после корпоратива;93;top;корпоратив
после корпоратива замужнюю видео;93;top;корпоратив
новогодний корпоратив жены;93;top;корпоратив | новогодний корпоратив
пьяную русскую на корпоративе;93;top;корпоратив
активный корпоратив;93;top;корпоратив
красивые слова юбилей 50 лет;93;top;юбилей 50 лет
блюда на др;93;assoc;ресторан для дня рождения
скачать песню корпоратив;92;top;корпоратив
после корпоратива жесткое порно;92;top;корпоратив
куни на корпоративе;92;top;корпоратив
мачеха после корпоратива;92;top;корпоратив
песня про корпоратив;92;top;корпоратив
видео камера на корпоративе;92;top;корпоратив
поздравление мужу на юбилей 50 лет;92;top;юбилей 50 лет
песни на юбилей 50 лет мужчине;92;top;юбилей 50 лет
где отметить день рождения квест;92;top;где отметить день рождения
где отметить день рождения рядом;92;top;где отметить день рождения
рестораны для детского дня рождения;92;top;ресторан для дня рождения
корпоратив яндекс;91;top;корпоратив
зрелки на корпоративе;91;top;корпоратив
пришла с корпоратива 18;91;top;корпоратив
друзья после корпоратива;91;top;корпоратив
громкий корпоратив;91;top;корпоратив
ебутся на корпоративе;91;top;корпоратив
корпоратив 40;91;top;корпоратив
пришла с корпоратива без трусов;91;top;корпоратив
поздравления юбилеем 50 лет юмором;91;top;юбилей 50 лет
разделась на корпоративе;90;top;корпоратив
корпоратив или корпаратив;90;top;корпоратив
ключ корпоратив организация;90;top;корпоратив | организация корпоратива
организация корпоратива под ключ;90;top;корпоратив | корпоратив под ключ | организация корпоратива
готовый сценарий юбилея 50 лет;90;top;юбилей 50 лет
юбилей 50 лет женщине короткие;90;top;юбилей 50 лет
с юбилеем 50 лет мужчине красивые;90;top;юбилей 50 лет
день рождения 3 года где отметить;90;top;где отметить день рождения
корпоратив актеры;89;top;корпоратив
видео частных корпоративов;89;top;корпоратив
трахнул пьяную на корпоративе;89;top;корпоратив
пришла пьяная после корпоратива;89;top;корпоратив
порно замужняя с корпоратива;89;top;корпоратив
стих с юбилеем 50 лет женщине;89;top;юбилей 50 лет
где отметить день рождение в орехово;89;top;где отметить день рождения
день рождения мальчику 9 лет где отметить;89;top;где отметить день рождения
пришла с корпоратива пьяная порно;88;top;корпоратив
пришли пьяные с корпоратива порно;88;top;корпоратив
японское порно корпоратив;88;top;корпоратив
корпоратив 30 человек;88;top;корпоратив
поздравление с юбилеем 50 лет жене;88;top;юбилей 50 лет
где отметить день рождения мальчику 11;88;top;где отметить день рождения
жмж корпоратив;87;top;корпоратив
картинка корпоратив;87;top;корпоратив
будут ли корпоративы;87;top;корпоратив
красивые картинки с юбилеем 50 лет;87;top;юбилей 50 лет
корпоратив 4;86;top;корпоратив
аудио корпоратив;86;top;корпоратив
в рот на корпоративе;86;top;корпоратив
тайны корпоратива;86;top;корпоратив
подруги на корпоративе;86;top;корпоратив
корпоратив за городом;86;top;корпоратив
пельмени после корпоратива смотреть;86;top;корпоратив
корпоративы крупных компаний;86;top;корпоратив
порно онлайн корпоратив;86;top;корпоратив
жена корпоратив друзья;86;top;корпоратив
корпоратив команды;86;top;корпоратив
корпоратив смотреть онлайн бесплатно;86;top;корпоратив
сценарий на юбилей 50 лет мужчине;86;top;юбилей 50 лет
день рождение 11 лет мальчику где отметить;86;top;где отметить день рождения
порно пришла после корпоратива;85;top;корпоратив
порно пришли после корпоратива;85;top;корпоратив
на новогоднем корпоративе муж усмехнулся;85;top;корпоратив | новогодний корпоратив
на новогоднем корпоративе пьяный муж усмехнулся;85;top;корпоратив | новогодний корпоратив
жену в жопу на корпоративе;85;top;корпоратив
русское домашнее корпоратив;85;top;корпоратив
корпоратив где можно;85;top;корпоратив
банкетные залы для корпоратива;85;top;корпоратив | банкетный зал для корпоратива
банкетный зал для корпоратива;85;top;корпоратив | банкетный зал для корпоратива
телки на корпоративе;85;top;корпоратив
кулинарный корпоратив;85;top;корпоратив
стриптиз на корпоративе;85;top;корпоратив
мужа с юбилеем 50 лет от жены;85;top;юбилей 50 лет
частное русское порно корпоратив;84;top;корпоратив
смотреть корпоратив русский;84;top;корпоратив
необычные корпоративы;84;top;корпоратив
сисястая корпоратив;84;top;корпоратив
замужних после корпоратива пьяных;84;top;корпоратив
корпоратив киркорова;84;top;корпоратив
выбирай корпоратив;84;top;корпоратив
брючные костюмы на корпоратив;84;top;корпоратив
юбилей 50 лет женщине открытки красивые бесплатно;84;top;юбилей 50 лет
свадьба день рождения корпоратив;83;top;корпоратив
корпоратив пьяных мачех;83;top;корпоратив
трахнулись на корпоративе;83;top;корпоратив
смешные конкурсы на корпоратив;83;top;корпоратив
после корпоратива русское видео;83;top;корпоратив
корпоратив лебединое;83;top;корпоратив
корпоратив лебединое озеро;83;top;корпоратив
где отметить день рождения 20 лет;83;top;где отметить день рождения
пьяные корпоративы бесплатно;82;top;корпоратив
уральские пельмени после корпоратива смотреть;82;top;корпоратив
уральские после корпоратива смотреть;82;top;корпоратив
народный корпоратив михайлова;82;top;корпоратив
народный корпоратив стаса;82;top;корпоратив
стас михайлов народный корпоратив;82;top;корпоратив
корпоратив жены домашнее;82;top;корпоратив
оттрахана на корпоративе;82;top;корпоратив
утро после корпоратива;82;top;корпоратив
после корпоратива домой;82;top;корпоратив
день рождения девочки 9 лет где отметить;82;top;где отметить день рождения
корпоратив мама пьяная;81;top;корпоратив
еда на корпоратив;81;top;корпоратив
второго корпоратив;81;top;корпоратив
килограмм корпоратив;81;top;корпоратив
зрелые женщины на корпоративе;81;top;корпоратив
бухой корпоратив;81;top;корпоратив
после корпоратива вк;81;top;корпоратив
сценка на корпоратив;81;top;корпоратив
батрутдинов корпоратив;81;top;корпоратив
карибидис корпоратив;81;top;корпоратив
белый корпоратив;81;top;корпоратив
оттрахал на корпоративе;81;top;корпоратив
оттраханная на корпоративе;81;top;корпоратив
поздравление с юбилеем мужчине 50 лет прикольные;81;top;юбилей 50 лет
с юбилеем 50 лет совместной жизни;81;top;юбилей 50 лет
юбилей 50 лет поздравления скачать;81;top;юбилей 50 лет
порно зрелых на корпоративе;80;top;корпоратив
частное порно после корпоратива;80;top;корпоратив
организация корпоратива компании;80;top;корпоратив | организация корпоратива
беседки для корпоратива;80;top;корпоратив
домашнее порно после корпоратива;80;top;корпоратив
начальник после корпоратива;80;top;корпоратив
корпоратив центр;80;top;корпоратив
поздравление с юбилеем 50 лет в прозе;80;top;юбилей 50 лет
где можно интересно отметить день рождения;80;top;где отметить день рождения
где отметить день рождения мальчика 12;80;top;где отметить день рождения
день рождение 12 лет мальчику где отметить;80;top;где отметить день рождения
лучшие рестораны для празднования дня рождения;80;top;ресторан для дня рождения
трахнул замужнюю корпоратив порно;79;top;корпоратив
поставь корпоратив;79;top;корпоратив
смотреть новогодний корпоратив;79;top;корпоратив | новогодний корпоратив
шуточные корпоративы;79;top;корпоратив
мужской корпоратив;79;top;корпоратив
корпоративное такси для организаций;79;assoc;ресторан для корпоратива | площадка для корпоратива
поздравление брата с юбилеем 50 лет;79;top;юбилей 50 лет
где можно отметить день рождения 15;79;top;где отметить день рождения
где отметить день рождение взрослого необычно;79;top;где отметить день рождения
где отметить день рождения в красногорске;79;top;где отметить день рождения
порно без корпоратива;78;top;корпоратив
провести новогодний корпоратив;78;top;корпоратив | новогодний корпоратив
что сказать на корпоративе;78;top;корпоратив
интимный корпоратив;78;top;корпоратив
поздравление с юбилеем 50 лет сыну;78;top;юбилей 50 лет
с юбилеем 50 лет женщине коллеге;78;top;юбилей 50 лет
день юбилей 50 лет женщине открытки;78;top;юбилей 50 лет
где отметить день рождения в орехово зуево;78;top;где отметить день рождения
где отметить день рождения мужа;78;top;где отметить день рождения
порно трахают после корпоратива;77;top;корпоратив
ебля после корпоратива;77;top;корпоратив
минет после корпоратива;77;top;корпоратив
новогодний корпоратив порно;77;top;корпоратив | новогодний корпоратив
где провести корпоратив в москве;77;top;корпоратив | корпоратив москва
бухие корпоративы;77;top;корпоратив
корпоратив русский зрелый;77;top;корпоратив
после корпоратива в отеле;77;top;корпоратив
сиськи на корпоративе;77;top;корпоратив
поздравление с юбилеем свадьбы 50 лет;77;top;юбилей 50 лет
где отметить день рождения ребенка 2 года;77;top;где отметить день рождения
свадьбы праздники корпоративы;76;top;корпоратив
звезды на корпоратив;76;top;корпоратив
сисадмин на корпоративе;76;top;корпоратив
жену зрелую на корпоративе;76;top;корпоратив
мини корпоратив;76;top;корпоратив
нг корпоративы;76;top;корпоратив
корпоратив анна;76;top;корпоратив
измены корпоратив русское;76;top;корпоратив
трахнул замужнюю после корпоратива;76;top;корпоратив
желающие на корпоратив;76;top;корпоратив
поздравляю с юбилеем 50 лет мужчине;76;top;юбилей 50 лет
где отметить день рождения петербург;76;top;где отметить день рождения
где отметить день рождения пушкино;76;top;где отметить день рождения
жену после корпоратива видео;75;top;корпоратив
порно корпоративе трахают жену;75;top;корпоратив
мастер класс на корпоратив;75;top;корпоратив
порно замужних русских корпоративов;75;top;корпоратив
порно выебал на корпоративе;75;top;корпоратив
сколько стоит выступление на корпоративе;75;top;корпоратив
женщина трахает корпоратива;75;top;корпоратив
измена после корпоратива;75;top;корпоратив
первый пошла на корпоратив;75;top;корпоратив
картинка поздравление юбилей 50 лет;75;top;юбилей 50 лет
где бюджетно отметить день рождения в москве;75;top;где отметить день рождения
где отметить день рождения девочки 14 лет;75;top;где отметить день рождения
где отметить день рождение с музыкой;75;top;где отметить день рождения
корпоратив шлюх порно;74;top;корпоратив
на хожу на корпоративы;74;top;корпоратив
ходили на корпоратив;74;top;корпоратив
фильм корпоратив онлайн;74;top;корпоратив
взять мужа на корпоратив;74;top;корпоратив
корпоратив работников;74;top;корпоратив
русские женщины корпоратив;74;top;корпоратив
рестораны где отметить юбилей;74;top;где отметить юбилей
где отметить день рождения в чехове;74;top;где отметить день рождения
первый раз пошел на корпоратив;73;top;корпоратив
первый раз пошла на корпоратив;73;top;корпоратив
корпоратив xxx;73;top;корпоратив
можно проводить корпоративы;73;top;корпоратив
как называется корпоратив;73;top;корпоратив
корпоратив видео девушки;73;top;корпоратив
порно трахнул после корпоратива;73;top;корпоратив
куни на корпоративе порно;73;top;корпоратив
жены чулки корпоратив;73;top;корпоратив
корпоратив камера секс;73;top;корпоратив
организация корпоратива под ключ крупной компании;73;top;корпоратив | корпоратив под ключ | организация корпоратива
интересный юбилей 50 лет;73;top;юбилей 50 лет
юбилей женщины 50 лет сценарий конкурсы;73;top;юбилей 50 лет
юбилей 50 лет мужчине коротко;73;top;юбилей 50 лет
хорошие рестораны в москве для дня рождения;73;top;ресторан для дня рождения
порно анал после корпоратива;72;top;корпоратив
часа корпоратив;72;top;корпоратив
эротический корпоратив;72;top;корпоратив
торт на корпоратив;72;top;корпоратив
корпоратив на корабле;72;top;корпоратив
корпоратив спб;72;top;корпоратив
дом для корпоратива;72;top;корпоратив
московские корпоративы;72;top;корпоратив
поздравления с юбилеем 50 лет мужчине открытки;72;top;юбилей 50 лет
поздравление женщине коллеге с юбилеем 50 лет;72;top;юбилей 50 лет
где красиво отметить день рождения;72;top;где отметить день рождения
где можно отметить день рождения 15 лет;72;top;где отметить день рождения
где отметить день рождения вдвоем в москве;72;top;где отметить день рождения
сколько стоит корпоратив иванушек;71;top;корпоратив
кафе для корпоратива;71;top;корпоратив
камеди клаб корпоратив николая;71;top;корпоратив
после корпоратива камеди;71;top;корпоратив
корпоратив х;71;top;корпоратив
что можно подарить на юбилей 50 лет;71;top;юбилей 50 лет
юмор юбилей 50 лет мужчина;71;top;юбилей 50 лет
фотограф на корпоратив москва;70;top;корпоратив | корпоратив москва
читать корпоратив жены;70;top;корпоратив
минет на корпоративе измена;70;top;корпоратив
ебут в жопу корпоратив;70;top;корпоратив
корпоратив область;70;top;корпоратив
корпоратив 3;70;top;корпоратив
корпоратив партнер;70;top;корпоратив
порно корпоратив развели;70;top;корпоратив
жена пришла пьяная с корпоратива;70;top;корпоратив
пьяная жена приходит с корпоратива;70;top;корпоратив
пьяные жены пришедшие с корпоратива;70;top;корпоратив
измена корпоратив трахнул;70;top;корпоратив
с юбилеем 50 лет трогательные;70;top;юбилей 50 лет
пожелания 50 лет бесплатно юбилеем;70;top;юбилей 50 лет
скачать бесплатно поздравление юбилеем 50 лет;70;top;юбилей 50 лет
юбилей цветы 50 лет;70;top;юбилей 50 лет
где отметить день рождение девочке 8;70;top;где отметить день рождения
корпоратив 50 человек;69;top;корпоратив
корпоратив виды;69;top;корпоратив
жену взяли на корпоратива;69;top;корпоратив
фильм корпоратив актеры;69;top;корпоратив
иванушки интернешнл корпоратив;69;top;корпоратив
фильм корпоратив смотреть онлайн;69;top;корпоратив
сценка на юбилей 50 лет;69;top;юбилей 50 лет
поздравить подругу с 50 летием;69;assoc;юбилей 50 лет
где отметить день рождения парня;69;top;где отметить день рождения
ресторан для дня рождения центр;69;top;ресторан для дня рождения
корпоратив т;68;top;корпоратив
женщины зрелые после корпоратива;68;top;корпоратив
корпоративы яхты;68;top;корпоратив
начало корпоратива;68;top;корпоратив
ебут пьяную на корпоративе;68;top;корпоратив
домой с корпоратива;68;top;корпоратив
флирты на корпоративах;68;top;корпоратив
бабу после корпоратива;68;top;корпоратив
гости корпоратив;68;top;корпоратив
где отметить день рождения в клину;68;top;где отметить день рождения
кафе где отметить день рождения недорого;68;top;где отметить день рождения
корпоратив директору;67;top;корпоратив
русское порно корпоратив пьяная;67;top;корпоратив
замужнюю ебут после корпоратива;67;top;корпоратив
русские после корпоратива частное;67;top;корпоратив
мачеха приходит с корпоратива;67;top;корпоратив
мачеха пришла с корпоратива;67;top;корпоратив
корпоратив мжм русское;67;top;корпоратив
порно со корпоратив;67;top;корпоратив
брючные костюмы женские на корпоратив;67;top;корпоратив
перед корпоративом;67;top;корпоратив
кафе ассорти;67;assoc;ресторан для корпоратива
кдц юбилейный;67;assoc;ресторан для юбилея
где отметить юбилей в москве недорого;67;top;где отметить юбилей
где отметить юбилей 50;67;top;где отметить юбилей
юбилей 50 лет шуточное поздравление;67;top;юбилей 50 лет
где отметить день рождения девочке 8 лет;67;top;где отметить день рождения
где отметить день рождения в сергиевом посаде;67;top;где отметить день рождения
где отметить день рождения ребенка 14;67;top;где отметить день рождения
где отметить день рождения ребенка 14 лет;67;top;где отметить день рождения
уральские пельмени корпоратив мужа;66;top;корпоратив
порно минет после корпоратива;66;top;корпоратив
истории флирта на корпоративе;66;top;корпоратив
харламов после корпоратива;66;top;корпоратив
корпоративы заказать москва;66;top;корпоратив | корпоратив москва
дорогой корпоратив;66;top;корпоратив
стоянов и аронова корпоратив;66;top;корпоратив
порно корпоратив замужние пьяные;66;top;корпоратив
потрахались на корпоративе;66;top;корпоратив
корпоратив 24;66;top;корпоратив
коллеги приглашаем на корпоратив;66;top;корпоратив
чс природного характера это;66;assoc;тимбилдинг на природе
текст юбилеев 50 лет;66;top;юбилей 50 лет
где отметить день рождения 15 лет девочке;66;top;где отметить день рождения
где отметить день рождения в ногинске;66;top;где отметить день рождения
электросталь где отметить день рождения;66;top;где отметить день рождения
где отметить большой день рождение;66;top;где отметить день рождения
где можно отметить день рождения 16 лет;66;top;где отметить день рождения
ресторан для дня рождения ребенка;66;top;ресторан для дня рождения
рестораны для празднования дня рождения в москве;66;top;ресторан для дня рождения
жена приходит после корпоратива;65;top;корпоратив
жена пришла после корпоратива;65;top;корпоратив
организация корпоративов в москве;65;top;корпоратив | корпоратив москва | организация корпоратива
корпоратив бесплатно в хорошем качестве;65;top;корпоратив
корпоратив хорошее качество;65;top;корпоратив
дамы на корпоративе;65;top;корпоратив
мама пришла с корпоратива;65;top;корпоратив
порно ебут жену после корпоратива;65;top;корпоратив
конкурсы на корпоратив взрослых;65;top;корпоратив
корпоратив или карпоратив;65;top;корпоратив
корпоратив смотреть в хорошем;65;top;корпоратив
трахает жену после корпоратива;65;top;корпоратив
корпоратив 2025;65;top;корпоратив
трахнули чужую на корпоративе;65;top;корпоратив
помещение для корпоратива;65;top;корпоратив
жопа после корпоратива;65;top;корпоратив
рассказы ебут корпоратив;65;top;корпоратив
корпоратив скачать бесплатно;65;top;корпоратив
юбка корпоратив;65;top;корпоратив
что такое корпоративная культура;65;assoc;организация корпоратива
красивый стих с юбилеем 50 лет;65;top;юбилей 50 лет
пожелания на юбилей 50 лет;65;top;юбилей 50 лет
где отметить день рождения ребенка 4 года;65;top;где отметить день рождения
день рождение ребенка 4 где отметить;65;top;где отметить день рождения
фильм корпоратив отзыв;64;top;корпоратив
корпоратив пожилых;64;top;корпоратив
жены коллег после корпоратива;64;top;корпоратив
корпоративы общие;64;top;корпоратив
корпоративы название;64;top;корпоратив
корпоратив 16;64;top;корпоратив
порно развели после корпоратива;64;top;корпоратив
русский корпоратив минет;64;top;корпоратив
скачать песню никаких больше вечеринок;64;assoc;площадка для корпоратива
платье на юбилей 50 лет женщине;64;top;юбилей 50 лет
приглашение на юбилей 50 лет мужчине;64;top;юбилей 50 лет
скачать бесплатно юбилей мужчины 50 лет;64;top;юбилей 50 лет
с юбилеем 50 лет женщине с юмором;64;top;юбилей 50 лет
конкурсы на день рождения на природе;64;top;день рождения на природе
частное домашнее порно корпоратив;63;top;корпоратив
корпоратив роли;63;top;корпоратив
минет секс после корпоратива;63;top;корпоратив
зрелых женщин трахают после корпоратива;63;top;корпоратив
трахаем женщину после корпоратива;63;top;корпоратив
трахают зрелую после корпоратива;63;top;корпоратив
порно корпоратив толпой;63;top;корпоратив
рэдиссон корпоратив;63;top;корпоратив
забрал с корпоратива;63;top;корпоратив
забрать с корпоратива;63;top;корпоратив
жену после корпоратива русское;63;top;корпоратив
корпоратив самим;63;top;корпоратив
шаблон юбилей 50 лет;63;top;юбилей 50 лет
где отметить день рождения ребенка 3 года;63;top;где отметить день рождения
жена корпоратив без трусов;62;top;корпоратив
корпоратив после работы;62;top;корпоратив
аудио отъебали по полной на корпоративе;62;top;корпоратив
измена замужней на корпоративе;62;top;корпоратив
молодую после корпоратива;62;top;корпоратив
жена корпоратив истории;62;top;корпоратив
корпоратив пример;62;top;корпоратив
корпоратив 26;62;top;корпоратив
корпоратив в сауне порно;62;top;корпоратив
корпоративы мытищи;62;top;корпоратив
руководитель корпоратив;62;top;корпоратив
пельмени новогодний корпоратив;62;top;корпоратив | новогодний корпоратив
корпоратив на 20 человек;62;top;корпоратив
снять лофт в москве для корпоратива;62;top;корпоратив | корпоратив москва
корпоратив трансов;62;top;корпоратив
центр раскрытия корпоративной информации официальный сайт;62;assoc;площадка для корпоратива
юбилей женщине 50 лет смешной;62;top;юбилей 50 лет
поздравление с юбилеем 50 лет женщине стихи;62;top;юбилей 50 лет
сценарий юбилея 50 лет мужчине прикольный;62;top;юбилей 50 лет
красивые картинки с юбилеем 50 лет женщине;62;top;юбилей 50 лет
поздравление друга с юбилеем 50 лет;62;top;юбилей 50 лет
где можно отметить день рождения 9 лет;62;top;где отметить день рождения
где отметить день рождения девочке 13;62;top;где отметить день рождения
где отметить день рождения девочке 13 лет;62;top;где отметить день рождения
где отметить день рождение форум;62;top;где отметить день рождения
тайный корпоратив;61;top;корпоратив
после корпоратива секретарша;61;top;корпоратив
королевы корпоративов;61;top;корпоратив
корпоративы королев;61;top;корпоратив
сотрудницу после корпоратива;61;top;корпоратив
корпоративы смешные взрослые;61;top;корпоратив
трахнул коллегу на корпоративе;61;top;корпоратив
пришла с корпоратива видео;61;top;корпоратив
кравец корпоратив;61;top;корпоратив
ебут на корпоративе смотреть;61;top;корпоратив
корпоратив интимное видео;61;top;корпоратив
порно вечеринки корпоративы;61;top;корпоратив
корпоратив в сауни порно;61;top;корпоратив
порно корпоратив в возрасте;61;top;корпоратив
сцен корпоративов;61;top;корпоратив
торт юбилей 50 лет фото;61;top;юбилей 50 лет
юбилей родителей 50 лет;61;top;юбилей 50 лет
где в коломне отметить день рождения ребенка;61;top;где отметить день рождения
вопросы для корпоратива;60;top;корпоратив
удаленный корпоратив;60;top;корпоратив
сценарий дня корпоратива;60;top;корпоратив
ебал чужую жену на корпоративе;60;top;корпоратив
ебет чужую жену на корпоративе;60;top;корпоратив
новогодний корпоратив уральские;60;top;корпоратив | новогодний корпоратив
уральские пельмени новогодний корпоратив;60;top;корпоратив | новогодний корпоратив
корпоратив со спермой;60;top;корпоратив
корпоратив vk;60;top;корпоратив
роман на корпоративе;60;top;корпоратив
пришел с корпоратива секс;60;top;корпоратив
пришла с корпоратива секс;60;top;корпоратив
порно корпоратив слив;60;top;корпоратив
бухая на корпоративе;60;top;корпоратив
выступлю на корпоративе;60;top;корпоратив
отдалась на корпоративе;60;top;корпоратив
корпоратив смотреть бесплатно в хорошем качестве;60;top;корпоратив
смотреть качестве корпоратив;60;top;корпоратив
смотреть корпоратив в хорошем качестве;60;top;корпоратив
дресс код на корпоратив;60;top;корпоратив
порно с разговорами корпоратив;60;top;корпоратив
китайский корпоратив;60;top;корпоратив
ебут замужнюю на корпоративе;60;top;корпоратив
на корпоративе ебал замужнею;60;top;корпоратив
пизда после корпоратива;60;top;корпоратив
где отметить день рождения ребенка в подольске;60;top;где отметить день рождения
красивые рестораны в москве для дня рождения;60;top;ресторан для дня рождения
река корпоративы;59;top;корпоратив
домашнее порно русский корпоратив;59;top;корпоратив
безопасность корпоратива;59;top;корпоратив
корпоративный корпоратив;59;top;корпоратив
сценарий новогоднего корпоратива;59;top;корпоратив | новогодний корпоратив
тематический корпоратив;59;top;корпоратив
сайт корпоративы;59;top;корпоратив
порно измена замужней на корпоративе;59;top;корпоратив
видео на корпоратив коллеги;59;top;корпоратив
бесплатный фильм корпоратив;59;top;корпоратив
изнасиловали на корпоративе;59;top;корпоратив
лучший корпоратив москва;59;top;корпоратив | корпоратив москва
корпоративы видео женщины;59;top;корпоратив
где отметить юбилей 50 лет;59;top;где отметить юбилей | юбилей 50 лет
короткие поздравления с юбилеем 50 лет женщине;59;top;юбилей 50 лет
выплата на юбилей 50 лет;59;top;юбилей 50 лет
видео с юбилеем 50 лет мужчине;59;top;юбилей 50 лет
50 лет женщине какой юбилей;59;top;юбилей 50 лет
где активно отметить день рождения;59;top;где отметить день рождения
трахнул чужую жену на корпоративе;58;top;корпоратив
корпоратив минск;58;top;корпоратив
ебет зрелую на корпоративе;58;top;корпоратив
зрелые пьяные корпоратив;58;top;корпоратив
корпоратив найти;58;top;корпоратив
корпоратив удалить;58;top;корпоратив
новогодний корпоратив бесплатно;58;top;корпоратив | новогодний корпоратив
корпоратив трахнул секс;58;top;корпоратив
корпоратив там там;58;top;корпоратив
корпоративы засветы видео;58;top;корпоратив
корпоратив ру;58;top;корпоратив
порно зрелки корпоратив;58;top;корпоратив
порно стриптизер на корпоративе;58;top;корпоратив
познакомились на корпоративе;58;top;корпоратив
горохов уральские пельмени корпоратив;58;top;корпоратив
порно корпоративы дам;58;top;корпоратив
с юбилеем ольга 50 лет;58;top;юбилей 50 лет
букет на юбилей 50 лет;58;top;юбилей 50 лет
где отметить день рождения алкоголем;58;top;где отметить день рождения
летов на корпоративе;57;top;корпоратив
зал для корпоратива москва;57;top;корпоратив | корпоратив москва
залы для корпоратива москва;57;top;корпоратив | корпоратив москва
праздники корпоративы юбилеи;57;top;корпоратив
замужняя на корпоративе русское;57;top;корпоратив
после корпоратива 18;57;top;корпоратив
корпоратив черный;57;top;корпоратив
порно жмж корпоратив;57;top;корпоратив
девки на корпоративе;57;top;корпоратив
начинаем корпоратив;57;top;корпоратив
корпоратив со стриптизером;57;top;корпоратив
корпоратив на 8 марта;57;top;корпоратив
интимные засветы на корпоративе видео;57;top;корпоратив
пьяные девушки корпоративах;57;top;корпоратив
напилась на корпоративе;57;top;корпоратив
уходя на корпоратив;57;top;корпоратив
корпоратив билан;57;top;корпоратив
секс после корпоратива домашнее;57;top;корпоратив
корпоративы страны;57;top;корпоратив
дети корпоратив;57;top;корпоратив
корпоратив москва места;57;top;корпоратив | корпоратив москва
частное корпоратив жены;57;top;корпоратив
с юбилеем 50 лет алексей;57;top;юбилей 50 лет
приглашение бесплатно юбилей 50 лет;57;top;юбилей 50 лет
переделанные песни юбилей 50 лет;57;top;юбилей 50 лет
где отметить день рождения в дмитрове;57;top;где отметить день рождения
где отметить день рождения в санкт;57;top;где отметить день рождения
где отметить день рождения в санкт петербурге;57;top;где отметить день рождения
рестораны в центре москвы для дня рождения;57;top;ресторан для дня рождения
секс на корпоративе скрытая;56;top;корпоратив
не пригласили на корпоратив;56;top;корпоратив
уральские пельмени корпоратив птицефабрики;56;top;корпоратив
реальное русское корпоратив;56;top;корпоратив
порно видео домашнее корпоратив;56;top;корпоратив
карибидис батрутдинов корпоратив;56;top;корпоратив
измена на корпоративе видео;56;top;корпоратив
корпоратив 80;56;top;корпоратив
мероприятия для корпоратива;56;top;корпоратив
колготки корпоратив;56;top;корпоратив
подарки на корпоратив;56;top;корпоратив
детские корпоративы;56;top;корпоратив
пришел домой с корпоратива;56;top;корпоратив
пришла домой с корпоратива;56;top;корпоратив
выебал пьяную после корпоратива;56;top;корпоратив
мжм на корпоративе;56;top;корпоратив
порно выебали после корпоратива;56;top;корпоратив
поздравления с юбилеем 50 лет трогательные;56;top;юбилей 50 лет
прикольный юбилей 50 лет подруге;56;top;юбилей 50 лет
переделки на юбилей 50 лет;56;top;юбилей 50 лет
песня переделка на юбилей 50 лет;56;top;юбилей 50 лет
порно измены жены на корпоративе;55;top;корпоратив
зрелки после корпоратива;55;top;корпоратив
брючный костюм женский вечерний на корпоратив;55;top;корпоратив
вечерний костюм на корпоратив;55;top;корпоратив
костюм на корпоратив женский вечерний;55;top;корпоратив
праздники корпоративы свадьбы юбилеи;55;top;корпоратив
едут на корпоративе;55;top;корпоратив
номер на корпоратив;55;top;корпоратив
корпоративы на улице;55;top;корпоратив
корпоратив любительское русское;55;top;корпоратив
проведение корпоратива москва;55;top;корпоратив | корпоратив москва
корпоратива спящие;55;top;корпоратив
включи корпоратив;55;top;корпоратив
где отметить новогодний корпоратив;55;top;корпоратив | новогодний корпоратив
снять корпоратив видео;55;top;корпоратив
форт боярд корпоратив;55;top;корпоратив
гарик корпоратив;55;top;корпоратив
новогодний корпоратив коллег;55;top;корпоратив | новогодний корпоратив
корпоратив услуги;55;top;корпоратив
смотреть загородный корпоратив;55;top;корпоратив | загородный корпоратив
бухая после корпоратива;55;top;корпоратив
ебет русскую после корпоратива;55;top;корпоратив
юбилей 50 лет шары;55;top;юбилей 50 лет
пригласительные на юбилей 50 лет;55;top;юбилей 50 лет
юбилей 50 лет женщина весело;55;top;юбилей 50 лет
приглашение на юбилей 50 лет женщине;55;top;юбилей 50 лет
где отметить день рождения в жуковском;55;top;где отметить день рождения
где отметить день рождения подростка 14;55;top;где отметить день рождения
порно на корпоративе в туалете;54;top;корпоратив
корпоратив в хорошем качестве онлайн;54;top;корпоратив
корпоратив онлайн бесплатно в хорошем качестве;54;top;корпоратив
корпоратив смотреть онлайн бесплатно в качестве;54;top;корпоратив
корпоратив смотреть онлайн бесплатно в хорошем;54;top;корпоратив
корпоратив смотреть онлайн бесплатно в хорошем качестве;54;top;корпоратив
корпоратив смотреть онлайн в хорошем качестве;54;top;корпоратив
лучшие корпоративы онлайн;54;top;корпоратив
сколько стоят иванушки интернешнл на корпоратив;54;top;корпоратив
порно корпоратив читал;54;top;корпоратив
анал корпоратив жена;54;top;корпоратив
корпоратив 2026 москва;54;top;корпоратив | корпоратив москва
смотреть жена после корпоратива;54;top;корпоратив
порно рассказ корпоратив муж;54;top;корпоратив
корпоративы фирмы;54;top;корпоратив
маленький корпоратив;54;top;корпоратив
корпоратив 27;54;top;корпоратив
новогодний корпоратив залы;54;top;корпоратив | новогодний корпоратив
старые на корпоративе;54;top;корпоратив
корпоратив баб порно;54;top;корпоратив
порно камера корпоратив;54;top;корпоратив
порно видео жена на корпоративе;54;top;корпоратив
корпоратив 100 человек;54;top;корпоратив
корпоратив пьяные без трусов;54;top;корпоратив
трахает замужних после корпоратива;54;top;корпоратив
любимый с юбилеем 50 лет;54;top;юбилей 50 лет
мужчине 50 лет юбилей оригинальное;54;top;юбилей 50 лет
скачать открытку с юбилеем 50 лет мужчине;54;top;юбилей 50 лет
где отметить день рождения подростку 14 лет;54;top;где отметить день рождения
кафе ресторан для дня рождения;54;top;ресторан для дня рождения
корпоратив трахают секретарш;53;top;корпоратив
жена изменяет мужу на корпоративе;53;top;корпоратив
муж изменил жене на корпоративе;53;top;корпоратив
корпоративы начнутся;53;top;корпоратив
пьяный корпоратив измены;53;top;корпоратив
реальное порно на корпоративе;53;top;корпоратив
пришла домой после корпоратива;53;top;корпоратив
русские жены на пьяном корпоративе;53;top;корпоратив
порно жену трахнули на корпоративе;53;top;корпоратив
видео корпоратива зрелых;53;top;корпоратив
иммерсивный корпоратив;53;top;корпоратив
мать после корпоратива;53;top;корпоратив
тема для корпоратива;53;top;корпоратив
порно пьяную жену после корпоратива;53;top;корпоратив
проект корпоратив;53;top;корпоратив
открытки с юбилеем мужчине 50 лет бесплатно;53;top;юбилей 50 лет
скачать поздравление с юбилеем 50 лет женщине;53;top;юбилей 50 лет
юбилей 50 лет мужчине другу;53;top;юбилей 50 лет
с юбилеем 50 лет зятю;53;top;юбилей 50 лет
стильный юбилей 50 лет;53;top;юбилей 50 лет
приглашение на юбилей 50 лет шаблон;53;top;юбилей 50 лет
зажигательный юбилей 50 лет;53;top;юбилей 50 лет
где можно хорошо отметить день рождения;53;top;где отметить день рождения
где отметить день рождения ребенка в мытищах;53;top;где отметить день рождения
где дешево отметить день рождения;53;top;где отметить день рождения
где можно отметить день рождение компанией;53;top;где отметить день рождения
рестораны мытищи для дня рождения;53;top;ресторан для дня рождения
твой корпоратив;52;top;корпоратив
порно мамки корпоративы;52;top;корпоратив
мама пришла с корпоратива пьяной;52;top;корпоратив
порно корпоратив зрелых женщин;52;top;корпоратив
неделя корпоративов;52;top;корпоратив
конкурсы для корпоратива прикольные;52;top;корпоратив
порнуха на корпоративе;52;top;корпоратив
корпоратив просмотр;52;top;корпоратив
однажды в россии корпоратив;52;top;корпоратив
короче корпоратив;52;top;корпоратив
петь на корпоративах;52;top;корпоратив
небольшой корпоратив;52;top;корпоратив
корпоратив шашлыки;52;top;корпоратив
топ корпоратив;52;top;корпоратив
как написать корпоратив;52;top;корпоратив
можно ли праздновать день рождения заранее;52;assoc;где отметить юбилей
тост на юбилей 50 лет женщине;52;top;юбилей 50 лет
где отметить день рождения 18 лет девушке;52;top;где отметить день рождения
где отметить день рождения мальчику 8;52;top;где отметить день рождения
день рождения мальчику 8 лет где отметить;52;top;где отметить день рождения
дубна где отметить день рождения;52;top;где отметить день рождения
кафе москвы где отметить день рождения;52;top;где отметить день рождения
где отметить день рождения нижний новгород;52;top;где отметить день рождения
где отметить день рождения в лобне;52;top;где отметить день рождения
развлечения на корпоратив;51;top;корпоратив
очки на корпоратив;51;top;корпоратив
загородный корпоратив отзывы;51;top;корпоратив | загородный корпоратив
сняли после корпоратива;51;top;корпоратив
новогодний корпоратив на теплоходе;51;top;корпоратив | новогодний корпоратив
жопа жены после корпоратива;51;top;корпоратив
пьяная корпоратив рассказ;51;top;корпоратив
трахнул коллегу после корпоратива;51;top;корпоратив
новогодний корпоратив год;51;top;корпоратив | новогодний корпоратив
какие новогодние корпоративы;51;top;корпоратив | новогодний корпоратив
порно корпоратив на работе;51;top;корпоратив
пьяная жена на корпоративе порно;51;top;корпоратив
порно женщин после корпоратива;51;top;корпоратив
мама на корпоративе порно;51;top;корпоратив
корпоративы сегодня;51;top;корпоратив
пришел с корпоратива трахнул;51;top;корпоратив
пришла с корпоратива трахнутая;51;top;корпоратив
свадьба юбилей 50 лет совместной;51;top;юбилей 50 лет
современный юбилей 50 лет;51;top;юбилей 50 лет
сколько дарить на юбилей 50 лет;51;top;юбилей 50 лет
переделанные на юбилей 50 лет;51;top;юбилей 50 лет
где отметить день рождения взрослого человека;51;top;где отметить день рождения
где отметить день рождения в пушкине;51;top;где отметить день рождения
где отметить день рождение бутово;51;top;где отметить день рождения
брускетта рецепты для фуршета на праздничный стол;51;assoc;банкетный зал на день рождения
sex на корпоративе;50;top;корпоратив
жена по кругу корпоратив;50;top;корпоратив
выебал коллегу на корпоративе;50;top;корпоратив
секс с коллегой на корпоративе;50;top;корпоратив
ебут жен на корпоративах смотреть;50;top;корпоратив
сборный новогодний корпоратив;50;top;корпоратив | новогодний корпоратив
смотреть бесплатно фильм корпоратив;50;top;корпоратив
уральские пельмени корпоратив видео;50;top;корпоратив
про юбилей 50 лет;50;top;юбилей 50 лет
с юбилеем татьяна 50 лет;50;top;юбилей 50 лет
юбилей 50 лет мужчине шуточные;50;top;юбилей 50 лет
открытки с юбилеем 50 лет сестре;50;top;юбилей 50 лет
где отметить день рождения летом;50;top;где отметить день рождения
где отметить день рождения большой компанией;50;top;где отметить день рождения
корпоратив 17;49;top;корпоратив
история про корпоратив;49;top;корпоратив
порно корпоративы скрытое;49;top;корпоратив
видео новогоднего корпоратива;49;top;корпоратив | новогодний корпоратив
жена пьяная корпоратив видео;49;top;корпоратив
корпоратив 7;49;top;корпоратив
как правильно корпоратив или корпаратив;49;top;корпоратив
аренда под корпоратив;49;top;корпоратив
измены корпоративы рассказы;49;top;корпоратив
корпоратив отдела;49;top;корпоратив
порно бесплатно корпоратив пьяные;49;top;корпоратив
попа на корпоративе;49;top;корпоратив
новогодний корпоратив лучшие;49;top;корпоратив | новогодний корпоратив
жену ебут жопу корпоративе;49;top;корпоратив
ебли жопу после корпоратива;49;top;корпоратив
ебут в жопу после корпоратива;49;top;корпоратив
корпоратив москва недорого;49;top;корпоратив | корпоратив москва
женский корпоратив видео;49;top;корпоратив
трахаем коллегу после корпоратива;49;top;корпоратив
корпоратив s7;49;top;корпоратив
сериал праздники корпоратив;49;top;корпоратив
корпоратив поцелуй;49;top;корпоратив
порно выебали пьяную после корпоратива;49;top;корпоратив
ведущие свадеб корпоративов;49;top;корпоратив
новогодние проведения корпоративов;49;top;корпоратив | новогодний корпоратив
секс на корпоративе скрытая камера;49;top;корпоратив
корпоратив с семьями;49;top;корпоратив
пельмени жена с корпоратива;49;top;корпоратив
отметить корпоратив москва;49;top;корпоратив | корпоратив москва
измена корпоративы порно видео;49;top;корпоратив
фильмы онлайн бесплатно корпоратив;49;top;корпоратив
юбилей 50 лет необычно;49;top;юбилей 50 лет
ресторан юбилей 50 лет;49;top;юбилей 50 лет
юбилей 50 лет открытки прикольные;49;top;юбилей 50 лет
с юбилеем 50 лет подруге своими словами;49;top;юбилей 50 лет
поздравление с юбилеем 50 лет женщине прикольные;49;top;юбилей 50 лет
где классно отметить день рождения;49;top;где отметить день рождения
где круто отметить день рождения;49;top;где отметить день рождения
где можно отметить день рождения в подольске;49;top;где отметить день рождения
где можно отметить день рождения зимой;49;top;где отметить день рождения
стильный корпоратив;48;top;корпоратив
корпоратив в лесу;48;top;корпоратив
пизда на корпоративе;48;top;корпоратив
после корпоратива русское домашнее;48;top;корпоратив
агутин корпоратив;48;top;корпоратив
форматы корпоратива;48;top;корпоратив
современные корпоративы;48;top;корпоратив
трахаю коллегу на корпоративе;48;top;корпоратив
14 корпоративы;48;top;корпоратив
счет корпоратив;48;top;корпоратив
корпоратив песня слушать;48;top;корпоратив
в очко на корпоративе;48;top;корпоратив
корпоратив с ароновой;48;top;корпоратив
корпоратив в бане порно;48;top;корпоратив
приколы на корпоратив;48;top;корпоратив
корпоратив цензура;48;top;корпоратив
корпоративы без цензуры;48;top;корпоратив
порно рассказы после корпоратива;48;top;корпоратив
неожиданные корпоративы;48;top;корпоратив
корпоратив бизнес;48;top;корпоратив
корпоративах видео бесплатно;48;top;корпоратив
просмотр порно корпоратив;48;top;корпоратив
подборка корпоративов;48;top;корпоратив
просто корпоратив;48;top;корпоратив
загородный корпоратив 2026 смотреть;48;top;корпоратив | загородный корпоратив
корпоратив парами;48;top;корпоратив
камеди клаб после корпоратива;48;top;корпоратив
морские корпоративы;48;top;корпоратив
частный русский секс корпоратива;48;top;корпоратив
день рождения корпоратива сценарий;48;top;корпоратив
кремпай на корпоративе;48;top;корпоратив
ебут пьяную после корпоратива;48;top;корпоратив
оформление юбилея 50 лет;48;top;юбилей 50 лет
с юбилеем 50 лет начальнику;48;top;юбилей 50 лет
юбилей 50 лет дома;48;top;юбилей 50 лет
видео поздравление с юбилеем 50 лет;48;top;юбилей 50 лет
где отметить день рождения ребенка в одинцово;48;top;где отметить день рождения
где отметить день рождения в химках;48;top;где отметить день рождения
где отметить день рождения в сентябре;48;top;где отметить день рождения
где отметить день рождения жены;48;top;где отметить день рождения
бар где отметить день рождения;48;top;где отметить день рождения
где красиво отметить день рождения в москве;48;top;где отметить день рождения
где отметить день рождения ребенка сергиев посад;48;top;где отметить день рождения
интересные рестораны для дня рождения;48;top;ресторан для дня рождения
трахает после корпоратива русский;47;top;корпоратив
горячие корпоративы;47;top;корпоратив
измена реальная измена корпоратив;47;top;корпоратив
на корпоративе камеры сняли;47;top;корпоратив
трахает пьяную на корпоративе;47;top;корпоратив
пока корпоратив порно;47;top;корпоратив
мужиков порно корпоратив;47;top;корпоратив
корпоратив 90 х;47;top;корпоратив
жена после корпоратива сперма;47;top;корпоратив
корпоратив под ключ москва;47;top;корпоратив | корпоратив москва | корпоратив под ключ
корпоратив треки;47;top;корпоратив
гольф корпоратив;47;top;корпоратив
частное порно видео корпоратив;47;top;корпоратив
трахнули маму корпоратив;47;top;корпоратив
корпоратив секс трахают;47;top;корпоратив
мжм русское после корпоратива;47;top;корпоратив
трахают пьяную после корпоратива;47;top;корпоратив
корпоратив в чате;47;top;корпоратив
на корпоративе 21;47;top;корпоратив
корпоратив измена жены русское;47;top;корпоратив
жену коллеги на корпоративе;47;top;корпоратив
гаражный корпоратив;47;top;корпоратив
жена вернулась с корпоратива;47;top;корпоратив
план корпоратива;47;top;корпоратив
секс мам корпоратив;47;top;корпоратив
секс с женой после корпоратива;47;top;корпоратив
аренда для корпоратива москва;47;top;корпоратив | корпоратив москва
жена с корпоратива уральские;47;top;корпоратив
уральские пельмени жена с корпоратива;47;top;корпоратив
порно секс после корпоратива русские;47;top;корпоратив
мужа на корпоратив уральские;47;top;корпоратив
пельмени муж на корпоратив;47;top;корпоратив
вели на корпоративе;47;top;корпоратив
корпоратив сергея;47;top;корпоратив
корпоративы сценарии конкурсы;47;top;корпоратив
ресторан для празднования юбилея;47;top;ресторан для юбилея
как отметить юбилей 50 лет женщине;47;top;юбилей 50 лет
прикольное поздравление на юбилей 50 лет;47;top;юбилей 50 лет
женщине 50 лет юбилей оригинальное;47;top;юбилей 50 лет
где семейно отметить день рождения;47;top;где отметить день рождения
где отметить день рождения со своим;47;top;где отметить день рождения
день рождения на природе шашлыки;47;top;день рождения на природе
корпоратив замужние секс порно;46;top;корпоратив
русские замужние корпоративе секс;46;top;корпоратив
бухую после корпоратива;46;top;корпоратив
смотреть ебут после корпоратива;46;top;корпоратив
паром корпоратив;46;top;корпоратив
корпоратив 23;46;top;корпоратив
после корпоратива пьяную видео;46;top;корпоратив
трахнул жену после корпоратива;46;top;корпоратив
порно чужую жену после корпоратива;46;top;корпоратив
чужую после корпоратива порно;46;top;корпоратив
трахнул женщину на корпоративе;46;top;корпоратив
площадки для новогоднего корпоратива;46;top;корпоратив | площадка для корпоратива | новогодний корпоратив
список корпоративов;46;top;корпоратив
секс на корпоративе вк;46;top;корпоратив
костюмированный корпоратив;46;top;корпоратив
минет корпоратив частное;46;top;корпоратив
секс вечеринка корпоратив;46;top;корпоратив
анекдот корпоратив;46;top;корпоратив
корпоратив гарика харламова;46;top;корпоратив
активности для корпоратива;46;top;корпоратив
секс измена на корпоративе;46;top;корпоратив
русское частное домашнее порно корпоратив;46;top;корпоратив
первый корпоратив песня;46;top;корпоратив
первый на пошла корпоратив песня;46;top;корпоратив
первый раз на корпоративе песня;46;top;корпоратив
первый раз пошел на корпоратив песня;46;top;корпоратив
первый раз пошла на корпоратив песня;46;top;корпоратив
корпоратив альфы;46;top;корпоратив
сколько стоит заказать корпоратив;46;top;корпоратив
жену на корпоративе русское с разговорами;46;top;корпоратив
корпоратив статья;46;top;корпоратив
вечеринка в стиле бомж пати;46;assoc;корпоратив под ключ
фруктовая тарелка на праздничный стол;46;assoc;банкетный зал на юбилей
тост на юбилей 50 лет мужчине;46;top;юбилей 50 лет
юбилей 50 лет мужчине смешной;46;top;юбилей 50 лет
где отметить день рождения годик;46;top;где отметить день рождения
где можно отметить день рождения в балашихе;46;top;где отметить день рождения
где отметить день рождения в егорьевске;46;top;где отметить день рождения
где в центре отметить день рождения;46;top;где отметить день рождения
день рождения дочери где отметить;46;top;где отметить день рождения
закуски на природе на день рождения;46;top;день рождения на природе
секс частное домашнее корпоратив;45;top;корпоратив
трахают замужнюю на корпоративе;45;top;корпоратив
дала в жопу на корпоративе;45;top;корпоратив
сборный корпоратив москва;45;top;корпоратив | корпоратив москва
жена после корпоратива домашнее;45;top;корпоратив
свежие корпоративы;45;top;корпоратив
корпоратив насильно;45;top;корпоратив
порно трансы корпоратив;45;top;корпоратив
мжм домашнее после корпоратива;45;top;корпоратив
секс мжм домашнее после корпоратива;45;top;корпоратив
корпоратив александров;45;top;корпоратив
порно ебля после корпоратива;45;top;корпоратив
корпоративу готов;45;top;корпоратив
пьяная мачеха после корпоратива;45;top;корпоратив
корпоратив ооо;45;top;корпоратив
корпоратив зрелых баб;45;top;корпоратив
с юбилеем 50 лет сыну от мамы;45;top;юбилей 50 лет
прикольный конкурс на юбилей 50 лет;45;top;юбилей 50 лет
юбилей 50 лет брака;45;top;юбилей 50 лет
футаж 50 лет юбилей;45;top;юбилей 50 лет
поздравить подругу с юбилеем 50 лет;45;top;юбилей 50 лет
где отметить день рождения ребенка в люберцах;45;top;где отметить день рождения
изнасилование на корпоративе;44;top;корпоратив
реальный секс на корпоративе;44;top;корпоратив
сити корпоратив;44;top;корпоратив
сценарий корпоратива дня рождения свадьбы;44;top;корпоратив
двойник на корпоратив;44;top;корпоратив
как проходят корпоративы;44;top;корпоратив
частное русские после корпоратива порно;44;top;корпоратив
восточный корпоратив;44;top;корпоратив
развели после корпоратива мжм;44;top;корпоратив
регата корпоратив;44;top;корпоратив
показать корпоратив;44;top;корпоратив
рассказ корпоратив читать;44;top;корпоратив
видео корпоратив мжм;44;top;корпоратив
порно корпоратив групп;44;top;корпоратив
корпоратив в русском стиле;44;top;корпоратив
секс с коллегой после корпоратива;44;top;корпоратив
загородный корпоратив фильм отзывы;44;top;корпоратив | загородный корпоратив
кравец батрутдинов корпоратив;44;top;корпоратив
корпоратив лото;44;top;корпоратив
концепции корпоратива;44;top;корпоратив
корпоратив на природе москва;44;top;корпоратив | корпоратив москва | корпоратив на природе
корпоратив замужних женщин порно;44;top;корпоратив
псб корпоративе;44;top;корпоратив
групповуха на корпоративе;44;top;корпоратив
прикольный корпоратив смешной;44;top;корпоратив
порно корпоратив по кругу;44;top;корпоратив
идеи для корпоратива в москве;44;top;корпоратив | корпоратив москва
авито корпоративы;44;top;корпоратив
сезон корпоративов;44;top;корпоратив
корпоратив театр;44;top;корпоратив
день рождения мужчине 50 лет юбилей открытка;44;top;юбилей 50 лет
юбилеи 50 лет частушки;44;top;юбилей 50 лет
тамада на юбилей 50 лет;44;top;юбилей 50 лет
красивая открытка с юбилеем 50 лет мужчине;44;top;юбилей 50 лет
что подарить на юбилей 50 лет свадьбы;44;top;юбилей 50 лет
юбилей 50 лет свадьбы совместной жизни;44;top;юбилей 50 лет
юбилей 50 лет коллективу;44;top;юбилей 50 лет
с юбилеем 50 лет музыкальные;44;top;юбилей 50 лет
юбилей 50 лет золотая свадьба;44;top;юбилей 50 лет
наташа с юбилеем 50 лет;44;top;юбилей 50 лет
с юбилеем 50 лет руководителю;44;top;юбилей 50 лет
день рождения 13 лет мальчику где отметить;44;top;где отметить день рождения
день рождения где отметить 13 мальчик;44;top;где отметить день рождения
где отметить день рождения ребенка в зеленограде;44;top;где отметить день рождения
где можно отметить день рождения в серпухове;44;top;где отметить день рождения
где в новгороде отметить день рождения;44;top;где отметить день рождения
рестораны спб для дня рождения;44;top;ресторан для дня рождения
аренда беседки для корпоратива;43;top;корпоратив
корпоратив раком;43;top;корпоратив
корпоратив фильм смотреть онлайн бесплатно;43;top;корпоратив
что делают на корпоративе;43;top;корпоратив
что принести на корпоратив;43;top;корпоратив
корпоратив истории измен;43;top;корпоратив
камеди корпоратив батрутдинов;43;top;корпоратив
корпоратив зима;43;top;корпоратив
приятного корпоратива;43;top;корпоратив
корпоратив группа секс;43;top;корпоратив
зрелых на корпоративе в чулках;43;top;корпоратив
где можно провести корпоратив;43;top;корпоратив
корпоратив 30 лет;43;top;корпоратив
как то раз на корпоративе;43;top;корпоратив
жестко выебали после корпоратива;43;top;корпоратив
поздравление на корпоративе;43;top;корпоратив
новогодний корпоратив компании;43;top;корпоратив | новогодний корпоратив
трахнулись на корпоративе порно;43;top;корпоратив
как танцевать на корпоративе;43;top;корпоратив
отдых в подмосковье корпоратив;43;top;корпоратив
интерактив на корпоратив;43;top;корпоратив
корпоратив сказка по ролям;43;top;корпоратив
морозов корпоратив;43;top;корпоратив
фотозона юбилей 50 лет;43;top;юбилей 50 лет
поздравление маме с юбилеем сына 50 лет;43;top;юбилей 50 лет
поздравительные юбилей 50 лет;43;top;юбилей 50 лет
сюрприз на юбилей 50 лет;43;top;юбилей 50 лет
юбилей 50 лет мужчине открытка скачать бесплатно;43;top;юбилей 50 лет
сколько денег на юбилей 50 лет;43;top;юбилей 50 лет
где интересно отметить взрослый день рождения;43;top;где отметить день рождения
где отметить день рождения взрослому с детьми;43;top;где отметить день рождения
где отметить летний день рождения;43;top;где отметить день рождения
где интересно отметить день рождения ребенка;43;top;где отметить день рождения
где отметить день рождения в истре;43;top;где отметить день рождения
где отметить день рождения 30;43;top;где отметить день рождения
где отметить день рождения 35;43;top;где отметить день рождения
ресторан где отметить день рождение недорого;43;top;где отметить день рождения
лучшие рестораны москвы для празднования дня рождения;43;top;ресторан для дня рождения
корпоратив стиль одежды;42;top;корпоратив
голые корпоративы фото;42;top;корпоратив
фото корпоратив гол;42;top;корпоратив
секс русских корпоративах мжм;42;top;корпоратив
доставка корпоратив;42;top;корпоратив
порно русская замужняя после корпоратива;42;top;корпоратив
стиль 90 корпоратив;42;top;корпоратив
домашнее видео после корпоратива;42;top;корпоратив
корпоратив коллеги порно видео;42;top;корпоратив
домашний корпоратив частное видео;42;top;корпоратив
порно ролики корпоратив;42;top;корпоратив
заказ корпоративов;42;top;корпоратив
пришла после корпоратива пьяная порно;42;top;корпоратив
корпоратив квартиры;42;top;корпоратив
корпоратив пьянь;42;top;корпоратив
секс на корпоративе рассказ;42;top;корпоратив
корпоратив измены женщины;42;top;корпоратив
мясников корпоратив;42;top;корпоратив
жену ебали на корпоративе русское;42;top;корпоратив
трах после корпоратива;42;top;корпоратив
корпоратив коломна;42;top;корпоратив
про новогодние корпоративы;42;top;корпоратив | новогодний корпоратив
стас михайлов концерт корпоратив;42;top;корпоратив
корпоратив казань;42;top;корпоратив
после корпоратива русское пьяные;42;top;корпоратив
как вести себя на корпоративе;42;top;корпоратив
корпоративы русских баб;42;top;корпоратив
загородный корпоратив 2026 отзывы;42;top;корпоратив | загородный корпоратив
после новогодний корпоратив;42;top;корпоратив | новогодний корпоратив
презентация корпоратив;42;top;корпоратив
выкатила сиськи на корпоративе;42;top;корпоратив
юбилей 50 лет картинки прикольные;42;top;юбилей 50 лет
стих с юбилеем 50 лет мужчине;42;top;юбилей 50 лет
наталья с юбилеем 50 лет;42;top;юбилей 50 лет
необычный юбилей 50 лет женщине;42;top;юбилей 50 лет
где отметить день рождения на вднх;42;top;где отметить день рождения
где отметить день рождения в нижнем;42;top;где отметить день рождения
где отметить день рождения 25;42;top;где отметить день рождения
фильм где отмечают день рождения;42;top;где отметить день рождения
где отметить день рождения ребенка в щелково;42;top;где отметить день рождения
ресторан для проведения дня рождения;42;top;ресторан для дня рождения
корпоратив московская область;41;top;корпоратив
стендап корпоратив;41;top;корпоратив
снять дом для корпоратива;41;top;корпоратив
кремпай на корпоративе порно;41;top;корпоратив
прямо на корпоративе;41;top;корпоратив
эротические рассказы корпоратив;41;top;корпоратив
секс на корпоративе в туалете;41;top;корпоратив
корпоратив мжм анал;41;top;корпоратив
русский женский корпоратив;41;top;корпоратив
мжм корпоратив жены;41;top;корпоратив
карибидис кравец корпоратив;41;top;корпоратив
русское порно ебут на корпоративе;41;top;корпоратив
корпоратив в саду;41;top;корпоратив
корпоратив 30 человек москва;41;top;корпоратив | корпоратив москва
корпоратив на воздухе;41;top;корпоратив
концерт народный корпоратив;41;top;корпоратив
концерт стаса михайлова народный корпоратив;41;top;корпоратив
домашнее порно русских после корпоратива;41;top;корпоратив
милфа после корпоратива;41;top;корпоратив
милфу после корпоратива;41;top;корпоратив
квесты для корпоратива;41;top;корпоратив
алиса корпоратив;41;top;корпоратив
слитый корпоратив;41;top;корпоратив
корпоратив российский;41;top;корпоратив
где необычно отметить юбилей;41;top;где отметить юбилей
юбилей 50 лет отцу;41;top;юбилей 50 лет
скачать видео 50 лет юбилей;41;top;юбилей 50 лет
скачать песню юбилей 50 лет;41;top;юбилей 50 лет
юбилей женщины 50 лет интересные;41;top;юбилей 50 лет
где отметить день рождения родителей;41;top;где отметить день рождения
где отметить день рождения подростка девочка;41;top;где отметить день рождения
где отметить день рождения любимой;41;top;где отметить день рождения
где отметить день рождения взрослому в зеленограде;41;top;где отметить день рождения
корпоратив мжм частное;40;top;корпоратив
мжм после корпоратива частное;40;top;корпоратив
корпоратив подольск;40;top;корпоратив
официальный корпоратив;40;top;корпоратив
где провести новогодний корпоратив;40;top;корпоратив | новогодний корпоратив
смешной корпоратив видео;40;top;корпоратив
эротика после корпоратива;40;top;корпоратив
корпоратив 40 человек;40;top;корпоратив
корпоратив карта;40;top;корпоратив
строительный корпоратив;40;top;корпоратив
секс анал после корпоратива;40;top;корпоратив
корпоратив сотрудница порно;40;top;корпоратив
корпоратив сценарий смешной;40;top;корпоратив
трахнул после корпоратива частное;40;top;корпоратив
популярные корпоративы;40;top;корпоратив
смотреть фильм новогодний корпоратив;40;top;корпоратив | новогодний корпоратив
новогодний корпоратив килограмм;40;top;корпоратив | новогодний корпоратив
михайлов народный корпоратив 2;40;top;корпоратив
корпоратив в центре москвы;40;top;корпоратив | корпоратив москва
ваш корпоратив;40;top;корпоратив
секс пришла после корпоратива;40;top;корпоратив
трахнул после корпоратива русское;40;top;корпоратив
съемка корпоратива;40;top;корпоратив
секс после корпоратива частное;40;top;корпоратив
агентство корпоратив;40;top;корпоратив
порно видео частное русское корпоратив;40;top;корпоратив
корпоратив девчонками;40;top;корпоратив
хороший ресторан для юбилея;40;top;ресторан для юбилея
где отметить юбилей кафе;40;top;где отметить юбилей
почему нельзя праздновать день рождения заранее;40;assoc;где отметить юбилей
поздравление с юбилеем 50 лет мужчине короткие;40;top;юбилей 50 лет
с юбилеем женщине 50 лет в прозе;40;top;юбилей 50 лет
елена юбилей 50 лет;40;top;юбилей 50 лет
украшение юбилея 50 лет;40;top;юбилей 50 лет
с юбилеем 50 лет женщине душевное;40;top;юбилей 50 лет
образ на юбилей 50 лет;40;top;юбилей 50 лет
где отметить день рождения с ночевкой;40;top;где отметить день рождения
где в раменском можно отметить день рождения;40;top;где отметить день рождения
где отметить день рождения подростку 15;40;top;где отметить день рождения
где отметить день рождения мужчине;40;top;где отметить день рождения
где отметить день рождения с танцами;40;top;где отметить день рождения
детские рестораны в москве для дня рождения;40;top;ресторан для дня рождения
уютные рестораны для дня рождения;40;top;ресторан для дня рождения
дал в рот на корпоративе;39;top;корпоратив
дали в рот на корпоративе;39;top;корпоратив
даю в рот на корпоративе;39;top;корпоратив
договор корпоратив;39;top;корпоратив
корпоратив в боулинге;39;top;корпоратив
соблазнил после корпоратива;39;top;корпоратив
смотреть уральские пельмени корпоратив бесплатно;39;top;корпоратив
русская жена трахает корпоратив;39;top;корпоратив
корпоратив нижний;39;top;корпоратив
загородный корпоратив фильм 2026 отзывы;39;top;корпоратив | загородный корпоратив
корпоратив репка;39;top;корпоратив
секс истории корпоратив;39;top;корпоратив
порно в чулках на корпоративе;39;top;корпоратив
мамка после корпоратива;39;top;корпоратив
смотреть фильм загородный корпоратив;39;top;корпоратив | загородный корпоратив
красотка на корпоративе;39;top;корпоратив
расчет корпоратива;39;top;корпоратив
отымел на корпоративе;39;top;корпоратив
отымели на корпоративе;39;top;корпоратив
дерут после корпоратива;39;top;корпоратив
порно измена после корпоратива;39;top;корпоратив
жду корпоратива;39;top;корпоратив
корпоратив сколько человек;39;top;корпоратив
корпоратив фуршет;39;top;корпоратив
кравец карибидис батрутдинов корпоратив;39;top;корпоратив
после корпоратива любительское;39;top;корпоратив
видео секс после корпоратива русских;39;top;корпоратив
звери корпоратив;39;top;корпоратив
домашний пьяный корпоратив;39;top;корпоратив
приказ корпоратив;39;top;корпоратив
корпоратив вднх;39;top;корпоратив
корпоративы ростов;39;top;корпоратив
корпоратив встреча;39;top;корпоратив
новогодние корпоративы онлайн;39;top;корпоратив | новогодний корпоратив
место для проведения корпоратива;39;top;корпоратив
порно русскими разговорами корпоративы;39;top;корпоратив
камеди роман на корпоративе;39;top;корпоратив
секс после корпоратива русское частное;39;top;корпоратив
коллектив как ресурс корпоративная культура;39;assoc;корпоратив на природе
застольные конкурсы на юбилей 50 лет;39;top;юбилей 50 лет
застольные конкурсы на юбилей женщине 50 лет;39;top;юбилей 50 лет
юбилей начальника 50 лет поздравление;39;top;юбилей 50 лет
юбилей 50 лет совместной жизни выплаты;39;top;юбилей 50 лет
красивое поздравление с юбилеем 50 лет мужчине;39;top;юбилей 50 лет
открытка с юбилеем свадьбы 50 лет;39;top;юбилей 50 лет
веселый сценарий юбилей 50 лет;39;top;юбилей 50 лет
где можно отметить день рождение 18;39;top;где отметить день рождения
где отметить день рождения в наро фоминске;39;top;где отметить день рождения
где отметить детский день рождения ребенка;39;top;где отметить день рождения
интересные рестораны москвы для дня рождения;39;top;ресторан для дня рождения
закрытые корпоративы;38;top;корпоратив
порно фильм корпоратив;38;top;корпоратив
камеди корпоратив харламов;38;top;корпоратив
мжм пьяная после корпоратива;38;top;корпоратив
мжм пьяный корпоратив;38;top;корпоратив
название новогоднего корпоратива;38;top;корпоратив | новогодний корпоратив
порно вечеринка зрелые корпоративы;38;top;корпоратив
корпоративы закончились;38;top;корпоратив
порно мжм русское корпоративе;38;top;корпоратив
пьяный корпоратив реально;38;top;корпоратив
новогодний корпоратив под ключ;38;top;корпоратив | новогодний корпоратив | корпоратив под ключ
загородный корпоратив фильм 2026 смотреть;38;top;корпоратив | загородный корпоратив
пьяная жена корпоратив рассказ;38;top;корпоратив
водка пиво конец корпоратива скачать;38;top;корпоратив
корпоратив водка пиво скачать;38;top;корпоратив
корпоратив ебут шлюх;38;top;корпоратив
корпоратив по другому;38;top;корпоратив
е на корпоративе;38;top;корпоратив
ведущий на корпоратив москва;38;top;корпоратив | корпоратив москва
идеи для новогоднего корпоратива;38;top;корпоратив | новогодний корпоратив
трахают зрелую на корпоративе;38;top;корпоратив
корпоратив контакты;38;top;корпоратив
истории флирта на корпоративе ню;38;top;корпоратив
секс трахнул после корпоратива;38;top;корпоратив
клип корпоратив;38;top;корпоратив
вдвоем после корпоратива;38;top;корпоратив
питер корпоративы;38;top;корпоратив
картинг корпоратив;38;top;корпоратив
пьяную жену ебут на корпоративе;38;top;корпоратив
корпоратив связи;38;top;корпоратив
трахнул на корпоративе русское;38;top;корпоратив
оригинальный корпоратив;38;top;корпоратив
певица корпоратив;38;top;корпоратив
средний корпоратив;38;top;корпоратив
секс после корпоратива русское домашнее;38;top;корпоратив
где отметить день юбилей;38;top;где отметить юбилей
с юбилеем 50 лет маме от дочери;38;top;юбилей 50 лет
пожелание поздравление юбилей женщине 50 лет;38;top;юбилей 50 лет
создать приглашение на юбилей 50 лет;38;top;юбилей 50 лет
оригинальное поздравление с юбилеем 50 лет;38;top;юбилей 50 лет
идеи подарков на юбилей 50 лет;38;top;юбилей 50 лет
зажигательный сценарий на юбилей 50 лет;38;top;юбилей 50 лет
день рождения мамы где отметить;38;top;где отметить день рождения
где отметить день рождения осенью;38;top;где отметить день рождения
где отметить день рождения в звенигороде;38;top;где отметить день рождения
где отметить день рождения ребенка отзывы;38;top;где отметить день рождения
где отметить день рождения в спб;38;top;где отметить день рождения
где отметить день рождения в августе;38;top;где отметить день рождения
митино где отметить день рождения;38;top;где отметить день рождения
где отметить день рождения в рязани;38;top;где отметить день рождения
праздники серия корпоратив;37;top;корпоратив
камеди после корпоратива харламов;37;top;корпоратив
пришла пьяная с корпоратива секс;37;top;корпоратив
корпоратив декабрь;37;top;корпоратив
мария аронова корпоратив;37;top;корпоратив
корпоратив вконтакте;37;top;корпоратив
порно кончающие на корпоративе;37;top;корпоратив
сценарий игр корпоратив;37;top;корпоратив
корпоратив комната;37;top;корпоратив
порно инцест корпоратив;37;top;корпоратив
модный корпоратив;37;top;корпоратив
диджей на корпоратив;37;top;корпоратив
водка пиво под конец корпоратива скачать;37;top;корпоратив
под конец корпоратива скачать;37;top;корпоратив
корпоратив лепса;37;top;корпоратив
трахнул начальницу на корпоративе;37;top;корпоратив
одежда для корпоратива для женщин;37;top;корпоратив
новогодний корпоратив читать;37;top;корпоратив | новогодний корпоратив
авто корпоратив;37;top;корпоратив
читать порно корпоратив жена;37;top;корпоратив
корпоратив в 5;37;top;корпоратив
русские жены на корпоративах видео;37;top;корпоратив
случайный секс на корпоративе;37;top;корпоратив
альфа банк корпоратив;37;top;корпоратив
порно друзей после корпоратива;37;top;корпоратив
порно видео русских после корпоратива;37;top;корпоратив
горохов на корпоративе;37;top;корпоратив
рассказывает как ебали на корпоративе;37;top;корпоратив
рассказывает как ебли на корпоративе;37;top;корпоратив
начальник пытался соблазнить после корпоратива;37;top;корпоратив
бюджетный корпоратив;37;top;корпоратив
корпоратив в новой москве;37;top;корпоратив | корпоратив москва
чью то жену на корпоративе;37;top;корпоратив
отель подмосковье корпоратив;37;top;корпоратив
секс трахают после корпоратива;37;top;корпоратив
корпоративы ногинск;37;top;корпоратив
жену корпоративе начальник;37;top;корпоратив
корпоративы юмор;37;top;корпоратив
порно русское измена на корпоративе;37;top;корпоратив
юбилей 50 лет мужчине руководителю;37;top;юбилей 50 лет
с юбилеем 50 лет тете;37;top;юбилей 50 лет
картинки с днем юбилеем 50 лет;37;top;юбилей 50 лет
что дарить на юбилей 50 лет;37;top;юбилей 50 лет
что подарить подруге на юбилей 50 лет;37;top;юбилей 50 лет
с юбилеем сергей 50 лет;37;top;юбилей 50 лет
мужу что подарить на юбилей 50 лет;37;top;юбилей 50 лет
отметить день рождения компанией недорого где;37;top;где отметить день рождения
где можно отмечать день рождения 8;37;top;где отметить день рождения
где бюджетно отметить день рождения ребенку;37;top;где отметить день рождения
день рождения 15 человек где отметить;37;top;где отметить день рождения
варианты где отметить день рождения;37;top;где отметить день рождения
где можно отметить день рождения 18 лет;37;top;где отметить день рождения
солнечногорск где отметить день рождения;37;top;где отметить день рождения
банкетные залы на день рождения;37;top;банкетный зал на день рождения
банкетный зал на день рождения;37;top;банкетный зал на день рождения
корпоратив дед;36;top;корпоратив
жена пришла с корпоратива без;36;top;корпоратив
порно мачеха с корпоратива;36;top;корпоратив
интим на корпоративе;36;top;корпоратив
прикольные корпоративе для сотрудников;36;top;корпоратив
русский корпоратив анал порно;36;top;корпоратив
корпоратив пьяные минет;36;top;корпоратив
пизда сперма корпоратив;36;top;корпоратив
корпоратив для мужчин;36;top;корпоратив
новогодний корпоратив смотреть онлайн;36;top;корпоратив | новогодний корпоратив
женщины после корпоратива секс;36;top;корпоратив
любовь корпоратив;36;top;корпоратив
корпоратив усадьба;36;top;корпоратив
спел на корпоративе;36;top;корпоратив
спеть на корпоративе;36;top;корпоратив
спою на корпоративе;36;top;корпоратив
ебу коллегу после корпоратива;36;top;корпоратив
коллегу после корпоратива ебал;36;top;корпоратив
зрелки после корпоратива порно;36;top;корпоратив
мжм после корпоратива русское порно;36;top;корпоратив
порно с коллегой после корпоратива;36;top;корпоратив
обычный корпоратив;36;top;корпоратив
напоили на корпоративе;36;top;корпоратив
мжм корпоратив пьяная порно;36;top;корпоратив
голый корпоратив видео;36;top;корпоратив
ебут пьяную русскую на корпоративе;36;top;корпоратив
корпоратив база подмосковье;36;top;корпоратив
порно читать порно рассказы корпоративов;36;top;корпоратив
сосет после корпоратива;36;top;корпоратив
ретро корпоратив;36;top;корпоратив
порно сперма после корпоратива;36;top;корпоратив
пьяную чужую жену на корпоративе;36;top;корпоратив
смотреть русских жен на корпоративе;36;top;корпоратив
выезды корпоративов;36;top;корпоратив
porno корпоратив;36;top;корпоратив
прикольный взрослый корпоратив;36;top;корпоратив
порно про корпоратив;36;top;корпоратив
юбилей день рождения где отметить;36;top;где отметить юбилей | где отметить день рождения
с юбилеем дорогой 50 лет;36;top;юбилей 50 лет
юбилей дочери 50 лет поздравление от мамы;36;top;юбилей 50 лет
поздравление руководителя с юбилеем 50 лет;36;top;юбилей 50 лет
двойняшки юбилей 50 лет;36;top;юбилей 50 лет
сценарий юбилея 50 лет мужчине конкурсы;36;top;юбилей 50 лет
сколько денег дарят на юбилей 50 лет;36;top;юбилей 50 лет
фото с юбилеем 50 лет;36;top;юбилей 50 лет
с юбилеем папа 50 лет;36;top;юбилей 50 лет
картинка с днем рождения юбилей 50 лет;36;top;юбилей 50 лет
веселый конкурс на юбилей 50 лет;36;top;юбилей 50 лет
с юбилеем 50 лет мужчине начальнику;36;top;юбилей 50 лет
юбилей 50 лет женщине поздравление с юмором;36;top;юбилей 50 лет
день рождение сестры юбилей 50 лет;36;top;юбилей 50 лет
где отметить день рождения в казани;36;top;где отметить день рождения
где отметить день рождения свао;36;top;где отметить день рождения
где можно отметить день рождения в подмосковье;36;top;где отметить день рождения
в домодедово где можно отмечать день рождение;36;top;где отметить день рождения
день рождения ребенка в железнодорожном где отметить;36;top;где отметить день рождения
где отметить день рождения подростка 12 лет;36;top;где отметить день рождения
где отметить день рождения ребенка в раменском;36;top;где отметить день рождения
где отметить день рождение ребенка квест;36;top;где отметить день рождения
трахнули после корпоратива домашнее;35;top;корпоратив
смотреть порно жена на корпоративе;35;top;корпоратив
пьяные корпоратив пьяные частное;35;top;корпоратив
корпоратив японка порно;35;top;корпоратив
предлагаю корпоратив;35;top;корпоратив
после корпоратива видео частное;35;top;корпоратив
корпоратив на новый год 2027;35;top;корпоратив
такси корпоратив;35;top;корпоратив
костюмированный корпоратив камеди;35;top;корпоратив
жена после корпоратива рассказ;35;top;корпоратив
площадка для проведения корпоратива;35;top;корпоратив | площадка для корпоратива
после корпоратива со спермой;35;top;корпоратив
трахают чужую на корпоративе;35;top;корпоратив
конкурсы на корпоратив взрослых смешные;35;top;корпоратив
лучший корпоратив фильм;35;top;корпоратив
фильм корпоратив хорошем качестве;35;top;корпоратив
жена в чулках на корпоративе порно;35;top;корпоратив
жена реально на корпоративе;35;top;корпоратив
порно истории корпоратив;35;top;корпоратив
на корпоративе жестко жену;35;top;корпоратив
слив корпоратив вк;35;top;корпоратив
корпоратив рядом;35;top;корпоратив
света корпоратив;35;top;корпоратив
секс видео русское частное корпоратив;35;top;корпоратив
брюки на корпоратив;35;top;корпоратив
приехала на корпоратив;35;top;корпоратив
жесткий секс после корпоратива;35;top;корпоратив
жесткое порно развели после корпоратива;35;top;корпоратив
мжм развели после корпоратива порно;35;top;корпоратив
порно после корпоратив группой;35;top;корпоратив
реклама корпоративов;35;top;корпоратив
пьяный муж после корпоратива;35;top;корпоратив
склифосовский корпоратив;35;top;корпоратив
корпоратив виктор;35;top;корпоратив
секс зрелых женщин на корпоративе;35;top;корпоратив
новогодний корпоратив русский;35;top;корпоратив | новогодний корпоратив
настя на корпоративе;35;top;корпоратив
фуршетный стол на свадьбу;35;assoc;банкетный зал для корпоратива
корпоратократия;35;assoc;корпоратив под ключ
где отметить юбилей женщины;35;top;где отметить юбилей
поздравление с юбилеем 50 лет подруге прикольные;35;top;юбилей 50 лет
поздравить друга с юбилеем 50 лет;35;top;юбилей 50 лет
танцевальный на юбилей 50 лет;35;top;юбилей 50 лет
с юбилеем роман 50 лет;35;top;юбилей 50 лет
где отметить день рождения в воронеже;35;top;где отметить день рождения
где отметить день рождения 19;35;top;где отметить день рождения
где отмечать день рождение 19 лет;35;top;где отметить день рождения
где отметить день рождения в видном;35;top;где отметить день рождения
где можно отметить день рождения 8 лет;35;top;где отметить день рождения
день рождения 10 человек где отметить;35;top;где отметить день рождения
где отметить день рождения подростку 15 лет;35;top;где отметить день рождения
где отметить день рождения в воскресенске;35;top;где отметить день рождения
день рождения 7 лет девочке где отметить;35;top;где отметить день рождения
где можно отметить день рождения квест;35;top;где отметить день рождения
где можно отметить день рождения 17 лет;35;top;где отметить день рождения
где можно отметить день рождения на природе;35;top;где отметить день рождения | день рождения на природе
рестораны свао для дня рождения;35;top;ресторан для дня рождения
день рождения на природе в подмосковье;35;top;день рождения на природе
трахнули замужнюю после корпоратива порно;34;top;корпоратив
куда можно сходить на корпоратив;34;top;корпоратив
советский корпоратив;34;top;корпоратив
порно видео корпоратив замужними;34;top;корпоратив
трахнул после корпоратива частное домашнее;34;top;корпоратив
корпоратив тверь;34;top;корпоратив
русское порно чужая жена корпоратив;34;top;корпоратив
корпоратив club;34;top;корпоратив
зрелую после корпоратива порно;34;top;корпоратив
девушка после корпоратива видео;34;top;корпоратив
корпоратив шутки;34;top;корпоратив
жена приходит с корпоратива без трусов;34;top;корпоратив
жена пришла с корпоратива без трусов;34;top;корпоратив
жены приходят с корпоратива без трусов;34;top;корпоратив
пришел с корпоратива жена без трусов;34;top;корпоратив
поимели на корпоративе;34;top;корпоратив
корпоратив петербург;34;top;корпоратив
ий корпоратив;34;top;корпоратив
корпоратив вопросы ответы;34;top;корпоратив
жена пришла с корпоратива в сперме;34;top;корпоратив
жены пришедшие с корпоратива в сперме;34;top;корпоратив
ресторан новый корпоратив;34;top;корпоратив
корпоратив день рождения игры;34;top;корпоратив
корпоратив 2024;34;top;корпоратив
порно видео мжм корпоратив;34;top;корпоратив
новогодние корпоратива прикольные;34;top;корпоратив | новогодний корпоратив
пришла с корпоратива вся в сперме;34;top;корпоратив
веранда корпоратив;34;top;корпоратив
как писать корпоратив;34;top;корпоратив
сценарий корпоратива сказки;34;top;корпоратив
мегафон корпоратив;34;top;корпоратив
сертификаты корпоратив;34;top;корпоратив
жена со спермой корпоратив;34;top;корпоратив
мачеха приходит с корпоратива порно;34;top;корпоратив
мачеха пришла с корпоратива порно;34;top;корпоратив
драки на корпоративах;34;top;корпоратив
русская изменила на корпоративе;34;top;корпоратив
русская изменяет на корпоративе;34;top;корпоратив
песня корпоратив видео;34;top;корпоратив
ебли частные на корпоративах;34;top;корпоратив
ебут на корпоративах частное;34;top;корпоратив
корпоратив жену пустили по кругу;34;top;корпоратив
уральские пельмени после корпоратива смотреть бесплатно;34;top;корпоратив
окончание корпоратива;34;top;корпоратив
видео подглядели корпоратив порно;34;top;корпоратив
слив после корпоратива;34;top;корпоратив
развратный корпоратив;34;top;корпоратив
как пишется слово корпоратив;34;top;корпоратив
читать жесткий корпоратив;34;top;корпоратив
молодая жена на корпоративе;34;top;корпоратив
корпоратив компании москва;34;top;корпоратив | корпоратив москва
куни после корпоратива;34;top;корпоратив
новогодний корпоратив с программой;34;top;корпоратив | новогодний корпоратив
девушки после корпоратива порно;34;top;корпоратив
поздравление с юбилеем 50 лет женщине проза;34;top;юбилей 50 лет
наряд на юбилей 50 лет;34;top;юбилей 50 лет
50 лет работы юбилей;34;top;юбилей 50 лет
с юбилеем 50 лет сестренке;34;top;юбилей 50 лет
50 лет юбилей мужчине коллеге;34;top;юбилей 50 лет
поздравления с юбилеем 50 лет душевные;34;top;юбилей 50 лет
юбилей 50 лет поздравить оригинально;34;top;юбилей 50 лет
стол на юбилей 50 лет;34;top;юбилей 50 лет
где отметить день рождения 55 лет;34;top;где отметить день рождения
день рождения 6 лет мальчику где отметить;34;top;где отметить день рождения
где отметить день рождения в ступино;34;top;где отметить день рождения
где отметить день рождения 35 лет;34;top;где отметить день рождения
где отметить день рождения отель;34;top;где отметить день рождения
где отметить день рождения ребенка королев;34;top;где отметить день рождения
где отметить день рождения со своим алкоголем;34;top;где отметить день рождения
игры на день рождения на природе;34;top;день рождения на природе
отъебали по полной на корпоративе слушать;33;top;корпоратив
корпоратив насильно порно;33;top;корпоратив
жена пошла на корпоратив;33;top;корпоратив
трахнул пьяную жену корпоратив;33;top;корпоратив
жена друга после корпоратива;33;top;корпоратив
порно русском корпоративе жестко;33;top;корпоратив
секс мжм русское после корпоратива;33;top;корпоратив
загородный корпоратив 2026 смотреть онлайн;33;top;корпоратив | загородный корпоратив
загородный корпоратив смотреть онлайн;33;top;корпоратив | загородный корпоратив
сучки на корпоративе;33;top;корпоратив
корпоратив с программой москва;33;top;корпоратив | корпоратив москва
выебал пьяную на корпоративе;33;top;корпоратив
comedy корпоратив;33;top;корпоратив
заказать группу корпоратив;33;top;корпоратив
после корпоратива эро;33;top;корпоратив
измена жены на корпоративе видео;33;top;корпоратив
как то раз пошла на корпоратив;33;top;корпоратив
анальный корпоратив;33;top;корпоратив
лук на корпоратив;33;top;корпоратив
луки на корпоратив;33;top;корпоратив
видео частное русское после корпоратива;33;top;корпоратив
книга корпоратив;33;top;корпоратив
корпоратив силой;33;top;корпоратив
корпоративы бухгалтеров;33;top;корпоратив
харламов про корпоратив;33;top;корпоратив
ххх женские корпоративы;33;top;корпоратив
серконс корпоратив;33;top;корпоратив
корпоративе эротика видео;33;top;корпоратив
костюм на корпоратив для женщин;33;top;корпоратив
новогодний корпоратив качество;33;top;корпоратив | новогодний корпоратив
отзывы новогоднего корпоратива;33;top;корпоратив | новогодний корпоратив
толпой после корпоратива;33;top;корпоратив
видео игра корпоратив;33;top;корпоратив
дачный корпоратив;33;top;корпоратив
корпоративы танцы видео;33;top;корпоратив
бар для корпоратива;33;top;корпоратив
одежда для корпоратива для девушки;33;top;корпоратив
помещения под корпоратив;33;top;корпоратив
порно куни после корпоратива;33;top;корпоратив
реал на корпоративе;33;top;корпоратив
салат с фасолью на праздничный стол;33;assoc;банкетный зал для корпоратива
заказать на юбилей 50 лет;33;top;юбилей 50 лет
подарок руководителю на юбилей 50 лет;33;top;юбилей 50 лет
поздравление с юбилеем 50 лет женщине картинки;33;top;юбилей 50 лет
поздравление с юбилеем 50 лет зятю;33;top;юбилей 50 лет
шуточное поздравление с юбилеем 50 лет мужчине;33;top;юбилей 50 лет
красиво поздравить с юбилеем 50 лет;33;top;юбилей 50 лет
переделки на юбилей мужчине 50 лет;33;top;юбилей 50 лет
песня переделка мужчине на юбилей 50 лет;33;top;юбилей 50 лет
с юбилеем 50 лет светлана;33;top;юбилей 50 лет
день рождения дочки где отметить;33;top;где отметить день рождения
где отметить день рождения ребенка в клину;33;top;где отметить день рождения
где отметить день рождения подростку недорого;33;top;где отметить день рождения
день рождения 5 лет мальчику где отметить;33;top;где отметить день рождения
где отметить день рождения реутов;33;top;где отметить день рождения
где отметить день рождения со скидкой;33;top;где отметить день рождения
день рождения на природе идеи;33;top;день рождения на природе
измена мужу на корпоративе;32;top;корпоратив
корпоратив 20 лет;32;top;корпоратив
дала после корпоратива;32;top;корпоратив
корпоратив фильм смотреть в хорошем;32;top;корпоратив
смотреть фильм корпоратив в хорошем качестве;32;top;корпоратив
смотреть фильмы онлайн в хорошем корпоратив;32;top;корпоратив
фильм корпоратив онлайн хорошего качества;32;top;корпоратив
мамочки корпоратив;32;top;корпоратив
живой корпоратив;32;top;корпоратив
фабрика корпоративы;32;top;корпоратив
корпоратив метро;32;top;корпоратив
корпоратив монстров;32;top;корпоратив
случай корпоратив;32;top;корпоратив
корпоратив жены смотреть видео;32;top;корпоратив
как назвать корпоратив;32;top;корпоратив
командные корпоративы;32;top;корпоратив
чужая пьяная жена после корпоратива;32;top;корпоратив
база отдыха для корпоратива в подмосковье;32;top;корпоратив
порно мачеха после корпоратива;32;top;корпоратив
группа на корпоратив москва;32;top;корпоратив | корпоратив москва
порно молодых на корпоративе;32;top;корпоратив
площадки под корпоративы;32;top;корпоратив
пьяные бабы корпоратив порно;32;top;корпоратив
банкетные залы для корпоратива москва;32;top;корпоратив | банкетный зал для корпоратива | корпоратив москва
банкетный зал для корпоратива москва;32;top;корпоратив | банкетный зал для корпоратива | корпоратив москва
следующий корпоратив;32;top;корпоратив
путин корпоративы;32;top;корпоратив
секс на корпоративе со;32;top;корпоратив
порно русское трахнули после корпоратива;32;top;корпоратив
секс женщины порно корпоратив;32;top;корпоратив
корпоративы порно домашнего видео русские;32;top;корпоратив
анал русской после корпоратива;32;top;корпоратив
мачеха пришла пьяная с корпоратива;32;top;корпоратив
порно русское минет корпоратив;32;top;корпоратив
пьяные корпоративы зрелок;32;top;корпоратив
корпоратив на двоих;32;top;корпоратив
в каком стиле корпоратив;32;top;корпоратив
коллегу после корпоратива видео;32;top;корпоратив
корпоративы балашиха;32;top;корпоратив
дерут на корпоратив;32;top;корпоратив
ебем баб на корпоративе;32;top;корпоратив
корпоратив на квадроциклах;32;top;корпоратив
корпоратив с тещей;32;top;корпоратив
корпоратив русско народный;32;top;корпоратив
барин корпоратив;32;top;корпоратив
корпоратив в мир;32;top;корпоратив
банкетный зал шах;32;assoc;ресторан для юбилея
где отметить юбилей в москве необычно;32;top;где отметить юбилей
юбилей 50 лет варианты;32;top;юбилей 50 лет
юбилей 50 лет оригинальный подарок;32;top;юбилей 50 лет
стиль юбилея 50 лет женщине;32;top;юбилей 50 лет
сценарий юбилея 50 лет в стиле;32;top;юбилей 50 лет
поздравление начальнику с юбилеем 50 лет мужчине;32;top;юбилей 50 лет
поздравление юбилей 50 лет мужчине юмор;32;top;юбилей 50 лет
юбилей супруга 50 лет;32;top;юбилей 50 лет
юбилей супругам 50 лет;32;top;юбилей 50 лет
где отметить день рождения ребенка годик;32;top;где отметить день рождения
где отметить день рождения подростку 17;32;top;где отметить день рождения
где отметить день рождения в москве зимой;32;top;где отметить день рождения
где весело отметить день рождения в москве;32;top;где отметить день рождения
где отметить день рождения в новосибирске;32;top;где отметить день рождения
где отметить день рождения в твери;32;top;где отметить день рождения
корпоратив новогодний качестве смотреть бесплатно;31;top;корпоратив | новогодний корпоратив
новогодние корпоративы в хорошем качестве;31;top;корпоратив | новогодний корпоратив
новогодний корпоратив бесплатно в хорошем качестве;31;top;корпоратив | новогодний корпоратив
новогодний корпоратив онлайн бесплатно;31;top;корпоратив | новогодний корпоратив
новогодний корпоратив онлайн качество;31;top;корпоратив | новогодний корпоратив
новогодний корпоратив онлайн хорошее качество;31;top;корпоратив | новогодний корпоратив
новогодний корпоратив смотреть бесплатно;31;top;корпоратив | новогодний корпоратив
новогодний корпоратив смотреть бесплатно в хорошем;31;top;корпоратив | новогодний корпоратив
новогодний корпоратив смотреть в хорошем;31;top;корпоратив | новогодний корпоратив
новогодний корпоратив смотреть в хорошем качестве;31;top;корпоратив | новогодний корпоратив
новогодний корпоратив смотреть онлайн бесплатно;31;top;корпоратив | новогодний корпоратив
новогодний корпоратив смотреть онлайн в хорошем;31;top;корпоратив | новогодний корпоратив
новогодний корпоратив смотреть онлайн качество;31;top;корпоратив | новогодний корпоратив
новогодний корпоратив смотреть онлайн хорошем качестве;31;top;корпоратив | новогодний корпоратив
смотреть в качестве новогодний корпоратив;31;top;корпоратив | новогодний корпоратив
корпоратив на английском;31;top;корпоратив
трахает чужую жену на корпоративе;31;top;корпоратив
продолжение корпоратива;31;top;корпоратив
заставить на корпоратив;31;top;корпоратив
демис корпоратив;31;top;корпоратив
корпоратив тарков;31;top;корпоратив
спит после корпоратива;31;top;корпоратив
спящая после корпоратива;31;top;корпоратив
ххх русское корпоратив;31;top;корпоратив
ногу на ногу на корпоративе;31;top;корпоратив
аренда площадки для корпоратива;31;top;корпоратив | площадка для корпоратива
сценарий взрослого корпоратива;31;top;корпоратив
корпоратив снегурочек;31;top;корпоратив
пьяный корпоратив вк;31;top;корпоратив
деньги на корпоратив;31;top;корпоратив
корпоративе хиты;31;top;корпоратив
корпоратив трейлер;31;top;корпоратив
порно жена корпоратив домашнее;31;top;корпоратив
корпоративы без мужей;31;top;корпоратив
корпоратив замужняя коллега;31;top;корпоратив
жена приходит с корпоратива порно;31;top;корпоратив
жена пришла с корпоратива порно;31;top;корпоратив
пришли с корпоратива с женой порно;31;top;корпоратив
бесплатное порно русский корпоратив;31;top;корпоратив
вчера корпоратив;31;top;корпоратив
конкурс корпоратив видео;31;top;корпоратив
секретаршу группой трахают после корпоратива;31;top;корпоратив
трахает секретаршу после корпоратива;31;top;корпоратив
бесплатно порно корпоратив замужние;31;top;корпоратив
трахает пьяную жену после корпоратива;31;top;корпоратив
видео секса частного после корпоратива;31;top;корпоратив
дед мороз корпоративы;31;top;корпоратив
корпоратив дедов морозов;31;top;корпоратив
зачем корпоратив;31;top;корпоратив
фотографии корпоративов;31;top;корпоратив
кавер группа москва на корпоратив;31;top;корпоратив | корпоратив москва
жена дала на корпоративе;31;top;корпоратив
секс корпоратив ебут;31;top;корпоратив
камеди клаб батрутдинов корпоратив;31;top;корпоратив
корпоратива 9;31;top;корпоратив
вкусный корпоратив;31;top;корпоратив
пьяные бабы на корпоративе;31;top;корпоратив
видео пошла на корпоратив;31;top;корпоратив
подписать корпоратив;31;top;корпоратив
видео после корпоратива уральские;31;top;корпоратив
уральские пельмени после корпоратива видео;31;top;корпоратив
отпустил на корпоратив;31;top;корпоратив
изменила после корпоратива;31;top;корпоратив
изменяет после корпоратива;31;top;корпоратив
трахнул после корпоратива на 8 марта;31;top;корпоратив
предложение корпоративов;31;top;корпоратив
в попу на корпоративе;31;top;корпоратив
корпоратив налоги;31;top;корпоратив
смотреть русское порно на корпоративе;31;top;корпоратив
русские девушки на корпоративе;31;top;корпоратив
смотреть порно бесплатно корпоративы;31;top;корпоратив
корпоратив ярославль;31;top;корпоратив
трахнул после корпоратива видео;31;top;корпоратив
видео секс порно после корпоратива;31;top;корпоратив
после корпоратива ебут в отеле;31;top;корпоратив
comedy club корпоратив;31;top;корпоратив
ресторан для проведения юбилея;31;top;ресторан для юбилея
видео с юбилеем 50 лет женщине;31;top;юбилей 50 лет
что подарить маме на юбилей 50 лет;31;top;юбилей 50 лет
с юбилеем сестра 50 лет днем;31;top;юбилей 50 лет
с юбилеем брату от сестры 50 лет;31;top;юбилей 50 лет
пожелания на юбилей 50 лет женщине;31;top;юбилей 50 лет
проведение юбилея 50 лет;31;top;юбилей 50 лет
веселый юбилей 50 лет мужчине;31;top;юбилей 50 лет
поздравительные открытки юбилей 50 лет;31;top;юбилей 50 лет
сценка на юбилей женщине 50 лет;31;top;юбилей 50 лет
где дорого отметить день рождение;31;top;где отметить день рождения
где отметить 50 лет день рождения;31;top;где отметить день рождения
где отметить день рождения в ростове;31;top;где отметить день рождения
где можно отметить день рождения в зеленограде;31;top;где отметить день рождения
отметить день рождения ребенка на природе;31;top;день рождения на природе
празднование дня рождения на природе;31;top;день рождения на природе
наряд на корпоратив для женщин;30;top;корпоратив
корпоратив клиентам;30;top;корпоратив
смотреть пьяные корпоративы;30;top;корпоратив
корпоратив в рот порно;30;top;корпоратив
корпоратив идеи конкурсы;30;top;корпоратив
кухня корпоратив;30;top;корпоратив
последствия корпоратива;30;top;корпоратив
секс на корпоративе частное;30;top;корпоратив
собрала на корпоратив;30;top;корпоратив
где отметить корпоратив в москве;30;top;корпоратив | корпоратив москва
офисные корпоративы;30;top;корпоратив
бухую на корпоративе;30;top;корпоратив
порно во время корпоратива;30;top;корпоратив
уединились на корпоративе;30;top;корпоратив
трахнули замужнюю после корпоратива русское;30;top;корпоратив
жена трахается на корпоративе;30;top;корпоратив
выебал на корпоративе чужую;30;top;корпоратив
корпоратив пьяную по кругу;30;top;корпоратив
веселая компания корпоратив;30;top;корпоратив
пизда пришла с корпоратива;30;top;корпоратив
порно рассказы ебут корпоративе;30;top;корпоратив
корпоратив домашка;30;top;корпоратив
корпоратив самостоятельно;30;top;корпоратив
керлинг корпоратив;30;top;корпоратив
корпоратива детском саду;30;top;корпоратив
корпоратив сбера;30;top;корпоратив
трахнули на корпоративе рассказы;30;top;корпоратив
корпоративы в красноярске;30;top;корпоратив
ваня дмитриенко корпоратив;30;top;корпоратив
стриптизер трахнул на корпоративе;30;top;корпоратив
зрелая жена пьяная на корпоративе;30;top;корпоратив
секс с женщиной на корпоративе;30;top;корпоратив
новогодний корпоратив актер;30;top;корпоратив | новогодний корпоратив
порно домой с корпоратива;30;top;корпоратив
порно жену трахают после корпоратива;30;top;корпоратив
корпоратив сбербанка;30;top;корпоратив
смешное поздравление юбилей 50 лет;30;top;юбилей 50 лет
украшение зала на юбилей 50 лет;30;top;юбилей 50 лет
современный юбилей 50 лет женщине;30;top;юбилей 50 лет
скачать юбилей 50 лет мужчине видео;30;top;юбилей 50 лет
юбилей 50 лет женщине шуточное;30;top;юбилей 50 лет
что подарить на юбилей 50 лет папе;30;top;юбилей 50 лет
где отметить день рождения в ноябре;30;top;где отметить день рождения
где отметить день рождения 30 лет;30;top;где отметить день рождения
вднх день рождения ребенка где отметить;30;top;где отметить день рождения
где можно отметить вкусно день рождения;30;top;где отметить день рождения
организация новогоднего корпоратива;29;top;корпоратив | новогодний корпоратив | организация корпоратива
корпоратив самолета;29;top;корпоратив
японку на корпоративе;29;top;корпоратив
отсосала после корпоратива;29;top;корпоратив
жена ушла на корпоратив;29;top;корпоратив
новогодний корпоратив девушки;29;top;корпоратив | новогодний корпоратив
пизда бабы после корпоратива;29;top;корпоратив
сколько стоит группа на корпоратив;29;top;корпоратив
экран корпоратив;29;top;корпоратив
снимают корпоратив порно;29;top;корпоратив
корпоратив измена смотреть;29;top;корпоратив
корпоратив ебут дам;29;top;корпоратив
порно домашнее русское трахнул после корпоратива;29;top;корпоратив
девушка изменила на корпоративе;29;top;корпоратив
девушки изменяют на корпоративах;29;top;корпоратив
частное корпоратив анал;29;top;корпоратив
трахнул замужнюю после корпоратива частное;29;top;корпоратив
коллегу по работе на корпоративе;29;top;корпоратив
нарезка корпоратив;29;top;корпоратив
домашнее порно на корпоративе;29;top;корпоратив
минет после корпоратива домашний;29;top;корпоратив
образ на корпоратив 2026;29;top;корпоратив
инцест рассказы корпоратив;29;top;корпоратив
трахает бухую после корпоратива;29;top;корпоратив
корпоратив тюмень;29;top;корпоратив
семейка корпоратив;29;top;корпоратив
толстой корпоративы;29;top;корпоратив
тайны корпоративов тарков;29;top;корпоратив
синий корпоратив;29;top;корпоратив
дзен корпоратив;29;top;корпоратив
вернулась с корпоратива порно;29;top;корпоратив
трахнули на корпоративе пожилых;29;top;корпоратив
бесплатно жена на корпоративе;29;top;корпоратив
образы для корпоратива для женщин;29;top;корпоратив
корпоратив в турции;29;top;корпоратив
очередной корпоратив;29;top;корпоратив
пьяная корпоратив с разговорами;29;top;корпоратив
корпоратив на дзене;29;top;корпоратив
красивую ебут корпоратив;29;top;корпоратив
нужен ли корпоратив;29;top;корпоратив
фотозоны на корпоратив;29;top;корпоратив
идти ли на корпоратив;29;top;корпоратив
мясников корпоратив уральские;29;top;корпоратив
уральские пельмени мясников корпоратив;29;top;корпоратив
ебет в туалете на корпоративе;29;top;корпоратив
секс в отеле после корпоратива;29;top;корпоратив
русское порно трахает на корпоративах;29;top;корпоратив
дорин корпоратив;29;top;корпоратив
выебали пьяную жену на корпоративе;29;top;корпоратив
блондинка после корпоратива;29;top;корпоратив
корпоратив на теплоходе в москве рэдиссон;29;top;корпоратив | корпоратив москва
трахаю сотрудницу после корпоратива;29;top;корпоратив
корпоратив сказки репка;29;top;корпоратив
онлайн видео корпоративе;29;top;корпоратив
ресторан для юбилея недорого;29;top;ресторан для юбилея
где можно отметить юбилей недорого;29;top;где отметить юбилей
поздравления с юбилеем 50 лет совместной жизни;29;top;юбилей 50 лет
поздравить брата с юбилеем 50 лет;29;top;юбилей 50 лет
открытка поздравляю с юбилеем 50 лет;29;top;юбилей 50 лет
оформление тортов на юбилей 50 лет;29;top;юбилей 50 лет
поздравить с юбилеем 50 лет прикольно;29;top;юбилей 50 лет
поздравление родителям с юбилеем 50 лет;29;top;юбилей 50 лет
ирина с юбилеем 50 лет;29;top;юбилей 50 лет
где отметить день рождения в долгопрудном;29;top;где отметить день рождения
где активно отметить день рождения в москве;29;top;где отметить день рождения
где отметить день рождения подростка 16;29;top;где отметить день рождения
где отметить день рождения подростку 16 лет;29;top;где отметить день рождения
где отметить день рождения ребенка в домодедово;29;top;где отметить день рождения
где отметить день рождения во владимире;29;top;где отметить день рождения
где отметить день рождение 25 лет;29;top;где отметить день рождения
кафе где можно отметить день рождения недорого;29;top;где отметить день рождения
сценарий дня рождения на природе;29;top;день рождения на природе
корпоратив у воды;28;top;корпоратив
бесплатное порно после корпоратива;28;top;корпоратив
трахнул в жопу на корпоративе;28;top;корпоратив
гольф клуб корпоратив;28;top;корпоратив
жена на корпоративе 18;28;top;корпоратив
камеди корпоратив карибидис;28;top;корпоратив
новогодний корпоратив фильм актеры;28;top;корпоратив | новогодний корпоратив
дима билан корпоратив;28;top;корпоратив
самый пьяный на корпоративе;28;top;корпоратив
секс с замужней после корпоратива;28;top;корпоратив
купить платья корпоратив;28;top;корпоратив
порно после корпоратива домой;28;top;корпоратив
волосы на корпоратив;28;top;корпоратив
образ на корпоратив в стиле;28;top;корпоратив
секс порно жена корпоратив;28;top;корпоратив
телеграм корпоратив;28;top;корпоратив
жена друга корпоратив порно;28;top;корпоратив
чужая русская жена на корпоративе;28;top;корпоратив
сколько стоит киркоров на корпоратив;28;top;корпоратив
выебал жену на корпоративе порно;28;top;корпоратив
порно жена анал в корпоративе;28;top;корпоратив
холл корпоратив;28;top;корпоратив
остров корпоратив;28;top;корпоратив
пьяная корпоратив порно рассказы;28;top;корпоратив
корпоратив в стиле 90 х;28;top;корпоратив
комедия корпоратив;28;top;корпоратив
мачеха пришла после корпоратива;28;top;корпоратив
бургер корпоратив;28;top;корпоратив
профессиональный корпоратив;28;top;корпоратив
ольга корпоративы;28;top;корпоратив
открытые корпоративы;28;top;корпоратив
видео русское трахнули после корпоратива;28;top;корпоратив
домашнее порно мжм корпоратив;28;top;корпоратив
замужние после корпоратива частное мжм;28;top;корпоратив
замужнюю после корпоратива домашнее;28;top;корпоратив
мжм трахнули после корпоратива;28;top;корпоратив
русское частное порно мжм корпоратив;28;top;корпоратив
секс корпоратив куни;28;top;корпоратив
секс куни после корпоратива;28;top;корпоратив
секс трахнул замужняя корпоратив;28;top;корпоратив
частное после корпоратива анал;28;top;корпоратив
корпоратив отеле порно;28;top;корпоратив
корпоратив батл;28;top;корпоратив
корпоратив русское видео с разговорами;28;top;корпоратив
корпоратив для взрослых ру;28;top;корпоратив
порно корпоратив пьяные чужие жены;28;top;корпоратив
прическа на корпоратив;28;top;корпоратив
трахает вечеринка корпоратив;28;top;корпоратив
жена собирает на корпоратив;28;top;корпоратив
скачать музыку для корпоратива;28;top;корпоратив
не ходи на корпоратив;28;top;корпоратив
свингеры корпоратив;28;top;корпоратив
корпоратив на москве реке;28;top;корпоратив | корпоратив москва
корпоратив медиков;28;top;корпоратив
корпоратив п;28;top;корпоратив
порно лесби корпоратив;28;top;корпоратив
выебал чужую жену на корпоративе;28;top;корпоратив
где лучше отметить юбилей;28;top;где отметить юбилей
оформление юбилея 50 лет мужчине;28;top;юбилей 50 лет
50 лет юбилей надписи;28;top;юбилей 50 лет
юбилей 50 лет мужу слова жены;28;top;юбилей 50 лет
идеи для юбилея 50 лет мужчине;28;top;юбилей 50 лет
торты на юбилей 50 лет женщине фото;28;top;юбилей 50 лет
юбилей племяннику 50 лет;28;top;юбилей 50 лет
шуточный юбилея 50 лет мужчине прикольный;28;top;юбилей 50 лет
с юбилеем 50 лет теще;28;top;юбилей 50 лет
частушки юбилей 50 лет женщина;28;top;юбилей 50 лет
какой подарок юбилей 50 лет;28;top;юбилей 50 лет
где отметить день рождение с танцполом;28;top;где отметить день рождения
где отметить день рождение 15 мальчиков;28;top;где отметить день рождения
где отметить день рождения 15 лет мальчику;28;top;где отметить день рождения
интересное место где отметить день рождения;28;top;где отметить день рождения
где можно отметить день рождения с друзьями;28;top;где отметить день рождения
лучшие рестораны где отметить день рождения;28;top;где отметить день рождения
день рождение 1 год где отметить;28;top;где отметить день рождения
где отметить день рождения 12 человек;28;top;где отметить день рождения
где можно бюджетно отметить день рождения;28;top;где отметить день рождения
конкурсы на день рождения взрослых на природе;28;top;день рождения на природе
сюжет корпоратива;27;top;корпоратив
мотив корпоратив;27;top;корпоратив
корпоратив простоквашино;27;top;корпоратив
подсмотренное корпоративах;27;top;корпоратив
корпоратив виктор дорин;27;top;корпоратив
тематика для корпоратива;27;top;корпоратив
полные женщины на корпоративе;27;top;корпоратив
корпоратив совкомбанка;27;top;корпоратив
корпоратив почта;27;top;корпоратив
корпоративы измены жен рассказы;27;top;корпоратив
как пишется корпаратив или корпоратив;27;top;корпоратив
порно фото корпоратив;27;top;корпоратив
баста корпоратив;27;top;корпоратив
пикник корпоратив;27;top;корпоратив
корпоратив золотой;27;top;корпоратив
корпоратив официальный сайт;27;top;корпоратив
минет жена корпоратив;27;top;корпоратив
выебал жену после корпоратива;27;top;корпоратив
porn корпоратив;27;top;корпоратив
в чем идти на корпоратив;27;top;корпоратив
музыкальная игра корпоратив;27;top;корпоратив
ебет после корпоратива видео;27;top;корпоратив
эротика жена на корпоративе;27;top;корпоратив
загородный корпоратив фильм 2026 смотреть онлайн;27;top;корпоратив | загородный корпоратив
смотреть онлайн фильм загородный корпоратив;27;top;корпоратив | загородный корпоратив
куда пойти на корпоратив;27;top;корпоратив
жена мужа на корпоратив уральские;27;top;корпоратив
уральские пельмени жена мужа на корпоратив;27;top;корпоратив
корпоратив удался;27;top;корпоратив
корпоратив 2026 видео;27;top;корпоратив
лижет на корпоративе;27;top;корпоратив
пошла на корпоратив порно;27;top;корпоратив
порно мама после корпоратива;27;top;корпоратив
выеб на корпоративе;27;top;корпоратив
актеры фильма корпоратив 2016;27;top;корпоратив
корпоратив 2016 актеры;27;top;корпоратив
новогодний корпоратив 2016 актеры;27;top;корпоратив | новогодний корпоратив
новогодний корпоратив фильм 2016 актеры;27;top;корпоратив | новогодний корпоратив
корпоратив на 15 человек;27;top;корпоратив
на корпоративе мужа ебут;27;top;корпоратив
что говорят на корпоративах;27;top;корпоратив
порно пьяная мачеха после корпоратива;27;top;корпоратив
зрелую после корпоратива секс;27;top;корпоратив
развлекательный корпоратив;27;top;корпоратив
секс вечеринки после корпоратива;27;top;корпоратив
раздели на корпоративе;27;top;корпоратив
анал пьяная корпоратив;27;top;корпоратив
русское порно женский корпоратив;27;top;корпоратив
что одеть на корпоратив женщине;27;top;корпоратив
после корпоратива коллега с работы;27;top;корпоратив
куни женщинам на корпоративе;27;top;корпоратив
корпоратив документ;27;top;корпоратив
водка пиво водка пиво корпоратива текст;27;top;корпоратив
водка пиво под конец корпоратива текст;27;top;корпоратив
под конец корпоратива текст;27;top;корпоратив
порнографии на корпоративе;27;top;корпоратив
корпоратив девичник;27;top;корпоратив
смотреть корпоративы ебля;27;top;корпоратив
заказать еду на корпоратив;27;top;корпоратив
корпоратив полицейским;27;top;корпоратив
ебет чужой после корпоратива;27;top;корпоратив
корпоратив с ответами;27;top;корпоратив
харламов утро после корпоратива;27;top;корпоратив
корпоратив фото девушек;27;top;корпоратив
корпоратив на природе в подмосковье;27;top;корпоратив | корпоратив на природе
автобус корпоратив;27;top;корпоратив
зал для проведения корпоратива;27;top;корпоратив
залы для проведения корпоративов;27;top;корпоратив
корпоратив 150 человек;27;top;корпоратив
с юбилеем женщине мерцающие 50 лет;27;top;юбилей 50 лет
образ на юбилей 50 лет женщине;27;top;юбилей 50 лет
юбилей 50 лет в стиле 90;27;top;юбилей 50 лет
гифки 50 лет юбилей;27;top;юбилей 50 лет
50 лет юбилей песни прикольные;27;top;юбилей 50 лет
прикольные сценки юбилей 50 лет;27;top;юбилей 50 лет
скачать с днем юбилеем 50 лет;27;top;юбилей 50 лет
букеты на юбилей 50 лет женщине;27;top;юбилей 50 лет
день рождения 5 лет девочке где отметить;27;top;где отметить день рождения
где можно отметить день рождения в дмитрове;27;top;где отметить день рождения
где семьей отметить день рождения ребенка;27;top;где отметить день рождения
где отметить день рождения 17 лет девушке;27;top;где отметить день рождения
идеи где отметить день рождения в москве;27;top;где отметить день рождения
караоке где отметить день рождения;27;top;где отметить день рождения
где отметить день рождения заведения;27;top;где отметить день рождения
где отметить день рождения в калининграде;27;top;где отметить день рождения
день рождения в балашихе детский где отметить;27;top;где отметить день рождения
где отметить 21 день рождения;27;top;где отметить день рождения
меню на праздничный стол закуски и салаты;27;assoc;банкетный зал на день рождения
движения на корпоратив;26;top;корпоратив
корпоративы фотки;26;top;корпоратив
корпоратив серия склифосовский;26;top;корпоратив
порно пьяная жена русские корпоратив;26;top;корпоратив
на корпоративе замужних видео;26;top;корпоратив
задержалась на корпоративе;26;top;корпоратив
камеди клаб харламов корпоратив;26;top;корпоратив
горохов и маринка на корпоративе;26;top;корпоратив
порно первый корпоратив;26;top;корпоратив
корпоратив женщину минет;26;top;корпоратив
жена изменила на корпоративе порно;26;top;корпоратив
жена изменяет на корпоративе порно;26;top;корпоратив
после корпоратива читать;26;top;корпоратив
стриптизер трахает корпоративе;26;top;корпоратив
корпоратив на 10 человек;26;top;корпоратив
рассказ пришла с корпоратива;26;top;корпоратив
корпоратив выебли;26;top;корпоратив
корпоратив беременной;26;top;корпоратив
пьяные женщины на корпоративе;26;top;корпоратив
текст песни корпоратив;26;top;корпоратив
сценарий корпоратива года;26;top;корпоратив
корпоратив жены с коллегами порно;26;top;корпоратив
главное на корпоративе;26;top;корпоратив
видео муж жена корпоратив;26;top;корпоратив
уральские пельмени корпоратив 8 марта;26;top;корпоратив
дача корпоратив;26;top;корпоратив
после корпоратива скрытая камера;26;top;корпоратив
муж собирается на корпоратив;26;top;корпоратив
xxx после корпоратива;26;top;корпоратив
слепаков корпоратив;26;top;корпоратив
секс с пьяной на корпоративе;26;top;корпоратив
корпоратив 6;26;top;корпоратив
рок корпоратив;26;top;корпоратив
раздевают на корпоративе;26;top;корпоратив
раздела на корпоративе;26;top;корпоратив
раздетые на корпоративе;26;top;корпоратив
сценарии юбилеи корпоративы;26;top;корпоратив
скрытая видео корпоратива;26;top;корпоратив
жену ебли на корпоративе рассказ;26;top;корпоратив
рассказы жену ебут на корпоративе;26;top;корпоратив
корпоратив работа секс;26;top;корпоратив
корпоратив лукойла;26;top;корпоратив
кафе для новогоднего корпоратива;26;top;корпоратив | новогодний корпоратив
смотреть русское порно жены на корпоративе;26;top;корпоратив
организация спортивных корпоративов;26;top;корпоратив | организация корпоратива
пришла домой пьяная после корпоратива;26;top;корпоратив
корпоративы тула;26;top;корпоратив
женщину трахают на корпоративе порно;26;top;корпоратив
день 2 корпоратив;26;top;корпоратив
корпоративы экскурсии;26;top;корпоратив
яркий корпоратив;26;top;корпоратив
джинсы на корпоратив;26;top;корпоратив
ебут после корпоратива домашнее;26;top;корпоратив
где будете отмечать юбилей;26;top;где отметить юбилей
где можно отметить юбилей в москве;26;top;где отметить юбилей
сценарий юбилея 50 лет мужу жене;26;top;юбилей 50 лет
сценарий юбилея жене 50 лет;26;top;юбилей 50 лет
сценарий домашнего юбилея 50 лет;26;top;юбилей 50 лет
празднование юбилея 50 лет;26;top;юбилей 50 лет
50 лет юбилей мужу своими словами;26;top;юбилей 50 лет
тост мужу на юбилей 50 лет;26;top;юбилей 50 лет
костюм на юбилей 50 лет;26;top;юбилей 50 лет
подарок на юбилей свадьбы 50 лет;26;top;юбилей 50 лет
50 лет юбилей пожелания своими словами;26;top;юбилей 50 лет
где можно весело отметить день рождения;26;top;где отметить день рождения
где круто отметить день рождения в москве;26;top;где отметить день рождения
где отметить день рождения 14 лет мальчику;26;top;где отметить день рождения
где отметить день рождения развлечения;26;top;где отметить день рождения
место где отметить день рождения подростку;26;top;где отметить день рождения
места где отметить день рождение ребенка;26;top;где отметить день рождения
где отметить день рождения небольшой компанией;26;top;где отметить день рождения
ресторан для дня рождения с танцами;26;top;ресторан для дня рождения
корпоратив ебут женщин;25;top;корпоратив
каждый после корпоратива;25;top;корпоратив
пьяную жену на корпоративе по кругу;25;top;корпоратив
пьяную на корпоративе пускают по кругу;25;top;корпоратив
жесткое порно на корпоративе;25;top;корпоратив
корпоратив сборники;25;top;корпоратив
кейтеринг корпоратив;25;top;корпоратив
танцпол корпоратив;25;top;корпоратив
пришла с корпоратива со спермой;25;top;корпоратив
корпоратив трахаем телку;25;top;корпоратив
корпоратив иваново;25;top;корпоратив
сценарий корпоратива прикольный;25;top;корпоратив
стихи корпоратива;25;top;корпоратив
корпоративы 2019;25;top;корпоратив
видео ебет на корпоратив;25;top;корпоратив
как организовать корпоратив;25;top;корпоратив
камеди клаб после корпоратива харламов;25;top;корпоратив
корпоратив в красном;25;top;корпоратив
корпоратив на базе;25;top;корпоратив
корпоративы занимаются сексом;25;top;корпоратив
помнишь как на корпоративе;25;top;корпоратив
склифосовский корпоратив какая серия;25;top;корпоратив
трахнул на корпоративе в туалете;25;top;корпоратив
посмотреть корпоратив;25;top;корпоратив
иванушку пригласили на корпоратив;25;top;корпоратив
танцует на корпоративе видео;25;top;корпоратив
сын после корпоратива порно;25;top;корпоратив
порно домашнее жена после корпоратива;25;top;корпоратив
музыкальные конкурсы на корпоратив;25;top;корпоратив
вернулась с корпоратива пьяная;25;top;корпоратив
трахнул чужую жену после корпоратива;25;top;корпоратив
трахнул чужую после корпоратива;25;top;корпоратив
как правильно пишется корпоратив или корпаратив;25;top;корпоратив
как провести корпоратив с коллегами;25;top;корпоратив
трахнул сотрудницу на корпоративе;25;top;корпоратив
порно рассказ жена после корпоратива;25;top;корпоратив
брючный костюм на корпоратив для женщин;25;top;корпоратив
концепции новогоднего корпоратива;25;top;корпоратив | новогодний корпоратив
корпоратив вместе;25;top;корпоратив
валерия корпоратив;25;top;корпоратив
парень на корпоративе порно;25;top;корпоратив
ххх видео корпоратив;25;top;корпоратив
певцы на корпоратив;25;top;корпоратив
на корпоративе без трусов;25;top;корпоратив
фильмы жены на корпоративах;25;top;корпоратив
фильмы про корпоративы;25;top;корпоратив
втроем на корпоративе;25;top;корпоратив
порно пришла домой с корпоратива;25;top;корпоратив
пришел домой с корпоратива порно;25;top;корпоратив
фокусник корпоратив;25;top;корпоратив
русские корпоративы измена видео;25;top;корпоратив
сценарий музыкального корпоратива;25;top;корпоратив
ресторан где можно отметить юбилей;25;top;где отметить юбилей
где отметить юбилей свадьбы;25;top;где отметить юбилей
сценки на юбилей мужчине 50 лет;25;top;юбилей 50 лет
платье на 50 лет юбилей вечерний;25;top;юбилей 50 лет
переделанные песни на юбилей 50 лет женщине;25;top;юбилей 50 лет
открытки с юбилеем брату 50 лет;25;top;юбилей 50 лет
торт на юбилей мужчине 50 лет оформление;25;top;юбилей 50 лет
смешные конкурсы на юбилей 50 лет;25;top;юбилей 50 лет
поздравление коллектива юбилей 50 лет;25;top;юбилей 50 лет
отметить юбилей 50 лет в москве;25;top;юбилей 50 лет
песня про юбилей 50 лет;25;top;юбилей 50 лет
женя с юбилеем 50 лет;25;top;юбилей 50 лет
сюрприз на юбилей 50 лет мужу;25;top;юбилей 50 лет
центры где можно отметить день рождения;25;top;где отметить день рождения
где отметить день рождения подростка 13;25;top;где отметить день рождения
бутово день рождения где отметить ребенку;25;top;где отметить день рождения
где отметить день рождения ночью;25;top;где отметить день рождения
где отметить день рождение 45 лет;25;top;где отметить день рождения
где отметить день рождения за городом;25;top;где отметить день рождения
день рождения 7 лет мальчику где отметить;25;top;где отметить день рождения
где отметить день рождения ребенка в красногорске;25;top;где отметить день рождения
где отметить день рождения в минске;25;top;где отметить день рождения
где можно отметить день рождения в мытищах;25;top;где отметить день рождения
где отметить день рождение 1 годик;25;top;где отметить день рождения
выбрать ресторан для дня рождения;25;top;ресторан для дня рождения
прикольный день рождения на природе;25;top;день рождения на природе
услуги организации праздников и мероприятий;24;assoc;корпоратив | где отметить день рождения
новогодний корпоратив на теплоходе в москве;24;top;новогодний корпоратив | корпоратив москва
образ на новогодний корпоратив;24;top;новогодний корпоратив
новогоднее шоу корпоративе;24;top;новогодний корпоратив
необычный корпоратив москва;24;top;корпоратив москва
с юбилеем 50 лет мужчине в прозе;24;top;юбилей 50 лет
песни день рождения юбилей 50 лет;24;top;юбилей 50 лет
стильное платье на юбилей 50 лет;24;top;юбилей 50 лет
бесплатно сценарий юбилея 50 лет женщине;24;top;юбилей 50 лет
юбилей супружеской жизни 50 лет;24;top;юбилей 50 лет
открытка подруге с юбилеем 50 лет;24;top;юбилей 50 лет
креативный юбилей 50 лет;24;top;юбилей 50 лет
веселый сценарий на юбилей женщине 50 лет;24;top;юбилей 50 лет
сценарий юбилея 50 лет женщине зажигательный;24;top;юбилей 50 лет
юбилей 50 лет женщине зажигательный веселый;24;top;юбилей 50 лет
день рождения юбилей 50 лет брату;24;top;юбилей 50 лет
днем юбилей 50 лет брату;24;top;юбилей 50 лет
андрей с юбилеем 50 лет;24;top;юбилей 50 лет
открытки с юбилеем 50 лет сыну;24;top;юбилей 50 лет
фильм юбилей 50 лет;24;top;юбилей 50 лет
скачать картинку 50 лет юбилей;24;top;юбилей 50 лет
веселые конкурсы на юбилей женщине 50 лет;24;top;юбилей 50 лет
где отметить оригинальный день рождения;24;top;где отметить день рождения
топ мест где отметить день рождения;24;top;где отметить день рождения
где можно отметить день рождения вдвоем;24;top;где отметить день рождения
где прикольно отметить день рождения;24;top;где отметить день рождения
где отметить день рождения подростка 13 лет;24;top;где отметить день рождения
где отметить день рождения ребенка в подмосковье;24;top;где отметить день рождения
уютный ресторан в москве для дня рождения;24;top;ресторан для дня рождения
ресторан для отмечания дня рождения;24;top;ресторан для дня рождения
день рождения на природе фото;24;top;день рождения на природе
день рождения на природе летом;24;top;день рождения на природе
новогодний корпоратив фильм онлайн;23;top;новогодний корпоратив
фильма новогодний корпоратив смотреть онлайн;23;top;новогодний корпоратив
ведущий на новогодний корпоратив;23;top;новогодний корпоратив
книги читать любовные романы новогодний корпоратив;23;top;новогодний корпоратив
новогодний корпоратив скачать;23;top;новогодний корпоратив
заказать новогодний корпоратив;23;top;новогодний корпоратив
аренда корабля в москве корпоратив;23;top;корпоратив москва
боулинг в москве корпоратив;23;top;корпоратив москва
загородный клуб для корпоратива;23;top;загородный корпоратив
ресторан кафе для юбилея;23;top;ресторан для юбилея
сценка поздравление на юбилей 50 лет;23;top;юбилей 50 лет
юбилей 50 лет теще от зятя;23;top;юбилей 50 лет
платье на юбилей 50 лет женщине вечернее;23;top;юбилей 50 лет
сценарий юбилея 50 лет без тамады;23;top;юбилей 50 лет
тост жене на юбилей 50 лет;23;top;юбилей 50 лет
сценарий проведения юбилея 50 лет;23;top;юбилей 50 лет
юбилей 50 лет музыкальная открытка;23;top;юбилей 50 лет
бары москвы где отметить день рождения;23;top;где отметить день рождения
парки где можно отметить день рождения;23;top;где отметить день рождения
где отметить день рождения вдвоем с мужем;23;top;где отметить день рождения
день рождения девочки 6 лет где отметить;23;top;где отметить день рождения
где отметить день рождения в сочи;23;top;где отметить день рождения
где отметить день рождения ребенка в лобне;23;top;где отметить день рождения
где отметить день рождения ребенка 1 год;23;top;где отметить день рождения
где посидеть отметить день рождение;23;top;где отметить день рождения
где отметить день рождения северный;23;top;где отметить день рождения
рестораны балашихи для дня рождения;23;top;ресторан для дня рождения
рестораны москвы для дня рождения с танцполом;23;top;ресторан для дня рождения
рестораны с танцполом для дня рождения;23;top;ресторан для дня рождения
новогодний корпоратив текст;22;top;новогодний корпоратив
секс на новогоднем корпоративе;22;top;новогодний корпоратив
провести корпоратив на природе;22;top;корпоратив на природе
где отметить юбилей 50 лет в москве;22;top;где отметить юбилей | юбилей 50 лет
москва где отметить юбилей 50;22;top;где отметить юбилей
где отметить юбилей с музыкой;22;top;где отметить юбилей
кафе где можно отметить юбилей;22;top;где отметить юбилей
50 лет юбилей женщине поздравления картинки красивые;22;top;юбилей 50 лет
50 лет юбилей семей;22;top;юбилей 50 лет
50 лет юбилей какой цвет;22;top;юбилей 50 лет
современные песни на юбилей 50 лет;22;top;юбилей 50 лет
заставка 50 лет юбилей;22;top;юбилей 50 лет
бесплатные шаблоны на юбилей 50 лет;22;top;юбилей 50 лет
мерцающие открытки с юбилеем 50 лет;22;top;юбилей 50 лет
оксане 50 лет юбилей;22;top;юбилей 50 лет
юрий 50 лет юбилей;22;top;юбилей 50 лет
юбилей 50 лет домашних условиях;22;top;юбилей 50 лет
готовый юбилея 50 лет мужчине;22;top;юбилей 50 лет
с юбилеем 50 лет прикол;22;top;юбилей 50 лет
трогательный стих с юбилеем 50 лет;22;top;юбилей 50 лет
юбилей в стиле 50 х годов;22;top;юбилей 50 лет
шары на юбилей 50 лет мужчине;22;top;юбилей 50 лет
сценарий на юбилей 50 лет мужу;22;top;юбилей 50 лет
как отпраздновать юбилей 50 лет;22;top;юбилей 50 лет
подарок жене на юбилей 50 лет;22;top;юбилей 50 лет
с юбилеем 50 лет тик ток;22;top;юбилей 50 лет
пригласительные на юбилей 50 лет мужчине;22;top;юбилей 50 лет
юбилей дмитрия 50 лет;22;top;юбилей 50 лет
золотые поздравления с юбилеем 50 лет;22;top;юбилей 50 лет
подарок маме на юбилей 50 лет;22;top;юбилей 50 лет
где отметить день рождения в ярославле;22;top;где отметить день рождения
ногинск где можно отметить день рождения;22;top;где отметить день рождения
кафе где отметить день рождения ребенка;22;top;где отметить день рождения
где отметить день рождения 26;22;top;где отметить день рождения
где интересно отметить день рождения подростка;22;top;где отметить день рождения
лучшие места где отметить день рождения;22;top;где отметить день рождения
где можно отметить день рождения в коломне;22;top;где отметить день рождения
где отметить день рождения ребенка форум;22;top;где отметить день рождения
караоке ресторан для дня рождения;22;top;ресторан для дня рождения
ресторан с комнатой для дня рождения;22;top;ресторан для дня рождения
рестораны петербурга для дня рождения;22;top;ресторан для дня рождения
рестораны санкт петербурга для дня рождения;22;top;ресторан для дня рождения
детский день рождения на природе в москве;22;top;день рождения на природе
день рождения мужчине на природе;22;top;день рождения на природе
день рождение для взрослых на природе;22;top;день рождения на природе
новогодний корпоратив смешной;21;top;новогодний корпоратив
харламов новогодний корпоратив;21;top;новогодний корпоратив
новогодняя сказка корпоратив;21;top;новогодний корпоратив
камеди новогодний корпоратив;21;top;новогодний корпоратив
тематика новогоднего корпоратива;21;top;новогодний корпоратив
новогодний корпоратив фильм бесплатно;21;top;новогодний корпоратив
потрахались на новогоднем корпоративе;21;top;новогодний корпоратив
корпоратив на корабле москва;21;top;корпоратив москва
тимбилдинг на природе москва;21;top;тимбилдинг на природе
фруктовая тарелка на праздничный стол оформление;21;assoc;банкетный зал на юбилей
ресторан для юбилея с музыкой;21;top;ресторан для юбилея
что надеть на юбилей 50 лет;21;top;юбилей 50 лет
торт маме на юбилей 50 лет;21;top;юбилей 50 лет
подарок на юбилей 50 лет мужчине оригинальный;21;top;юбилей 50 лет
поздравление с юбилеем 50 лет мужчине проза;21;top;юбилей 50 лет
интересный сценарий юбилея 50 лет;21;top;юбилей 50 лет
олег юбилеи 50 лет;21;top;юбилей 50 лет
песня на юбилей женщине 50 лет современные;21;top;юбилей 50 лет
с юбилеем племянница 50 лет;21;top;юбилей 50 лет
нарядные платья на юбилей 50 лет;21;top;юбилей 50 лет
где отметить день рождения в ивантеевке;21;top;где отметить день рождения
где отметить 23 день рождения;21;top;где отметить день рождения
где отметить день рождения в волоколамске;21;top;где отметить день рождения
где отметить день рождения на 20 человек;21;top;где отметить день рождения
где отметить ребенку день рождения свао;21;top;где отметить день рождения
где отметить день рождения в бассейне;21;top;где отметить день рождения
где спокойно отметить день рождения;21;top;где отметить день рождения
где отметить день рождения в домодедово взрослому;21;top;где отметить день рождения
где отметить день рождение 21 год;21;top;где отметить день рождения
бюджетный ресторан для дня рождения;21;top;ресторан для дня рождения
рестораны одинцово для дня рождения;21;top;ресторан для дня рождения
ресторан с караоке москва для дня рождения;21;top;ресторан для дня рождения
рестораны для дня рождения цены;21;top;ресторан для дня рождения
день рождения на природе красиво;21;top;день рождения на природе
песня про новогодний корпоратив;20;top;новогодний корпоратив
корпоратив новогоднее испытание;20;top;новогодний корпоратив
большой новогодний корпоратив;20;top;новогодний корпоратив
зал для новогоднего корпоратива;20;top;новогодний корпоратив
новогодний корпоратив место;20;top;новогодний корпоратив
смотреть онлайн фильмы бесплатно новогодний корпоратив;20;top;новогодний корпоратив
смотреть фильм новогодний корпоратив в хорошем;20;top;новогодний корпоратив
смотреть фильмы бесплатно новогодний корпоратив;20;top;новогодний корпоратив
фильм новогодний корпоратив в качестве;20;top;новогодний корпоратив
фильм новогодний корпоратив хорошем качестве;20;top;новогодний корпоратив
фильмы новогодний корпоратив смотреть хорошем качестве;20;top;новогодний корпоратив
фильмы онлайн бесплатно новогодний корпоратив;20;top;новогодний корпоратив
куда сходить на корпоратив в москве;20;top;корпоратив москва
организовать корпоратив в москве;20;top;корпоратив москва
корпоратив мастер класс москва;20;top;корпоратив москва
что надеть на корпоратив на природе;20;top;корпоратив на природе
игры на сплочение коллектива в начальной школе;20;assoc;тимбилдинг на природе
встреча юбилярши в начале торжества;20;assoc;банкетный зал на юбилей
где отметить юбилей мужчине;20;top;где отметить юбилей
где отметить юбилей в подмосковье;20;top;где отметить юбилей
поздравление с юбилеем 50 лет ольга;20;top;юбилей 50 лет
ведущий на юбилей 50 лет;20;top;юбилей 50 лет
поздравить дочь с юбилеем 50 лет;20;top;юбилей 50 лет
юбилей в ресторане 50 лет женщине;20;top;юбилей 50 лет
поздравление тети с юбилеем 50 лет;20;top;юбилей 50 лет
поздравить сестру с юбилеем 50 лет;20;top;юбилей 50 лет
с юбилеем 50 лет женщине тик ток;20;top;юбилей 50 лет
поздравление папе с юбилеем 50 лет;20;top;юбилей 50 лет
подарок мужчине на юбилей 50 лет идеи;20;top;юбилей 50 лет
юбилей 70 50 лет;20;top;юбилей 50 лет
поздравление наталье с юбилеем 50 лет;20;top;юбилей 50 лет
с юбилеем 50 лет мужчине прикольные открытки;20;top;юбилей 50 лет
подборки на юбилей 50 лет;20;top;юбилей 50 лет
50 лет юбилей концерт;20;top;юбилей 50 лет
папка 50 лет юбилей;20;top;юбилей 50 лет
музыка на юбилей 50 лет;20;top;юбилей 50 лет
сценарий юбилея дома 50 лет;20;top;юбилей 50 лет
приглашение на юбилей 50 лет открытка;20;top;юбилей 50 лет
наташа с юбилеем 50 лет поздравления;20;top;юбилей 50 лет
поздравить с юбилеем 50 лет женщине открытка;20;top;юбилей 50 лет
где отметить день рождения ребенка в жуковском;20;top;где отметить день рождения
клубы где отметить день рождения;20;top;где отметить день рождения
где отметить день рождения в декабре;20;top;где отметить день рождения
где отметить день рождения 16 лет девушке;20;top;где отметить день рождения
где отметить день рождения ребенка в электростали;20;top;где отметить день рождения
где отметить день рождения кафе рестораны;20;top;где отметить день рождения
где отметить день рождения 4 человека;20;top;где отметить день рождения
где в павловске отметить день рождения;20;top;где отметить день рождения
где отметить день рождения в павловском посаде;20;top;где отметить день рождения
где отметить день рождения список;20;top;где отметить день рождения
рестораны для дня рождения со скидкой;20;top;ресторан для дня рождения
рестораны москвы для дня рождения скидкой;20;top;ресторан для дня рождения
рестораны для проведения корпоратива;19;top;ресторан для корпоратива
новогодние конкурсы для корпоратива;19;top;новогодний корпоратив
новогодний корпоратив под ключ москва;19;top;новогодний корпоратив | корпоратив москва | корпоратив под ключ
порно видео новогоднего корпоратива;19;top;новогодний корпоратив
порно потрахались на новогоднем корпоративе;19;top;новогодний корпоратив
новогодний корпоратив слушать;19;top;новогодний корпоратив
новогодний корпоратив с отдельным залом;19;top;новогодний корпоратив
новогодний корпоратив сотрудников;19;top;новогодний корпоратив
кулинарный корпоратив в москве;19;top;корпоратив москва
летний корпоратив на природе;19;top;корпоратив на природе
организация корпоратива на природе;19;top;корпоратив на природе | организация корпоратива
ресторан для празднования юбилея москва;19;top;ресторан для юбилея
юбилей на 20 человек где отметить;19;top;где отметить юбилей
где отметить юбилей в коломне;19;top;где отметить юбилей
юбилей компании 50 лет;19;top;юбилей 50 лет
с юбилеем женщине 50 лет трогательные;19;top;юбилей 50 лет
приглашаю на юбилей 50 лет;19;top;юбилей 50 лет
юбилей 50 лет мужчине поздравление в стихах;19;top;юбилей 50 лет
юбилеем 50 лет женщине сестре;19;top;юбилей 50 лет
переделки юбилей 50 лет женщине;19;top;юбилей 50 лет
как украсить юбилей 50 лет;19;top;юбилей 50 лет
сценарий юбилей 90 х 50 лет;19;top;юбилей 50 лет
что дарят на юбилей 50 лет мужчине;19;top;юбилей 50 лет
купить платье на юбилей 50 лет;19;top;юбилей 50 лет
смотреть юбилей 50 лет;19;top;юбилей 50 лет
юбилей школы 50 лет;19;top;юбилей 50 лет
юбилей баскова 50 лет;19;top;юбилей 50 лет
новый сценарий юбилеем 50 лет;19;top;юбилей 50 лет
стиль юбилея 50 лет мужчине;19;top;юбилей 50 лет
пригласительные на юбилей 50 лет женщине;19;top;юбилей 50 лет
юбилей начальницы 50 лет;19;top;юбилей 50 лет
юбилей 50 лет музыкальное поздравление;19;top;юбилей 50 лет
что подарить жене на юбилей 50 лет;19;top;юбилей 50 лет
как провести юбилей 50 лет;19;top;юбилей 50 лет
юбилей 50 лет сестрам двойняшкам;19;top;юбилей 50 лет
игры на юбилей 50 лет;19;top;юбилей 50 лет
выплаты на юбилей свадьбы 50 лет;19;top;юбилей 50 лет
юбилей 50 лет женщине ольге;19;top;юбилей 50 лет
сценарий юбилея 50 лет смешной;19;top;юбилей 50 лет
с юбилеем 50 лет куму;19;top;юбилей 50 лет
с юбилеем кума 50 лет;19;top;юбилей 50 лет
подарок мужу юбилей 50 лет;19;top;юбилей 50 лет
плейлист на юбилей 50 лет;19;top;юбилей 50 лет
скачать футаж юбилей 50 лет;19;top;юбилей 50 лет
юбилей 50 лет сказка;19;top;юбилей 50 лет
где можно активно отметить день рождения;19;top;где отметить день рождения
где отметить день рождения в январе;19;top;где отметить день рождения
день рождения 11 лет где отметить одинцово;19;top;где отметить день рождения
где можно круто отметить день рождения;19;top;где отметить день рождения
где отметить день рождение ребенку дешево;19;top;где отметить день рождения
где отметить день рождения ребенка 1 годик;19;top;где отметить день рождения
где отметить день рождения одной девушке;19;top;где отметить день рождения
где отметить день рождения в липецке;19;top;где отметить день рождения
где отметить день рождения в калуге;19;top;где отметить день рождения
где отметить день рождения ребенка в чехове;19;top;где отметить день рождения
где отметить день рождение в реутово;19;top;где отметить день рождения
вкусные рестораны для дня рождения;19;top;ресторан для дня рождения
ресторан с верандой для дня рождения;19;top;ресторан для дня рождения
ресторан для дня рождения подростка;19;top;ресторан для дня рождения
ресторан для дня рождения для двоих;19;top;ресторан для дня рождения
рестораны в красногорске для дня рождения;19;top;ресторан для дня рождения
какой ресторан выбрать для дня рождения;19;top;ресторан для дня рождения
ресторан для дня рождения рейтинг;19;top;ресторан для дня рождения
день рождение на природе на пикнике;19;top;день рождения на природе
лучший ресторан для корпоратива;18;top;ресторан для корпоратива
новогодний корпоратив в офисе;18;top;новогодний корпоратив
новогодний корпоратив нового;18;top;новогодний корпоратив
новогодний корпоратив 2;18;top;новогодний корпоратив
новогодний корпоратив за городом;18;top;новогодний корпоратив
новогодний корпоратив женщины;18;top;новогодний корпоратив
песни для новогоднего корпоратива;18;top;новогодний корпоратив
открытка с юбилеем 50 лет дочери;18;top;юбилей 50 лет
фон 50 лет юбилей;18;top;юбилей 50 лет
50 лет юбилей мужчине поздравления сценка;18;top;юбилей 50 лет
шаблоны скачать юбилей 50 лет;18;top;юбилей 50 лет
юбилей 50 лет мужчина царь;18;top;юбилей 50 лет
юбилей 50 лет дома женщине;18;top;юбилей 50 лет
семейный юбилей 50 лет;18;top;юбилей 50 лет
юбилей мужа 50 лет сценарий ведущая;18;top;юбилей 50 лет
александр с юбилеем 50 лет;18;top;юбилей 50 лет
песня переделка на юбилей женщине 50 лет;18;top;юбилей 50 лет
поздравление брата юбилеем сестру 50 лет;18;top;юбилей 50 лет
золотой юбилей 50 лет совместной жизни;18;top;юбилей 50 лет
невестки 50 лет юбилей невестки;18;top;юбилей 50 лет
поздравление с юбилеем 50 лет светлану;18;top;юбилей 50 лет
поздравления с юбилеем 50 лет свадьбы золотой;18;top;юбилей 50 лет
открытки с юбилеем 50 лет совместной жизни;18;top;юбилей 50 лет
выплаты к юбилею 50 лет жизни;18;top;юбилей 50 лет
конкурсы для юбилея 50 лет женщине прикольные;18;top;юбилей 50 лет
юбилей директора 50 лет;18;top;юбилей 50 лет
про юбилей 50 лет женщине;18;top;юбилей 50 лет
песня подруге на юбилей 50 лет;18;top;юбилей 50 лет
прикольный тост на юбилей 50 лет;18;top;юбилей 50 лет
торты на юбилей мужчине 50 лет фото;18;top;юбилей 50 лет
проведение юбилея 50 лет женщине;18;top;юбилей 50 лет
где отметить день рождения ребенка в егорьевске;18;top;где отметить день рождения
день рождения где отметить бесплатно;18;top;где отметить день рождения
где отметить детский день рождения в раменском;18;top;где отметить день рождения
где отметить день рождения в мск;18;top;где отметить день рождения
где отметить день рождения ребенка в воскресенске;18;top;где отметить день рождения
где можно отметить день рождения королеве;18;top;где отметить день рождения
ростов на дону где отметить день рождения;18;top;где отметить день рождения
где отметить день рождения ребенка в ногинске;18;top;где отметить день рождения
где отметить день рождения в саратове;18;top;где отметить день рождения
где отметить день рождения бабушки;18;top;где отметить день рождения
детские комнаты где отметить день рождения;18;top;где отметить день рождения
где дешево отметить день рождения в москве;18;top;где отметить день рождения
идеи где отметить день рождения взрослого;18;top;где отметить день рождения
где можно отметить день рождения 7;18;top;где отметить день рождения
где отметить день рождения ребенка митино;18;top;где отметить день рождения
где отметить день рождения мужа в москве;18;top;где отметить день рождения
где отметить день рождения ребенка 15 лет;18;top;где отметить день рождения
день рождения где отметить ребенку 15;18;top;где отметить день рождения
недорогое место где отметить день рождение;18;top;где отметить день рождения
где можно отметить день рождения осенью;18;top;где отметить день рождения
где отметить день рождения и потанцевать;18;top;где отметить день рождения
где можно отметить день рождения в железнодорожном;18;top;где отметить день рождения
где отметить день рождения ребенка в пушкино;18;top;где отметить день рождения
где отметить день рождения 23 года;18;top;где отметить день рождения
где отметить взрослый день рождения компанией;18;top;где отметить день рождения
топ ресторанов для дня рождения;18;top;ресторан для дня рождения
ресторан для празднования дня рождения ребенка;18;top;ресторан для дня рождения
ресторан для дня рождения отдельный зал;18;top;ресторан для дня рождения
рецепты на день рождения на природе;18;top;день рождения на природе
где отпраздновать день рождение на природе;18;top;день рождения на природе
бутерброды к праздничному столу;17;assoc;банкетный зал для корпоратива
камеди клаб новогодний корпоратив;17;top;новогодний корпоратив
смотреть новогодний корпоратив 2016;17;top;новогодний корпоратив
на новогоднем корпоративе рассказ;17;top;новогодний корпоратив
островок корпоративным клиентам;17;assoc;корпоратив под ключ
организация выездных корпоративов;17;top;организация корпоратива
хинкальный дом юбилейная;17;assoc;ресторан для юбилея
где отметить юбилей компании;17;top;где отметить юбилей
где отметить юбилей 30;17;top;где отметить юбилей
где отметить юбилей отзывы;17;top;где отметить юбилей
где отметить юбилей в мытищах;17;top;где отметить юбилей
организация юбилей 50 лет;17;top;юбилей 50 лет
поздравить мужа с юбилеем 50 лет;17;top;юбилей 50 лет
с юбилеем 50 лет подруге красивые;17;top;юбилей 50 лет
трогательное поздравление с юбилеем 50 лет женщине;17;top;юбилей 50 лет
юбилей мужчины 50 лет интересные;17;top;юбилей 50 лет
костюмы на юбилей 50 лет женщине;17;top;юбилей 50 лет
поздравление с юбилеем свадьбы 50 лет совместной;17;top;юбилей 50 лет
шаблоны юбилеем 50 лет мужчине;17;top;юбилей 50 лет
баннер юбилей 50 лет;17;top;юбилей 50 лет
юбилей 50 лет тексты поздравления;17;top;юбилей 50 лет
50 лет это золотой юбилей;17;top;юбилей 50 лет
мужской юбилей 50 лет;17;top;юбилей 50 лет
скачать приглашение на юбилей 50 лет;17;top;юбилей 50 лет
юбилей 50 лет мужу поздравления трогательные;17;top;юбилей 50 лет
что одеть на юбилей 50 лет;17;top;юбилей 50 лет
что одеть на юбилей 50 лет женщине;17;top;юбилей 50 лет
сколько дарить на юбилей 50 лет мужчине;17;top;юбилей 50 лет
мужчине 50 лет юбилей оригинальное поздравление;17;top;юбилей 50 лет
юбилей 50 лет мужчине прикольный готовый;17;top;юбилей 50 лет
ведущая жена юбилей мужа 50 лет;17;top;юбилей 50 лет
юбилей мужа 50 лет сценарий ведущая жена;17;top;юбилей 50 лет
песня жене на юбилей 50 лет;17;top;юбилей 50 лет
кумарин юбилей 50 лет;17;top;юбилей 50 лет
подарок другу на юбилей 50 лет;17;top;юбилей 50 лет
подарок другу на юбилей 50 лет мужчине;17;top;юбилей 50 лет
смешные картинки юбилей 50 лет;17;top;юбилей 50 лет
сергей с юбилеем 50 лет открытки;17;top;юбилей 50 лет
как отметить юбилей 50 лет мужчине;17;top;юбилей 50 лет
юбилей 50 лет евгении;17;top;юбилей 50 лет
юбилей 50 лет евгению;17;top;юбилей 50 лет
юбилей 50 лет сегодня;17;top;юбилей 50 лет
юбилей 50 лет 25 25;17;top;юбилей 50 лет
где можно классно отметить день рождения;17;top;где отметить день рождения
где отметить день рождения 30 человек;17;top;где отметить день рождения
где отметить день рождения в гродно;17;top;где отметить день рождения
где можно отметить день рождения 19 лет;17;top;где отметить день рождения
праздники день рождения где отметить;17;top;где отметить день рождения
где можно отметить день рождения парня;17;top;где отметить день рождения
красивые места где отметить день рождения;17;top;где отметить день рождения
где отметить день рождения чертаново;17;top;где отметить день рождения
где отметить день рождения в подольске взрослому;17;top;где отметить день рождения
где отметить день рождения в смоленске;17;top;где отметить день рождения
детский день рождения 10 лет где отметить;17;top;где отметить день рождения
рестораны в домодедово для дня рождения;17;top;ресторан для дня рождения
меню ресторана для дня рождения;17;top;ресторан для дня рождения
поздравление с днем рождения на природе;17;top;день рождения на природе
еда на день рождения на природе;17;top;день рождения на природе
взрослый новогодний корпоратив;16;top;новогодний корпоратив
сценарий новогоднего корпоратива смешной;16;top;новогодний корпоратив
петросян новогодний корпоратив;16;top;новогодний корпоратив
корпоратив на теплоходе в москве с программой;16;top;корпоратив москва
активный корпоратив в москве;16;top;корпоратив москва
корпоратив на природе в чем пойти;16;top;корпоратив на природе
банкет рент;16;assoc;банкетный зал на юбилей | банкетный зал на день рождения
подарки на юбилей сестре 50 лет;16;top;юбилей 50 лет
как необычно отметить юбилей 50 лет;16;top;юбилей 50 лет
домашний юбилей 50 лет мужчине;16;top;юбилей 50 лет
юбилей свадьбы 50 лет какая свадьба;16;top;юбилей 50 лет
частушки на юбилей 50 лет прикольные;16;top;юбилей 50 лет
юбилей 50 лет поздравления песни;16;top;юбилей 50 лет
сколько дарить на юбилей 50 лет женщине;16;top;юбилей 50 лет
шаблон приглашения на юбилей 50 лет мужчине;16;top;юбилей 50 лет
шаблон юбилей 50 лет женщине;16;top;юбилей 50 лет
украшение юбилея 50 лет женщине;16;top;юбилей 50 лет
м юбилеем 50 лет;16;top;юбилей 50 лет
поздравления любимому с юбилеем 50 лет;16;top;юбилей 50 лет
поздравление друга с юбилеем 50 лет мужчине;16;top;юбилей 50 лет
сценарий юбилея 50 лет женщине с юмором;16;top;юбилей 50 лет
сертификат для мужчины на юбилей 50 лет;16;top;юбилей 50 лет
юбилей марине 50 лет;16;top;юбилей 50 лет
подарок руководителю на юбилей 50 лет мужчине;16;top;юбилей 50 лет
50 лет юбилей мужчине прикольные короткие;16;top;юбилей 50 лет
день рождения 4 года девочке где отметить;16;top;где отметить день рождения
где отметить день рождения ребенка в серпухове;16;top;где отметить день рождения
где отметить день рождения вечером;16;top;где отметить день рождения
где отметить день рождения базы отдыха;16;top;где отметить день рождения
где отметить день рождения вчетвером;16;top;где отметить день рождения
где можно отметить день рождения с семьей;16;top;где отметить день рождения
где отметить день рождения в волгограде;16;top;где отметить день рождения
идеи где отметить день рождения ребенка;16;top;где отметить день рождения
где отметить день рождение ребенку 18;16;top;где отметить день рождения
где отметить день рождения ребенка 18 лет;16;top;где отметить день рождения
где отметить день рождения 11 человек;16;top;где отметить день рождения
где в рязани отметить день рождения ребенка;16;top;где отметить день рождения
где отметить день рождения в тюмени;16;top;где отметить день рождения
где отметить детский день рождения центр;16;top;где отметить день рождения
новогодние корпоративы на работе;15;top;новогодний корпоратив
новогодний корпоратив фильм отзывы;15;top;новогодний корпоратив
новогодний корпоратив костюмы;15;top;новогодний корпоратив
новогодний корпоратив фильм 2016 смотреть;15;top;новогодний корпоратив
killagram новогодний корпоратив;15;top;новогодний корпоратив
игры корпоратив москва;15;top;корпоратив москва
как одеться на корпоратив на природу;15;top;корпоратив на природе
прикольный корпоратив на природе;15;top;корпоратив на природе
корпоративизм это;15;assoc;корпоратив на природе
где отметить юбилей 70 лет;15;top;где отметить юбилей
танцевальные песни на юбилей 50 лет;15;top;юбилей 50 лет
поздравления с юбилеем свадьбы 50 лет красивые;15;top;юбилей 50 лет
домашний сценарий юбилея 50 лет мужчине;15;top;юбилей 50 лет
что надеть на юбилей 50 лет женщине;15;top;юбилей 50 лет
поздравление на юбилей женщине 50 лет душевное;15;top;юбилей 50 лет
программа на юбилей 50 лет;15;top;юбилей 50 лет
с юбилеем денис 50 лет;15;top;юбилей 50 лет
как отметить юбилей 50 лет женщине необычно;15;top;юбилей 50 лет
шарики 50 лет юбилей;15;top;юбилей 50 лет
с юбилеем 50 лет девушке;15;top;юбилей 50 лет
юбилей 50 лет женщине сценарий смешной;15;top;юбилей 50 лет
прикольная открытка с юбилеем 50 лет женщине;15;top;юбилей 50 лет
сценки на юбилей женщине 50 лет прикольные;15;top;юбилей 50 лет
медаль с юбилеем 50 лет;15;top;юбилей 50 лет
сценарий проведения юбилея 50 лет женщине;15;top;юбилей 50 лет
домашний юбилей 50 лет женщине;15;top;юбилей 50 лет
слова на юбилей 50 лет жене;15;top;юбилей 50 лет
алексей с юбилеем 50 лет картинки;15;top;юбилей 50 лет
стол на юбилей 50 лет мужчине;15;top;юбилей 50 лет
юбилей 50 лет татьяна открытки;15;top;юбилей 50 лет
юбилеем 50 лет мама стихи;15;top;юбилей 50 лет
друга с юбилеем 50 лет прикольные;15;top;юбилей 50 лет
поздравление алексею с юбилеем 50 лет;15;top;юбилей 50 лет
поздравляем с юбилеем 50 лет совместной жизни;15;top;юбилей 50 лет
торт на юбилей 50 лет прикольный;15;top;юбилей 50 лет
начало юбилея 50 лет;15;top;юбилей 50 лет
стихи с днем юбилея 50 лет;15;top;юбилей 50 лет
стол на юбилей 50 лет женщине;15;top;юбилей 50 лет
стихи подруге на юбилей 50 лет;15;top;юбилей 50 лет
где отметить 22 день рождения;15;top;где отметить день рождения
где отметить день рождения ребенка в химках;15;top;где отметить день рождения
где отметить день рождения в туле;15;top;где отметить день рождения
где лучше отмечать день рождения ребенка;15;top;где отметить день рождения
где отметить день рождения 20 лет девушке;15;top;где отметить день рождения
где отметить день рождения в зеленоградске;15;top;где отметить день рождения
где отметить день рождения ребенка в солнечногорске;15;top;где отметить день рождения
где отметить день рождения в октябре;15;top;где отметить день рождения
где отметить день рождения музей;15;top;где отметить день рождения
где отметить детский день рождения в люберцах;15;top;где отметить день рождения
где отметить день рождения в самаре;15;top;где отметить день рождения
где можно отметить день рождения летом;15;top;где отметить день рождения
где отметить день рождения юзао;15;top;где отметить день рождения
где отметить день рождения и цены;15;top;где отметить день рождения
питер рестораны для дня рождения;15;top;ресторан для дня рождения
банкетное меню для кафе;14;assoc;ресторан для корпоратива | ресторан для дня рождения
площадка для корпоратива на природе;14;top;площадка для корпоратива | корпоратив на природе
сценарий корпоратива новогодний для коллег;14;top;новогодний корпоратив
время новогодних корпоративов;14;top;новогодний корпоратив
какой новогодний корпоратив запомнился больше всего;14;top;новогодний корпоратив
новогодний корпоратив 2016 отзывы;14;top;новогодний корпоратив
новогодний корпоратив фильм 2016 отзывы;14;top;новогодний корпоратив
новогодний корпоратив дженнифер;14;top;новогодний корпоратив
новогодний корпоратив дженнифер энистон;14;top;новогодний корпоратив
новогодний корпоратив энистон;14;top;новогодний корпоратив
фильм новогодний корпоратив энистон;14;top;новогодний корпоратив
веселого новогоднего корпоратива;14;top;новогодний корпоратив
шоу на корпоратив москва;14;top;корпоратив москва
организация проведения корпоративов;14;top;организация корпоратива
игры на сплочение коллектива в лагере;14;assoc;тимбилдинг на природе
банкетный зал на юбилей москва;14;top;банкетный зал на юбилей
банкетный зал для юбилея на 20;14;top;банкетный зал на юбилей
банкетный зал для юбилея на 20 человек;14;top;банкетный зал на юбилей
место где отметить юбилей;14;top;где отметить юбилей
красивые платья на юбилей 50 лет;14;top;юбилей 50 лет
леночка с юбилеем 50 лет;14;top;юбилей 50 лет
поздравить женщину с юбилеем 50 лет красиво;14;top;юбилей 50 лет
текст приглашения на юбилей 50 лет;14;top;юбилей 50 лет
лучший юбилей 50 лет мужчине;14;top;юбилей 50 лет
картинки с днем юбилеем 50 лет женщина;14;top;юбилей 50 лет
юбилей женщины 50 лет на работе;14;top;юбилей 50 лет
50 лет юбилей слушать;14;top;юбилей 50 лет
гость на юбилее женщине 50 лет;14;top;юбилей 50 лет
дочку с юбилеем 50 лет;14;top;юбилей 50 лет
написать с юбилеем 50 лет;14;top;юбилей 50 лет
прикольные картинки с юбилеем 50 лет женщине;14;top;юбилей 50 лет
50 лет юбилей дочери стихи;14;top;юбилей 50 лет
с юбилеем сына 50 лет родителям;14;top;юбилей 50 лет
с юбилеем юлия 50 лет;14;top;юбилей 50 лет
юбилеем 50 лет мудрые;14;top;юбилей 50 лет
с юбилеем 50 лет брату своими словами;14;top;юбилей 50 лет
юбилей 50 лет шуточные подарки;14;top;юбилей 50 лет
торт маме на юбилей 50 лет квадратный;14;top;юбилей 50 лет
праздники юбилей 50 лет;14;top;юбилей 50 лет
юбилей 50 лет сценарий поздравления;14;top;юбилей 50 лет
торт мужу юбилей 50 лет;14;top;юбилей 50 лет
с юбилеем любимого сына 50 лет;14;top;юбилей 50 лет
юбилей свата 50 лет;14;top;юбилей 50 лет
тематика юбилея 50 лет;14;top;юбилей 50 лет
футаж 50 лет юбилей женщине;14;top;юбилей 50 лет
видео открытки с юбилеем 50 лет;14;top;юбилей 50 лет
мини сценки на юбилей 50 лет;14;top;юбилей 50 лет
поздравляем с юбилеем свадьбы 50 лет;14;top;юбилей 50 лет
плейлист на юбилей 50 лет женщине танцевальная;14;top;юбилей 50 лет
плейлист на юбилей 50 лет танцевальная;14;top;юбилей 50 лет
видео поздравление с юбилеем 50 лет мужчине;14;top;юбилей 50 лет
где можно отметить день рождения в питере;14;top;где отметить день рождения
где отметить день рождения в уфе;14;top;где отметить день рождения
день рождения ребенка воронеж где отметить;14;top;где отметить день рождения
где отметить день рождения в новосибирске взрослому;14;top;где отметить день рождения
где отметить день рождения московский район;14;top;где отметить день рождения
где отметить день рождение 22 года;14;top;где отметить день рождения
день рождения в дмитрове где отметить детям;14;top;где отметить день рождения
где отметить день рождения 26 лет;14;top;где отметить день рождения
где отметить день рождения 40 лет;14;top;где отметить день рождения
где отметить день рождения ребенка саратов;14;top;где отметить день рождения
где отметить день рождения собаки;14;top;где отметить день рождения
где отметить день рождения в курске;14;top;где отметить день рождения
где отмечать день рождения подростка с друзьями;14;top;где отметить день рождения
подольск где отметить день рождения подростка;14;top;где отметить день рождения
где отметить день рождения на улице;14;top;где отметить день рождения
комната где можно отметить день рождения;14;top;где отметить день рождения
хороший недорогой ресторан для дня рождения;14;top;ресторан для дня рождения
грузинский ресторан для дня рождения;14;top;ресторан для дня рождения
рестораны казани для дня рождения;14;top;ресторан для дня рождения
кафе ресторан для дня рождения москва;14;top;ресторан для дня рождения
рестораны в южном бутово для дня рождения;14;top;ресторан для дня рождения
рестораны в подольске для дня рождения;14;top;ресторан для дня рождения
организация дня рождения на природе;14;top;день рождения на природе
день рождения мужа на природе;14;top;день рождения на природе
где провести день рождения на природе;14;top;день рождения на природе
где отметить новогодний корпоратив в москве;13;top;новогодний корпоратив | корпоратив москва
где можно провести корпоратив в москве;13;top;корпоратив москва
корпоратив москва цены;13;top;корпоратив москва
квиз на корпоратив москва;13;top;корпоратив москва
конкурсы для корпоратива на природе;13;top;корпоратив на природе
выездной корпоратив на природе;13;top;корпоратив на природе
загородные отели для корпоратива;13;top;загородный корпоратив
банкетный зал для юбилея на 30 человек;13;top;банкетный зал на юбилей
где отметить юбилей в серпухове;13;top;где отметить юбилей
где отметить юбилей мужа;13;top;где отметить юбилей
где отметить юбилей с живой музыкой;13;top;где отметить юбилей
где отметить юбилей 60 лет;13;top;где отметить юбилей
где отметить юбилей 35;13;top;где отметить юбилей
где можно отметить день рождения юбилей;13;top;где отметить юбилей | где отметить день рождения
с юбилеем 50 лет сестре своими словами;13;top;юбилей 50 лет
с юбилеем 50 лет на татарском;13;top;юбилей 50 лет
москве открытку с юбилеем 50 лет;13;top;юбилей 50 лет
веселые песни на юбилей 50 лет;13;top;юбилей 50 лет
в связи с юбилеем 50 лет;13;top;юбилей 50 лет
смешные конкурсы на юбилей 50 лет мужчине;13;top;юбилей 50 лет
украшение зала на юбилей 50 лет женщине;13;top;юбилей 50 лет
онлайн приглашение на юбилей 50 лет;13;top;юбилей 50 лет
прикол 50 лет юбилей мужчине;13;top;юбилей 50 лет
с юбилеем женщине 50 лет от коллектива;13;top;юбилей 50 лет
с юбилеем сестренка 50 лет поздравления;13;top;юбилей 50 лет
поздравление племяннику с юбилеем 50 лет;13;top;юбилей 50 лет
поздравить маму с юбилеем 50 лет;13;top;юбилей 50 лет
поздравления с юбилеем 50 лет татьяну;13;top;юбилей 50 лет
открытка с юбилеем 50 лет наташе;13;top;юбилей 50 лет
юбилей 50 прожитых лет;13;top;юбилей 50 лет
юбилей валеры 50 лет;13;top;юбилей 50 лет
день рождения сына 50 лет юбилей;13;top;юбилей 50 лет
роман с юбилеем 50 лет мужчине;13;top;юбилей 50 лет
стихотворение на юбилей 50 лет;13;top;юбилей 50 лет
украшение на юбилей 50 лет мужчине;13;top;юбилей 50 лет
как отпраздновать юбилей 50 лет мужчине;13;top;юбилей 50 лет
фотоэффект поздравление с юбилеем 50 лет;13;top;юбилей 50 лет
приглашение на юбилей 50 лет женщине шаблон;13;top;юбилей 50 лет
текст на юбилей 50 лет женщине;13;top;юбилей 50 лет
можно отмечать юбилей 50 лет;13;top;юбилей 50 лет
с юбилеем 50 лет двоюродной сестре;13;top;юбилей 50 лет
фотографии юбилея 50 лет;13;top;юбилей 50 лет
где отметить день рождения 5 человек;13;top;где отметить день рождения
где отметить день рождения в нахабино ребенку;13;top;где отметить день рождения
где отметить день рождения в белгороде;13;top;где отметить день рождения
алиса где можно отметить день рождения;13;top;где отметить день рождения
где отметить детский день рождения 5 лет;13;top;где отметить день рождения
где отметить день рождения в коломне взрослому;13;top;где отметить день рождения
где отметить день рождения 6 человек;13;top;где отметить день рождения
где отметить день рождения лофт;13;top;где отметить день рождения
где отметить день рождения в перми;13;top;где отметить день рождения
где весело отметить день рождения ребенка;13;top;где отметить день рождения
где можно отметить день рождения необычно;13;top;где отметить день рождения
где отметить день рождения в старом;13;top;где отметить день рождения
где отметить день рождения йошкар ола;13;top;где отметить день рождения
идеи где отметить день рождения подростку;13;top;где отметить день рождения
детский день рождения где отмечать девочке;13;top;где отметить день рождения
где отметить летнее день рождение ребенка;13;top;где отметить день рождения
где отметить день рождения ребенку подростку;13;top;где отметить день рождения
где отметить день рождения в екатеринбурге;13;top;где отметить день рождения
где отметить день рождения дочки в москве;13;top;где отметить день рождения
где отметить день рождения девушке 30;13;top;где отметить день рождения
день рождения женщине где отметить москва;13;top;где отметить день рождения
рестораны для дня рождения рядом;13;top;ресторан для дня рождения
рестораны зеленоград для дня рождения;13;top;ресторан для дня рождения
фотосессия дня рождения на природе;13;top;день рождения на природе
подарок на день рождения на природе;13;top;день рождения на природе
день рождения подростка на природе;13;top;день рождения на природе
накрыть стол на день рождения на природе;13;top;день рождения на природе
банкетные залы для проведения корпоратива;12;top;банкетный зал для корпоратива
закуски к пиву на праздничный стол;12;assoc;банкетный зал для корпоратива
новогодний корпоратив фильм с дженнифер;12;top;новогодний корпоратив
новогодний корпоратив фильм с дженнифер энистон;12;top;новогодний корпоратив
новогодний корпоратив 2027 москва;12;top;новогодний корпоратив | корпоратив москва
тема для новогоднего корпоратива;12;top;новогодний корпоратив
интересный корпоратив в москве;12;top;корпоратив москва
теплоход по москве реке корпоратив;12;top;корпоратив москва
корпоративы в москве летние;12;top;корпоратив москва
беседка для корпоратива москва;12;top;корпоратив москва
керлинг в москве корпоратив;12;top;корпоратив москва
что одеть на корпоратив на природу;12;top;корпоратив на природе
корпоратив в загородном доме;12;top;загородный корпоратив
банкетные залы на юбилей в москве;12;top;банкетный зал на юбилей
ресторан для юбилея с живой музыкой;12;top;ресторан для юбилея
где отметить юбилей 35 лет;12;top;где отметить юбилей
где отметить юбилей 20 лет;12;top;где отметить юбилей
поздравить ольгу с юбилеем 50 лет;12;top;юбилей 50 лет
сценарий юбилея прикольный новый 50 лет;12;top;юбилей 50 лет
в 50 лет юбилей человеку;12;top;юбилей 50 лет
приколы юбилеем 50 лет женщине;12;top;юбилей 50 лет
шуточная сценка юбилею 50 лет;12;top;юбилей 50 лет
юбилей 50 лет женщине новые;12;top;юбилей 50 лет
фото с юбилеем 50 лет женщине;12;top;юбилей 50 лет
гифка с юбилеем 50 лет женщине;12;top;юбилей 50 лет
песня юбилеем 50 лет бесплатно;12;top;юбилей 50 лет
юбилей 50 лет тамала;12;top;юбилей 50 лет
поздравить коллегу с юбилеем 50 лет;12;top;юбилей 50 лет
юбилей учителя 50 лет;12;top;юбилей 50 лет
юбилей 50 лет мужчине без тамады;12;top;юбилей 50 лет
открытки с юбилеем 50 лет любимому;12;top;юбилей 50 лет
фотозона на юбилей 50 лет женщине;12;top;юбилей 50 лет
стихи на юбилей 50 лет женщине коллеге;12;top;юбилей 50 лет
юбилей 50 лет как одеваться;12;top;юбилей 50 лет
50 лет юбилей называется;12;top;юбилей 50 лет
организовать юбилей 50 лет;12;top;юбилей 50 лет
юбилей любимой женщине 50 лет;12;top;юбилей 50 лет
тамада на юбилей 50 лет женщине;12;top;юбилей 50 лет
с юбилеем 50 лет ольге красивые;12;top;юбилей 50 лет
цветы на юбилей женщине 50 лет;12;top;юбилей 50 лет
варианты тортов на юбилей 50 лет;12;top;юбилей 50 лет
юбилей мужа 50 лет дома;12;top;юбилей 50 лет
юбилей 50 лет текст песен;12;top;юбилей 50 лет
программа на юбилей 50 лет женщине;12;top;юбилей 50 лет
50 лет юбилей ирине поздравления;12;top;юбилей 50 лет
картинка с юбилеем 50 лет мужчине прикольные;12;top;юбилей 50 лет
лучший подарок на юбилей 50 лет;12;top;юбилей 50 лет
юбилей 50 лет мужчине любимому;12;top;юбилей 50 лет
заказать торт на юбилей 50 лет;12;top;юбилей 50 лет
юбилей виктора 50 лет;12;top;юбилей 50 лет
веселые конкурсы на юбилей 50 лет мужчине;12;top;юбилей 50 лет
сценарий на работе юбилей 50 лет;12;top;юбилей 50 лет
где отпраздновать юбилей 50 лет;12;top;юбилей 50 лет
крестная юбилей 50 лет;12;top;юбилей 50 лет
конверт с юбилеем 50 лет;12;top;юбилей 50 лет
с юбилеем 50 лет женщине наталья;12;top;юбилей 50 лет
где отметить день рождение с подругой вдвоем;12;top;где отметить день рождения
где отметить день рождения нижний новгород взрослому;12;top;где отметить день рождения
где отметить день рождения в брянске;12;top;где отметить день рождения
где отметить день рождения 8 человек;12;top;где отметить день рождения
где отметить ребенку день рождение центр;12;top;где отметить день рождения
где отметить день рождения втроем;12;top;где отметить день рождения
необычные места где отметить день рождения;12;top;где отметить день рождения
где отметить день рождения в некрасовке;12;top;где отметить день рождения
где отметить день рождения футболиста;12;top;где отметить день рождения
где весело отметить день рождения с друзьями;12;top;где отметить день рождения
где отметить день рождения в чебоксарах;12;top;где отметить день рождения
александров где отметить день рождение;12;top;где отметить день рождения
ресторан для дня рождения отметить;12;top;ресторан для дня рождения
бюджетные рестораны в москве для дня рождения;12;top;ресторан для дня рождения
день рождения подруги на природе;12;top;день рождения на природе
поздравить на природе с днем рождения;12;top;день рождения на природе
открытка с днем рождения на природе;12;top;день рождения на природе
картинка день рождения на природе;12;top;день рождения на природе
новогодние корпоративы 2025;11;top;новогодний корпоратив
карибидис новогодний корпоратив;11;top;новогодний корпоратив
новогодний корпоратив дома;11;top;новогодний корпоратив
сценарий взрослого новогоднего корпоратива;11;top;новогодний корпоратив
новогодний корпоратив 2016 онлайн;11;top;новогодний корпоратив
новогодний корпоратив 2016 смотреть онлайн;11;top;новогодний корпоратив
новогодний корпоратив 2016 фильмы онлайн;11;top;новогодний корпоратив
новогодний корпоратив фильм 2016 смотреть онлайн;11;top;новогодний корпоратив
новогодний корпоратив ростов;11;top;новогодний корпоратив
новогодний корпоратив интересный;11;top;новогодний корпоратив
новогодние корпоративы 2026 2027;11;top;новогодний корпоратив
новогодний корпоратив тверь;11;top;новогодний корпоратив
как вести новогодний корпоратив;11;top;новогодний корпоратив
как отметить новогодний корпоратив;11;top;новогодний корпоратив
квесты корпоратив москва;11;top;корпоратив москва
изменяет после корпоратива москва видео;11;top;корпоратив москва
корпоратив в москве варианты;11;top;корпоратив москва
как провести корпоратив с коллегами в москве;11;top;корпоратив москва
корпоратив на природе где;11;top;корпоратив на природе
загородный корпоратив 2026 актеры;11;top;загородный корпоратив
загородный корпоратив актеры;11;top;загородный корпоратив
загородный корпоратив фильм 2026 актеры;11;top;загородный корпоратив
где отметить юбилей взрослому;11;top;где отметить юбилей
где отметить юбилей зимой;11;top;где отметить юбилей
где интересно отметить юбилей;11;top;где отметить юбилей
где отметить юбилей 50 лет женщине;11;top;где отметить юбилей | юбилей 50 лет
юбилей бабушке 50 лет;11;top;юбилей 50 лет
сценарий 50 лет юбилея совместный;11;top;юбилей 50 лет
50 лет юбилей мужу открытки;11;top;юбилей 50 лет
поздравление сестре на юбилей 50 лет;11;top;юбилей 50 лет
поздравления с юбилеем оксане 50 лет;11;top;юбилей 50 лет
украсить юбилей женщины 50 лет;11;top;юбилей 50 лет
поздравить натали с юбилеем 50 лет;11;top;юбилей 50 лет
смешные конкурсы на юбилей 50 лет женщине;11;top;юбилей 50 лет
с юбилеем 50 лет дорогой друг;11;top;юбилей 50 лет
короткий тост на юбилей 50 лет;11;top;юбилей 50 лет
прикольная сказка на юбилей двойняшкам 50 лет;11;top;юбилей 50 лет
с юбилеем 50 лет однокласснице;11;top;юбилей 50 лет
поздравления с юбилеем 50 лет мужчине коллеге;11;top;юбилей 50 лет
юбилей волочковой 50 лет;11;top;юбилей 50 лет
с юбилеем 50 лет женщине оксане;11;top;юбилей 50 лет
идея празднования юбилея 50 лет;11;top;юбилей 50 лет
песня 50 лет мужчине на юбилей веселая;11;top;юбилей 50 лет
красивое поздравление юбилеем 50 лет мужа;11;top;юбилей 50 лет
премия на юбилей 50 лет;11;top;юбилей 50 лет
с юбилеем 50 лет людмила;11;top;юбилей 50 лет
поздравление с юбилеем 50 лет на татарском;11;top;юбилей 50 лет
танцевальные песни на юбилей 50 лет женщине;11;top;юбилей 50 лет
дорога жизни юбилей 50 лет;11;top;юбилей 50 лет
меню на юбилей 50 лет;11;top;юбилей 50 лет
цветы мужчине на юбилей 50 лет;11;top;юбилей 50 лет
скачать картинку с юбилеем 50 лет женщине;11;top;юбилей 50 лет
юбилей 50 лет мужчине музыкальный;11;top;юбилей 50 лет
юбилей 50 лет женщине начальнице;11;top;юбилей 50 лет
поздравление невестке юбилей 50 лет;11;top;юбилей 50 лет
креативный юбилей 50 лет женщине;11;top;юбилей 50 лет
тематический юбилей 50 лет;11;top;юбилей 50 лет
что подарить отцу на юбилей 50 лет;11;top;юбилей 50 лет
юбилеи дней рождений 50 лет видео;11;top;юбилей 50 лет
поздравление куме с юбилеем 50 лет;11;top;юбилей 50 лет
юбилей 50 лет плакаты;11;top;юбилей 50 лет
юбилей 50 лет саду;11;top;юбилей 50 лет
поздравление отцу с юбилеем 50 лет;11;top;юбилей 50 лет
где отметить день рождения со взрослыми;11;top;где отметить день рождения
детский день рождение где отметить недорого;11;top;где отметить день рождения
где отметить детский день рождения в зеленограде;11;top;где отметить день рождения
где можно красиво отметить день рождения;11;top;где отметить день рождения
клуб где можно отметить день рождения;11;top;где отметить день рождения
где отметить день рождение в пятигорске;11;top;где отметить день рождения
где можно отметить день рождения идеи;11;top;где отметить день рождения
где можно отметить день рождения фото;11;top;где отметить день рождения
где отметить молодежи день рождение;11;top;где отметить день рождения
где отметить день рождения в краснодаре;11;top;где отметить день рождения
топ где можно отметить день рождения;11;top;где отметить день рождения
где можно отметить день рождения девушке;11;top;где отметить день рождения
беседки где отметить день рождения;11;top;где отметить день рождения
подскажите где отметить день рождения;11;top;где отметить день рождения
где отметить день рождения с дискотекой;11;top;где отметить день рождения
где отметить день рождения на карте;11;top;где отметить день рождения
где в ярославле можно отметить день рождения;11;top;где отметить день рождения
семейный ресторан для дня рождения;11;top;ресторан для дня рождения
праздничный стол на день рождения на природе;11;top;день рождения на природе
место день рождения на природе;11;top;день рождения на природе
день рождения женщины на природе;11;top;день рождения на природе
список продуктов на день рождения на природе;11;top;день рождения на природе
банкетные залы для новогоднего корпоратива;10;top;банкетный зал для корпоратива | новогодний корпоратив
загородные площадки для корпоратива;10;top;площадка для корпоратива | загородный корпоратив
карибидис корпоратив батрутдинов новогодний;10;top;новогодний корпоратив
новогодний корпоратив батрутдинов;10;top;новогодний корпоратив
новогодний корпоратив новый год;10;top;новогодний корпоратив
наряд на новогодний корпоратив;10;top;новогодний корпоратив
одежда на новогодний корпоратив мужская;10;top;новогодний корпоратив
новогодний секс корпоратив русское;10;top;новогодний корпоратив
новогодние конкурсы для корпоратива прикольные;10;top;новогодний корпоратив
выездной корпоратив москва;10;top;корпоратив москва
корпоратив за городом москва;10;top;корпоратив москва
корпоратив у воды в москве;10;top;корпоратив москва
конкурсы для корпоратива на природе прикольные;10;top;корпоратив на природе
корпоратив организация праздника;10;top;организация корпоратива
организация тимбилдинга на природе;10;top;тимбилдинг на природе
украшение банкетного зала на юбилей;10;top;банкетный зал на юбилей
банкетный зал для юбилея на 50 человек;10;top;банкетный зал на юбилей
грузинский ресторан для юбилея;10;top;ресторан для юбилея
где отметить юбилей девушке;10;top;где отметить юбилей
недорогое кафе где отметить юбилей;10;top;где отметить юбилей
где отметить юбилей 55;10;top;где отметить юбилей
где отметить юбилей 55 лет;10;top;где отметить юбилей
где отметить юбилей нижний новгород;10;top;где отметить юбилей
где отметить юбилей новгород;10;top;где отметить юбилей
где необычно отметить юбилей 50 лет;10;top;где отметить юбилей | юбилей 50 лет
квиз на юбилей 50 лет;10;top;юбилей 50 лет
с днем юбилеем сына 50 лет;10;top;юбилей 50 лет
красивое пожелание на юбилей 50 лет;10;top;юбилей 50 лет
домашний юбилей 50 лет женщине сценарий;10;top;юбилей 50 лет
пожелания на юбилей 50 лет мужчине;10;top;юбилей 50 лет
юбилей 50 лет как украсить зал;10;top;юбилей 50 лет
юбилей 50 лет женский;10;top;юбилей 50 лет
с юбилеем 50 лет лена;10;top;юбилей 50 лет
тост на день юбилея 50 лет;10;top;юбилей 50 лет
торты юбилей 50 лет свадьбы;10;top;юбилей 50 лет
сценарий юбилея 50 лет с тамадой;10;top;юбилей 50 лет
юбилей 50 лет без конкурсов;10;top;юбилей 50 лет
сюрприз на юбилей мужчине 50 лет;10;top;юбилей 50 лет
вставить фото юбилей 50 лет;10;top;юбилей 50 лет
интересные сценарии юбилея мужчины 50 лет;10;top;юбилей 50 лет
песня на юбилей свадьбы 50 лет;10;top;юбилей 50 лет
юбилей 50 лет смешные сценки;10;top;юбилей 50 лет
подарок подруге на юбилей 50 лет;10;top;юбилей 50 лет
дата 50 лет юбилей;10;top;юбилей 50 лет
что подарить сестре на 50 лет юбилей;10;top;юбилей 50 лет
юбилей 50 лет рамонь воронеж;10;top;юбилей 50 лет
50 лет не юбилей юрия антонова;10;top;юбилей 50 лет
песня юбилей 50 лет скачать бесплатно;10;top;юбилей 50 лет
скачать футажи юбилей 50 лет женщине;10;top;юбилей 50 лет
футаж бесплатно 50 лет юбилей;10;top;юбилей 50 лет
футажи юбилей 50 лет скачать бесплатно;10;top;юбилей 50 лет
подарок на юбилей женщине 50 лет идеи;10;top;юбилей 50 лет
валера с юбилеем 50 лет мужчине;10;top;юбилей 50 лет
скачать поздравления с юбилеем 50 лет мужчине;10;top;юбилей 50 лет
юбилей 50 лет сестры красивые;10;top;юбилей 50 лет
юбилей 50 лет мужчине цена;10;top;юбилей 50 лет
юбилей 50 лет ссср;10;top;юбилей 50 лет
юбилей 50 лет мужчине душевные;10;top;юбилей 50 лет
юбилей 50 лет мужчине дома;10;top;юбилей 50 лет
открытка с юбилеем 50 лет сестренке;10;top;юбилей 50 лет
с юбилеем 50 лет женщине стильные;10;top;юбилей 50 лет
мужской букет на юбилей 50 лет;10;top;юбилей 50 лет
мужской букет на юбилей 50 лет мужчине;10;top;юбилей 50 лет
50 лет юбилей стихи короткие;10;top;юбилей 50 лет
открытки с юбилеем 50 лет жене;10;top;юбилей 50 лет
юбилей крестника 50 лет;10;top;юбилей 50 лет
песня про юбилей 50 лет женщине;10;top;юбилей 50 лет
новое сценарий юбилея 50 лет мужчине;10;top;юбилей 50 лет
юбилей 50 лет мужчине новое;10;top;юбилей 50 лет
современный юбилей 50 лет сценарий;10;top;юбилей 50 лет
50 лет юбилей женщине меню;10;top;юбилей 50 лет
юбилей мужа 50 лет картинки;10;top;юбилей 50 лет
оформление зала на юбилей 50 лет;10;top;юбилей 50 лет
поздравления с юбилеем 50 лет дочери ольге;10;top;юбилей 50 лет
с юбилеем 50 лет женщине дочери;10;top;юбилей 50 лет
скачать с юбилеем 50 лет ольга;10;top;юбилей 50 лет
бары где можно отметить день рождения;10;top;где отметить день рождения
где отметить день рождения уютно;10;top;где отметить день рождения
где отметить день рождения в тамбове;10;top;где отметить день рождения
где отметить день рождения 14 человек;10;top;где отметить день рождения
где отметить день рождение в йошкар;10;top;где отметить день рождения
где отметить день рождения в йошкар оле;10;top;где отметить день рождения
где отметить день рождения в питере недорого;10;top;где отметить день рождения
где отметить день рождения в севастополе;10;top;где отметить день рождения
где отметить день рождения с родственниками;10;top;где отметить день рождения
где отметить день рождения в ереване;10;top;где отметить день рождения
заведение где можно отметить день рождения;10;top;где отметить день рождения
топ 10 где отметить день рождения;10;top;где отметить день рождения
где отметить день рождения жены вдвоем;10;top;где отметить день рождения
где отметить день рождения 17 лет парню;10;top;где отметить день рождения
где можно отметить день рождения в калининграде;10;top;где отметить день рождения
где отметить день рождения ребенка в видном;10;top;где отметить день рождения
где отметить день рождения 16 лет парню;10;top;где отметить день рождения
где отметить день рождения ребенка ховрино;10;top;где отметить день рождения
где отметить день рождения паре;10;top;где отметить день рождения
где отметить день рождения в крыму;10;top;где отметить день рождения
где день рождения отметить взрослому у серпухове;10;top;где отметить день рождения
снять ресторан для дня рождения;10;top;ресторан для дня рождения
рестораны бары для дня рождения;10;top;ресторан для дня рождения
лучшие рестораны серпухова для дня рождения;10;top;ресторан для дня рождения
день рождения детский строгино на природе;10;top;день рождения на природе
день рождения на природе оформление;10;top;день рождения на природе
ресторан для корпоратива москва с танцполом;9;top;ресторан для корпоратива | корпоратив москва
кафе ресторан для корпоратива;9;top;ресторан для корпоратива
новогодний корпоратив челябинск;9;top;новогодний корпоратив
где провести новогодний корпоратив в москве;9;top;новогодний корпоратив | корпоратив москва
новогодний корпоратив в каком стиле;9;top;новогодний корпоратив
бесплатно новогодний корпоратив 2016;9;top;новогодний корпоратив
новогодний корпоратив 2016 в хорошем;9;top;новогодний корпоратив
новогодний корпоратив 2016 качество;9;top;новогодний корпоратив
новогодний корпоратив 2016 онлайн бесплатно;9;top;новогодний корпоратив
новогодний корпоратив 2016 смотреть бесплатно;9;top;новогодний корпоратив
новогодний корпоратив 2016 смотреть в хорошем;9;top;новогодний корпоратив
новогодний корпоратив 2016 смотреть онлайн бесплатно;9;top;новогодний корпоратив
новогодний корпоратив 2016 смотреть хорошем качестве;9;top;новогодний корпоратив
новогодний корпоратив 2016 фильм бесплатно;9;top;новогодний корпоратив
новогодний корпоратив 2016 фильм в хорошем;9;top;новогодний корпоратив
новогодний корпоратив 2016 хорошее качество;9;top;новогодний корпоратив
новогодний корпоратив фильм 2016 смотреть бесплатно;9;top;новогодний корпоратив
новогодний корпоратив фильм 2016 хорошего качества;9;top;новогодний корпоратив
смотреть онлайн новогодний корпоратив 2016 качества;9;top;новогодний корпоратив
фильмы 2016 новогодний корпоратив смотреть хорошем;9;top;новогодний корпоратив
новогодний корпоратив ярославль;9;top;новогодний корпоратив
пельмени после новогоднего корпоратива;9;top;новогодний корпоратив
после новогоднего корпоратива уральские;9;top;новогодний корпоратив
уральские пельмени после новогоднего корпоратива;9;top;новогодний корпоратив
платье на новогодний корпоратив;9;top;новогодний корпоратив
главбух на новогоднем корпоративе танцует пьяная;9;top;новогодний корпоратив
новогодний корпоратив сценарий прикольный смешной для коллег;9;top;новогодний корпоратив
жена после новогоднего корпоратива;9;top;новогодний корпоратив
новогодние конкурсы для корпоратива прикольные короткие;9;top;новогодний корпоратив
форт боярд в москве корпоратив;9;top;корпоратив москва
кулинарный мастер класс москва корпоратив;9;top;корпоратив москва
места для проведения корпоратива в москве;9;top;корпоратив москва
место для корпоратива на природе;9;top;корпоратив на природе
корпоратив на природе летом;9;top;корпоратив на природе
на корпоратив на природе одежда;9;top;корпоратив на природе
идеи для корпоратива на природе;9;top;корпоратив на природе
смотреть загородный корпоратив бесплатно онлайн;9;top;загородный корпоратив
загородный корпоратив скачать торрент;9;top;загородный корпоратив
загородный корпоратив торрент;9;top;загородный корпоратив
организация корпоратива услуги;9;top;организация корпоратива
центр стоматологии в юбилейном;9;assoc;ресторан для юбилея
где отметить юбилей в рязани;9;top;где отметить юбилей
где отметить юбилей в подольске;9;top;где отметить юбилей
кафе где можно отметить юбилей недорого;9;top;где отметить юбилей
частушки на юбилей женщине 50 лет прикольные;9;top;юбилей 50 лет
руслана с юбилеем 50 лет;9;top;юбилей 50 лет
юбилей 50 лет максиму;9;top;юбилей 50 лет
как провести юбилей 50 лет женщине;9;top;юбилей 50 лет
юбилей детский сад 50 лет;9;top;юбилей 50 лет
юбилей шефа 50 лет;9;top;юбилей 50 лет
поздравить любимую с юбилеем 50 лет;9;top;юбилей 50 лет
юбилей 50 лет женщина домашний прикольный;9;top;юбилей 50 лет
с юбилеем днем свадьбы 50 лет;9;top;юбилей 50 лет
воспитатель юбилей 50 лет;9;top;юбилей 50 лет
прикольное приглашение на юбилей 50 лет;9;top;юбилей 50 лет
песня поздравление с юбилеем 50 лет женщине;9;top;юбилей 50 лет
что приготовить на юбилей 50 лет;9;top;юбилей 50 лет
юбилей коллеги 50 лет женщине прикольные;9;top;юбилей 50 лет
50 лет совместной жизни какой юбилей;9;top;юбилей 50 лет
смс юбилей 50 лет;9;top;юбилей 50 лет
поздравление с юбилеем 50 лет дочке;9;top;юбилей 50 лет
валерия юбилей 50 лет;9;top;юбилей 50 лет
юбилей валерии 50 лет;9;top;юбилей 50 лет
подарок начальнику на юбилей 50 лет;9;top;юбилей 50 лет
лариса юбилеем 50 лет;9;top;юбилей 50 лет
квиз на юбилей 50 лет женщине;9;top;юбилей 50 лет
украшение зала на юбилей 50 лет мужчине;9;top;юбилей 50 лет
скоро юбилей 50 лет;9;top;юбилей 50 лет
приглашение на день рождения юбилей 50 лет;9;top;юбилей 50 лет
стихи юбилеем 50 лет юмором;9;top;юбилей 50 лет
поздравление с юбилеем 50 лет женщине оксане;9;top;юбилей 50 лет
юбилей 50 лет короткие проза;9;top;юбилей 50 лет
поздравление директора с юбилеем 50 лет;9;top;юбилей 50 лет
юбилей 50 лет женщине сценарий новое;9;top;юбилей 50 лет
стихи мужу на юбилей 50 лет;9;top;юбилей 50 лет
открытка с юбилеем свадьбы 50 лет совместной;9;top;юбилей 50 лет
с юбилеем подруга 50 лет картинки;9;top;юбилей 50 лет
интересные конкурсы на юбилей 50 лет;9;top;юбилей 50 лет
с юбилеем 50 лет любовь;9;top;юбилей 50 лет
празднование юбилея женщины 50 лет;9;top;юбилей 50 лет
с юбилеем 50 лет сестре картинки;9;top;юбилей 50 лет
поздравление с юбилеем 50 лет роману;9;top;юбилей 50 лет
юбилей сестре 50 лет прикольные;9;top;юбилей 50 лет
поздравление юбилеем 50 лет прикольные сценки;9;top;юбилей 50 лет
прикольные подарки с юбилеем 50 лет;9;top;юбилей 50 лет
юбилей 50 лет поздравление необычные;9;top;юбилей 50 лет
сценарий 50 лет юбилей игры;9;top;юбилей 50 лет
юбилей 50 лет женщине лучший;9;top;юбилей 50 лет
сценка на юбилей мужчине 50 лет прикольные;9;top;юбилей 50 лет
поздравление с юбилеем 50 лет руководителю мужчине;9;top;юбилей 50 лет
сценарий юбилей 50 лет в коллективе;9;top;юбилей 50 лет
музыкальная открытка с юбилеем 50 лет женщине;9;top;юбилей 50 лет
поздравить племянника с юбилеем 50 лет;9;top;юбилей 50 лет
что подарить брату на юбилей 50 лет;9;top;юбилей 50 лет
открытка с юбилеем андрей 50 лет;9;top;юбилей 50 лет
поздравление с юбилеем 50 лет девушке;9;top;юбилей 50 лет
с юбилеем 50 лет женщине стильные открытки;9;top;юбилей 50 лет
частушки на юбилей мужчине 50 лет;9;top;юбилей 50 лет
посмотреть юбилей 50 лет муслиму баку;9;top;юбилей 50 лет
идеи для празднования юбилея 50 лет мужчине;9;top;юбилей 50 лет
празднование юбилея мужчины 50 лет;9;top;юбилей 50 лет
тематический юбилей 50 лет мужчине;9;top;юбилей 50 лет
юбилей 50 лет снохе;9;top;юбилей 50 лет
танюша с юбилеем 50 лет;9;top;юбилей 50 лет
поздравление с юбилеем 50 лет женщине руководителю;9;top;юбилей 50 лет
с юбилеем 50 лет женщине руководителю;9;top;юбилей 50 лет
проведения юбилея 50 лет мужчине;9;top;юбилей 50 лет
видео сценарий юбилея 50 лет женщина;9;top;юбилей 50 лет
юбилей 50 лет сыну пожелания;9;top;юбилей 50 лет
юбилей дочери 50 лет от родителей;9;top;юбилей 50 лет
где отметить день рождения малыша;9;top;где отметить день рождения
где можно отметить день рождения в ступино;9;top;где отметить день рождения
где отметить день рождения в белграде;9;top;где отметить день рождения
где отметить день рождения ребенка в смоленске;9;top;где отметить день рождения
где отметить день рождения в балашихе взрослому;9;top;где отметить день рождения
где можно прикольно отметить день рождения;9;top;где отметить день рождения
где отметить день рождения в железнодорожном взрослому;9;top;где отметить день рождения
где отметить день рождения мужчине москва;9;top;где отметить день рождения
где отметить молодежное день рождения;9;top;где отметить день рождения
где отметить день рождения в пензе;9;top;где отметить день рождения
где отметить детский день рождения в мытищах;9;top;где отметить день рождения
где отметить день рождения в кашире;9;top;где отметить день рождения
где отметить день рождения 14 летие;9;top;где отметить день рождения
где отметить день рождения подростка в мытищах;9;top;где отметить день рождения
где в воронеже можно отметить день рождения;9;top;где отметить день рождения
где отметить день рождения папы;9;top;где отметить день рождения
где отметить день рождения активно взрослому;9;top;где отметить день рождения
ресторан где отметить детский день рождения;9;top;где отметить день рождения
день рождения ребенка в ярославле где отметить;9;top;где отметить день рождения
где отметить день рождения подростка мальчика;9;top;где отметить день рождения
где скромно отметить день рождения;9;top;где отметить день рождения
где отметить день рождения 45 лет женщине;9;top;где отметить день рождения
где отметить день рождения женщине 45;9;top;где отметить день рождения
ресторан для дня рождения девушки;9;top;ресторан для дня рождения
рестораны в тушино для дня рождения;9;top;ресторан для дня рождения
аренда банкетного зала на день рождения;9;top;банкетный зал на день рождения
салаты на природу на день рождения;9;top;день рождения на природе
летние площадки для корпоратива;8;top;площадка для корпоратива
площадки для корпоратива подмосковье;8;top;площадка для корпоратива
слепаков новогодний корпоратив;8;top;новогодний корпоратив
слепакова на новогоднем корпоративе;8;top;новогодний корпоратив
веселое название новогоднего корпоратив 2027;8;top;новогодний корпоратив
новогодний корпоратив екатеринбург;8;top;новогодний корпоратив
новогодний корпоратив на катке;8;top;новогодний корпоратив
новогодний корпоратив тула;8;top;новогодний корпоратив
сценарий новогоднего корпоратива 2026;8;top;новогодний корпоратив
новогодний сборный корпоратив 2027;8;top;новогодний корпоратив
квест на новогодний корпоратив;8;top;новогодний корпоратив
аренда помещения для корпоратива москва;8;top;корпоратив москва
картинг корпоратив москва;8;top;корпоратив москва
фото корпоратива москва;8;top;корпоратив москва
агентство корпоративов москва;8;top;корпоратив москва
москва сити 67 этаж корпоратив;8;top;корпоратив москва
кейтринг на корпоратив на природе с доставкой;8;top;корпоратив на природе
загородный корпоратив фильм 2026 смотреть онлайн бесплатно;8;top;загородный корпоратив
загородный корпоратив трейлер;8;top;загородный корпоратив
корпоративный тимбилдинг на природе;8;top;тимбилдинг на природе
украшения банкетного зала на юбилей шарами;8;top;банкетный зал на юбилей
ресторан для юбилея сзао москвы;8;top;ресторан для юбилея
где отметить юбилей 30 лет;8;top;где отметить юбилей
где отметить юбилей 50 лет мужчине;8;top;где отметить юбилей | юбилей 50 лет
где отметить юбилей на природе;8;top;где отметить юбилей
где отметить юбилей 60 лет женщине;8;top;где отметить юбилей
где бюджетно отметить юбилей;8;top;где отметить юбилей
где отметить юбилей в щелково;8;top;где отметить юбилей
юбилей мужчина 50 лет современный;8;top;юбилей 50 лет
юбилей кумарина 50 лет видео;8;top;юбилей 50 лет
поздравок юбилей 50 лет;8;top;юбилей 50 лет
подарок на юбилей 50 лет женщине прикольный;8;top;юбилей 50 лет
картинка юбилей 50 лет скачать бесплатно;8;top;юбилей 50 лет
юбилей 50 лет женщине домашних условиях;8;top;юбилей 50 лет
стихи к юбилею 50 лет женщине красивые;8;top;юбилей 50 лет
стихи другу с юбилеем 50 лет;8;top;юбилей 50 лет
игры на юбилей 50 лет мужчине;8;top;юбилей 50 лет
юбилей 50 лет интересное поздравление;8;top;юбилей 50 лет
юбилей 50 лет торт картинки;8;top;юбилей 50 лет
поздравление для подруги с юбилеем 50 лет;8;top;юбилей 50 лет
красивые слова на юбилей женщине 50 лет;8;top;юбилей 50 лет
список песен на юбилей 50 лет;8;top;юбилей 50 лет
стихи с юбилеем 50 лет мужчине красивые;8;top;юбилей 50 лет
поздравления с юбилеем 50 лет племяннице;8;top;юбилей 50 лет
подарок на юбилей 50 лет мужчине прикольные;8;top;юбилей 50 лет
как можно отметить юбилей 50 лет женщине;8;top;юбилей 50 лет
поздравление другу с юбилеем 50 лет прикольное;8;top;юбилей 50 лет
скачать видео поздравление с юбилеем 50 лет;8;top;юбилей 50 лет
видеоролик юбилей 50 лет;8;top;юбилей 50 лет
поздравление с юбилеем дмитрия 50 лет;8;top;юбилей 50 лет
юбилей женщине 50 лет поздравительная;8;top;юбилей 50 лет
домофон юбилей 50 лет;8;top;юбилей 50 лет
ирина с юбилеем 50 лет красивые;8;top;юбилей 50 лет
ирина с юбилеем 50 лет красивые поздравления;8;top;юбилей 50 лет
с юбилеем 50 лет мужчине песня скачать;8;top;юбилей 50 лет
проведение юбилея 50 лет женщине конкурсы;8;top;юбилей 50 лет
с юбилеем братишка 50 лет;8;top;юбилей 50 лет
песни на юбилей женщине 50 лет интересные;8;top;юбилей 50 лет
юбилей сыну 50 лет слова;8;top;юбилей 50 лет
как интересно отметить юбилей 50 лет;8;top;юбилей 50 лет
юбилей одноклассника 50 лет;8;top;юбилей 50 лет
открытка с юбилеем светлана 50 лет;8;top;юбилей 50 лет
песня подруге на юбилей 50 лет переделанная;8;top;юбилей 50 лет
юбилей друга 50 лет шуточные поздравления;8;top;юбилей 50 лет
с днем юбилеем 50 лет дорогой;8;top;юбилей 50 лет
фотозона на юбилей 50 лет мужчине;8;top;юбилей 50 лет
картинка с юбилеем свадьбы 50 лет;8;top;юбилей 50 лет
песня для мужа на юбилей 50 лет;8;top;юбилей 50 лет
поздравительная открытка с юбилеем 50 лет мужчине;8;top;юбилей 50 лет
поздравительные с юбилеем 50 лет мужчине;8;top;юбилей 50 лет
поздравления с юбилеем 50 лет сестре прикольные;8;top;юбилей 50 лет
с юбилеем папа 50 лет от дочери;8;top;юбилей 50 лет
тамада на юбилей мужу 50 лет;8;top;юбилей 50 лет
тосты на юбилей 50 лет мужчине прикольные;8;top;юбилей 50 лет
юбилей 50 лет история;8;top;юбилей 50 лет
футаж юбилей 50 лет женщине скачать бесплатно;8;top;юбилей 50 лет
юбилей рыбака 50 лет;8;top;юбилей 50 лет
душевные слова юбилей 50 лет мужчине;8;top;юбилей 50 лет
где отметить день рождения 24;8;top;где отметить день рождения
день рождения мальчика где отметить отзывы;8;top;где отметить день рождения
место где отметить детский день рождения;8;top;где отметить день рождения
где отметить день рождения ребенка спб;8;top;где отметить день рождения
где можно отметить день рождения ночью;8;top;где отметить день рождения
адреса где можно отмечать день рождения;8;top;где отметить день рождения
где отметить день рождения в обнинске;8;top;где отметить день рождения
где отметить день рождение детям летом;8;top;где отметить день рождения
где отметить спа день рождения;8;top;где отметить день рождения
где креативно отметить день рождения;8;top;где отметить день рождения
где отметить первый день рождение;8;top;где отметить день рождения
где отметить день рождения на двоих;8;top;где отметить день рождения
где в липецке отметить день рождения ребенка;8;top;где отметить день рождения
день рождения ребенка нижний новгород где отметить;8;top;где отметить день рождения
где отметить день рождения в оренбурге;8;top;где отметить день рождения
день рождения на крыше москвы где отметить;8;top;где отметить день рождения
где отметить день рождения в тольятти;8;top;где отметить день рождения
где отметить день рождение в феврале;8;top;где отметить день рождения
пхукет где отметить день рождения;8;top;где отметить день рождения
где отметить день рождения 18 лет парню;8;top;где отметить день рождения
где отметить день рождения маленькой компанией;8;top;где отметить день рождения
день рождение детям где отметить компанией;8;top;где отметить день рождения
кофе где отметить день рождения;8;top;где отметить день рождения
где можно дешево отметить день рождения;8;top;где отметить день рождения
где в твери отметить день рождения ребенка;8;top;где отметить день рождения
где отметить день рождение с подружками;8;top;где отметить день рождения
где отметить день рождения загородом;8;top;где отметить день рождения
панорамные рестораны для дня рождения;8;top;ресторан для дня рождения
рестораны в жуковском для день рождения;8;top;ресторан для дня рождения
ресторан кафе для празднования дня рождения;8;top;ресторан для дня рождения
рестораны на юге москвы для дня рождения;8;top;ресторан для дня рождения
день рождения на природе как украсить;8;top;день рождения на природе
детский день рождения идеи на природе;8;top;день рождения на природе
меню на пикник на природе день рождения;8;top;день рождения на природе
тематика на день рождения на природе;8;top;день рождения на природе
как провести день рождения на природе;8;top;день рождения на природе
гарик харламов про новогодний корпоратив;7;top;новогодний корпоратив
новогодние корпоративы голышом;7;top;новогодний корпоратив
порно рассказ новогодний корпоратив;7;top;новогодний корпоратив
новогодний корпоратив тема вечеринки;7;top;новогодний корпоратив
новогодний корпоратив ебут;7;top;новогодний корпоратив
где можно провести новогодний корпоратив;7;top;новогодний корпоратив
евгений петросян новогодний корпоратив;7;top;новогодний корпоратив
мясников новогодний корпоратив;7;top;новогодний корпоратив
женский новогодний корпоратив;7;top;новогодний корпоратив
новогодний корпоратив рязань;7;top;новогодний корпоратив
сценка новогоднего корпоратива;7;top;новогодний корпоратив
новогодний сценарий для корпоратива взрослых смешной;7;top;новогодний корпоратив
новогодние корпоративы цена;7;top;новогодний корпоратив
новогодние корпоратив трейлер;7;top;новогодний корпоратив
новогодний корпоратив с шоу программой;7;top;новогодний корпоратив
новогодний корпоратив спб;7;top;новогодний корпоратив
выступления на новогоднем корпоративе;7;top;новогодний корпоратив
певица на корпоратив москва;7;top;корпоратив москва
зал для проведения корпоратива москва;7;top;корпоратив москва
секс на корпоративе москва в вк;7;top;корпоратив москва
корпоратив в кулинарной студии москва;7;top;корпоратив москва
пейнтбол в москве корпоратив;7;top;корпоратив москва
аренда теплохода для корпоратива в москве;7;top;корпоратив москва
регата в москве корпоратив;7;top;корпоратив москва
игры для корпоратива на природе;7;top;корпоратив на природе
фото корпоратив на природе;7;top;корпоратив на природе
где провести корпоратив на природе;7;top;корпоратив на природе
загородный корпоратив фильм 2026 видео;7;top;загородный корпоратив
загородный корпоратив трейлер 2026;7;top;загородный корпоратив
как организации ищут артистов на корпоратив;7;top;организация корпоратива
организация мероприятий корпоративов;7;top;организация корпоратива
где командующий вкс отмечал свой юбилей;7;top;где отметить юбилей
где отметить юбилей 50 лет женщине необычно;7;top;где отметить юбилей | юбилей 50 лет
где отметить юбилей в туле;7;top;где отметить юбилей
где отметить юбилей в балашихе;7;top;где отметить юбилей
мужу на день юбилей 50 лет;7;top;юбилей 50 лет
поздравления путина с юбилеем 50 лет;7;top;юбилей 50 лет
юбилей мужчине 50 лет прикольное видео;7;top;юбилей 50 лет
юбилей 50 лет племяннику от тети;7;top;юбилей 50 лет
креативный подарок на юбилей 50 лет женщине;7;top;юбилей 50 лет
ручьев александр валерьевич юбилей 50 лет;7;top;юбилей 50 лет
с юбилеем матери 50 лет;7;top;юбилей 50 лет
смешное поздравление на юбилей 50 лет мужчине;7;top;юбилей 50 лет
юбилей 50 лет михаилу;7;top;юбилей 50 лет
футаж с юбилеем 50 лет мужчине;7;top;юбилей 50 лет
сергей с днем рождения юбилей 50 лет;7;top;юбилей 50 лет
креативный юбилей 50 лет мужчине;7;top;юбилей 50 лет
с юбилеем 50 лет мужчине брату;7;top;юбилей 50 лет
что подарить на юбилей 50 лет сыну;7;top;юбилей 50 лет
50 лет юбилей мужчине на татарском;7;top;юбилей 50 лет
конкурсы на юбилей 50 лет дома;7;top;юбилей 50 лет
меню на юбилей 50 лет женщине дома;7;top;юбилей 50 лет
что приготовить на юбилей 50 лет женщине;7;top;юбилей 50 лет
юбилей 50 лет меню дома;7;top;юбилей 50 лет
идеи поздравления с юбилеем 50 лет;7;top;юбилей 50 лет
юбилей зятя 50 лет открытки;7;top;юбилей 50 лет
юбилей 50 лет папе от сына;7;top;юбилей 50 лет
развлечение на юбилей 50 лет;7;top;юбилей 50 лет
юбилей 50 лет николай;7;top;юбилей 50 лет
открытка юбилей 50 лет елена;7;top;юбилей 50 лет
вадим с юбилеем 50 лет;7;top;юбилей 50 лет
юбилей 50 лет мужчине сергей;7;top;юбилей 50 лет
что пожелать на юбилей 50 лет;7;top;юбилей 50 лет
платья на юбилей 50 лет фото;7;top;юбилей 50 лет
надпись с юбилеем 50 лет женщине;7;top;юбилей 50 лет
юбилей 50 лет женщине татарский;7;top;юбилей 50 лет
юбилей 50 лет смешная открытка;7;top;юбилей 50 лет
сделать приглашение на юбилей 50 лет;7;top;юбилей 50 лет
танцы на юбилей 50 лет;7;top;юбилей 50 лет
сценарий интересного юбилея женщине 50 лет;7;top;юбилей 50 лет
поздравление с юбилеем 50 лет женщине сестре;7;top;юбилей 50 лет
образ мужчины на юбилей 50 лет;7;top;юбилей 50 лет
юбилей лучшей подруги 50 лет;7;top;юбилей 50 лет
50 лет юбилей картинки прикольные смешные;7;top;юбилей 50 лет
что подарить теще на юбилей 50 лет;7;top;юбилей 50 лет
юбилей 50 лет юля;7;top;юбилей 50 лет
видео юбилей 50 лет женщине застолье вечер;7;top;юбилей 50 лет
музыкальный подарок на юбилей женщине 50 лет;7;top;юбилей 50 лет
организация юбилея 50 лет мужчине;7;top;юбилей 50 лет
юбилей женщине 50 лет прикольный шуточный;7;top;юбилей 50 лет
подарок поздравление на юбилей 50 лет;7;top;юбилей 50 лет
открытку ирина с юбилеем 50 лет;7;top;юбилей 50 лет
музыкальное поздравление женщине с юбилеем 50 лет;7;top;юбилей 50 лет
сценарий юбилея школы 50 лет;7;top;юбилей 50 лет
скачать картинку с юбилеем 50 лет мужчине;7;top;юбилей 50 лет
юбилей женщины и мужчины 50 лет;7;top;юбилей 50 лет
вопросы на юбилей 50 лет;7;top;юбилей 50 лет
юбилей 50 лет в стиле нового года;7;top;юбилей 50 лет
поздравление на юбилей 50 лет женщине сценка;7;top;юбилей 50 лет
поздравить жену с юбилеем 50 лет;7;top;юбилей 50 лет
подарок на юбилей 50 лет совместной жизни;7;top;юбилей 50 лет
юбилей 50 лет женщине прикольный новое;7;top;юбилей 50 лет
юбилей 50 лет женщине сценарий прикольный новое;7;top;юбилей 50 лет
подарок отцу на юбилей 50 лет;7;top;юбилей 50 лет
поздравление елене с юбилеем 50 лет;7;top;юбилей 50 лет
проза на юбилей мужу 50 лет;7;top;юбилей 50 лет
шаблоны пригласительный на юбилей 50 лет;7;top;юбилей 50 лет
поздравить креативно с юбилеем 50 лет;7;top;юбилей 50 лет
юбилей друга 50 лет юмор;7;top;юбилей 50 лет
веселый сценарий на юбилей мужчине 50 лет;7;top;юбилей 50 лет
как провести юбилей 50 лет сценарий;7;top;юбилей 50 лет
шары на юбилей 50 лет женщине;7;top;юбилей 50 лет
смешная сценка на юбилей женщине 50 лет;7;top;юбилей 50 лет
стихотворение на юбилей 50 лет мужчине;7;top;юбилей 50 лет
домашние конкурсы на юбилей 50 лет;7;top;юбилей 50 лет
премия на юбилей 50 лет работнику;7;top;юбилей 50 лет
что сказать на юбилей 50 лет;7;top;юбилей 50 лет
олечку с юбилеем 50 лет;7;top;юбилей 50 лет
юбилей 50 лет люба;7;top;юбилей 50 лет
поздравление с юбилеем 50 лет мужчине картинка;7;top;юбилей 50 лет
смешное поздравление с юбилеем 50 лет женщине;7;top;юбилей 50 лет
оригинальный торт на юбилей 50 лет;7;top;юбилей 50 лет
зажигательные песни на юбилей 50 лет;7;top;юбилей 50 лет
50 лет юбилей города;7;top;юбилей 50 лет
где можно отметить день рождения владивосток;7;top;где отметить день рождения
где отметить день рождения в кисловодске;7;top;где отметить день рождения
где отметить день рождения ребенка петербург;7;top;где отметить день рождения
где в новосибирске можно отметить день рождения;7;top;где отметить день рождения
где можно отметить день рождения женщине;7;top;где отметить день рождения
где в минске отметить день рождения взрослому;7;top;где отметить день рождения
где в белгороде отметить день рождения взрослому;7;top;где отметить день рождения
игра где можно отметить день рождения;7;top;где отметить день рождения
где отметить день рождения с баней;7;top;где отметить день рождения
хоррор где можно отмечать день рождение;7;top;где отметить день рождения
где отметить день рождения в братеево;7;top;где отметить день рождения
где отметить день рождения пацана;7;top;где отметить день рождения
где можно отметить день рождения список;7;top;где отметить день рождения
где отметить день рождения в беларуси;7;top;где отметить день рождения
где отметить день рождения в ижевске;7;top;где отметить день рождения
где можно отметить день рождения в спб;7;top;где отметить день рождения
где отметить день рождения 50 лет женщине;7;top;где отметить день рождения
где отметить день рождения фнаф;7;top;где отметить день рождения
где весело отметить день рождения взрослого;7;top;где отметить день рождения
помещения где отметить день рождения;7;top;где отметить день рождения
где отмечала на алтае день рождения блиновска;7;top;где отметить день рождения
где отметить детский день рождения в сочи;7;top;где отметить день рождения
где отметить день рождения 60 лет;7;top;где отметить день рождения
где отметить первый день рождения ребенка;7;top;где отметить день рождения
где отметить день рождения в россии;7;top;где отметить день рождения
где отметить детский день рождения в одинцово;7;top;где отметить день рождения
где отметить день рождения во владивостоке;7;top;где отметить день рождения
где отметить детский день рождения 8 лет;7;top;где отметить день рождения
пермь где отметить день рождения взрослого;7;top;где отметить день рождения
где отметить день рождения в абхазии;7;top;где отметить день рождения
где отметить день рождения в энгельсе;7;top;где отметить день рождения
где отметить день рождения в ватутинках ребенку;7;top;где отметить день рождения
где отметить день рождения 25 лет девушке;7;top;где отметить день рождения
где отметить день рождения в коврове;7;top;где отметить день рождения
где отметить день рождения в ногинске взрослому;7;top;где отметить день рождения
где отметить день рождения сегодня;7;top;где отметить день рождения
где отметить детский день рождения в казани;7;top;где отметить день рождения
где отметить день рождения беременной;7;top;где отметить день рождения
посоветуйте где отметить день рождения;7;top;где отметить день рождения
где отметить день рождения в иркутске;7;top;где отметить день рождения
где можно отметить день рождение в липецке;7;top;где отметить день рождения
рестораны раменское для дня рождения;7;top;ресторан для дня рождения
рестораны нижнего новгорода для дня рождения;7;top;ресторан для дня рождения
ресторан для празднования дня рождения в спб;7;top;ресторан для дня рождения
украшение на день рождения на природе;7;top;день рождения на природе
стол на день рождения меню на природе;7;top;день рождения на природе
студенты отмечают день рождения на природе;7;top;день рождения на природе
площадка для дня рождения на природе;7;top;день рождения на природе
аренда ресторана для корпоратива;6;top;ресторан для корпоратива
новогодние номера корпоратив;6;top;новогодний корпоратив
новогодние корпоративы 2024;6;top;новогодний корпоратив
камеди клаб новогодний корпоратив батрутдинов;6;top;новогодний корпоратив
камеди клаб новогодний корпоратив карибидис;6;top;новогодний корпоратив
камеди клаб новогодний корпоратив карибидис и батрутдинов;6;top;новогодний корпоратив
камеди новогодний корпоратив батрутдинов;6;top;новогодний корпоратив
камеди новогодний корпоратив карибидис и батрутдинов;6;top;новогодний корпоратив
новогодний корпоратив камеди карибидис;6;top;новогодний корпоратив
скачать песню новогодний корпоратив;6;top;новогодний корпоратив
корпоратив новогоднее испытание слушать полностью бесплатно;6;top;новогодний корпоратив
новогодний секс корпоратив русское групповое;6;top;новогодний корпоратив
новогодняя сказка царь салтан на корпоративе;6;top;новогодний корпоратив
барская усадьба тверь новогодний корпоратив;6;top;новогодний корпоратив
кравец новогодний корпоратив;6;top;новогодний корпоратив
организация новогоднего корпоратива в москве;6;top;новогодний корпоратив | корпоратив москва | организация корпоратива
фильм про новогодние корпоративы;6;top;новогодний корпоратив
картинка новогодний корпоратив;6;top;новогодний корпоратив
новогодний корпоратив уральские пельмени смотреть;6;top;новогодний корпоратив
новогодний корпоратив 2 килограмм;6;top;новогодний корпоратив
новогодний сценарий для корпоратива взрослых смешной 2026;6;top;новогодний корпоратив
фотозона на корпоратив москва пиратская;6;top;корпоратив москва
замужние девушки после корпоратива видео измена москва;6;top;корпоратив москва
корпоратив в москве варианты недорого;6;top;корпоратив москва
выездной квиз на корпоратив в москве;6;top;корпоратив москва
организация выездных корпоративов за городом;6;top;организация корпоратива
организация корпоратива за городом;6;top;организация корпоратива
суть корпоративов в организации;6;top;организация корпоратива
тимбилдинг для сотрудников на природе;6;top;тимбилдинг на природе
рестораны в москве для юбилея свадьбы;6;top;ресторан для юбилея
где отметить юбилей в иваново;6;top;где отметить юбилей
где отметить юбилей в зеленограде;6;top;где отметить юбилей
где отметить юбилей белгород;6;top;где отметить юбилей
где отметить юбилей небольшой компанией;6;top;где отметить юбилей
где отметить юбилей ребенка;6;top;где отметить юбилей
юбилей 65 лет отметить где;6;top;где отметить юбилей
где отметить юбилей в казани;6;top;где отметить юбилей
где отметить юбилей в сургуте;6;top;где отметить юбилей
рестораны где отмечают юбилей свадьбы;6;top;где отметить юбилей
военному мужчине юбилей 50 лет;6;top;юбилей 50 лет
что дарят на юбилей 50 лет женщине;6;top;юбилей 50 лет
торт на юбилей 50 лет приколы;6;top;юбилей 50 лет
татьяне 50 лет юбилей песня;6;top;юбилей 50 лет
сувениры на юбилей 50 лет мужчине;6;top;юбилей 50 лет
с юбилеем света 50 лет;6;top;юбилей 50 лет
50 лет юбилей женщине поздравления мужчине;6;top;юбилей 50 лет
юбилей 50 лет владимиру;6;top;юбилей 50 лет
50 лет юбилей стихи брату;6;top;юбилей 50 лет
тосты подруге на юбилей 50 лет;6;top;юбилей 50 лет
саша юбилей 50 лет;6;top;юбилей 50 лет
юбилей мужчина 50 лет сценарий дома;6;top;юбилей 50 лет
организация юбилея 50 лет женщине;6;top;юбилей 50 лет
букет цветов на юбилей 50 лет;6;top;юбилей 50 лет
юбилей семейной жизни 50 лет;6;top;юбилей 50 лет
оформление на юбилей 50 лет женщине;6;top;юбилей 50 лет
юбилей 50 лет женщине кафе;6;top;юбилей 50 лет
таня с юбилеем 50 лет;6;top;юбилей 50 лет
евгений с юбилеем 50 лет мужчине;6;top;юбилей 50 лет
форма юбилея 50 лет;6;top;юбилей 50 лет
конкурсы игры на юбилей 50 лет;6;top;юбилей 50 лет
юбилей 50 лет свадьбы какие выплаты;6;top;юбилей 50 лет
оформить юбилей 50 лет;6;top;юбилей 50 лет
тамада на юбилей 50 лет женщине цена;6;top;юбилей 50 лет
с юбилеем надежда 50 лет;6;top;юбилей 50 лет
50 лет какой юбилей у человека;6;top;юбилей 50 лет
с юбилеем 50 лет женщине гифки мерцающие;6;top;юбилей 50 лет
юбилей 50 лет сценка с бабой ягой;6;top;юбилей 50 лет
юбилей дяди 50 лет;6;top;юбилей 50 лет
татарские поздравление юбилей 50 лет мужчине;6;top;юбилей 50 лет
поздравление юбилей 50 лет снохе;6;top;юбилей 50 лет
с юбилеем 50 лет зятю картинки;6;top;юбилей 50 лет
поздравить марину с юбилеем 50 лет;6;top;юбилей 50 лет
скачать футаж с юбилеем 50 лет мужчине;6;top;юбилей 50 лет
видеоролик на юбилей мужчине 50 лет;6;top;юбилей 50 лет
тост на юбилей 50 лет женщине прикольные;6;top;юбилей 50 лет
с юбилеем 50 лет мужчине прикольные смешные;6;top;юбилей 50 лет
стихи любимому юбилей 50 лет;6;top;юбилей 50 лет
часы на юбилей 50 лет;6;top;юбилей 50 лет
прикольные пожелания с юбилеем 50 лет женщине;6;top;юбилей 50 лет
с юбилеем 50 лет тете от племянницы;6;top;юбилей 50 лет
юбилей 50 лет отцу от сына;6;top;юбилей 50 лет
юморное поздравление юбилей 50 лет;6;top;юбилей 50 лет
песня маме на юбилей 50 лет;6;top;юбилей 50 лет
с юбилеем 50 лет свекрови;6;top;юбилей 50 лет
картинки поздравить с юбилеем 50 лет;6;top;юбилей 50 лет
баннер на юбилей женщине 50 лет;6;top;юбилей 50 лет
наряд для женщины 50 лет на юбилей;6;top;юбилей 50 лет
женя с юбилеем 50 лет мужчине;6;top;юбилей 50 лет
тематика юбилея 50 лет мужчине;6;top;юбилей 50 лет
сказки на юбилей мужчине 50 лет;6;top;юбилей 50 лет
вадик поздравляю с юбилеем 50 лет открытки;6;top;юбилей 50 лет
юбилей антонов 50 лет на сцене;6;top;юбилей 50 лет
поздравить татьяну с юбилеем 50 лет;6;top;юбилей 50 лет
макияж на юбилей 50 лет;6;top;юбилей 50 лет
макияж на юбилей 50 лет женщине;6;top;юбилей 50 лет
юбилей александра домогарова 50 лет;6;top;юбилей 50 лет
темы юбилея 50 лет;6;top;юбилей 50 лет
с юбилеем 50 лет прекрасной женщине;6;top;юбилей 50 лет
что подарить на юбилей 50 лет другу;6;top;юбилей 50 лет
поздравление двоюродной сестре с юбилеем 50 лет;6;top;юбилей 50 лет
поздравление юбилей 50 лет олегу;6;top;юбилей 50 лет
вектор юбилей 50 лет медаль;6;top;юбилей 50 лет
поздравить кума на юбилей 50 лет;6;top;юбилей 50 лет
юбилей жукова 50 лет;6;top;юбилей 50 лет
как украсить юбилей 50 лет мужчине;6;top;юбилей 50 лет
юбилей свадьбы 50 лет поздравления картинки;6;top;юбилей 50 лет
50 лет притчи на юбилей;6;top;юбилей 50 лет
хорошие поздравления с юбилеем 50 лет;6;top;юбилей 50 лет
сценки юбилея 50 лет подруги;6;top;юбилей 50 лет
юбилей 50 лет веселое поздравление;6;top;юбилей 50 лет
юбилей 50 лет надписи на торт;6;top;юбилей 50 лет
юбилей мужа 50 лет идеи;6;top;юбилей 50 лет
юбилей 50 лет коллеге прикольные поздравления;6;top;юбилей 50 лет
что подарить свекрови на юбилей 50 лет;6;top;юбилей 50 лет
стих сыну с юбилеем 50 лет;6;top;юбилей 50 лет
клип юбилей 50 лет;6;top;юбилей 50 лет
книга пожеланий на юбилей 50 лет срочно;6;top;юбилей 50 лет
поздравить свата с юбилеем 50 лет;6;top;юбилей 50 лет
с юбилеем алексей 50 лет открытки;6;top;юбилей 50 лет
юбилей 50 лет другу сценарий;6;top;юбилей 50 лет
с юбилеем 50 лет женщине нежное;6;top;юбилей 50 лет
юбилей 50 лет женщине конкурсы программа;6;top;юбилей 50 лет
юбилей корона 50 лет;6;top;юбилей 50 лет
юбилей марины 50 лет поздравление;6;top;юбилей 50 лет
тамада на юбилей 50 лет мужчине;6;top;юбилей 50 лет
где отметить день рождения под;6;top;где отметить день рождения
где круто отметить день рождения ребенку;6;top;где отметить день рождения
где отметить день рождения в челябинске;6;top;где отметить день рождения
где отметить день рождения во владимире взрослому;6;top;где отметить день рождения
где можно отметить день рождения сына;6;top;где отметить день рождения
где отметить день рождения 29 лет;6;top;где отметить день рождения
где отметить день рождения в саранске;6;top;где отметить день рождения
где отметить день рождения 24 года;6;top;где отметить день рождения
где отметить день рождения 19 лет девушке;6;top;где отметить день рождения
где в твери можно отметить день рождения;6;top;где отметить день рождения
где отметить день рождения в муроме;6;top;где отметить день рождения
где в туле можно отметить день рождения;6;top;где отметить день рождения
где можно отметить день рождения в перми;6;top;где отметить день рождения
где отметить день рождения в симферополе;6;top;где отметить день рождения
день рождения ребенка во владимире где отметить;6;top;где отметить день рождения
где можно посидеть отметить день рождение;6;top;где отметить день рождения
где отметить день рождение 28 лет;6;top;где отметить день рождения
детский день рождения в железнодорожном где отметить;6;top;где отметить день рождения
где можно отметить день рождение в казани;6;top;где отметить день рождения
где отметить день рождения в старом осколе;6;top;где отметить день рождения
где отметить день рождения в твери взрослые;6;top;где отметить день рождения
где отметить женский день рождения;6;top;где отметить день рождения
место где отметить день рождения взрослого;6;top;где отметить день рождения
варианты где можно отметить день рождения;6;top;где отметить день рождения
где отметить день рождения в костроме;6;top;где отметить день рождения
где отметить день рождение отдельно;6;top;где отметить день рождения
где отметить день рождение владикавказ;6;top;где отметить день рождения
где отметить день рождения в астрахани;6;top;где отметить день рождения
где можно отметить день рождения десятилетнему;6;top;где отметить день рождения
небольшой ресторан для дня рождения;6;top;ресторан для дня рождения
день рождения на природе девушки;6;top;день рождения на природе
день рождения на природе что готовить;6;top;день рождения на природе
отпраздновать день рождения ребенка на природе;6;top;день рождения на природе
детский день рождения на природе меню;6;top;день рождения на природе
как отпраздновать день рождения на природе;6;top;день рождения на природе
банкетный зал для корпоратива москва недорого;5;top;банкетный зал для корпоратива | корпоратив москва
ресторан для корпоратива спб;5;top;ресторан для корпоратива
килограмм новогодний корпоратив скачать;5;top;новогодний корпоратив
новогодний корпоратив измены;5;top;новогодний корпоратив
новогодний корпоратив дженнифер энистон смотреть онлайн;5;top;новогодний корпоратив
новогодний корпоратив с дженнифер энистон смотреть;5;top;новогодний корпоратив
новогодний корпоратив с энистон смотреть онлайн;5;top;новогодний корпоратив
новогодний корпоратив фильм с дженнифер смотреть;5;top;новогодний корпоратив
смотреть новогодний корпоратив с дженнифер;5;top;новогодний корпоратив
смотреть новогодний корпоратив с энистон;5;top;новогодний корпоратив
смотреть фильм новогодний корпоратив дженнифер энистон;5;top;новогодний корпоратив
отпраздновать новогодний корпоратив;5;top;новогодний корпоратив
новогодний корпоратив минск;5;top;новогодний корпоратив
идеи для новогоднего корпоратива 2026;5;top;новогодний корпоратив
новогодний корпоратив фильм смотреть лорд;5;top;новогодний корпоратив
корпоратив новогоднее испытание глава 3 слушать;5;top;новогодний корпоратив
новогодний корпоратив 2027 челябинск;5;top;новогодний корпоратив
новогодний корпоратив 2026 welldonevent ru;5;top;новогодний корпоратив
приглашение на новогодний корпоратив;5;top;новогодний корпоратив
новогодний корпоратив песни из фильма;5;top;новогодний корпоратив
корпоратив на яхте москва;5;top;корпоратив москва
корпоратив в москве у воды загородные дома;5;top;корпоратив москва | загородный корпоратив
зал для корпоратива москва рядом с метро;5;top;корпоратив москва
маслова наталья сергеевна корпоративы москва;5;top;корпоратив москва
сценарий корпоратива на природе;5;top;корпоратив на природе
что приготовить на корпоратив на природе;5;top;корпоратив на природе
однажды в россии корпоратив на природе;5;top;корпоратив на природе
развлечения на корпоративе на природе;5;top;корпоратив на природе
организация корпоратива день рождение;5;top;организация корпоратива
организация летнего корпоратива;5;top;организация корпоратива
танец для мужа в ресторане на юбилей;5;top;ресторан для юбилея
где можно недорого отметить юбилей в коломне;5;top;где отметить юбилей
где отметить юбилей в белгороде на природе;5;top;где отметить юбилей
некрасовка где отметить юбилей;5;top;где отметить юбилей
отзывы где можно отметить юбилей в домодедово;5;top;где отметить юбилей
где отметить юбилей в воскресенске;5;top;где отметить юбилей
где отметить юбилей 30 лет девушке;5;top;где отметить юбилей
химки где отметить др юбилей;5;top;где отметить юбилей
с юбилеем 50 лет женщине домофон;5;top;юбилей 50 лет
леха юбилей 50 лет;5;top;юбилей 50 лет
анекдот юбилей 50 лет;5;top;юбилей 50 лет
смс поздравления с юбилеем 50 лет;5;top;юбилей 50 лет
тексты на юбилей 50 лет мужчине;5;top;юбилей 50 лет
поздравления с юбилеем 50 лет свекру;5;top;юбилей 50 лет
юбилей свекра 50 лет;5;top;юбилей 50 лет
день рождения 50 лет какой юбилей;5;top;юбилей 50 лет
оригинальное поздравление на юбилей 50 лет женщине;5;top;юбилей 50 лет
подарок папе на юбилей 50 лет;5;top;юбилей 50 лет
украсить зал на юбилей 50 лет женщине;5;top;юбилей 50 лет
шоу на юбилей 50 лет;5;top;юбилей 50 лет
юбилей 50 лет мужчине мужу;5;top;юбилей 50 лет
с юбилеем 50 лет мужчине картинки красивые;5;top;юбилей 50 лет
тост на юбилей 50 лет маме;5;top;юбилей 50 лет
поздравление начальнице с юбилеем 50 лет;5;top;юбилей 50 лет
юбилей 50 лет медсестре;5;top;юбилей 50 лет
вставить в фото юбилей 50 лет мужчине;5;top;юбилей 50 лет
подарок начальнице на юбилей 50 лет женщине;5;top;юбилей 50 лет
торт на юбилей 50 лет совместной жизни;5;top;юбилей 50 лет
50 лет юбилей дипломы;5;top;юбилей 50 лет
идеи торта на юбилей 50 лет;5;top;юбилей 50 лет
тематика юбилея 50 лет женщине;5;top;юбилей 50 лет
готовый сценарий на юбилей женщине 50 лет;5;top;юбилей 50 лет
галя с юбилеем 50 лет;5;top;юбилей 50 лет
идеи для юбилея 50 лет женщине;5;top;юбилей 50 лет
приглашение на юбилей 50 лет редактировать;5;top;юбилей 50 лет
как интересно отметить юбилей 50 лет женщине;5;top;юбилей 50 лет
50 лет мужчине поздравления душевные юбилей;5;top;юбилей 50 лет
креативное поздравление с юбилеем 50 лет;5;top;юбилей 50 лет
елена с юбилеем 50 лет картинки;5;top;юбилей 50 лет
аудио поздравление с юбилеем 50 лет;5;top;юбилей 50 лет
юбилей 50 лет сценарий игры конкурсы;5;top;юбилей 50 лет
лучшая песня на юбилей 50 лет;5;top;юбилей 50 лет
сценарий поздравления с юбилеем 50 лет женщине;5;top;юбилей 50 лет
юбилей 50 лет мужчине прикольный новое;5;top;юбилей 50 лет
юбилей 50 лет мужчине сценарий прикольный новое;5;top;юбилей 50 лет
мужа с юбилеем 50 лет прикольные;5;top;юбилей 50 лет
торт юбилей 50 лет мужчине с приколом;5;top;юбилей 50 лет
фон юбилей 50 лет женщине;5;top;юбилей 50 лет
квн юбилей 50 лет;5;top;юбилей 50 лет
с юбилеем 50 лет женщине светлане;5;top;юбилей 50 лет
фото с юбилеем 50 лет мужчине;5;top;юбилей 50 лет
юбилей 50 лет двоюродному брату;5;top;юбилей 50 лет
игры на юбилей 50 лет женщине;5;top;юбилей 50 лет
поздравление свата с юбилеем 50 лет;5;top;юбилей 50 лет
торт мужу на юбилей 50 лет фото;5;top;юбилей 50 лет
юбилей старшей сестры 50 лет;5;top;юбилей 50 лет
наташе 50 лет открытка поздравления с юбилеем;5;top;юбилей 50 лет
юбилей 50 лет женщине татьяна;5;top;юбилей 50 лет
сколько подарить на юбилей 50 лет;5;top;юбилей 50 лет
поздравить тетю с юбилеем 50 лет;5;top;юбилей 50 лет
с юбилеем 50 лет женщине подруге;5;top;юбилей 50 лет
крестницу с юбилеем 50 лет;5;top;юбилей 50 лет
открытка приглашение на юбилей 50 лет женщине;5;top;юбилей 50 лет
галина с юбилеем 50 лет;5;top;юбилей 50 лет
открытки с юбилеем лена 50 лет;5;top;юбилей 50 лет
юбилей 50 лет мужчине игры конкурсы;5;top;юбилей 50 лет
план юбилея 50 лет;5;top;юбилей 50 лет
крутой юбилей 50 лет;5;top;юбилей 50 лет
текст приглашения на юбилей 50 лет женщине;5;top;юбилей 50 лет
песня на юбилей 50 лет сыну;5;top;юбилей 50 лет
юбилей 50 лет свахе;5;top;юбилей 50 лет
пожелание подруге с юбилеем 50 лет;5;top;юбилей 50 лет
с днем рождения сестренка 50 лет юбилей;5;top;юбилей 50 лет
сценарий юбилея 50 лет детскому саду;5;top;юбилей 50 лет
сценарий юбилея сада 50 лет;5;top;юбилей 50 лет
гифки юбилей 50 лет мужчине;5;top;юбилей 50 лет
юбилей 50 лет картинки открытки;5;top;юбилей 50 лет
интересные футболки юбилея 50 лет женщине интересные;5;top;юбилей 50 лет
как организовать юбилей 50 лет мужчине;5;top;юбилей 50 лет
оригинальный подарок жене на юбилей 50 лет;5;top;юбилей 50 лет
катюша с юбилеем 50 лет;5;top;юбилей 50 лет
подругу детства с юбилеем 50 лет;5;top;юбилей 50 лет
стихи с юбилеем 50 лет подруге детства;5;top;юбилей 50 лет
юбилей 50 лет мужчине варианты тематических вечеринок;5;top;юбилей 50 лет
ч юбилеем 50 лет;5;top;юбилей 50 лет
с юбилеем любимую племянницу 50 лет;5;top;юбилей 50 лет
тамада пушкино на юбилей 50 лет;5;top;юбилей 50 лет
пожелание другу на юбилей 50 лет;5;top;юбилей 50 лет
с юбилеем свадьбы 50 лет открытки живые;5;top;юбилей 50 лет
что купить на юбилей 50 лет;5;top;юбилей 50 лет
что купить на юбилей 50 лет женщине;5;top;юбилей 50 лет
видео приглашение на юбилей 50 лет;5;top;юбилей 50 лет
открытки юбилей папы 50 лет;5;top;юбилей 50 лет
брату 50 лет юбилей оригинальное;5;top;юбилей 50 лет
алиса с юбилеем 50 лет;5;top;юбилей 50 лет
шуточные конкурсы на юбилей 50 лет;5;top;юбилей 50 лет
как провести юбилей 50 лет женщине необычно;5;top;юбилей 50 лет
поздравления сватью 50 лет юбилей;5;top;юбилей 50 лет
сватья юбилей 50 лет;5;top;юбилей 50 лет
букет на юбилей 50 лет женщине фото;5;top;юбилей 50 лет
празднование юбилея 50 лет сценарий;5;top;юбилей 50 лет
сценарий празднования юбилея 50 лет женщине;5;top;юбилей 50 лет
торт на юбилей папы 50 лет;5;top;юбилей 50 лет
макияж на юбилей 50 лет женщине фото;5;top;юбилей 50 лет
сценарий юбилея 50 лет сестре;5;top;юбилей 50 лет
что дарят на юбилей свадьбы 50 лет;5;top;юбилей 50 лет
с юбилеем доченька 50 лет;5;top;юбилей 50 лет
танец волочковой на юбилее 50 лет;5;top;юбилей 50 лет
тосты на юбилей 50 лет другу;5;top;юбилей 50 лет
50 лет юбилей валентине;5;top;юбилей 50 лет
володя с юбилеем 50 лет;5;top;юбилей 50 лет
интересное поздравление женщине с юбилеем 50 лет;5;top;юбилей 50 лет
лена с юбилеем 50 лет женщине;5;top;юбилей 50 лет
м юбилеем 50 лет женщине;5;top;юбилей 50 лет
найти открытку с юбилеем 50 лет;5;top;юбилей 50 лет
с юбилеем валентин 50 лет;5;top;юбилей 50 лет
скачать с юбилеем 50 лет сестре;5;top;юбилей 50 лет
в воскресенье день рождения где отметить;5;top;где отметить день рождения
стамбул где отметить день рождения;5;top;где отметить день рождения
ресторан бар где отметить день рождение;5;top;где отметить день рождения
где отметить день рождения зимой взрослому;5;top;где отметить день рождения
где можно отметить день рождения подростку 16;5;top;где отметить день рождения
караоке где можно отметить день рождения;5;top;где отметить день рождения
день рождения в калининграде где отметить взрослых;5;top;где отметить день рождения
кафе где отметить день рождения взрослого;5;top;где отметить день рождения
где отметить детский день рождения 9;5;top;где отметить день рождения
где отметить день рождения в понедельник;5;top;где отметить день рождения
где отметить день рождения в омске;5;top;где отметить день рождения
где отметить день рождения в выборге;5;top;где отметить день рождения
где отметить день рождения сестры;5;top;где отметить день рождения
где отметить день рождения в калуге ребенку;5;top;где отметить день рождения
крутые места где можно отметить день рождения;5;top;где отметить день рождения
где можно отметить день рождение мамы;5;top;где отметить день рождения
картинки где можно отметить день рождения;5;top;где отметить день рождения
где отметить день рождение на бауманской;5;top;где отметить день рождения
день рождение 70 лет где отметить;5;top;где отметить день рождения
праздники дни рождения где можно отмечать;5;top;где отметить день рождения
где можно отметить день рождения 25 лет;5;top;где отметить день рождения
где отметить день рождения в иваново;5;top;где отметить день рождения
детские праздники день рождения где отметить;5;top;где отметить день рождения
где отметить день рождение рейтинг;5;top;где отметить день рождения
помещения где можно отметить день рождения;5;top;где отметить день рождения
аренда ресторана для дня рождения в москве;5;top;ресторан для дня рождения
топ ресторанов для дня рождения москва;5;top;ресторан для дня рождения
ресторан в железнодорожном для дня рождения форум;5;top;ресторан для дня рождения
ресторан на крыше для дня рождения спб;5;top;ресторан для дня рождения
блюда на день рождения на природе;5;top;день рождения на природе
квест на день рождения на природе;5;top;день рождения на природе
сюрприз на природе на день рождения;5;top;день рождения на природе
приглашение на день рождения на природу;5;top;день рождения на природе
дни рождения на природе видео;5;top;день рождения на природе
день рождения детский новорижское шоссе на природе;5;top;день рождения на природе
killagram новогодний корпоратив 2;4;top;новогодний корпоратив
новогодние корпоративы начались;4;top;новогодний корпоратив
фото с новогодних корпоративов;4;top;новогодний корпоратив
наряд на новогодний корпоратив 2026 для женщин;4;top;новогодний корпоратив
расходы на новогодний корпоратив;4;top;новогодний корпоратив
прикольные сценарии на новогодний корпоратив;4;top;новогодний корпоратив
сценарий на новогодний корпоратив прикольный для коллег;4;top;новогодний корпоратив
смотреть порно новогодний корпоратив;4;top;новогодний корпоратив
новогодние мероприятия корпоратив;4;top;новогодний корпоратив
новогодний корпоратив фильм трейлер;4;top;новогодний корпоратив
новогодний корпоратив или попытка номер три;4;top;новогодний корпоратив
новогодний корпоратив скачать бесплатно;4;top;новогодний корпоратив
активный корпоратив на природе;4;top;корпоратив на природе
корпоратив на природе зимой;4;top;корпоратив на природе
спортивный корпоратив на природе;4;top;корпоратив на природе
загородный корпоратив фильм 2026 трейлер;4;top;загородный корпоратив
загородный корпоратив фильм трейлер;4;top;загородный корпоратив
загородный корпоратив 2026 скачать торрент;4;top;загородный корпоратив
загородный корпоратив 2026 торрент;4;top;загородный корпоратив
скачать загородный корпоратив 2026;4;top;загородный корпоратив
организации проводящие корпоративы;4;top;организация корпоратива
благодарность за организацию корпоратива;4;top;организация корпоратива
организация квиза на корпоратив;4;top;организация корпоратива
тимбилдинг для детей на природе;4;top;тимбилдинг на природе
место где можно отметить юбилей;4;top;где отметить юбилей
где отметить юбилей 25 лет;4;top;где отметить юбилей
где отметить юбилей в калининграде;4;top;где отметить юбилей
где отметить юбилей в березниках;4;top;где отметить юбилей
анекдот про юбилей 50 лет;4;top;юбилей 50 лет
притча на юбилей 50 лет женщине;4;top;юбилей 50 лет
медаль 50 лет юбилей женщине;4;top;юбилей 50 лет
50 лет юбилей видео заставка;4;top;юбилей 50 лет
с юбилеем 50 лет женщине юлии;4;top;юбилей 50 лет
мужчине 50 лет юбилей музыкальное поздравление;4;top;юбилей 50 лет
веселое поздравление с юбилеем 50 лет женщине;4;top;юбилей 50 лет
красивое поздравление подруге на юбилей 50 лет;4;top;юбилей 50 лет
с юбилеем 50 лет сестре красивые поздравления;4;top;юбилей 50 лет
юбилей 50 лет гравировка;4;top;юбилей 50 лет
переделанная песня на юбилей 50 лет мужчине;4;top;юбилей 50 лет
с юбилеем 50 лет подруге шуточные;4;top;юбилей 50 лет
песня для сестры на юбилей 50 лет;4;top;юбилей 50 лет
игорь с юбилеем 50 лет;4;top;юбилей 50 лет
картинки с юбилеем 50 лет татьяна;4;top;юбилей 50 лет
тост на юбилей 50 лет сестре;4;top;юбилей 50 лет
50 лет юбилей шатунову;4;top;юбилей 50 лет
концерт юбилей 50 лет юрий шатунов;4;top;юбилей 50 лет
шатунов юбилей 50 лет;4;top;юбилей 50 лет
юбилей 50 лет шатунов концерт;4;top;юбилей 50 лет
юбилей 50 лет шатунову концерт;4;top;юбилей 50 лет
юбилей шатунова 50 лет;4;top;юбилей 50 лет
юбилей шатунова 50 лет концерт;4;top;юбилей 50 лет
юбилей юрия шатунова 50 лет;4;top;юбилей 50 лет
юбилей юрия шатунова 50 лет концерт;4;top;юбилей 50 лет
ирочка с юбилеем 50 лет;4;top;юбилей 50 лет
татарские поздравление юбилей 50 лет женщине;4;top;юбилей 50 лет
подборка песен на юбилей 50 лет;4;top;юбилей 50 лет
роза с юбилеем 50 лет;4;top;юбилей 50 лет
с юбилеем 50 лет женщине розы;4;top;юбилей 50 лет
поздравление однокласснице с юбилеем 50 лет;4;top;юбилей 50 лет
юбилей 50 лет шуточный сценарий;4;top;юбилей 50 лет
сценарий поздравления с юбилеем 50 лет мужчине;4;top;юбилей 50 лет
текст приглашения на юбилей 50 лет мужчине;4;top;юбилей 50 лет
провести юбилей мужа 50 лет;4;top;юбилей 50 лет
поздравить сына с юбилеем 50 лет;4;top;юбилей 50 лет
игры для юбилея 50 лет женщине прикольные;4;top;юбилей 50 лет
юбилей 50 лет маме видео;4;top;юбилей 50 лет
открытка приглашение на юбилей 50 лет мужчине;4;top;юбилей 50 лет
песню другу на 50 лет юбилей;4;top;юбилей 50 лет
юбилей 50 лет на татарском языке;4;top;юбилей 50 лет
медаль на юбилей 50 лет мужчине;4;top;юбилей 50 лет
поздравление юбилея медаль 50 лет медалью;4;top;юбилей 50 лет
электронное приглашение на юбилей 50 лет;4;top;юбилей 50 лет
юбилей 50 лет с приколами сценарий;4;top;юбилей 50 лет
королева юбилей 50 лет;4;top;юбилей 50 лет
рамки 50 лет юбилей;4;top;юбилей 50 лет
поздравить александра с юбилеем 50 лет;4;top;юбилей 50 лет
поздравление с юбилеем 50 лет евгении;4;top;юбилей 50 лет
поздравление с юбилеем 50 лет евгению;4;top;юбилей 50 лет
с юбилеем сынок 50 лет;4;top;юбилей 50 лет
юбилей 50 лет мужчине поздравление подарок;4;top;юбилей 50 лет
прикольно поздравить подругу с юбилеем 50 лет;4;top;юбилей 50 лет
конкурсы для юбилея 50 лет мужчине прикольные;4;top;юбилей 50 лет
торт книга на юбилей 50 лет;4;top;юбилей 50 лет
сценарий юбилея 50 лет интересный новый;4;top;юбилей 50 лет
скачать сценарий 50 лет юбилей;4;top;юбилей 50 лет
юбилей 50 лет женщине сценарий игры;4;top;юбилей 50 лет
юбилей 50 лет женщине прикольные видео;4;top;юбилей 50 лет
идеи для юбилея 50 лет женщине интересные;4;top;юбилей 50 лет
красивые слова на юбилей 50 лет мужчине;4;top;юбилей 50 лет
образы на юбилей 50 лет имениннице;4;top;юбилей 50 лет
открытка с юбилеем друг 50 лет;4;top;юбилей 50 лет
шары на юбилей 50 лет купить;4;top;юбилей 50 лет
ржачный конкурс на юбилей 50 лет;4;top;юбилей 50 лет
красивый букет на юбилей 50 лет;4;top;юбилей 50 лет
проведение юбилея 50 лет сценарий прикольный;4;top;юбилей 50 лет
торт на юбилей свадьбы 50 лет фото;4;top;юбилей 50 лет
ведущий юбилея 50 лет женщине;4;top;юбилей 50 лет
начало юбилей 50 лет женщине;4;top;юбилей 50 лет
слушать песню юбилей 50 лет;4;top;юбилей 50 лет
пожелания с юбилеем 50 лет сестре;4;top;юбилей 50 лет
трогательное поздравление подруге юбилей 50 лет;4;top;юбилей 50 лет
муж сестры юбилей 50 лет;4;top;юбилей 50 лет
фильм юбилей 50 лет мужчине;4;top;юбилей 50 лет
50 лет алена юбилей;4;top;юбилей 50 лет
юбилей 50 лет родному брату;4;top;юбилей 50 лет
поздравительные открытки с юбилеем 50 лет женщине;4;top;юбилей 50 лет
песни на юбилей 50 лет мужчине танцевальные;4;top;юбилей 50 лет
юбилей любимой подруги 50 лет;4;top;юбилей 50 лет
двухъярусные торты на юбилей 50 лет;4;top;юбилей 50 лет
грамота юбилей 50 лет;4;top;юбилей 50 лет
юбилей 50 лет сергей поздравление;4;top;юбилей 50 лет
прикольные стихи на юбилей 50 лет;4;top;юбилей 50 лет
песня брату на юбилей 50 лет;4;top;юбилей 50 лет
поздравить одноклассника с юбилеем 50 лет;4;top;юбилей 50 лет
с юбилеем 50 лет женщине скачать видео;4;top;юбилей 50 лет
юбилей 50 лет анне;4;top;юбилей 50 лет
юбилей 50 лет мужу видео;4;top;юбилей 50 лет
шуточные подарки на юбилей свадьбы 50 лет;4;top;юбилей 50 лет
50 лет молодой юбилей;4;top;юбилей 50 лет
картинка приглашение на юбилей 50 лет;4;top;юбилей 50 лет
необычный юбилей 50 лет мужчине;4;top;юбилей 50 лет
стихотворение поздравление с юбилеем 50 лет;4;top;юбилей 50 лет
поздравления с юбилеем 50 лет подруге картинки;4;top;юбилей 50 лет
сколько дают на юбилей 50 лет;4;top;юбилей 50 лет
маме с юбилеем 50 лет от дочки;4;top;юбилей 50 лет
юбилей 50 лет со дня свадьбы;4;top;юбилей 50 лет
текст поздравления с юбилеем 50 лет женщине;4;top;юбилей 50 лет
видео приглашение на юбилей 50 лет мужчине;4;top;юбилей 50 лет
картинки с юбилеем 50 лет дочери;4;top;юбилей 50 лет
лариса с юбилеем 50 лет картинки;4;top;юбилей 50 лет
найти открытку с юбилеем 50 лет женщине;4;top;юбилей 50 лет
поздравительный адрес с юбилеем 50 лет;4;top;юбилей 50 лет
поздравить евгения с юбилеем 50 лет;4;top;юбилей 50 лет
поздравление тестя с юбилеем 50 лет;4;top;юбилей 50 лет
рисунок 50 лет юбилей;4;top;юбилей 50 лет
с юбилеем тесть 50 лет;4;top;юбилей 50 лет
фильм юбилей 50 лет женщине;4;top;юбилей 50 лет
юбилей адрес 50 лет женщине;4;top;юбилей 50 лет
идеи где отметить день рождения 12 лет;4;top;где отметить день рождения
день рождения ребенка в волгограде где отметить;4;top;где отметить день рождения
где отметить день рождения в набережных;4;top;где отметить день рождения
где можно отметить день рождения дочки;4;top;где отметить день рождения
где отметить день рождения в гагре;4;top;где отметить день рождения
где отметить день рождения ребенка в сочи;4;top;где отметить день рождения
где отметить день рождения ребенка казань;4;top;где отметить день рождения
где отметить взрослый день рождения в калуге;4;top;где отметить день рождения
где в питере отметить день рождения взрослым;4;top;где отметить день рождения
где отметить день рождения супруги;4;top;где отметить день рождения
где необычно отметить день рождения в спб;4;top;где отметить день рождения
где отметить день рождения в октябрьском;4;top;где отметить день рождения
день рождения ребенка в новосибирске где отметить;4;top;где отметить день рождения
где можно отметить день рождения в энгельсе;4;top;где отметить день рождения
где в сочи можно отметить день рождения;4;top;где отметить день рождения
где отметить день рождения 18 летие;4;top;где отметить день рождения
где отметить день рождения в геленджике;4;top;где отметить день рождения
где в брянске отметить день рождения ребенку;4;top;где отметить день рождения
соляр где отметить день рождения;4;top;где отметить день рождения
где отметить день рождения с коллегами;4;top;где отметить день рождения
где отметить день рождения 40 лет женщине;4;top;где отметить день рождения
где отметить взрослый день рождения вдвоем;4;top;где отметить день рождения
где отметить день рождения в ставрополе;4;top;где отметить день рождения
где можно отметить день рождения в рязани;4;top;где отметить день рождения
где отметить день рождения три года;4;top;где отметить день рождения
мытищи где отметить день рождения взрослым;4;top;где отметить день рождения
где отметить день рождения мужиками;4;top;где отметить день рождения
где отметить день рождения в торжке;4;top;где отметить день рождения
кафешки где можно отметить день рождения;4;top;где отметить день рождения
где отметить день рождения в балаково;4;top;где отметить день рождения
развлекательные центры где отметить день рождение;4;top;где отметить день рождения
где отметить день рождения девочке спб;4;top;где отметить день рождения
лучшие рестораны для проведения дня рождения;4;top;ресторан для дня рождения
рестораны в ереване для дня рождения;4;top;ресторан для дня рождения
необычные рестораны спб для дня рождения;4;top;ресторан для дня рождения
как организовать день рождения на природе;4;top;день рождения на природе
что нужно для дня рождения на природе;4;top;день рождения на природе
день рождения на природе пинтерест;4;top;день рождения на природе
день рождения на природе аренда;4;top;день рождения на природе
организация детского дня рождения на природе;4;top;день рождения на природе
день рождения на природе как одеться;4;top;день рождения на природе
банкетные залы спб для корпоратива;3;top;банкетный зал для корпоратива
банкетный зал для корпоратива спб;3;top;банкетный зал для корпоратива
батрутдинов кравец и карибидис новогодний корпоратив;3;top;новогодний корпоратив
новогодний корпоратив кравец батрутдинов;3;top;новогодний корпоратив
новогодний корпоратив уральские пельмени мясников;3;top;новогодний корпоратив
уральские пельмени новогодний корпоратив с мясниковым;3;top;новогодний корпоратив
уральские пельмени новогодний корпоратив с мясниковым смотреть;3;top;новогодний корпоратив
трахнул после новогоднего корпоратива;3;top;новогодний корпоратив
петросян евгений новогодний корпоратив монолог;3;top;новогодний корпоратив
петросян монолог новогодний корпоратив;3;top;новогодний корпоратив
новогодние корпоративы нижний;3;top;новогодний корпоратив
новогодний корпоратив нижний новгород;3;top;новогодний корпоратив
гости новогодний корпоратив;3;top;новогодний корпоратив
новогодний корпоратив фильм 2016 видео;3;top;новогодний корпоратив
новогодние подарки корпоратив;3;top;новогодний корпоратив
фотографии с новогоднего корпоратива;3;top;новогодний корпоратив
песня новогодний корпоратив килограмм;3;top;новогодний корпоратив
музыка для новогоднего корпоратива;3;top;новогодний корпоратив
новогодний корпоратив 2027 с шоу программой;3;top;новогодний корпоратив
новогодний корпоратив 2027 ярославль;3;top;новогодний корпоратив
проведение новогоднего корпоратива для сотрудников;3;top;новогодний корпоратив
порно после новогоднего корпоратива;3;top;новогодний корпоратив
скачать фильм новогодний корпоратив;3;top;новогодний корпоратив
сценарий новогоднего корпоратива 2027;3;top;новогодний корпоратив
на новогоднем корпоративе рассказ на дзен;3;top;новогодний корпоратив
конкурсы на новогодний корпоратив с коллегами смешные;3;top;новогодний корпоратив
на ножах новогодний корпоратив;3;top;новогодний корпоратив
новогодний корпоратив мужчина;3;top;новогодний корпоратив
новогодний корпоратив русских порно;3;top;новогодний корпоратив
новогодний корпоратив трахают;3;top;новогодний корпоратив
образ для корпоратива на природе;3;top;корпоратив на природе
корпоратив на природе тимбилдинг;3;top;корпоратив на природе | тимбилдинг на природе
корпоратив на природе под ключ;3;top;корпоратив на природе | корпоратив под ключ
образ на летний корпоратив на природе;3;top;корпоратив на природе
картинка корпоратив на природе;3;top;корпоратив на природе
загородный корпоратив фильм 2026 скачать;3;top;загородный корпоратив
загородный корпоратив фильм 2026 скачать торрент;3;top;загородный корпоратив
скачать фильм загородный корпоратив;3;top;загородный корпоратив
скачать фильм загородный корпоратив торрент;3;top;загородный корпоратив
заказать организацию корпоратива;3;top;организация корпоратива
рестораны казани для юбилея;3;top;ресторан для юбилея
где отметить юбилей в оренбурге;3;top;где отметить юбилей
где отметить юбилей в саранске;3;top;где отметить юбилей
где отметить юбилей в петербурге;3;top;где отметить юбилей
где отметить юбилей в санкт петербурге;3;top;где отметить юбилей
где отметить юбилей летом;3;top;где отметить юбилей
где отметить юбилей 45 лет;3;top;где отметить юбилей
необычное поздравление с юбилеем 50 лет женщине;3;top;юбилей 50 лет
сценарий на юбилей 50 лет совместной жизни;3;top;юбилей 50 лет
лотерея на юбилей 50 лет;3;top;юбилей 50 лет
юбилей 50 лет женщине стихи короткие;3;top;юбилей 50 лет
юбилей 50 лет на башкирском;3;top;юбилей 50 лет
юбилей 50 лет смысл;3;top;юбилей 50 лет
с юбилеем любимый муж 50 лет;3;top;юбилей 50 лет
что подарить директору на юбилей 50 лет;3;top;юбилей 50 лет
видео брату юбилей 50 лет;3;top;юбилей 50 лет
танцевальные хиты на юбилей 50 лет;3;top;юбилей 50 лет
картинки стихи с юбилеем 50 лет;3;top;юбилей 50 лет
стихотворение с юбилеем 50 лет женщине;3;top;юбилей 50 лет
танюшка с юбилеем 50 лет;3;top;юбилей 50 лет
юбилей 50 лет пинтерест;3;top;юбилей 50 лет
открытка юбилеем племяннице 50 лет;3;top;юбилей 50 лет
платье красивое на юбилей 50 лет женщине;3;top;юбилей 50 лет
поздравить девушку с юбилеем 50 лет;3;top;юбилей 50 лет
женский образ на юбилей 50 лет;3;top;юбилей 50 лет
50 лет считается юбилеем;3;top;юбилей 50 лет
тосты на юбилей 50 лет брату;3;top;юбилей 50 лет
как отметить юбилей 50 лет мужчине идеи;3;top;юбилей 50 лет
поздравление свекрови с юбилеем 50 лет;3;top;юбилей 50 лет
юбилей бухгалтера 50 лет;3;top;юбилей 50 лет
поздравление с рождением юбилей 50 лет другу;3;top;юбилей 50 лет
юбилей 50 лет мужчине юморное;3;top;юбилей 50 лет
стихи юбилей 50 лет папа;3;top;юбилей 50 лет
поздравление с юбилеем 50 лет любимому мужчине;3;top;юбилей 50 лет
тост на юбилей свадьбы 50 лет;3;top;юбилей 50 лет
дизайн торта на юбилей 50 лет;3;top;юбилей 50 лет
дизайн торта на юбилей 50 лет женщине;3;top;юбилей 50 лет
стихи для жены на юбилей 50 лет;3;top;юбилей 50 лет
разбери с юбилеем 50 лет;3;top;юбилей 50 лет
с юбилеем 50 лет вместе;3;top;юбилей 50 лет
поздравить светлану с юбилеем 50 лет;3;top;юбилей 50 лет
дима с юбилеем 50 лет;3;top;юбилей 50 лет
вступление юбилей 50 лет;3;top;юбилей 50 лет
максим с юбилеем 50 лет мужчине;3;top;юбилей 50 лет
подарок на юбилей 50 лет сыну;3;top;юбилей 50 лет
поздравить ирину с юбилеем 50 лет;3;top;юбилей 50 лет
юбилей женщине 50 лет юморной;3;top;юбилей 50 лет
как самой провести юбилей 50 лет;3;top;юбилей 50 лет
провести юбилей 50 лет сама;3;top;юбилей 50 лет
музыка на юбилей 50 лет женщине;3;top;юбилей 50 лет
гравировка на юбилей 50 лет мужчине;3;top;юбилей 50 лет
загадки на юбилей 50 лет;3;top;юбилей 50 лет
вести юбилей 50 лет;3;top;юбилей 50 лет
подборка песен на юбилей 50 лет женщине;3;top;юбилей 50 лет
поздравить коллегу с юбилеем 50 лет женщину;3;top;юбилей 50 лет
заставка юбилей 50 лет скачать;3;top;юбилей 50 лет
стихи с юбилеем 50 лет женщине прикольные;3;top;юбилей 50 лет
теплые слова на юбилей 50 лет;3;top;юбилей 50 лет
юбилей 50 лет женщине со сценками;3;top;юбилей 50 лет
юбилей 50 лет сценарий сценки женщине;3;top;юбилей 50 лет
50 лет это юбилей или круглая дата;3;top;юбилей 50 лет
оригинальное приглашение на юбилей 50 лет;3;top;юбилей 50 лет
юбилей мужчины 50 лет в коллективе;3;top;юбилей 50 лет
готовый сценарий на юбилей мужчине 50 лет;3;top;юбилей 50 лет
подарок брату на юбилей 50 лет;3;top;юбилей 50 лет
дискотека юбилей 50 лет;3;top;юбилей 50 лет
плейлист для юбилея 50 лет женщине;3;top;юбилей 50 лет
музыкальная сказка на юбилей 50 лет;3;top;юбилей 50 лет
музыкальная сказка юбилей мужчине 50 лет;3;top;юбилей 50 лет
поздравление фото с юбилеем 50 лет;3;top;юбилей 50 лет
сценарии юбилей 50 лет коллеге;3;top;юбилей 50 лет
сценарий на юбилей 50 лет женщине коллеге;3;top;юбилей 50 лет
юбилей 50 лет коллеге сценарий прикольный;3;top;юбилей 50 лет
танечка с юбилеем 50 лет;3;top;юбилей 50 лет
поздравить зятя с юбилеем 50 лет;3;top;юбилей 50 лет
открытки с юбилеем александр 50 лет;3;top;юбилей 50 лет
сестра с юбилеем 50 лет поздравления открытки;3;top;юбилей 50 лет
надпись на юбилей 50 лет мужчине;3;top;юбилей 50 лет
одежда на юбилей 50 лет;3;top;юбилей 50 лет
с юбилеем 50 лет бывшему мужчине;3;top;юбилей 50 лет
анимация юбилей 50 лет;3;top;юбилей 50 лет
поздравляю с юбилеем 50 лет короткие;3;top;юбилей 50 лет
пригласительные открытки на юбилей 50 лет;3;top;юбилей 50 лет
50 лет юбилей gif;3;top;юбилей 50 лет
с юбилеем свадьбы 50 лет родителям;3;top;юбилей 50 лет
тост папе на юбилей 50 лет;3;top;юбилей 50 лет
юбилей 50 лет мужчине дипломы;3;top;юбилей 50 лет
как начать юбилей 50 лет;3;top;юбилей 50 лет
песня про юбилей 50 лет мужчине;3;top;юбилей 50 лет
про юбилей 50 лет мужчине;3;top;юбилей 50 лет
рома с юбилеем 50 лет;3;top;юбилей 50 лет
футажи видео юбилей 50 лет;3;top;юбилей 50 лет
поздравление татарском языке 50 лет юбилеем;3;top;юбилей 50 лет
подстаканник 50 лет юбилей;3;top;юбилей 50 лет
приглашение на юбилей 50 лет образец;3;top;юбилей 50 лет
фоторамка юбилей 50 лет;3;top;юбилей 50 лет
юбилей 50 лет мужчине рыбаку;3;top;юбилей 50 лет
юбилей 50 лет предприятию;3;top;юбилей 50 лет
поздравление с юбилеем 50 лет учителя;3;top;юбилей 50 лет
текст поздравления юбилеем 50 лет мужчине;3;top;юбилей 50 лет
стихи коллеге с юбилеем 50 лет;3;top;юбилей 50 лет
поздравление родному брату с юбилеем 50 лет;3;top;юбилей 50 лет
сценарий на юбилей 50 лет маме;3;top;юбилей 50 лет
шарики 50 лет юбилей мужчине;3;top;юбилей 50 лет
наклейка 50 лет юбилей;3;top;юбилей 50 лет
поздравление м юбилеем 50 лет;3;top;юбилей 50 лет
плакат юбилея 50 лет мужчине;3;top;юбилей 50 лет
с юбилеем 50 лет подруге коротко;3;top;юбилей 50 лет
что подарить начальнице на юбилей 50 лет;3;top;юбилей 50 лет
шоу на юбилей 50 лет мужчине;3;top;юбилей 50 лет
юбилей 50 лет начальнику женщине;3;top;юбилей 50 лет
юбилей 50 лет речь;3;top;юбилей 50 лет
50 лет юбилей тост женщине короткие;3;top;юбилей 50 лет
юбилей 50 лет мужчине сценарий игры;3;top;юбилей 50 лет
юмористическое поздравления с юбилеем 50 лет;3;top;юбилей 50 лет
как одеться на юбилей 50 лет мужчине;3;top;юбилей 50 лет
идеи проведения юбилея 50 лет;3;top;юбилей 50 лет
серега с юбилеем 50 лет;3;top;юбилей 50 лет
проведение юбилея 50 лет мужчине сценарий прикольный;3;top;юбилей 50 лет
проведение юбилея мужчины 50 лет прикольные;3;top;юбилей 50 лет
сделать приглашение на юбилей 50 лет мужчине;3;top;юбилей 50 лет
викторина на юбилей 50 лет;3;top;юбилей 50 лет
викторина на юбилей 50 лет женщине;3;top;юбилей 50 лет
видео поздравление на юбилей 50 лет женщине;3;top;юбилей 50 лет
юбилей 50 лет женщине наташе;3;top;юбилей 50 лет
застольные игры на юбилей 50 лет;3;top;юбилей 50 лет
открытка с юбилеем оксана 50 лет;3;top;юбилей 50 лет
поздравок юбилей 50 лет мужчине;3;top;юбилей 50 лет
юбилей 50 лет проза другу;3;top;юбилей 50 лет
50 лет юбилей подарок коллеге;3;top;юбилей 50 лет
открытка с юбилеем 50 лет племяннику;3;top;юбилей 50 лет
открытка с юбилеем дмитрий 50 лет;3;top;юбилей 50 лет
юбилей 50 лет женщине ирина;3;top;юбилей 50 лет
как провести юбилей 50 лет мужчине;3;top;юбилей 50 лет
провести юбилей 50 лет без тамады;3;top;юбилей 50 лет
тамада как провести юбилей 50 лет;3;top;юбилей 50 лет
сколько подарить на юбилей 50 лет женщине;3;top;юбилей 50 лет
справляем юбилей 50 лет;3;top;юбилей 50 лет
юбилей светы 50 лет;3;top;юбилей 50 лет
поздравления матери с юбилеем 50 лет;3;top;юбилей 50 лет
креативное поздравление с юбилеем 50 лет женщине;3;top;юбилей 50 лет
сценарии юбилея женщина 50 лет дома;3;top;юбилей 50 лет
юбилеем 50 лет инна;3;top;юбилей 50 лет
альбом юбилей 50 лет;3;top;юбилей 50 лет
папа 50 лет юбилей день рожденья;3;top;юбилей 50 лет
интересно поздравить с юбилеем 50 лет;3;top;юбилей 50 лет
с юбилеем подружку 50 лет;3;top;юбилей 50 лет
как называют юбилей 50 лет;3;top;юбилей 50 лет
поздравление с юбилеем 50 лет женщине подруге;3;top;юбилей 50 лет
электронный пригласительный на юбилей 50 лет;3;top;юбилей 50 лет
поздравить друга с юбилеем 50 лет прикольно;3;top;юбилей 50 лет
50 лет юбилей женщине прикольные современные;3;top;юбилей 50 лет
стих на юбилей 50 лет свадьбы;3;top;юбилей 50 лет
открытки с юбилеем мама 50 лет;3;top;юбилей 50 лет
коллаж юбилея 50 лет;3;top;юбилей 50 лет
саша с юбилеем 50 лет мужчине;3;top;юбилей 50 лет
юбилей 50 лет мужчине сыну;3;top;юбилей 50 лет
с юбилеем 50 лет красивое видео;3;top;юбилей 50 лет
владимир с юбилеем 50 лет картинки;3;top;юбилей 50 лет
как отпраздновать юбилей 50 лет женщине;3;top;юбилей 50 лет
как отпраздновать юбилей 50 лет женщине идеи;3;top;юбилей 50 лет
найти поздравления с юбилеем 50 лет;3;top;юбилей 50 лет
необычное поздравление с юбилеем 50 лет мужчине;3;top;юбилей 50 лет
открытка 50 лет юбилей ольги;3;top;юбилей 50 лет
поздравить елену с юбилеем 50 лет;3;top;юбилей 50 лет
поздравить с золотым юбилеем 50 лет;3;top;юбилей 50 лет
поздравления однокласснику с юбилеем 50 лет;3;top;юбилей 50 лет
почему юбилей 50 лет;3;top;юбилей 50 лет
с днем юбилея 50 лет племянника;3;top;юбилей 50 лет
с юбилеем 50 лет кратко;3;top;юбилей 50 лет
скачать песню про юбилей 50 лет;3;top;юбилей 50 лет
стих сестре на юбилей 50 лет;3;top;юбилей 50 лет
сценарий на юбилей свадьбы 50 лет;3;top;юбилей 50 лет
торт на юбилей 50 лет прямоугольный;3;top;юбилей 50 лет
торты на юбилей мужчине 50 лет прямоугольный;3;top;юбилей 50 лет
фанты на юбилей 50 лет;3;top;юбилей 50 лет
частушки на юбилей мужчине 50 лет прикольные;3;top;юбилей 50 лет
шуточная песня на юбилей 50 лет;3;top;юбилей 50 лет
юбилей 50 лет сотрудница;3;top;юбилей 50 лет
где можно отметить день рождения в волгограде;3;top;где отметить день рождения
где можно отметить день рождения в могилеве;3;top;где отметить день рождения
где можно отметить день рождения в симферополе;3;top;где отметить день рождения
где отметить день рождения в могилеве;3;top;где отметить день рождения
где отметить день рождения в ростове великом;3;top;где отметить день рождения
где отметить день рождения ребенка в могилеве;3;top;где отметить день рождения
день рождения подросток симферополь где отметить;3;top;где отметить день рождения
где отметить день рождение ангарск;3;top;где отметить день рождения
где отметить день рождения приморский район;3;top;где отметить день рождения
где можно отметить день рождения в уфе;3;top;где отметить день рождения
где отметить день рождения в пекине;3;top;где отметить день рождения
где отметить день рождения в донецке;3;top;где отметить день рождения
день рождения в дубае где отметить;3;top;где отметить день рождения
где в курске отметить день рождения взрослому;3;top;где отметить день рождения
где выгодно отметить день рождения;3;top;где отметить день рождения
где отметить день рождения 35 лет девушке;3;top;где отметить день рождения
где отметить день рождения ребенка в ижевске;3;top;где отметить день рождения
где можно отметить день рождения в новокузнецке;3;top;где отметить день рождения
где отметить день рождения в новокузнецке;3;top;где отметить день рождения
покажи где можно отмечать день рождения;3;top;где отметить день рождения
где отметить день рождения в дзержинске;3;top;где отметить день рождения
где отметить день рождения в дзержинском;3;top;где отметить день рождения
где в спб отметить день рождения взрослому;3;top;где отметить день рождения
где отметить день рождения в сочи взрослому;3;top;где отметить день рождения
где отметить день рождения ребенка в белгороде;3;top;где отметить день рождения
где отметить день рождения ребенка в тюмени;3;top;где отметить день рождения
идеи где отметить день рождения 14 лет;3;top;где отметить день рождения
где отметить день рождение 18 спб;3;top;где отметить день рождения
тула где отметить день рождения ребенка;3;top;где отметить день рождения
где отметить день рождения в саратове взрослым;3;top;где отметить день рождения
день рождения вечеринка где отметить;3;top;где отметить день рождения
где отметить день рождения в мурманске;3;top;где отметить день рождения
где отметить день рождения в липецке взрослому;3;top;где отметить день рождения
день рождения где отметить спб 12;3;top;где отметить день рождения
где отметить детский день рождения в тамбове;3;top;где отметить день рождения
где отметить ребенку день рождения в коврове;3;top;где отметить день рождения
где отметить день рождения в будни;3;top;где отметить день рождения
ростов где отметить день рождения подростка;3;top;где отметить день рождения
где отметить день рождения банкет;3;top;где отметить день рождения
где отметить день рождения в таганроге;3;top;где отметить день рождения
где отметить день рождения в твери подростку;3;top;где отметить день рождения
ногинск где отметить детский день рождения;3;top;где отметить день рождения
где отметить день рождения 38 лет;3;top;где отметить день рождения
кафе где отметить детский день рождения;3;top;где отметить день рождения
где можно отметить день рождения в вологде;3;top;где отметить день рождения
где отметить день рождения в вологде;3;top;где отметить день рождения
где отметить день рождения 36 лет;3;top;где отметить день рождения
где отмечать день рождения лазертаг;3;top;где отметить день рождения
где отметить день рождения в переславле;3;top;где отметить день рождения
где отметить день рождения сына 10 лет;3;top;где отметить день рождения
где отметить день рождения в минске подростку;3;top;где отметить день рождения
студия где отметить день рождения;3;top;где отметить день рождения
кафе воронежа где отметить день рождения;3;top;где отметить день рождения
день рождения в ярославле взрослому где отметить;3;top;где отметить день рождения
где отметить день рождения в евпатории;3;top;где отметить день рождения
где в ростове отметить день рождения взрослому;3;top;где отметить день рождения
где можно отметить день рождение в самаре;3;top;где отметить день рождения
где можно отметить день рождения в балаково;3;top;где отметить день рождения
где отметить день рождение елец;3;top;где отметить день рождения
где отметить день рождения в волжске;3;top;где отметить день рождения
где отметить день рождения в волжском;3;top;где отметить день рождения
рестораны саратов для дня рождения;3;top;ресторан для дня рождения
рестораны калининград для дня рождения;3;top;ресторан для дня рождения
рестораны челябинска для дня рождения;3;top;ресторан для дня рождения
ресторан бар в москве для дня рождения;3;top;ресторан для дня рождения
рестораны белгород для дня рождения;3;top;ресторан для дня рождения
бутерброды на день рождения на природу;3;top;день рождения на природе
день рождения на природе что надеть;3;top;день рождения на природе
фотозона на природе на день рождения;3;top;день рождения на природе
прикольный сценарий дня рождения на природе;3;top;день рождения на природе
на день рождение на природе что купить;3;top;день рождения на природе
праздник день рождения на природе;3;top;день рождения на природе
с днем рождения на фоне природы;3;top;день рождения на природе
меню на день рождения взрослого на природе;3;top;день рождения на природе
салат с печенью трески на праздничный стол;2;assoc;банкетный зал для корпоратива
березка новогодний корпоратив;2;top;новогодний корпоратив
кравец брежнева новогодний корпоратив;2;top;новогодний корпоратив
марина кравец новогодний корпоратив;2;top;новогодний корпоратив
новогодний корпоратив магнитогорск;2;top;новогодний корпоратив
новогодний праздник корпоратив;2;top;новогодний корпоратив
новогодняя игра корпоратив;2;top;новогодний корпоратив
новогодняя комедия корпоратив;2;top;новогодний корпоратив
секс после новогоднего корпоратива;2;top;новогодний корпоратив
фильм новогодний корпоратив ютуб;2;top;новогодний корпоратив
килограмм новогодний корпоратив текст;2;top;новогодний корпоратив
килограмм новогодний корпоратив слушать;2;top;новогодний корпоратив
уральские пельмени корпоратив с японцами новогодний;2;top;новогодний корпоратив
новогодние корпоративы чехов;2;top;новогодний корпоратив
меню на новогодний корпоратив;2;top;новогодний корпоратив
новогодний корпоратив 2027 екатеринбург;2;top;новогодний корпоратив
новогодние корпоративы в рыбинске;2;top;новогодний корпоратив
как организовать новогодний корпоратив;2;top;новогодний корпоратив
новогодние корпоративы псков;2;top;новогодний корпоратив
новогодний корпоратив новосибирск;2;top;новогодний корпоратив
сценарий новогоднего корпоратива 2026 прикольный для коллег;2;top;новогодний корпоратив
эротика новогодний корпоратив;2;top;новогодний корпоратив
dj ilya lavrov новогодний корпоратив;2;top;новогодний корпоратив
dj ilya lavrov новогодний корпоратив mix;2;top;новогодний корпоратив
lavrov новогодний корпоратив;2;top;новогодний корпоратив
новогодний корпоратив dj;2;top;новогодний корпоратив
новогодний корпоратив mix;2;top;новогодний корпоратив
новогодний корпоратив групповуха;2;top;новогодний корпоратив
смотреть уральские пельмени после корпоратива новогоднего;2;top;новогодний корпоратив
корпоратив новогоднее испытание слава ленская;2;top;новогодний корпоратив
новогодняя ночь корпоратив;2;top;новогодний корпоратив
стиль для новогоднего корпоратива;2;top;новогодний корпоратив
новогодний корпоратив ебля;2;top;новогодний корпоратив
трахнул на новогоднем корпоративе;2;top;новогодний корпоратив
где отпраздновать новогодний корпоратив;2;top;новогодний корпоратив
как провести новогодний корпоратив с коллегами идеи;2;top;новогодний корпоратив
новогодние корпоративы оргии;2;top;новогодний корпоратив
новогодний корпоратив россии;2;top;новогодний корпоратив
однажды в россии новогодний корпоратив;2;top;новогодний корпоратив
керлинг в москве адреса и цены корпоратив;2;top;корпоратив москва
корпоратив на природе порно рассказ;2;top;корпоратив на природе
порно на корпоративе на природе;2;top;корпоратив на природе
стол на корпоратив на природе;2;top;корпоратив на природе
корпоратив на природе екатеринбург;2;top;корпоратив на природе
корпоратив на природе ярославль;2;top;корпоратив на природе
идеи для летнего корпоратива на природе;2;top;корпоратив на природе
корпоратив на природе как называется;2;top;корпоратив на природе
ужасы загородный корпоратив;2;top;загородный корпоратив
фильм ужасов загородный корпоратив;2;top;загородный корпоратив
игры для тимбилдинга на природе;2;top;тимбилдинг на природе
тимбилдинг на природе сценарий;2;top;тимбилдинг на природе
выездной тимбилдинг на природе;2;top;тимбилдинг на природе
конкурсы для тимбилдинга на природе;2;top;тимбилдинг на природе
конкурсы для тимбилдинга на природе для сотрудников;2;top;тимбилдинг на природе
как украсить банкетный зал на юбилей;2;top;банкетный зал на юбилей
одежда на юбилей в ресторан для женщин;2;top;ресторан для юбилея
снять ресторан для юбилея;2;top;ресторан для юбилея
где отметить юбилей в омске;2;top;где отметить юбилей
где отметить юбилей в магнитогорске;2;top;где отметить юбилей
где отметить юбилей в твери;2;top;где отметить юбилей
где отметить юбилей 55 лет женщине;2;top;где отметить юбилей
где отметить юбилей 35 лет девушке;2;top;где отметить юбилей
где отметить юбилей в орле;2;top;где отметить юбилей
где отметить юбилей 45 лет мужчине;2;top;где отметить юбилей
где отметить юбилей 70 лет женщине;2;top;где отметить юбилей
где отметить юбилей в коврове;2;top;где отметить юбилей
где отметить юбилей в ярославле;2;top;где отметить юбилей
украшение торта на 50 лет женщине юбилей;2;top;юбилей 50 лет
украшение торта на юбилей 50 лет;2;top;юбилей 50 лет
трудовой юбилей 50 лет;2;top;юбилей 50 лет
анатолий с юбилеем 50 лет картинки;2;top;юбилей 50 лет
беспроигрышная лотерея на юбилей 50 лет женщине;2;top;юбилей 50 лет
интересное поздравление с юбилеем 50 лет мужчине;2;top;юбилей 50 лет
картина на юбилей 50 лет;2;top;юбилей 50 лет
лотереи на юбилей 50 лет женщине;2;top;юбилей 50 лет
музыкальная открытка с юбилеем 50 лет мужчине;2;top;юбилей 50 лет
с юбилеем паша 50 лет;2;top;юбилей 50 лет
сценарий дня юбилея 50 лет;2;top;юбилей 50 лет
фотошоп юбилей 50 лет;2;top;юбилей 50 лет
ч юбилеем 50 лет мужчине;2;top;юбилей 50 лет
шутки на юбилей 50 лет;2;top;юбилей 50 лет
юбилеи день рождения 50 лет сценарии;2;top;юбилей 50 лет
юбилей 50 лет анатолий;2;top;юбилей 50 лет
юбилей 50 лет женщине бухгалтеру;2;top;юбилей 50 лет
юбилей 50 лет мужчине зятю;2;top;юбилей 50 лет
юбилей 50 лет рождения сценарий;2;top;юбилей 50 лет
юбилей 50 лет юра;2;top;юбилей 50 лет
юбилей тельмана исмаилова 50 лет;2;top;юбилей 50 лет
юра с юбилеем 50 лет мужчине;2;top;юбилей 50 лет
юбилей 50 лет женщине подарки оригинальные;2;top;юбилей 50 лет
плакаты на юбилей 50 лет женщине;2;top;юбилей 50 лет
проведение юбилея 50 лет в москве;2;top;юбилей 50 лет
золотой юбилей мужчине 50 лет;2;top;юбилей 50 лет
подарок на юбилей 50 лет купить;2;top;юбилей 50 лет
юбилей 50 лет поздравление тост;2;top;юбилей 50 лет
юбилей газманова 50 лет;2;top;юбилей 50 лет
коля с юбилеем 50 лет;2;top;юбилей 50 лет
оля с юбилеем 50 лет;2;top;юбилей 50 лет
букет для мужчины на юбилей 50 лет;2;top;юбилей 50 лет
картинки с юбилеем 50 лет любимому;2;top;юбилей 50 лет
харламов юбилей 50 лет;2;top;юбилей 50 лет
юбилей 50 лет заведующей;2;top;юбилей 50 лет
юбилей заведующей детского сада 50 лет;2;top;юбилей 50 лет
красивое приглашение на юбилей 50 лет;2;top;юбилей 50 лет
50 лет юбилей совместной жизни песня;2;top;юбилей 50 лет
вячеслав с юбилеем 50 лет мужчине;2;top;юбилей 50 лет
купить медаль 50 лет юбилей;2;top;юбилей 50 лет
поздравление с юбилеем 50 лет доченьке;2;top;юбилей 50 лет
с юбилеем вячеслав 50 лет;2;top;юбилей 50 лет
юбилей 50 лет куму мужчине;2;top;юбилей 50 лет
юбилей 50 лет цитата;2;top;юбилей 50 лет
юбилей свадьбы 50 лет анимация;2;top;юбилей 50 лет
как начать юбилей женщине 50 лет;2;top;юбилей 50 лет
стихи про юбилей 50 лет;2;top;юбилей 50 лет
поздравления с юбилеем 50 лет мужчине лучшие;2;top;юбилей 50 лет
поздравление с юбилеем 50 лет родственника;2;top;юбилей 50 лет
с юбилеем 50 лет родственнику;2;top;юбилей 50 лет
написать приглашение на юбилей 50 лет;2;top;юбилей 50 лет
конкурсы тамады на юбилей 50 лет;2;top;юбилей 50 лет
слова песни на юбилей 50 лет;2;top;юбилей 50 лет
считается ли 50 лет юбилеем;2;top;юбилей 50 лет
братишка с юбилеем 50 лет от сестры;2;top;юбилей 50 лет
юбилей 50 лет женщине елене;2;top;юбилей 50 лет
как провести юбилей сценарий 50 лет женщине;2;top;юбилей 50 лет
подарок директору на юбилей 50 лет;2;top;юбилей 50 лет
юбилей 50 лет женщине провести самой;2;top;юбилей 50 лет
как поздравить папу с юбилеем 50 лет;2;top;юбилей 50 лет
пригласительный на юбилей 50 лет женщине шаблон;2;top;юбилей 50 лет
люба с юбилеем 50 лет женщине;2;top;юбилей 50 лет
меню на юбилей 50 лет мужчине;2;top;юбилей 50 лет
поздравление крестной с юбилеем 50 лет;2;top;юбилей 50 лет
поздравление с юбилеем 50 лет любимой подруге;2;top;юбилей 50 лет
с юбилеем 50 лет сереже;2;top;юбилей 50 лет
сергей жуков 50 лет юбилей;2;top;юбилей 50 лет
слайд шоу юбилей 50 лет;2;top;юбилей 50 лет
слайды на юбилей 50 лет;2;top;юбилей 50 лет
шоу на юбилей 50 лет женщине;2;top;юбилей 50 лет
шуточные подарки на юбилей мужчине 50 лет;2;top;юбилей 50 лет
юбилей сергея жукова 50 лет;2;top;юбилей 50 лет
юбилей 50 лет поздравление от детей;2;top;юбилей 50 лет
юлия с юбилеем 50 лет женщине красивые;2;top;юбилей 50 лет
прическа на юбилей 50 лет;2;top;юбилей 50 лет
анекдоты про юбилей 50 лет женщине;2;top;юбилей 50 лет
где праздновать юбилей 50 лет;2;top;юбилей 50 лет
празднуем юбилей 50 лет;2;top;юбилей 50 лет
что пожелать на юбилей 50 лет женщине;2;top;юбилей 50 лет
юбилей 50 лет мужчине поздравление жены;2;top;юбилей 50 лет
песня юбилей папы 50 лет;2;top;юбилей 50 лет
с юбилеем 50 лет от родных;2;top;юбилей 50 лет
медаль 50 лет юбилей мужчине поздравления;2;top;юбилей 50 лет
дима с юбилеем 50 лет поздравления;2;top;юбилей 50 лет
двухъярусный торт на юбилей женщине 50 лет;2;top;юбилей 50 лет
оформление торта на юбилей женщине 50 лет;2;top;юбилей 50 лет
прикольные надписи на юбилей 50 лет;2;top;юбилей 50 лет
таня с юбилеем 50 лет женщине;2;top;юбилей 50 лет
сценарий юбилея 50 лет сама себе;2;top;юбилей 50 лет
сценарий юбилея самой себе 50 лет;2;top;юбилей 50 лет
юбилей учителю женщине 50 лет;2;top;юбилей 50 лет
сценка юбилея 50 лет мужчине смешной;2;top;юбилей 50 лет
корона 50 лет юбилей женщине;2;top;юбилей 50 лет
сценки юбилея 50 лет женщине юмором;2;top;юбилей 50 лет
юбилей подруге 50 лет сценарий;2;top;юбилей 50 лет
юбилей 50 лет форум;2;top;юбилей 50 лет
смешной тост на юбилей 50 лет;2;top;юбилей 50 лет
поздравление теще на юбилей 50 лет;2;top;юбилей 50 лет
тост подруге на юбилей 50 лет прикольные;2;top;юбилей 50 лет
юбилей 50 лет племянница своими словами;2;top;юбилей 50 лет
проведение юбилея 50 лет программа;2;top;юбилей 50 лет
темы юбилеев женщине 50 лет;2;top;юбилей 50 лет
юбилей 50 лет сценарий праздника;2;top;юбилей 50 лет
видеопоздравление с юбилеем мужчине 50 лет;2;top;юбилей 50 лет
грамота на юбилей 50 лет мужчине;2;top;юбилей 50 лет
заставка юбилей женщине 50 лет;2;top;юбилей 50 лет
застольные игры на юбилей 50 лет мужчине;2;top;юбилей 50 лет
идеи празднования юбилея 50 лет женщине;2;top;юбилей 50 лет
квн юбилей 50 лет смотреть;2;top;юбилей 50 лет
медаль на юбилей 50 лет женщине распечатать;2;top;юбилей 50 лет
пожелания на юбилей 50 лет мужу;2;top;юбилей 50 лет
распечатать медаль 50 лет юбилей;2;top;юбилей 50 лет
с юбилеем 50 лет директору школы;2;top;юбилей 50 лет
свадьба юбилей 50 лет вместе;2;top;юбилей 50 лет
скачать бесплатно сценарий юбилея 50 лет;2;top;юбилей 50 лет
скачать сценарий юбилея мужчины 50 лет;2;top;юбилей 50 лет
смешные сценарии юбилея 50 лет мужчине;2;top;юбилей 50 лет
сценарий юбилея школы 50 лет интересный;2;top;юбилей 50 лет
сценарий юбилея школы 50 лет интересный современный;2;top;юбилей 50 лет
фото открытки юбилей 50 лет;2;top;юбилей 50 лет
юбилей 50 лет газета;2;top;юбилей 50 лет
юбилей 50 лет дочери сценарий;2;top;юбилей 50 лет
юбилей 50 лет охотник;2;top;юбилей 50 лет
юбилей 50 лет смотреть онлайн;2;top;юбилей 50 лет
юбилей школы 50 лет поздравления;2;top;юбилей 50 лет
красивый тост на юбилей 50 лет;2;top;юбилей 50 лет
юбилей 50 лет вручение медали;2;top;юбилей 50 лет
как интересно провести юбилей 50 лет;2;top;юбилей 50 лет
как интересно провести юбилей 50 лет женщине;2;top;юбилей 50 лет
брючный костюм женский на юбилей 50 лет;2;top;юбилей 50 лет
прикольный интересный юбилей 50 лет женщине;2;top;юбилей 50 лет
программа юбилея 50 лет мужчине;2;top;юбилей 50 лет
сценарий юбилея женщине 50 лет интересный новый;2;top;юбилей 50 лет
юбилей 50 лет женщине игры конкурсы;2;top;юбилей 50 лет
юбилей 50 лет женщине интересный новое;2;top;юбилей 50 лет
сценарий юбилея мужчины 50 лет интересный новый;2;top;юбилей 50 лет
поздравление свахе с юбилеем 50 лет;2;top;юбилей 50 лет
поздравления юбилея 50 лет бабушке;2;top;юбилей 50 лет
с юбилеем 50 лет от внука;2;top;юбилей 50 лет
юбилей 50 лет бабушке от внука;2;top;юбилей 50 лет
юбилей мужчине 50 лет юмором стихи;2;top;юбилей 50 лет
удостоверение 50 лет юбилей;2;top;юбилей 50 лет
картинка с надписью 50 лет юбилей;2;top;юбилей 50 лет
открытка с юбилеем 50 лет купить;2;top;юбилей 50 лет
открытка с юбилеем 50 лет наталья;2;top;юбилей 50 лет
подарок дочери на юбилей 50 лет;2;top;юбилей 50 лет
поздравление с юбилеем двоюродному брату 50 лет;2;top;юбилей 50 лет
юбилей навки татьяны 50 лет;2;top;юбилей 50 лет
юбилей соседа 50 лет;2;top;юбилей 50 лет
поздравит юбилей 50 лет проза;2;top;юбилей 50 лет
песня юбилей 50 лет мужчине другу;2;top;юбилей 50 лет
поздравление с юбилеем лучшей подруге 50 лет;2;top;юбилей 50 лет
что подарить учителю на юбилей 50 лет;2;top;юбилей 50 лет
поздравление с юбилеем крестнику 50 лет;2;top;юбилей 50 лет
юбилей 50 лет бабушке и дедушке;2;top;юбилей 50 лет
юбилей 50 лет дедушке;2;top;юбилей 50 лет
юбилей 50 лет женщине без тамады;2;top;юбилей 50 лет
сборники песен на юбилей 50 лет;2;top;юбилей 50 лет
шуточный сценарий юбилея 50 лет женщине;2;top;юбилей 50 лет
алена с юбилеем 50 лет женщине;2;top;юбилей 50 лет
песня на юбилей 50 лет спеть;2;top;юбилей 50 лет
поздравление с юбилеем 50 лет женщине начальнице;2;top;юбилей 50 лет
руслан с юбилеем 50 лет мужчине;2;top;юбилей 50 лет
скачать сценарий юбилей 50 лет женщине;2;top;юбилей 50 лет
рамка с юбилеем 50 лет женщине;2;top;юбилей 50 лет
сценарий для проведения юбилея 50 лет мужчине;2;top;юбилей 50 лет
картинки юбилей 50 лет маме;2;top;юбилей 50 лет
поздравить наташу с юбилеем 50 лет;2;top;юбилей 50 лет
с юбилеем старший брат 50 лет;2;top;юбилей 50 лет
сыночек с юбилеем 50 лет;2;top;юбилей 50 лет
блюдо на юбилей 50 лет;2;top;юбилей 50 лет
песня под юбилей 50 лет;2;top;юбилей 50 лет
юбилей 50 лет мужчине в кафе;2;top;юбилей 50 лет
юбилей в кафе сценарий 50 лет;2;top;юбилей 50 лет
картинки с юбилеем сына 50 лет;2;top;юбилей 50 лет
песни переделки на юбилей свадьбы 50 лет;2;top;юбилей 50 лет
катя с юбилеем 50 лет;2;top;юбилей 50 лет
музыка на юбилей 50 лет мужчине;2;top;юбилей 50 лет
поздравок с юбилеем 50 лет женщине;2;top;юбилей 50 лет
стол на юбилей 50 лет дома;2;top;юбилей 50 лет
что приготовить на юбилей 50 лет мужчине;2;top;юбилей 50 лет
аню с юбилеем 50 лет;2;top;юбилей 50 лет
поздравить племянницу с юбилеем 50 лет;2;top;юбилей 50 лет
стихи подруге на юбилей 50 лет прикольные;2;top;юбилей 50 лет
с юбилеем родная сестра 50 лет;2;top;юбилей 50 лет
серега с юбилеем 50 лет мужчине;2;top;юбилей 50 лет
50 лет юбилей женщине свахе;2;top;юбилей 50 лет
игры на юбилей 50 лет мужчине прикольные;2;top;юбилей 50 лет
как весело отметить юбилей 50 лет;2;top;юбилей 50 лет
как справить юбилей 50 лет мужчине;2;top;юбилей 50 лет
красивая надпись с юбилеем 50 лет;2;top;юбилей 50 лет
монета 50 лет юбилей;2;top;юбилей 50 лет
мужчине 50 лет юбилей оригинальное поздравление картинки;2;top;юбилей 50 лет
надежда с юбилеем 50 лет женщине;2;top;юбилей 50 лет
наряд на юбилей 50 лет женщине фото;2;top;юбилей 50 лет
открытки с юбилеем 50 лет коллега;2;top;юбилей 50 лет
оформление зала на юбилей 50 лет женщине;2;top;юбилей 50 лет
оформление зала на юбилей 50 лет мужчине;2;top;юбилей 50 лет
поздравить двоюродную сестру с юбилеем 50 лет;2;top;юбилей 50 лет
поздравить мужчину с юбилеем 50 лет открытка;2;top;юбилей 50 лет
поздравить с юбилеем 50 лет андрею;2;top;юбилей 50 лет
поздравить сестренку с юбилеем 50 лет;2;top;юбилей 50 лет
поздравление кратко с юбилеем 50 лет;2;top;юбилей 50 лет
поздравление с юбилеем 50 лет брака;2;top;юбилей 50 лет
поздравления с юбилеем 50 лет надежда;2;top;юбилей 50 лет
прикольные игры на юбилей 50 лет;2;top;юбилей 50 лет
ролик юбилей 50 лет;2;top;юбилей 50 лет
с прошедшим юбилеем 50 лет;2;top;юбилей 50 лет
с прошедшим юбилеем мужчине 50 лет;2;top;юбилей 50 лет
с юбилеем 50 лет младшей сестре;2;top;юбилей 50 лет
скачать открытки с юбилеем 50 лет дочери;2;top;юбилей 50 лет
скачать песню с юбилеем 50 лет женщине;2;top;юбилей 50 лет
сотрудника с юбилеем 50 лет;2;top;юбилей 50 лет
танцевальная музыка для юбилея 50 лет;2;top;юбилей 50 лет
тематический юбилей 50 лет женщине;2;top;юбилей 50 лет
фанты на юбилей 50 лет мужчине;2;top;юбилей 50 лет
что придумать на юбилей 50 лет;2;top;юбилей 50 лет
юбилей 50 лет женщине маме;2;top;юбилей 50 лет
юбилей 50 лет женщине поздравление маме;2;top;юбилей 50 лет
юбилей 50 лет нине;2;top;юбилей 50 лет
где в ростове можно отметить день рождения;2;top;где отметить день рождения
где отметить день рождение ребенка в краснодаре;2;top;где отметить день рождения
где отметить день рождения в великом новгороде;2;top;где отметить день рождения
где отметить день рождения в ростовской области;2;top;где отметить день рождения
где отметить день рождения в смоленске подростку;2;top;где отметить день рождения
детский день рождения в иваново где отметить;2;top;где отметить день рождения
мичуринск где отметить день рождения;2;top;где отметить день рождения
рестораны спб где отметить день рождения;2;top;где отметить день рождения
где отметить день рождения в новокузнецке взрослый;2;top;где отметить день рождения
где можно отметить день рождения в ангарске;2;top;где отметить день рождения
где можно отметить день рождения в хабаровске;2;top;где отметить день рождения
где отметить день рождения в екатеринбурге подростку;2;top;где отметить день рождения
где отметить день рождения в нальчике;2;top;где отметить день рождения
где отметить день рождения в хабаровске;2;top;где отметить день рождения
где отметить день рождения казань ресторан;2;top;где отметить день рождения
идеи где отметить день рождения 13 лет;2;top;где отметить день рождения
день рождение семьей в казани где отметить;2;top;где отметить день рождения
где отметить день рождения ребенку новочеркасск;2;top;где отметить день рождения
где отметить день рождения подростка в ярославле;2;top;где отметить день рождения
где можно отметить день рождения в донецке;2;top;где отметить день рождения
где в уфе отметить день рождения взрослому;2;top;где отметить день рождения
где можно отметить день рождения в калуге;2;top;где отметить день рождения
где можно отметить день рождения в луганске;2;top;где отметить день рождения
где можно отметить день рождения в таганроге;2;top;где отметить день рождения
где отметить день рождения 37 лет;2;top;где отметить день рождения
где отметить день рождения в луганске;2;top;где отметить день рождения
где отметить день рождения в стерлитамаке;2;top;где отметить день рождения
где отметить день рождения девичник;2;top;где отметить день рождения
где отметить день рождения ребенка в екатеринбурге;2;top;где отметить день рождения
где отметить день рождения ребенка в крыму;2;top;где отметить день рождения
где отметить день рождения ребенка в пятигорске;2;top;где отметить день рождения
где отметить день рождения ребенка во владивостоке;2;top;где отметить день рождения
где отметить день рождения ребенка пермь;2;top;где отметить день рождения
где отметить детский день рождения луганск;2;top;где отметить день рождения
где отметить детский день рождения ростов;2;top;где отметить день рождения
детский день рождения пермь где отметить;2;top;где отметить день рождения
где отметить день рождения в сыктывкаре;2;top;где отметить день рождения
детский день рождения где отметить идеи;2;top;где отметить день рождения
где отметить день рождения в оренбурге взрослому;2;top;где отметить день рождения
где в курске отметить день рождения ребенка;2;top;где отметить день рождения
где можно отметить день рождения во владимире;2;top;где отметить день рождения
где отметить день рождения в рязани подростку;2;top;где отметить день рождения
детский день рождения во владимире где отметить;2;top;где отметить день рождения
где отметить день рождение ребенка владикавказ;2;top;где отметить день рождения
где можно отметить день рождения в иваново;2;top;где отметить день рождения
кофе где можно отметить день рождения;2;top;где отметить день рождения
где отметить день рождения подростка спб;2;top;где отметить день рождения
где отметить день рождения в элисте;2;top;где отметить день рождения
где отметить день рождения ребенка в минске;2;top;где отметить день рождения
где отметить день рождения в адлере;2;top;где отметить день рождения
где отметить день рождения в чебоксарах взрослым;2;top;где отметить день рождения
где можно отметить день рождения в астрахани;2;top;где отметить день рождения
где можно отметить день рождения в челнах;2;top;где отметить день рождения
где отметить день рождения в набережных челнах;2;top;где отметить день рождения
где отметить день рождения в челнах;2;top;где отметить день рождения
где отметить день рождения в орле;2;top;где отметить день рождения
где отметить день рождения в архангельске;2;top;где отметить день рождения
где отметить день рождения в сухуме;2;top;где отметить день рождения
где отметить день рождения в ульяновске;2;top;где отметить день рождения
где можно отметить день рождения в тольятти;2;top;где отметить день рождения
где отметить день рождения взрослому летом;2;top;где отметить день рождения
где отметить день рождения ребенка чебоксары;2;top;где отметить день рождения
где отметить день рождения в воронеже взрослому;2;top;где отметить день рождения
где отметить день рождения подростка в брянске;2;top;где отметить день рождения
где отметить день рождения в питере вдвоем;2;top;где отметить день рождения
где в дивеево отметить день рождение;2;top;где отметить день рождения
где можно отметить день рождения в армавире;2;top;где отметить день рождения
где можно отметить день рождения в екатеринбурге;2;top;где отметить день рождения
где отметить день рождения в армавире;2;top;где отметить день рождения
где отметить день рождения в кирове;2;top;где отметить день рождения
где отметить день рождения в лазаревском;2;top;где отметить день рождения
где отметить день рождения в омске взрослый;2;top;где отметить день рождения
где отметить день рождения в рыбинске;2;top;где отметить день рождения
где отметить день рождения в челябинске взрослым;2;top;где отметить день рождения
где отметить день рождения ребенка в череповце;2;top;где отметить день рождения
где отметить день рождения череповец;2;top;где отметить день рождения
где отметить детский день рождения в калининграде;2;top;где отметить день рождения
день рождения в волгограде где отметить взрослому;2;top;где отметить день рождения
детский день рождения в пензе где отметить;2;top;где отметить день рождения
ярославль детский день рождения где отметить;2;top;где отметить день рождения
ресторан для дня рождения вдвоем;2;top;ресторан для дня рождения
рестораны в уфе для дня рождения;2;top;ресторан для дня рождения
рестораны во владикавказе для дня рождения;2;top;ресторан для дня рождения
поздравление для ресторана с днем рождения;2;top;ресторан для дня рождения
рестораны омск для день рождения;2;top;ресторан для дня рождения
рестораны рязань для дня рождения;2;top;ресторан для дня рождения
рестораны иваново для дня рождения;2;top;ресторан для дня рождения
рестораны минска для дня рождения;2;top;ресторан для дня рождения
день рождение на природе казань;2;top;день рождения на природе
сервировка стола на день рождения на природе;2;top;день рождения на природе
сценарий дня рождения женщине на природе;2;top;день рождения на природе
отметить детское день рождение на природе;2;top;день рождения на природе
день рождения на природе самара;2;top;день рождения на природе
салаты на день рождения вкусные на природу;2;top;день рождения на природе
банкетный зал для свадеб и корпоративов;1;top;банкетный зал для корпоратива
рестораны для корпоративов минск;1;top;ресторан для корпоратива
рестораны екатеринбурга для корпоратива;1;top;ресторан для корпоратива
рестораны краснодара для новогодних корпоративов;1;top;ресторан для корпоратива | новогодний корпоратив
площадки для корпоративов минск;1;top;площадка для корпоратива
площадка для корпоратива 350 человек;1;top;площадка для корпоратива
killagram новогодний корпоратив скачать;1;top;новогодний корпоратив
квн новогодний корпоратив;1;top;новогодний корпоратив
новогодние танцы корпоратив;1;top;новогодний корпоратив
муж собрался на новогодний корпоратив уральские пельмени;1;top;новогодний корпоратив
dj ilya lavrov новогодний корпоратив 2026;1;top;новогодний корпоратив
dj ilya lavrov новогодний корпоратив mix 2026;1;top;новогодний корпоратив
новогодние корпоративы вологда;1;top;новогодний корпоратив
новогодние корпоративы истории;1;top;новогодний корпоратив
новогодний корпоратив 2026 dj;1;top;новогодний корпоратив
новогодний корпоратив mix 2026;1;top;новогодний корпоратив
новогодний корпоратив вк;1;top;новогодний корпоратив
порно новогодний корпоратив жены;1;top;новогодний корпоратив
как на новогоднем на корпоративе слепаков слушать;1;top;новогодний корпоратив
новогодний корпоратив омск;1;top;новогодний корпоратив
демис карибидис новогодний корпоратив;1;top;новогодний корпоратив
корпоратив новогодний держатся за посох деда мороза;1;top;новогодний корпоратив
новогодние корпоративы белгород;1;top;новогодний корпоратив
новогодний корпоратив в йошкар оле;1;top;новогодний корпоратив
новогодний корпоратив камеди клаб демис;1;top;новогодний корпоратив
новогодний корпоратив красноярск;1;top;новогодний корпоратив
новогодний корпоратив реклама;1;top;новогодний корпоратив
приглашения на корпоратив новогодний шаблоны;1;top;новогодний корпоратив
на новогоднем корпоративе рассказ читать;1;top;новогодний корпоратив
новогодний корпоратив 2027 рыбинск;1;top;новогодний корпоратив
ебутся на новогодних корпоративах;1;top;новогодний корпоратив
новогодний корпоратив 2025 домашнее;1;top;новогодний корпоратив
брудершафт новогодний корпоратив;1;top;новогодний корпоратив
на новогоднем корпоративе 18;1;top;новогодний корпоратив
начало новогодних корпоративов;1;top;новогодний корпоратив
новогодние корпоративы 2026 ярославль;1;top;новогодний корпоратив
новогодние корпоративы краснодар;1;top;новогодний корпоратив
новогодний корпоратив 2026 казань;1;top;новогодний корпоратив
новогодний корпоратив 2026 новосибирск;1;top;новогодний корпоратив
новогодний корпоратив загородный отель;1;top;новогодний корпоратив | загородный корпоратив
новогодний корпоратив казань;1;top;новогодний корпоратив
новогодний корпоратив на базе отдыха;1;top;новогодний корпоратив
новогодний корпоратив на природе;1;top;новогодний корпоратив | корпоратив на природе
новогодний корпоратив фильм 2016 трейлер;1;top;новогодний корпоратив
диджей илья лавров новогодний корпоратив;1;top;новогодний корпоратив
диджей илья лавров новогодний корпоратив 2026;1;top;новогодний корпоратив
илья лавров новогодний корпоратив;1;top;новогодний корпоратив
илья лавров новогодний корпоратив 2026;1;top;новогодний корпоратив
новогодний корпоратив 2026 лавров;1;top;новогодний корпоратив
новогодний корпоратив самара;1;top;новогодний корпоратив
образ на новогодний корпоратив 2027;1;top;новогодний корпоратив
новогодний корпоратив чита;1;top;новогодний корпоратив
новогодний корпоратив 2027 кострома;1;top;новогодний корпоратив
новогодние корпоративы 2027 калининград;1;top;новогодний корпоратив
новогодний корпоратив калининград;1;top;новогодний корпоратив
где можно отпраздновать новогодний корпоратив;1;top;новогодний корпоратив
килограмм новогодний корпоратив 2 скачать;1;top;новогодний корпоратив
что надеть на новогодний корпоратив 2027;1;top;новогодний корпоратив
фокусник на корпоратив москва;1;top;корпоратив москва
что взять на корпоратив на природе;1;top;корпоратив на природе
корпоратив на природе программа;1;top;корпоратив на природе
закуски на корпоратив на природе;1;top;корпоратив на природе
меню для корпоратива на природе;1;top;корпоратив на природе
кино загородный корпоратив;1;top;загородный корпоратив
организация корпоративов спб;1;top;организация корпоратива
счет организация корпоратива;1;top;организация корпоратива
корпоратив юбилея организации;1;top;организация корпоратива
агентство по организации корпоративов;1;top;организация корпоратива
организация квеста для корпоратива;1;top;организация корпоратива
организация квестов для корпоратива;1;top;организация корпоратива
тимбилдинг для подростков на природе;1;top;тимбилдинг на природе
идеи для тимбилдинга на природе;1;top;тимбилдинг на природе
кафе ресторан для проведения юбилея;1;top;ресторан для юбилея
рестораны нижний новгород для юбилея;1;top;ресторан для юбилея
рестораны омск для юбилея;1;top;ресторан для юбилея
хинкальный дом юбилейная ул 14а меню;1;assoc;ресторан для юбилея
где в ростове отметить юбилей;1;top;где отметить юбилей
где отметить юбилей в ростове на дону;1;top;где отметить юбилей
где отметить юбилей в брянске;1;top;где отметить юбилей
где отметить юбилей в перми;1;top;где отметить юбилей
курск где отметить юбилей;1;top;где отметить юбилей
юбилей где отмечать барнаул;1;top;где отметить юбилей
где отметить юбилей в воронеже;1;top;где отметить юбилей
где отметить юбилей в кургане;1;top;где отметить юбилей
где отметить юбилей в липецке;1;top;где отметить юбилей
где отметить юбилей в тамбове;1;top;где отметить юбилей
где отметить юбилей в ульяновске;1;top;где отметить юбилей
где в пензе можно отметить юбилей;1;top;где отметить юбилей
где отметить юбилей в пензе;1;top;где отметить юбилей
где отметить юбилей во владимире;1;top;где отметить юбилей
где отметить юбилей 45 лет женщине;1;top;где отметить юбилей
где отметить юбилей в екатеринбурге;1;top;где отметить юбилей
где отметить юбилей в спб;1;top;где отметить юбилей
где отметить юбилей в чите;1;top;где отметить юбилей
киров где отметить юбилей;1;top;где отметить юбилей
где отметить юбилей в великих луках;1;top;где отметить юбилей
где отметить юбилей в костроме;1;top;где отметить юбилей
где отметить юбилей в ярославле недорого;1;top;где отметить юбилей
где отметить юбилей недорого кострома;1;top;где отметить юбилей
банкет на юбилей 50 лет;1;top;юбилей 50 лет
креативное поздравление с юбилеем 50 лет мужчине;1;top;юбилей 50 лет
поздравляю с юбилеем 50 лет поздравления;1;top;юбилей 50 лет
50 лет юбилей мужчине поздравления прикол;1;top;юбилей 50 лет
вадим с юбилеем 50 лет мужчине;1;top;юбилей 50 лет
выплаты к юбилею 50 лет на работе;1;top;юбилей 50 лет
маленькое поздравление на юбилей женщине 50 лет;1;top;юбилей 50 лет
необычный подарок на юбилей 50 лет;1;top;юбилей 50 лет
олеся с юбилеем 50 лет;1;top;юбилей 50 лет
орден 50 лет юбилей;1;top;юбилей 50 лет
открытки с юбилеем 50 лет девушке;1;top;юбилей 50 лет
переделка на юбилей мужу 50 лет;1;top;юбилей 50 лет
переделки на юбилей 50 лет подруге;1;top;юбилей 50 лет
песня на юбилей женщине 50 лет веселая;1;top;юбилей 50 лет
поздравление подруге на юбилей 50 лет душевные;1;top;юбилей 50 лет
поздравление с юбилеем 50 лет любимому мужу;1;top;юбилей 50 лет
приколы поздравления с юбилеем 50 лет;1;top;юбилей 50 лет
руслан с днем рождения юбилеем 50 лет;1;top;юбилей 50 лет
с юбилеем 50 лет мария;1;top;юбилей 50 лет
сценарии шуточного юбилея мужчине 50 лет;1;top;юбилей 50 лет
ч юбилеем 50 лет женщине;1;top;юбилей 50 лет
шуточные сценарии поздравления 50 лет юбилей;1;top;юбилей 50 лет
юбилеем 50 лет лили;1;top;юбилей 50 лет
юбилей 50 лет коллеге по работе;1;top;юбилей 50 лет
юбилей педагога 50 лет;1;top;юбилей 50 лет
юля с юбилеем 50 лет картинки;1;top;юбилей 50 лет
песня мужчине 50 лет юбилей современные;1;top;юбилей 50 лет
поздравить с юбилеем женщину 50 лет прикольные;1;top;юбилей 50 лет
юбилей 50 лет мужику;1;top;юбилей 50 лет
лотерея на юбилей 50 лет прикольные;1;top;юбилей 50 лет
кафе для юбилея 50 лет;1;top;юбилей 50 лет
санек с юбилеем 50 лет юбилей;1;top;юбилей 50 лет
юбилей 50 лет мужчине алексей;1;top;юбилей 50 лет
этикетка на бутылку с юбилеем 50 лет;1;top;юбилей 50 лет
этикетка на юбилей 50 лет;1;top;юбилей 50 лет
наташенька с юбилеем 50 лет;1;top;юбилей 50 лет
открытка с юбилеем бабушке 50 лет;1;top;юбилей 50 лет
сценарий юбилея 50 лет женщине современный;1;top;юбилей 50 лет
василий с юбилеем 50 лет открытка;1;top;юбилей 50 лет
поздравить лену с юбилеем 50 лет;1;top;юбилей 50 лет
поздравить тещу с юбилеем 50 лет;1;top;юбилей 50 лет
поздравление с юбилеем 50 лет директору мужчине;1;top;юбилей 50 лет
с юбилеем 50 лет мужчине директору;1;top;юбилей 50 лет
с юбилеем молодую женщину 50 лет;1;top;юбилей 50 лет
юбилей 50 лет василию;1;top;юбилей 50 лет
юбилей 50 лет женщине сценарий тамада;1;top;юбилей 50 лет
сборник песен на юбилей 50 лет мужчине;1;top;юбилей 50 лет
поздравление с юбилеем 50 лет официально;1;top;юбилей 50 лет
с юбилеем вика 50 лет;1;top;юбилей 50 лет
подарок на юбилей свадьбы 50 лет родителям;1;top;юбилей 50 лет
аниматор на юбилей 50 лет женщине;1;top;юбилей 50 лет
видео заставка юбилей 50 лет скачать;1;top;юбилей 50 лет
поздравить с юбилеем 50 лет сценка;1;top;юбилей 50 лет
поздравление с юбилеем любимой женщине 50 лет;1;top;юбилей 50 лет
поздравление супруги юбилей 50 лет;1;top;юбилей 50 лет
поздравления с юбилеем 50 лет крестницу;1;top;юбилей 50 лет
с юбилеем вова 50 лет;1;top;юбилей 50 лет
футаж юбилей 50 лет мужчине скачать бесплатно;1;top;юбилей 50 лет
юбилей 50 лет учительнице;1;top;юбилей 50 лет
плейлист на юбилей 50 лет мужчине;1;top;юбилей 50 лет
юбилей русской песни 50 лет;1;top;юбилей 50 лет
с юбилеем олег 50 лет мужчине;1;top;юбилей 50 лет
иришка с юбилеем 50 лет картинки;1;top;юбилей 50 лет
как оригинально отметить юбилей 50 лет;1;top;юбилей 50 лет
как отметить юбилей 50 лет мужчине необычно;1;top;юбилей 50 лет
любимой тете с юбилеем 50 лет;1;top;юбилей 50 лет
платье женское на юбилей 50 лет;1;top;юбилей 50 лет
подборка музыки на юбилей 50 лет;1;top;юбилей 50 лет
поздравить коллегу с юбилеем 50 лет мужчине;1;top;юбилей 50 лет
поздравление с юбилеем 50 лет вместе;1;top;юбилей 50 лет
поздравление с юбилеем 50 лет женщине фото;1;top;юбилей 50 лет
поздравление с юбилеем александра 50 лет;1;top;юбилей 50 лет
с днем рождения ирину юбилей 50 лет;1;top;юбилей 50 лет
с юбилеем константин 50 лет;1;top;юбилей 50 лет
сколько сейчас дарят на юбилей 50 лет;1;top;юбилей 50 лет
стихи про юбилей 50 лет женщине;1;top;юбилей 50 лет
стихотворение маме на юбилей 50 лет;1;top;юбилей 50 лет
юбилей 50 лет декор;1;top;юбилей 50 лет
юбилей 50 лет окончания;1;top;юбилей 50 лет
юбилей 50 лет окончания школы;1;top;юбилей 50 лет
кричалка на юбилей женщине 50 лет;1;top;юбилей 50 лет
кричалки на юбилей 50 лет;1;top;юбилей 50 лет
сценарий юбилея компании 50 лет;1;top;юбилей 50 лет
христианские юбилеи 50 лет;1;top;юбилей 50 лет
оформление фотозоны на юбилей 50 лет;1;top;юбилей 50 лет
оформление фотозоны на юбилей 50 лет мужчине;1;top;юбилей 50 лет
поздравить наталью с юбилеем 50 лет;1;top;юбилей 50 лет
поздравить оксану с юбилеем 50 лет;1;top;юбилей 50 лет
поздравить свекровь с юбилеем 50 лет;1;top;юбилей 50 лет
поздравления андрея с юбилеем 50 лет;1;top;юбилей 50 лет
с юбилем 50 лет;1;top;юбилей 50 лет
скачать пригласительный на юбилей 50 лет;1;top;юбилей 50 лет
сценарий юбилей брату 50 лет;1;top;юбилей 50 лет
шаблон пригласительного на юбилей 50 лет мужчине;1;top;юбилей 50 лет
юбилей 50 лет золовке;1;top;юбилей 50 лет
начало юбилея мужчины 50 лет;1;top;юбилей 50 лет
речь на юбилей 50 лет женщине;1;top;юбилей 50 лет
юбилей 50 лет мужчине начать;1;top;юбилей 50 лет
баннер на юбилей 50 лет мужчине;1;top;юбилей 50 лет
виталия с юбилеем 50 лет;1;top;юбилей 50 лет
вопросы на юбилей 50 лет мужчины;1;top;юбилей 50 лет
игры на юбилей свадьбы 50 лет;1;top;юбилей 50 лет
катя с юбилеем 50 лет женщине;1;top;юбилей 50 лет
конкурсы на юбилей свадьбы 50 лет;1;top;юбилей 50 лет
онлайн пригласительное на юбилей 50 лет;1;top;юбилей 50 лет
памятный подарок на юбилей 50 лет;1;top;юбилей 50 лет
подарок директору на юбилей 50 лет мужчине;1;top;юбилей 50 лет
поздравить сергея с юбилеем 50 лет;1;top;юбилей 50 лет
поздравление с юбилеем 50 лет длинное;1;top;юбилей 50 лет
поздравление с юбилеем 50 лет женщине учителю;1;top;юбилей 50 лет
поздравление с юбилеем 50 лет частушки;1;top;юбилей 50 лет
поздравление с юбилеем семьи 50 лет;1;top;юбилей 50 лет
поздравления взрослому сыну с юбилеем 50 лет;1;top;юбилей 50 лет
прикольный юбилей дочери 50 лет;1;top;юбилей 50 лет
притча на юбилей 50 лет мужчине;1;top;юбилей 50 лет
проведение юбилея 50 лет женщине сценарий прикольный;1;top;юбилей 50 лет
современное поздравление с юбилеем 50 лет;1;top;юбилей 50 лет
сюрпризы на юбилей 50 лет женщине;1;top;юбилей 50 лет
частушки поздравления с юбилеем женщине 50 лет;1;top;юбилей 50 лет
что подарить матери на юбилей 50 лет;1;top;юбилей 50 лет
юбилей 50 лет виталий;1;top;юбилей 50 лет
юбилей 50 лет женщине вопрос ответ;1;top;юбилей 50 лет
юбилей 50 лет путешествие;1;top;юбилей 50 лет
юбилей директору женщине 50 лет;1;top;юбилей 50 лет
медаль на юбилей 50 лет прикольные;1;top;юбилей 50 лет
с юбилеем 50 лет смс короткие;1;top;юбилей 50 лет
смс поздравление юбилеем мужчине 50 лет;1;top;юбилей 50 лет
смс с юбилеем 50 лет мужчине;1;top;юбилей 50 лет
юбилея 50 лет мужчине вручение медали;1;top;юбилей 50 лет
лук на юбилей 50 лет;1;top;юбилей 50 лет
лук на юбилей 50 лет женщине;1;top;юбилей 50 лет
домофон с юбилеем 50 лет мужчине;1;top;юбилей 50 лет
дресс код на юбилей 50 лет женщине;1;top;юбилей 50 лет
кавказский тост на юбилей 50 лет;1;top;юбилей 50 лет
конкурсы на юбилей 50 лет женщине видео;1;top;юбилей 50 лет
презентация юбилей 50 лет;1;top;юбилей 50 лет
сказка экспромт на юбилей женщине 50 лет;1;top;юбилей 50 лет
стенгазета на юбилей 50 лет мужчине;1;top;юбилей 50 лет
стенгазета юбилей 50 лет;1;top;юбилей 50 лет
юбилей 50 лет женщине презентации;1;top;юбилей 50 лет
юбилей сказка женщине 50 лет;1;top;юбилей 50 лет
песни на юбилей 50 лет дочери;1;top;юбилей 50 лет
поздравления с юбилеем бухгалтера 50 лет;1;top;юбилей 50 лет
стихи на юбилей 50 лет шуточные;1;top;юбилей 50 лет
екатерина с юбилеем 50 лет;1;top;юбилей 50 лет
кума с юбилеем 50 лет прикольные;1;top;юбилей 50 лет
поздравление с юбилеем куму на 50 лет;1;top;юбилей 50 лет
прическа на юбилей 50 лет женщине;1;top;юбилей 50 лет
с юбилеем 50 лет куму прикольные;1;top;юбилей 50 лет
слова на юбилей 50 лет маме;1;top;юбилей 50 лет
сценарий смешных конкурсов на юбилей 50 лет;1;top;юбилей 50 лет
видео юбилей 50 лет женщине прикольный зажигательный;1;top;юбилей 50 лет
поздравление мужчине юбилей 50 лет песни;1;top;юбилей 50 лет
красивые тосты на юбилей женщине 50 лет;1;top;юбилей 50 лет
наклейка на бутылку 50 лет юбилей;1;top;юбилей 50 лет
проза юбилей 50 лет руководитель;1;top;юбилей 50 лет
речь на юбилей 50 лет мужчине;1;top;юбилей 50 лет
стихи с юбилеем 50 лет мужчине прикольные;1;top;юбилей 50 лет
юбилей 50 лет мужчине от жены;1;top;юбилей 50 лет
торт красивый юбилей 50 лет;1;top;юбилей 50 лет
поздравить начальника с юбилеем 50 лет;1;top;юбилей 50 лет
конверт с юбилеем 50 лет женщине распечатать;1;top;юбилей 50 лет
коллаж на юбилей 50 лет мужчине;1;top;юбилей 50 лет
песня на юбилей коллеги 50 лет;1;top;юбилей 50 лет
рома с юбилеем 50 лет картинки;1;top;юбилей 50 лет
серега с юбилеем 50 лет мужчине прикольные;1;top;юбилей 50 лет
сценарий юбилей 50 лет женщине необычно;1;top;юбилей 50 лет
олег с юбилеем 50 лет картинки;1;top;юбилей 50 лет
александр с юбилеем 50 лет картинки;1;top;юбилей 50 лет
аня с юбилеем 50 лет женщине;1;top;юбилей 50 лет
володя с юбилеем 50 лет мужчине;1;top;юбилей 50 лет
гиф с юбилеем 50 лет мужчине;1;top;юбилей 50 лет
день рождение племянницы 50 лет юбилей;1;top;юбилей 50 лет
застольные игры на юбилей женщине 50 лет;1;top;юбилей 50 лет
ивану юбилей 50 лет;1;top;юбилей 50 лет
как весело провести юбилей мужчине 50 лет;1;top;юбилей 50 лет
квест на юбилей женщине 50 лет;1;top;юбилей 50 лет
костюм на юбилей 50 лет женщине фото;1;top;юбилей 50 лет
леша с юбилеем 50 лет;1;top;юбилей 50 лет
название юбилея 50 лет;1;top;юбилей 50 лет
открытка с юбилеем 50 лет женщине коллеге;1;top;юбилей 50 лет
открытка с юбилеем кума 50 лет;1;top;юбилей 50 лет
открытки куму с юбилеем 50 лет;1;top;юбилей 50 лет
открытки с юбилеем 50 лет евгений;1;top;юбилей 50 лет
открытки с юбилеем 50 лет мужчине сергею;1;top;юбилей 50 лет
подарок коллеге на юбилей 50 лет женщине;1;top;юбилей 50 лет
поздравить алексея с юбилеем 50 лет;1;top;юбилей 50 лет
поздравить дочку с юбилеем 50 лет;1;top;юбилей 50 лет
поздравить невестку с юбилеем 50 лет;1;top;юбилей 50 лет
поздравить старшую сестру с юбилеем 50 лет;1;top;юбилей 50 лет
поздравление воспитателя с юбилеем 50 лет;1;top;юбилей 50 лет
поздравление с юбилеем 50 лет женщине начальнику;1;top;юбилей 50 лет
поздравление с юбилеем 50 лет людмилы;1;top;юбилей 50 лет
поздравление с юбилеем мужчине сергею 50 лет;1;top;юбилей 50 лет
поздравление с юбилеем сада 50 лет;1;top;юбилей 50 лет
поздравление с юбилеем старшую сестру 50 лет;1;top;юбилей 50 лет
поздравление с юбилей лену 50 лет;1;top;юбилей 50 лет
поздравление соседу с юбилеем 50 лет;1;top;юбилей 50 лет
православное поздравление с юбилеем 50 лет;1;top;юбилей 50 лет
прикольное поздравление юбилей 50 лет видео;1;top;юбилей 50 лет
провести юбилей 50 лет веселый;1;top;юбилей 50 лет
простое поздравление с юбилеем 50 лет;1;top;юбилей 50 лет
с юбилеем 50 лет женщине анимация;1;top;юбилей 50 лет
с юбилеем 50 лет женщине анна;1;top;юбилей 50 лет
с юбилеем 50 лет женщине галине;1;top;юбилей 50 лет
с юбилеем лариса поздравления 50 лет;1;top;юбилей 50 лет
с юбилеем леночка 50 лет красивые;1;top;юбилей 50 лет
с юбилеем лилия 50 лет;1;top;юбилей 50 лет
с юбилеем сергей 50 лет картинки;1;top;юбилей 50 лет
салаты на юбилей 50 лет;1;top;юбилей 50 лет
сборник на юбилей 50 лет женщине;1;top;юбилей 50 лет
сборник песен на юбилей 50 лет женщине;1;top;юбилей 50 лет
скачать стих с юбилеем 50 лет;1;top;юбилей 50 лет
скачать фото 50 лет юбилей;1;top;юбилей 50 лет
стишок на юбилей 50 лет;1;top;юбилей 50 лет
танец на юбилей 50 лет женщине;1;top;юбилей 50 лет
что придумать на юбилей 50 лет женщине;1;top;юбилей 50 лет
что придумать на юбилей 50 лет мужчине;1;top;юбилей 50 лет
шуточные поздравления на юбилей 50 лет женщине;1;top;юбилей 50 лет
эльвира с юбилеем 50 лет;1;top;юбилей 50 лет
юбилей 50 лет водитель;1;top;юбилей 50 лет
юбилей 50 лет гиф;1;top;юбилей 50 лет
юбилей 50 лет женщине людмиле;1;top;юбилей 50 лет
юбилей 50 лет женщине племяннице;1;top;юбилей 50 лет
юбилей 50 лет мужчине ведущий;1;top;юбилей 50 лет
юбилей 50 лет мужчине поздравление брату;1;top;юбилей 50 лет
юбилей 50 лет мужчине своими руками;1;top;юбилей 50 лет
юбилей 50 лет павел;1;top;юбилей 50 лет
юбилей детского сада 50 лет поздравления;1;top;юбилей 50 лет
юбилей м 50 лет мужчины;1;top;юбилей 50 лет
где бюджетно отметить детский день рождения;1;top;где отметить день рождения
где в омске можно отметить день рождения;1;top;где отметить день рождения
где можно отметить день рождения в сыктывкаре;1;top;где отметить день рождения
где на западном отметить день рождения;1;top;где отметить день рождения
где отметить день рождения в арзамасе;1;top;где отметить день рождения
где отметить день рождения в витебске;1;top;где отметить день рождения
где отметить день рождения в ейске;1;top;где отметить день рождения
где отметить день рождения в могилеве взрослому;1;top;где отметить день рождения
где отметить день рождения в нижнем тагиле;1;top;где отметить день рождения
где отметить день рождения в рязани взрослого;1;top;где отметить день рождения
где отметить день рождения в тагиле;1;top;где отметить день рождения
где отметить день рождения ребенка в обнинске;1;top;где отметить день рождения
где отметить день рождения ребенка в сыктывкаре;1;top;где отметить день рождения
где отметить детский день рождения в волгограде;1;top;где отметить день рождения
день рождения ребенка в омске где отметить;1;top;где отметить день рождения
детский день рождения рязань где отметить;1;top;где отметить день рождения
ессентуки где отметить день рождение;1;top;где отметить день рождения
макеевка где отметить день рождения;1;top;где отметить день рождения
где можно отметить день рождения в ульяновске;1;top;где отметить день рождения
день рождения в казани где отметить взрослому;1;top;где отметить день рождения
где отметить день рождения в ижевске подростку;1;top;где отметить день рождения
где отметить день рождения в донецке ребенка;1;top;где отметить день рождения
где блиновская отмечала день рождения на алтае;1;top;где отметить день рождения
где в краснодаре отметить день рождения взрослого;1;top;где отметить день рождения
где можно отметить день рождения в костроме;1;top;где отметить день рождения
где можно отметить день рождения в крыму;1;top;где отметить день рождения
где можно отметить день рождения в челябинске;1;top;где отметить день рождения
где отметить день рождение в екб;1;top;где отметить день рождения
где отметить день рождение в ишиме;1;top;где отметить день рождения
где отметить день рождения в астрахани подростку;1;top;где отметить день рождения
где отметить день рождения в белгороде подростку;1;top;где отметить день рождения
где отметить день рождения в калуге подростку;1;top;где отметить день рождения
где отметить день рождения в кузнецке;1;top;где отметить день рождения
где отметить день рождения в кургане;1;top;где отметить день рождения
где отметить день рождения в кургане взрослому;1;top;где отметить день рождения
где отметить день рождения в пензе подросткам;1;top;где отметить день рождения
где отметить день рождения в черкесске;1;top;где отметить день рождения
где отметить день рождения киров подросткам;1;top;где отметить день рождения
где отметить день рождения петропавловск камчатский;1;top;где отметить день рождения
где отметить день рождения ребенка мурманск;1;top;где отметить день рождения
где отметить день рождения ребенка псков;1;top;где отметить день рождения
где отметить детский день рождения в спб;1;top;где отметить день рождения
где отметить детский день рождения тверь;1;top;где отметить день рождения
где отметить детское день рождение в энгельсе;1;top;где отметить день рождения
детский день рождения в костроме где отметить;1;top;где отметить день рождения
места питера где отметить день рождения;1;top;где отметить день рождения
сызрань где отметить день рождения;1;top;где отметить день рождения
черкесск где можно отметить день рождения;1;top;где отметить день рождения
где отметить день рождения паттайя;1;top;где отметить день рождения
где в краснодаре можно отметить день рождения;1;top;где отметить день рождения
где можно отметить день рождения в кропоткине;1;top;где отметить день рождения
где можно отметить день рождения в ставрополе;1;top;где отметить день рождения
где можно отметить день рождения мужчине;1;top;где отметить день рождения
где отметить день рождения в магнитогорске;1;top;где отметить день рождения
где отметить день рождения в сочи подростку;1;top;где отметить день рождения
где отметить день рождения взрослому мужчине;1;top;где отметить день рождения
где отметить день рождения женской компанией;1;top;где отметить день рождения
где отметить день рождения кропоткин;1;top;где отметить день рождения
где отметить день рождения ребенка в магнитогорске;1;top;где отметить день рождения
день рождения ребенка в вологде где отметить;1;top;где отметить день рождения
где отметить день рождения ребенка в орле;1;top;где отметить день рождения
ярославль где отметить день рождения на природе;1;top;где отметить день рождения | день рождения на природе
где отметить детский день рождения в курске;1;top;где отметить день рождения
где можно отметить день рождения в муроме;1;top;где отметить день рождения
где отметить день рождения в димитровграде;1;top;где отметить день рождения
где отметить день рождения в екатеринбурге взрослого;1;top;где отметить день рождения
где отметить день рождения в кемерово;1;top;где отметить день рождения
где отметить день рождения в костроме взрослому;1;top;где отметить день рождения
где отметить день рождения в мурманске взрослым;1;top;где отметить день рождения
где отметить день рождения в новочеркасске;1;top;где отметить день рождения
где отметить день рождения подростка в воронеже;1;top;где отметить день рождения
где отметить день рождения ребенка в калининграде;1;top;где отметить день рождения
где отметить день рождения ребенка в салавате;1;top;где отметить день рождения
где отметить день рождения ребенка в ставрополе;1;top;где отметить день рождения
где отметить день рождения салават;1;top;где отметить день рождения
где отметить день рождения ребенка астрахань;1;top;где отметить день рождения
где отметить день рождения 25 человек;1;top;где отметить день рождения
где отметить день рождения в ухте;1;top;где отметить день рождения
где отметить день рождения в одиночестве;1;top;где отметить день рождения
где можно отметить день рождения в чебоксарах;1;top;где отметить день рождения
где отметить день рождения в саранске взрослому;1;top;где отметить день рождения
пермь где отметить день рождения недорого;1;top;где отметить день рождения
где отметить день рождения в иркутске взрослому;1;top;где отметить день рождения
где отметить день рождения ребенка иркутск;1;top;где отметить день рождения
где в оренбурге можно отметить день рождения;1;top;где отметить день рождения
где можно отметить день рождения в орле;1;top;где отметить день рождения
где отметить день рождения в батуми;1;top;где отметить день рождения
где отметить день рождения в оренбурге ребенку;1;top;где отметить день рождения
где можно отметить день рождение в саранске;1;top;где отметить день рождения
где можно отметить день рождение мужа;1;top;где отметить день рождения
где можно отметить день рождения в выборге;1;top;где отметить день рождения
где можно отметить день рождения в евпатории;1;top;где отметить день рождения
где можно отметить день рождения в кирове;1;top;где отметить день рождения
где можно отметить день рождения в курске;1;top;где отметить день рождения
где можно отметить день рождения в тюмени;1;top;где отметить день рождения
где недорого отметить день рождения взрослого человека;1;top;где отметить день рождения
где отметить день рождения в майкопе;1;top;где отметить день рождения
где отметить день рождения в находке;1;top;где отметить день рождения
где отметить день рождения в новомосковске;1;top;где отметить день рождения
где отметить день рождения в острогожске подростку;1;top;где отметить день рождения
где отметить день рождения в пскове;1;top;где отметить день рождения
где отметить день рождения в севастополе подросткам;1;top;где отметить день рождения
где отметить день рождения омск недорого;1;top;где отметить день рождения
где отметить день рождения ребенка в рыбинске;1;top;где отметить день рождения
где отметить день рождения ребенка в ульяновске;1;top;где отметить день рождения
где отметить день рождения ребенка самара;1;top;где отметить день рождения
где отметить детское день рождения оренбурге;1;top;где отметить день рождения
день рождения киров где отметить 12;1;top;где отметить день рождения
рестораны банкетные залы для дня рождения;1;top;ресторан для дня рождения
рестораны в уфе недорого для день рождения;1;top;ресторан для дня рождения
рестораны ставрополь для дня рождения;1;top;ресторан для дня рождения
рестораны екб для дня рождения;1;top;ресторан для дня рождения
топовые рестораны москвы для дня рождения;1;top;ресторан для дня рождения
недорогие рестораны спб для дня рождения;1;top;ресторан для дня рождения
рестораны новосибирска для дня рождения;1;top;ресторан для дня рождения
ресторан для веселого дня рождения;1;top;ресторан для дня рождения
ресторан для дня рождения волгоград;1;top;ресторан для дня рождения
недорогие рестораны в казани для дня рождения;1;top;ресторан для дня рождения
рестораны ростов для день рождения;1;top;ресторан для дня рождения
рестораны ростов на дону для день рождения;1;top;ресторан для дня рождения
летнее меню на день рождения на природе;1;top;день рождения на природе
день рождения ребенка воронеж на природе;1;top;день рождения на природе
одежда на день рождения на природе;1;top;день рождения на природе
отметить день рождения на природе воронеж;1;top;день рождения на природе
день рождения на природе ярославль;1;top;день рождения на природе
взрослый день рождения на природе сценарий;1;top;день рождения на природе
день рождения на природе с палатками;1;top;день рождения на природе
день рождения на природе стихи;1;top;день рождения на природе
образ на день рождения на природе;1;top;день рождения на природе
праздничное меню на день рождения на природе;1;top;день рождения на природе
сценарий дня рождения мужчины на природе;1;top;день рождения на природе